ARM GAS  C:\Users\Asus\AppData\Local\Temp\ccaANind.s 			page 1


   1              		.cpu cortex-m0plus
   2              		.arch armv6s-m
   3              		.fpu softvfp
   4              		.eabi_attribute 20, 1
   5              		.eabi_attribute 21, 1
   6              		.eabi_attribute 23, 3
   7              		.eabi_attribute 24, 1
   8              		.eabi_attribute 25, 1
   9              		.eabi_attribute 26, 1
  10              		.eabi_attribute 30, 1
  11              		.eabi_attribute 34, 0
  12              		.eabi_attribute 18, 4
  13              		.file	"stm32g0xx_hal_rcc.c"
  14              		.text
  15              	.Ltext0:
  16              		.cfi_sections	.debug_frame
  17              		.file 1 "Drivers/STM32G0xx_HAL_Driver/Src/stm32g0xx_hal_rcc.c"
  18              		.section	.text.HAL_RCC_DeInit,"ax",%progbits
  19              		.align	1
  20              		.global	HAL_RCC_DeInit
  21              		.syntax unified
  22              		.code	16
  23              		.thumb_func
  25              	HAL_RCC_DeInit:
  26              	.LFB310:
   1:Drivers/STM32G0xx_HAL_Driver/Src/stm32g0xx_hal_rcc.c **** /**
   2:Drivers/STM32G0xx_HAL_Driver/Src/stm32g0xx_hal_rcc.c ****   ******************************************************************************
   3:Drivers/STM32G0xx_HAL_Driver/Src/stm32g0xx_hal_rcc.c ****   * @file    stm32g0xx_hal_rcc.c
   4:Drivers/STM32G0xx_HAL_Driver/Src/stm32g0xx_hal_rcc.c ****   * @author  MCD Application Team
   5:Drivers/STM32G0xx_HAL_Driver/Src/stm32g0xx_hal_rcc.c ****   * @brief   RCC HAL module driver.
   6:Drivers/STM32G0xx_HAL_Driver/Src/stm32g0xx_hal_rcc.c ****   *          This file provides firmware functions to manage the following
   7:Drivers/STM32G0xx_HAL_Driver/Src/stm32g0xx_hal_rcc.c ****   *          functionalities of the Reset and Clock Control (RCC) peripheral:
   8:Drivers/STM32G0xx_HAL_Driver/Src/stm32g0xx_hal_rcc.c ****   *           + Initialization and de-initialization functions
   9:Drivers/STM32G0xx_HAL_Driver/Src/stm32g0xx_hal_rcc.c ****   *           + Peripheral Control functions
  10:Drivers/STM32G0xx_HAL_Driver/Src/stm32g0xx_hal_rcc.c ****   *
  11:Drivers/STM32G0xx_HAL_Driver/Src/stm32g0xx_hal_rcc.c ****   @verbatim
  12:Drivers/STM32G0xx_HAL_Driver/Src/stm32g0xx_hal_rcc.c ****   ==============================================================================
  13:Drivers/STM32G0xx_HAL_Driver/Src/stm32g0xx_hal_rcc.c ****                       ##### RCC specific features #####
  14:Drivers/STM32G0xx_HAL_Driver/Src/stm32g0xx_hal_rcc.c ****   ==============================================================================
  15:Drivers/STM32G0xx_HAL_Driver/Src/stm32g0xx_hal_rcc.c ****     [..]
  16:Drivers/STM32G0xx_HAL_Driver/Src/stm32g0xx_hal_rcc.c ****       After reset the device is running from High Speed Internal oscillator
  17:Drivers/STM32G0xx_HAL_Driver/Src/stm32g0xx_hal_rcc.c ****       (from 8 MHz to reach 16MHz) with Flash 0 wait state. Flash prefetch buffer,
  18:Drivers/STM32G0xx_HAL_Driver/Src/stm32g0xx_hal_rcc.c ****       D-Cache and I-Cache are disabled, and all peripherals are off except internal
  19:Drivers/STM32G0xx_HAL_Driver/Src/stm32g0xx_hal_rcc.c ****       SRAM, Flash and JTAG.
  20:Drivers/STM32G0xx_HAL_Driver/Src/stm32g0xx_hal_rcc.c **** 
  21:Drivers/STM32G0xx_HAL_Driver/Src/stm32g0xx_hal_rcc.c ****       (+) There is no prescaler on High speed (AHB) and Low speed (APB) buses:
  22:Drivers/STM32G0xx_HAL_Driver/Src/stm32g0xx_hal_rcc.c ****           all peripherals mapped on these buses are running at HSI speed.
  23:Drivers/STM32G0xx_HAL_Driver/Src/stm32g0xx_hal_rcc.c ****       (+) The clock for all peripherals is switched off, except the SRAM and FLASH.
  24:Drivers/STM32G0xx_HAL_Driver/Src/stm32g0xx_hal_rcc.c ****       (+) All GPIOs are in analog mode, except the JTAG pins which
  25:Drivers/STM32G0xx_HAL_Driver/Src/stm32g0xx_hal_rcc.c ****           are assigned to be used for debug purpose.
  26:Drivers/STM32G0xx_HAL_Driver/Src/stm32g0xx_hal_rcc.c **** 
  27:Drivers/STM32G0xx_HAL_Driver/Src/stm32g0xx_hal_rcc.c ****     [..]
  28:Drivers/STM32G0xx_HAL_Driver/Src/stm32g0xx_hal_rcc.c ****       Once the device started from reset, the user application has to:
  29:Drivers/STM32G0xx_HAL_Driver/Src/stm32g0xx_hal_rcc.c ****       (+) Configure the clock source to be used to drive the System clock
  30:Drivers/STM32G0xx_HAL_Driver/Src/stm32g0xx_hal_rcc.c ****           (if the application needs higher frequency/performance)
  31:Drivers/STM32G0xx_HAL_Driver/Src/stm32g0xx_hal_rcc.c ****       (+) Configure the System clock frequency and Flash settings
  32:Drivers/STM32G0xx_HAL_Driver/Src/stm32g0xx_hal_rcc.c ****       (+) Configure the AHB and APB buses prescalers
ARM GAS  C:\Users\Asus\AppData\Local\Temp\ccaANind.s 			page 2


  33:Drivers/STM32G0xx_HAL_Driver/Src/stm32g0xx_hal_rcc.c ****       (+) Enable the clock for the peripheral(s) to be used
  34:Drivers/STM32G0xx_HAL_Driver/Src/stm32g0xx_hal_rcc.c ****       (+) Configure the clock source(s) for peripherals which clocks are not
  35:Drivers/STM32G0xx_HAL_Driver/Src/stm32g0xx_hal_rcc.c ****           derived from the System clock (RTC, ADC, RNG, HSTIM)
  36:Drivers/STM32G0xx_HAL_Driver/Src/stm32g0xx_hal_rcc.c **** 
  37:Drivers/STM32G0xx_HAL_Driver/Src/stm32g0xx_hal_rcc.c ****   @endverbatim
  38:Drivers/STM32G0xx_HAL_Driver/Src/stm32g0xx_hal_rcc.c ****   ******************************************************************************
  39:Drivers/STM32G0xx_HAL_Driver/Src/stm32g0xx_hal_rcc.c ****   * @attention
  40:Drivers/STM32G0xx_HAL_Driver/Src/stm32g0xx_hal_rcc.c ****   *
  41:Drivers/STM32G0xx_HAL_Driver/Src/stm32g0xx_hal_rcc.c ****   * Copyright (c) 2018 STMicroelectronics.
  42:Drivers/STM32G0xx_HAL_Driver/Src/stm32g0xx_hal_rcc.c ****   * All rights reserved.
  43:Drivers/STM32G0xx_HAL_Driver/Src/stm32g0xx_hal_rcc.c ****   *
  44:Drivers/STM32G0xx_HAL_Driver/Src/stm32g0xx_hal_rcc.c ****   * This software is licensed under terms that can be found in the LICENSE file in
  45:Drivers/STM32G0xx_HAL_Driver/Src/stm32g0xx_hal_rcc.c ****   * the root directory of this software component.
  46:Drivers/STM32G0xx_HAL_Driver/Src/stm32g0xx_hal_rcc.c ****   * If no LICENSE file comes with this software, it is provided AS-IS.
  47:Drivers/STM32G0xx_HAL_Driver/Src/stm32g0xx_hal_rcc.c ****   ******************************************************************************
  48:Drivers/STM32G0xx_HAL_Driver/Src/stm32g0xx_hal_rcc.c ****   */
  49:Drivers/STM32G0xx_HAL_Driver/Src/stm32g0xx_hal_rcc.c **** 
  50:Drivers/STM32G0xx_HAL_Driver/Src/stm32g0xx_hal_rcc.c **** /* Includes ------------------------------------------------------------------*/
  51:Drivers/STM32G0xx_HAL_Driver/Src/stm32g0xx_hal_rcc.c **** #include "stm32g0xx_hal.h"
  52:Drivers/STM32G0xx_HAL_Driver/Src/stm32g0xx_hal_rcc.c **** 
  53:Drivers/STM32G0xx_HAL_Driver/Src/stm32g0xx_hal_rcc.c **** /** @addtogroup STM32G0xx_HAL_Driver
  54:Drivers/STM32G0xx_HAL_Driver/Src/stm32g0xx_hal_rcc.c ****   * @{
  55:Drivers/STM32G0xx_HAL_Driver/Src/stm32g0xx_hal_rcc.c ****   */
  56:Drivers/STM32G0xx_HAL_Driver/Src/stm32g0xx_hal_rcc.c **** 
  57:Drivers/STM32G0xx_HAL_Driver/Src/stm32g0xx_hal_rcc.c **** /** @defgroup RCC RCC
  58:Drivers/STM32G0xx_HAL_Driver/Src/stm32g0xx_hal_rcc.c ****   * @brief RCC HAL module driver
  59:Drivers/STM32G0xx_HAL_Driver/Src/stm32g0xx_hal_rcc.c ****   * @{
  60:Drivers/STM32G0xx_HAL_Driver/Src/stm32g0xx_hal_rcc.c ****   */
  61:Drivers/STM32G0xx_HAL_Driver/Src/stm32g0xx_hal_rcc.c **** 
  62:Drivers/STM32G0xx_HAL_Driver/Src/stm32g0xx_hal_rcc.c **** #ifdef HAL_RCC_MODULE_ENABLED
  63:Drivers/STM32G0xx_HAL_Driver/Src/stm32g0xx_hal_rcc.c **** 
  64:Drivers/STM32G0xx_HAL_Driver/Src/stm32g0xx_hal_rcc.c **** /* Private typedef -----------------------------------------------------------*/
  65:Drivers/STM32G0xx_HAL_Driver/Src/stm32g0xx_hal_rcc.c **** /* Private define ------------------------------------------------------------*/
  66:Drivers/STM32G0xx_HAL_Driver/Src/stm32g0xx_hal_rcc.c **** /** @defgroup RCC_Private_Constants RCC Private Constants
  67:Drivers/STM32G0xx_HAL_Driver/Src/stm32g0xx_hal_rcc.c ****   * @{
  68:Drivers/STM32G0xx_HAL_Driver/Src/stm32g0xx_hal_rcc.c ****   */
  69:Drivers/STM32G0xx_HAL_Driver/Src/stm32g0xx_hal_rcc.c **** #define HSE_TIMEOUT_VALUE          HSE_STARTUP_TIMEOUT
  70:Drivers/STM32G0xx_HAL_Driver/Src/stm32g0xx_hal_rcc.c **** #define HSI_TIMEOUT_VALUE          (2U)    /* 2 ms (minimum Tick + 1) */
  71:Drivers/STM32G0xx_HAL_Driver/Src/stm32g0xx_hal_rcc.c **** #define LSI_TIMEOUT_VALUE          (2U)    /* 2 ms (minimum Tick + 1) */
  72:Drivers/STM32G0xx_HAL_Driver/Src/stm32g0xx_hal_rcc.c **** #define PLL_TIMEOUT_VALUE          (2U)    /* 2 ms (minimum Tick + 1) */
  73:Drivers/STM32G0xx_HAL_Driver/Src/stm32g0xx_hal_rcc.c **** 
  74:Drivers/STM32G0xx_HAL_Driver/Src/stm32g0xx_hal_rcc.c **** #if defined(RCC_HSI48_SUPPORT)
  75:Drivers/STM32G0xx_HAL_Driver/Src/stm32g0xx_hal_rcc.c **** #define HSI48_TIMEOUT_VALUE        (2U)    /* 2 ms (minimum Tick + 1) */
  76:Drivers/STM32G0xx_HAL_Driver/Src/stm32g0xx_hal_rcc.c **** #endif /* RCC_HSI48_SUPPORT */
  77:Drivers/STM32G0xx_HAL_Driver/Src/stm32g0xx_hal_rcc.c **** #define CLOCKSWITCH_TIMEOUT_VALUE  (5000U) /* 5 s    */
  78:Drivers/STM32G0xx_HAL_Driver/Src/stm32g0xx_hal_rcc.c **** 
  79:Drivers/STM32G0xx_HAL_Driver/Src/stm32g0xx_hal_rcc.c **** #define PLLSOURCE_NONE             (0U)
  80:Drivers/STM32G0xx_HAL_Driver/Src/stm32g0xx_hal_rcc.c **** /**
  81:Drivers/STM32G0xx_HAL_Driver/Src/stm32g0xx_hal_rcc.c ****   * @}
  82:Drivers/STM32G0xx_HAL_Driver/Src/stm32g0xx_hal_rcc.c ****   */
  83:Drivers/STM32G0xx_HAL_Driver/Src/stm32g0xx_hal_rcc.c **** 
  84:Drivers/STM32G0xx_HAL_Driver/Src/stm32g0xx_hal_rcc.c **** /* Private macro -------------------------------------------------------------*/
  85:Drivers/STM32G0xx_HAL_Driver/Src/stm32g0xx_hal_rcc.c **** /** @defgroup RCC_Private_Macros RCC Private Macros
  86:Drivers/STM32G0xx_HAL_Driver/Src/stm32g0xx_hal_rcc.c ****   * @{
  87:Drivers/STM32G0xx_HAL_Driver/Src/stm32g0xx_hal_rcc.c ****   */
  88:Drivers/STM32G0xx_HAL_Driver/Src/stm32g0xx_hal_rcc.c **** 
  89:Drivers/STM32G0xx_HAL_Driver/Src/stm32g0xx_hal_rcc.c **** #define RCC_GET_MCO_GPIO_PIN(__RCC_MCOx__)   ((__RCC_MCOx__) & GPIO_PIN_MASK)
ARM GAS  C:\Users\Asus\AppData\Local\Temp\ccaANind.s 			page 3


  90:Drivers/STM32G0xx_HAL_Driver/Src/stm32g0xx_hal_rcc.c **** 
  91:Drivers/STM32G0xx_HAL_Driver/Src/stm32g0xx_hal_rcc.c **** #define RCC_GET_MCO_GPIO_AF(__RCC_MCOx__)    (((__RCC_MCOx__) & RCC_MCO_GPIOAF_MASK) >> RCC_MCO_GPI
  92:Drivers/STM32G0xx_HAL_Driver/Src/stm32g0xx_hal_rcc.c **** 
  93:Drivers/STM32G0xx_HAL_Driver/Src/stm32g0xx_hal_rcc.c **** #define RCC_GET_MCO_GPIO_INDEX(__RCC_MCOx__) (((__RCC_MCOx__) & RCC_MCO_GPIOPORT_MASK) >> RCC_MCO_G
  94:Drivers/STM32G0xx_HAL_Driver/Src/stm32g0xx_hal_rcc.c **** 
  95:Drivers/STM32G0xx_HAL_Driver/Src/stm32g0xx_hal_rcc.c **** #define RCC_GET_MCO_GPIO_PORT(__RCC_MCOx__)  (IOPORT_BASE + ((0x00000400UL) * RCC_GET_MCO_GPIO_INDE
  96:Drivers/STM32G0xx_HAL_Driver/Src/stm32g0xx_hal_rcc.c **** 
  97:Drivers/STM32G0xx_HAL_Driver/Src/stm32g0xx_hal_rcc.c **** #define RCC_PLL_OSCSOURCE_CONFIG(__HAL_RCC_PLLSOURCE__) \
  98:Drivers/STM32G0xx_HAL_Driver/Src/stm32g0xx_hal_rcc.c ****   (MODIFY_REG(RCC->PLLCFGR, RCC_PLLCFGR_PLLSRC, (uint32_t)(__HAL_RCC_PLLSOURCE__)))
  99:Drivers/STM32G0xx_HAL_Driver/Src/stm32g0xx_hal_rcc.c **** /**
 100:Drivers/STM32G0xx_HAL_Driver/Src/stm32g0xx_hal_rcc.c ****   * @}
 101:Drivers/STM32G0xx_HAL_Driver/Src/stm32g0xx_hal_rcc.c ****   */
 102:Drivers/STM32G0xx_HAL_Driver/Src/stm32g0xx_hal_rcc.c **** 
 103:Drivers/STM32G0xx_HAL_Driver/Src/stm32g0xx_hal_rcc.c **** /* Private variables ---------------------------------------------------------*/
 104:Drivers/STM32G0xx_HAL_Driver/Src/stm32g0xx_hal_rcc.c **** /** @defgroup RCC_Private_Variables RCC Private Variables
 105:Drivers/STM32G0xx_HAL_Driver/Src/stm32g0xx_hal_rcc.c ****   * @{
 106:Drivers/STM32G0xx_HAL_Driver/Src/stm32g0xx_hal_rcc.c ****   */
 107:Drivers/STM32G0xx_HAL_Driver/Src/stm32g0xx_hal_rcc.c **** 
 108:Drivers/STM32G0xx_HAL_Driver/Src/stm32g0xx_hal_rcc.c **** /**
 109:Drivers/STM32G0xx_HAL_Driver/Src/stm32g0xx_hal_rcc.c ****   * @}
 110:Drivers/STM32G0xx_HAL_Driver/Src/stm32g0xx_hal_rcc.c ****   */
 111:Drivers/STM32G0xx_HAL_Driver/Src/stm32g0xx_hal_rcc.c **** 
 112:Drivers/STM32G0xx_HAL_Driver/Src/stm32g0xx_hal_rcc.c **** /* Private function prototypes -----------------------------------------------*/
 113:Drivers/STM32G0xx_HAL_Driver/Src/stm32g0xx_hal_rcc.c **** /* Exported functions --------------------------------------------------------*/
 114:Drivers/STM32G0xx_HAL_Driver/Src/stm32g0xx_hal_rcc.c **** 
 115:Drivers/STM32G0xx_HAL_Driver/Src/stm32g0xx_hal_rcc.c **** /** @defgroup RCC_Exported_Functions RCC Exported Functions
 116:Drivers/STM32G0xx_HAL_Driver/Src/stm32g0xx_hal_rcc.c ****   * @{
 117:Drivers/STM32G0xx_HAL_Driver/Src/stm32g0xx_hal_rcc.c ****   */
 118:Drivers/STM32G0xx_HAL_Driver/Src/stm32g0xx_hal_rcc.c **** 
 119:Drivers/STM32G0xx_HAL_Driver/Src/stm32g0xx_hal_rcc.c **** /** @defgroup RCC_Exported_Functions_Group1 Initialization and de-initialization functions
 120:Drivers/STM32G0xx_HAL_Driver/Src/stm32g0xx_hal_rcc.c ****   *  @brief    Initialization and Configuration functions
 121:Drivers/STM32G0xx_HAL_Driver/Src/stm32g0xx_hal_rcc.c ****   *
 122:Drivers/STM32G0xx_HAL_Driver/Src/stm32g0xx_hal_rcc.c ****   @verbatim
 123:Drivers/STM32G0xx_HAL_Driver/Src/stm32g0xx_hal_rcc.c ****  ===============================================================================
 124:Drivers/STM32G0xx_HAL_Driver/Src/stm32g0xx_hal_rcc.c ****            ##### Initialization and de-initialization functions #####
 125:Drivers/STM32G0xx_HAL_Driver/Src/stm32g0xx_hal_rcc.c ****  ===============================================================================
 126:Drivers/STM32G0xx_HAL_Driver/Src/stm32g0xx_hal_rcc.c ****     [..]
 127:Drivers/STM32G0xx_HAL_Driver/Src/stm32g0xx_hal_rcc.c ****       This section provides functions allowing to configure the internal and external oscillators
 128:Drivers/STM32G0xx_HAL_Driver/Src/stm32g0xx_hal_rcc.c ****       (HSE, HSI, LSE, LSI, PLL, CSS and MCO) and the System buses clocks (SYSCLK, AHB, APB)
 129:Drivers/STM32G0xx_HAL_Driver/Src/stm32g0xx_hal_rcc.c **** 
 130:Drivers/STM32G0xx_HAL_Driver/Src/stm32g0xx_hal_rcc.c ****     [..] Internal/external clock and PLL configuration
 131:Drivers/STM32G0xx_HAL_Driver/Src/stm32g0xx_hal_rcc.c ****          (+) HSI (high-speed internal): 16 MHz factory-trimmed RC used directly or through
 132:Drivers/STM32G0xx_HAL_Driver/Src/stm32g0xx_hal_rcc.c ****              the PLL as System clock source.
 133:Drivers/STM32G0xx_HAL_Driver/Src/stm32g0xx_hal_rcc.c **** 
 134:Drivers/STM32G0xx_HAL_Driver/Src/stm32g0xx_hal_rcc.c ****          (+) LSI (low-speed internal): 32 KHz low consumption RC used as IWDG and/or RTC
 135:Drivers/STM32G0xx_HAL_Driver/Src/stm32g0xx_hal_rcc.c ****              clock source.
 136:Drivers/STM32G0xx_HAL_Driver/Src/stm32g0xx_hal_rcc.c **** 
 137:Drivers/STM32G0xx_HAL_Driver/Src/stm32g0xx_hal_rcc.c ****          (+) HSE (high-speed external): 4 to 48 MHz crystal oscillator used directly or
 138:Drivers/STM32G0xx_HAL_Driver/Src/stm32g0xx_hal_rcc.c ****              through the PLL as System clock source. Can be used also optionally as RTC clock sourc
 139:Drivers/STM32G0xx_HAL_Driver/Src/stm32g0xx_hal_rcc.c **** 
 140:Drivers/STM32G0xx_HAL_Driver/Src/stm32g0xx_hal_rcc.c ****          (+) LSE (low-speed external): 32.768 KHz oscillator used optionally as RTC clock source.
 141:Drivers/STM32G0xx_HAL_Driver/Src/stm32g0xx_hal_rcc.c **** 
 142:Drivers/STM32G0xx_HAL_Driver/Src/stm32g0xx_hal_rcc.c ****          (+) PLL (clocked by HSI, HSE) providing up to three independent output clocks:
 143:Drivers/STM32G0xx_HAL_Driver/Src/stm32g0xx_hal_rcc.c ****            (++) The first output (R) is used to generate the high speed system clock (up to 64MHz).
 144:Drivers/STM32G0xx_HAL_Driver/Src/stm32g0xx_hal_rcc.c ****            (++) The second output(Q) is used to generate the clock for the random analog generator 
 145:Drivers/STM32G0xx_HAL_Driver/Src/stm32g0xx_hal_rcc.c ****            (++) The Third output (P) is used to generate the clock for the Analog to Digital Conver
 146:Drivers/STM32G0xx_HAL_Driver/Src/stm32g0xx_hal_rcc.c **** 
ARM GAS  C:\Users\Asus\AppData\Local\Temp\ccaANind.s 			page 4


 147:Drivers/STM32G0xx_HAL_Driver/Src/stm32g0xx_hal_rcc.c ****          (+) CSS (Clock security system): once enabled, if a HSE or LSE clock failure occurs
 148:Drivers/STM32G0xx_HAL_Driver/Src/stm32g0xx_hal_rcc.c ****             (HSE used directly or through PLL as System clock source), the System clock
 149:Drivers/STM32G0xx_HAL_Driver/Src/stm32g0xx_hal_rcc.c ****              is automatically switched respectively to HSI or LSI and an interrupt is generated
 150:Drivers/STM32G0xx_HAL_Driver/Src/stm32g0xx_hal_rcc.c ****              if enabled. The interrupt is linked to the Cortex-M0+ NMI (Non-Maskable Interrupt)
 151:Drivers/STM32G0xx_HAL_Driver/Src/stm32g0xx_hal_rcc.c ****              exception vector.
 152:Drivers/STM32G0xx_HAL_Driver/Src/stm32g0xx_hal_rcc.c **** 
 153:Drivers/STM32G0xx_HAL_Driver/Src/stm32g0xx_hal_rcc.c ****          (+) MCOx (microcontroller clock output):
 154:Drivers/STM32G0xx_HAL_Driver/Src/stm32g0xx_hal_rcc.c ****              (++) MCO1 used to output LSI, HSI48(*), HSI, LSE, HSE or main PLL clock (through a con
 155:Drivers/STM32G0xx_HAL_Driver/Src/stm32g0xx_hal_rcc.c ****              (++) MCO2(*) used to output LSI, HSI48(*), HSI, LSE, HSE, main PLLR clock, PLLQ clock,
 156:Drivers/STM32G0xx_HAL_Driver/Src/stm32g0xx_hal_rcc.c ****                  (*) available on certain devices only
 157:Drivers/STM32G0xx_HAL_Driver/Src/stm32g0xx_hal_rcc.c **** 
 158:Drivers/STM32G0xx_HAL_Driver/Src/stm32g0xx_hal_rcc.c ****     [..] System, AHB and APB buses clocks configuration
 159:Drivers/STM32G0xx_HAL_Driver/Src/stm32g0xx_hal_rcc.c ****          (+) Several clock sources can be used to drive the System clock (SYSCLK): HSI,
 160:Drivers/STM32G0xx_HAL_Driver/Src/stm32g0xx_hal_rcc.c ****              HSE, LSI, LSE and main PLL.
 161:Drivers/STM32G0xx_HAL_Driver/Src/stm32g0xx_hal_rcc.c ****              The AHB clock (HCLK) is derived from System clock through configurable
 162:Drivers/STM32G0xx_HAL_Driver/Src/stm32g0xx_hal_rcc.c ****              prescaler and used to clock the CPU, memory and peripherals mapped
 163:Drivers/STM32G0xx_HAL_Driver/Src/stm32g0xx_hal_rcc.c ****              on AHB bus (DMA, GPIO...).and APB (PCLK1) clock is derived
 164:Drivers/STM32G0xx_HAL_Driver/Src/stm32g0xx_hal_rcc.c ****              from AHB clock through configurable prescalers and used to clock
 165:Drivers/STM32G0xx_HAL_Driver/Src/stm32g0xx_hal_rcc.c ****              the peripherals mapped on these buses. You can use
 166:Drivers/STM32G0xx_HAL_Driver/Src/stm32g0xx_hal_rcc.c ****              "HAL_RCC_GetSysClockFreq()" function to retrieve the frequencies of these clocks.
 167:Drivers/STM32G0xx_HAL_Driver/Src/stm32g0xx_hal_rcc.c **** 
 168:Drivers/STM32G0xx_HAL_Driver/Src/stm32g0xx_hal_rcc.c ****          -@- All the peripheral clocks are derived from the System clock (SYSCLK) except:
 169:Drivers/STM32G0xx_HAL_Driver/Src/stm32g0xx_hal_rcc.c **** 
 170:Drivers/STM32G0xx_HAL_Driver/Src/stm32g0xx_hal_rcc.c ****             (+@) RTC: the RTC clock can be derived either from the LSI, LSE or HSE clock
 171:Drivers/STM32G0xx_HAL_Driver/Src/stm32g0xx_hal_rcc.c ****                 divided by 2 to 31.
 172:Drivers/STM32G0xx_HAL_Driver/Src/stm32g0xx_hal_rcc.c ****                 You have to use __HAL_RCC_RTC_ENABLE() and HAL_RCCEx_PeriphCLKConfig() function
 173:Drivers/STM32G0xx_HAL_Driver/Src/stm32g0xx_hal_rcc.c ****                  to configure this clock.
 174:Drivers/STM32G0xx_HAL_Driver/Src/stm32g0xx_hal_rcc.c **** 
 175:Drivers/STM32G0xx_HAL_Driver/Src/stm32g0xx_hal_rcc.c ****             (+@) RNG(*) requires a frequency equal or lower than 48 MHz.
 176:Drivers/STM32G0xx_HAL_Driver/Src/stm32g0xx_hal_rcc.c ****                  This clock is derived from the main PLL or HSI or System clock.
 177:Drivers/STM32G0xx_HAL_Driver/Src/stm32g0xx_hal_rcc.c ****                  (*) available on certain devices only
 178:Drivers/STM32G0xx_HAL_Driver/Src/stm32g0xx_hal_rcc.c **** 
 179:Drivers/STM32G0xx_HAL_Driver/Src/stm32g0xx_hal_rcc.c ****             (+@) IWDG clock which is always the LSI clock.
 180:Drivers/STM32G0xx_HAL_Driver/Src/stm32g0xx_hal_rcc.c **** 
 181:Drivers/STM32G0xx_HAL_Driver/Src/stm32g0xx_hal_rcc.c **** 
 182:Drivers/STM32G0xx_HAL_Driver/Src/stm32g0xx_hal_rcc.c ****          (+) The maximum frequency of the SYSCLK, HCLK, PCLK is 64 MHz.
 183:Drivers/STM32G0xx_HAL_Driver/Src/stm32g0xx_hal_rcc.c ****              Depending on the device voltage range, the maximum frequency should be
 184:Drivers/STM32G0xx_HAL_Driver/Src/stm32g0xx_hal_rcc.c ****              adapted accordingly.
 185:Drivers/STM32G0xx_HAL_Driver/Src/stm32g0xx_hal_rcc.c **** 
 186:Drivers/STM32G0xx_HAL_Driver/Src/stm32g0xx_hal_rcc.c ****   @endverbatim
 187:Drivers/STM32G0xx_HAL_Driver/Src/stm32g0xx_hal_rcc.c **** 
 188:Drivers/STM32G0xx_HAL_Driver/Src/stm32g0xx_hal_rcc.c ****      (++)  Table 1. HCLK clock frequency.
 189:Drivers/STM32G0xx_HAL_Driver/Src/stm32g0xx_hal_rcc.c ****      (++)  +-------------------------------------------------------+
 190:Drivers/STM32G0xx_HAL_Driver/Src/stm32g0xx_hal_rcc.c ****      (++)  | Latency         |    HCLK clock frequency (MHz)       |
 191:Drivers/STM32G0xx_HAL_Driver/Src/stm32g0xx_hal_rcc.c ****      (++)  |                 |-------------------------------------|
 192:Drivers/STM32G0xx_HAL_Driver/Src/stm32g0xx_hal_rcc.c ****      (++)  |                 | voltage range 1  | voltage range 2  |
 193:Drivers/STM32G0xx_HAL_Driver/Src/stm32g0xx_hal_rcc.c ****      (++)  |                 |      1.2 V       |     1.0 V        |
 194:Drivers/STM32G0xx_HAL_Driver/Src/stm32g0xx_hal_rcc.c ****      (++)  |-----------------|------------------|------------------|
 195:Drivers/STM32G0xx_HAL_Driver/Src/stm32g0xx_hal_rcc.c ****      (++)  |0WS(1 CPU cycles)|  HCLK <= 24      |  HCLK <= 8       |
 196:Drivers/STM32G0xx_HAL_Driver/Src/stm32g0xx_hal_rcc.c ****      (++)  |-----------------|------------------|------------------|
 197:Drivers/STM32G0xx_HAL_Driver/Src/stm32g0xx_hal_rcc.c ****      (++)  |1WS(2 CPU cycles)|  HCLK <= 48      |  HCLK <= 16      |
 198:Drivers/STM32G0xx_HAL_Driver/Src/stm32g0xx_hal_rcc.c ****      (++)  |-----------------|------------------|------------------|
 199:Drivers/STM32G0xx_HAL_Driver/Src/stm32g0xx_hal_rcc.c ****      (++)  |2WS(3 CPU cycles)|  HCLK <= 64      |           -      |
 200:Drivers/STM32G0xx_HAL_Driver/Src/stm32g0xx_hal_rcc.c ****      (++)  |-----------------|------------------|------------------|
 201:Drivers/STM32G0xx_HAL_Driver/Src/stm32g0xx_hal_rcc.c ****    * @{
 202:Drivers/STM32G0xx_HAL_Driver/Src/stm32g0xx_hal_rcc.c ****   */
 203:Drivers/STM32G0xx_HAL_Driver/Src/stm32g0xx_hal_rcc.c **** 
ARM GAS  C:\Users\Asus\AppData\Local\Temp\ccaANind.s 			page 5


 204:Drivers/STM32G0xx_HAL_Driver/Src/stm32g0xx_hal_rcc.c **** /**
 205:Drivers/STM32G0xx_HAL_Driver/Src/stm32g0xx_hal_rcc.c ****   * @brief  Reset the RCC clock configuration to the default reset state.
 206:Drivers/STM32G0xx_HAL_Driver/Src/stm32g0xx_hal_rcc.c ****   * @note   The default reset state of the clock configuration is given below:
 207:Drivers/STM32G0xx_HAL_Driver/Src/stm32g0xx_hal_rcc.c ****   *            - HSI ON and used as system clock source
 208:Drivers/STM32G0xx_HAL_Driver/Src/stm32g0xx_hal_rcc.c ****   *            - HSE, PLL OFF
 209:Drivers/STM32G0xx_HAL_Driver/Src/stm32g0xx_hal_rcc.c ****   *            - AHB and APB prescaler set to 1.
 210:Drivers/STM32G0xx_HAL_Driver/Src/stm32g0xx_hal_rcc.c ****   *            - CSS, MCO1 OFF
 211:Drivers/STM32G0xx_HAL_Driver/Src/stm32g0xx_hal_rcc.c ****   *            - All interrupts disabled
 212:Drivers/STM32G0xx_HAL_Driver/Src/stm32g0xx_hal_rcc.c ****   * @note   This function does not modify the configuration of the
 213:Drivers/STM32G0xx_HAL_Driver/Src/stm32g0xx_hal_rcc.c ****   *            - Peripheral clocks
 214:Drivers/STM32G0xx_HAL_Driver/Src/stm32g0xx_hal_rcc.c ****   *            - LSI, LSE and RTC clocks
 215:Drivers/STM32G0xx_HAL_Driver/Src/stm32g0xx_hal_rcc.c ****   * @retval HAL status
 216:Drivers/STM32G0xx_HAL_Driver/Src/stm32g0xx_hal_rcc.c ****   */
 217:Drivers/STM32G0xx_HAL_Driver/Src/stm32g0xx_hal_rcc.c **** HAL_StatusTypeDef HAL_RCC_DeInit(void)
 218:Drivers/STM32G0xx_HAL_Driver/Src/stm32g0xx_hal_rcc.c **** {
  27              		.loc 1 218 1 view -0
  28              		.cfi_startproc
  29              		@ args = 0, pretend = 0, frame = 0
  30              		@ frame_needed = 0, uses_anonymous_args = 0
  31 0000 70B5     		push	{r4, r5, r6, lr}
  32              		.cfi_def_cfa_offset 16
  33              		.cfi_offset 4, -16
  34              		.cfi_offset 5, -12
  35              		.cfi_offset 6, -8
  36              		.cfi_offset 14, -4
 219:Drivers/STM32G0xx_HAL_Driver/Src/stm32g0xx_hal_rcc.c ****   uint32_t tickstart;
  37              		.loc 1 219 3 view .LVU1
 220:Drivers/STM32G0xx_HAL_Driver/Src/stm32g0xx_hal_rcc.c **** 
 221:Drivers/STM32G0xx_HAL_Driver/Src/stm32g0xx_hal_rcc.c ****   /* Get Start Tick*/
 222:Drivers/STM32G0xx_HAL_Driver/Src/stm32g0xx_hal_rcc.c ****   tickstart = HAL_GetTick();
  38              		.loc 1 222 3 view .LVU2
  39              		.loc 1 222 15 is_stmt 0 view .LVU3
  40 0002 FFF7FEFF 		bl	HAL_GetTick
  41              	.LVL0:
  42 0006 0400     		movs	r4, r0
  43              	.LVL1:
 223:Drivers/STM32G0xx_HAL_Driver/Src/stm32g0xx_hal_rcc.c **** 
 224:Drivers/STM32G0xx_HAL_Driver/Src/stm32g0xx_hal_rcc.c ****   /* Set HSION bit to the reset value */
 225:Drivers/STM32G0xx_HAL_Driver/Src/stm32g0xx_hal_rcc.c ****   SET_BIT(RCC->CR, RCC_CR_HSION);
  44              		.loc 1 225 3 is_stmt 1 view .LVU4
  45 0008 254A     		ldr	r2, .L15
  46 000a 1168     		ldr	r1, [r2]
  47 000c 8023     		movs	r3, #128
  48 000e 5B00     		lsls	r3, r3, #1
  49 0010 0B43     		orrs	r3, r1
  50 0012 1360     		str	r3, [r2]
 226:Drivers/STM32G0xx_HAL_Driver/Src/stm32g0xx_hal_rcc.c **** 
 227:Drivers/STM32G0xx_HAL_Driver/Src/stm32g0xx_hal_rcc.c ****   /* Wait till HSI is ready */
 228:Drivers/STM32G0xx_HAL_Driver/Src/stm32g0xx_hal_rcc.c ****   while (READ_BIT(RCC->CR, RCC_CR_HSIRDY) == 0U)
  51              		.loc 1 228 3 view .LVU5
  52              	.LVL2:
  53              	.L2:
  54              		.loc 1 228 43 view .LVU6
  55              		.loc 1 228 10 is_stmt 0 view .LVU7
  56 0014 224B     		ldr	r3, .L15
  57 0016 1B68     		ldr	r3, [r3]
  58              		.loc 1 228 43 view .LVU8
ARM GAS  C:\Users\Asus\AppData\Local\Temp\ccaANind.s 			page 6


  59 0018 5B05     		lsls	r3, r3, #21
  60 001a 06D4     		bmi	.L12
 229:Drivers/STM32G0xx_HAL_Driver/Src/stm32g0xx_hal_rcc.c ****   {
 230:Drivers/STM32G0xx_HAL_Driver/Src/stm32g0xx_hal_rcc.c ****     if ((HAL_GetTick() - tickstart) > HSI_TIMEOUT_VALUE)
  61              		.loc 1 230 5 is_stmt 1 view .LVU9
  62              		.loc 1 230 10 is_stmt 0 view .LVU10
  63 001c FFF7FEFF 		bl	HAL_GetTick
  64              	.LVL3:
  65              		.loc 1 230 24 view .LVU11
  66 0020 001B     		subs	r0, r0, r4
  67              		.loc 1 230 8 view .LVU12
  68 0022 0228     		cmp	r0, #2
  69 0024 F6D9     		bls	.L2
 231:Drivers/STM32G0xx_HAL_Driver/Src/stm32g0xx_hal_rcc.c ****     {
 232:Drivers/STM32G0xx_HAL_Driver/Src/stm32g0xx_hal_rcc.c ****       return HAL_TIMEOUT;
  70              		.loc 1 232 14 view .LVU13
  71 0026 0320     		movs	r0, #3
  72              	.L3:
 233:Drivers/STM32G0xx_HAL_Driver/Src/stm32g0xx_hal_rcc.c ****     }
 234:Drivers/STM32G0xx_HAL_Driver/Src/stm32g0xx_hal_rcc.c ****   }
 235:Drivers/STM32G0xx_HAL_Driver/Src/stm32g0xx_hal_rcc.c **** 
 236:Drivers/STM32G0xx_HAL_Driver/Src/stm32g0xx_hal_rcc.c ****   /* Set HSITRIM[6:0] bits to the reset value */
 237:Drivers/STM32G0xx_HAL_Driver/Src/stm32g0xx_hal_rcc.c ****   RCC->ICSCR = RCC_ICSCR_HSITRIM_6;
 238:Drivers/STM32G0xx_HAL_Driver/Src/stm32g0xx_hal_rcc.c **** 
 239:Drivers/STM32G0xx_HAL_Driver/Src/stm32g0xx_hal_rcc.c ****   /* Get Start Tick*/
 240:Drivers/STM32G0xx_HAL_Driver/Src/stm32g0xx_hal_rcc.c ****   tickstart = HAL_GetTick();
 241:Drivers/STM32G0xx_HAL_Driver/Src/stm32g0xx_hal_rcc.c **** 
 242:Drivers/STM32G0xx_HAL_Driver/Src/stm32g0xx_hal_rcc.c ****   /* Reset CFGR register (HSI is selected as system clock source) */
 243:Drivers/STM32G0xx_HAL_Driver/Src/stm32g0xx_hal_rcc.c ****   RCC->CFGR = 0x00000000u;
 244:Drivers/STM32G0xx_HAL_Driver/Src/stm32g0xx_hal_rcc.c **** 
 245:Drivers/STM32G0xx_HAL_Driver/Src/stm32g0xx_hal_rcc.c ****   /* Wait till HSI is ready */
 246:Drivers/STM32G0xx_HAL_Driver/Src/stm32g0xx_hal_rcc.c ****   while (READ_BIT(RCC->CFGR, RCC_CFGR_SWS) != 0U)
 247:Drivers/STM32G0xx_HAL_Driver/Src/stm32g0xx_hal_rcc.c ****   {
 248:Drivers/STM32G0xx_HAL_Driver/Src/stm32g0xx_hal_rcc.c ****     if ((HAL_GetTick() - tickstart) > CLOCKSWITCH_TIMEOUT_VALUE)
 249:Drivers/STM32G0xx_HAL_Driver/Src/stm32g0xx_hal_rcc.c ****     {
 250:Drivers/STM32G0xx_HAL_Driver/Src/stm32g0xx_hal_rcc.c ****       return HAL_TIMEOUT;
 251:Drivers/STM32G0xx_HAL_Driver/Src/stm32g0xx_hal_rcc.c ****     }
 252:Drivers/STM32G0xx_HAL_Driver/Src/stm32g0xx_hal_rcc.c ****   }
 253:Drivers/STM32G0xx_HAL_Driver/Src/stm32g0xx_hal_rcc.c **** 
 254:Drivers/STM32G0xx_HAL_Driver/Src/stm32g0xx_hal_rcc.c ****   /* Clear CR register in 2 steps: first to clear HSEON in case bypass was enabled */
 255:Drivers/STM32G0xx_HAL_Driver/Src/stm32g0xx_hal_rcc.c ****   RCC->CR = RCC_CR_HSION;
 256:Drivers/STM32G0xx_HAL_Driver/Src/stm32g0xx_hal_rcc.c **** 
 257:Drivers/STM32G0xx_HAL_Driver/Src/stm32g0xx_hal_rcc.c ****   /* Then again to HSEBYP in case bypass was enabled */
 258:Drivers/STM32G0xx_HAL_Driver/Src/stm32g0xx_hal_rcc.c ****   RCC->CR = RCC_CR_HSION;
 259:Drivers/STM32G0xx_HAL_Driver/Src/stm32g0xx_hal_rcc.c **** 
 260:Drivers/STM32G0xx_HAL_Driver/Src/stm32g0xx_hal_rcc.c ****   /* Get Start Tick*/
 261:Drivers/STM32G0xx_HAL_Driver/Src/stm32g0xx_hal_rcc.c ****   tickstart = HAL_GetTick();
 262:Drivers/STM32G0xx_HAL_Driver/Src/stm32g0xx_hal_rcc.c **** 
 263:Drivers/STM32G0xx_HAL_Driver/Src/stm32g0xx_hal_rcc.c ****   /* Wait till PLL is ready */
 264:Drivers/STM32G0xx_HAL_Driver/Src/stm32g0xx_hal_rcc.c ****   while (READ_BIT(RCC->CR, RCC_CR_PLLRDY) != 0U)
 265:Drivers/STM32G0xx_HAL_Driver/Src/stm32g0xx_hal_rcc.c ****   {
 266:Drivers/STM32G0xx_HAL_Driver/Src/stm32g0xx_hal_rcc.c ****     if ((HAL_GetTick() - tickstart) > PLL_TIMEOUT_VALUE)
 267:Drivers/STM32G0xx_HAL_Driver/Src/stm32g0xx_hal_rcc.c ****     {
 268:Drivers/STM32G0xx_HAL_Driver/Src/stm32g0xx_hal_rcc.c ****       return HAL_TIMEOUT;
 269:Drivers/STM32G0xx_HAL_Driver/Src/stm32g0xx_hal_rcc.c ****     }
 270:Drivers/STM32G0xx_HAL_Driver/Src/stm32g0xx_hal_rcc.c ****   }
 271:Drivers/STM32G0xx_HAL_Driver/Src/stm32g0xx_hal_rcc.c **** 
ARM GAS  C:\Users\Asus\AppData\Local\Temp\ccaANind.s 			page 7


 272:Drivers/STM32G0xx_HAL_Driver/Src/stm32g0xx_hal_rcc.c ****   /* once PLL is OFF, reset PLLCFGR register to default value */
 273:Drivers/STM32G0xx_HAL_Driver/Src/stm32g0xx_hal_rcc.c ****   RCC->PLLCFGR = RCC_PLLCFGR_PLLN_4;
 274:Drivers/STM32G0xx_HAL_Driver/Src/stm32g0xx_hal_rcc.c **** 
 275:Drivers/STM32G0xx_HAL_Driver/Src/stm32g0xx_hal_rcc.c ****   /* Disable all interrupts */
 276:Drivers/STM32G0xx_HAL_Driver/Src/stm32g0xx_hal_rcc.c ****   RCC->CIER = 0x00000000u;
 277:Drivers/STM32G0xx_HAL_Driver/Src/stm32g0xx_hal_rcc.c **** 
 278:Drivers/STM32G0xx_HAL_Driver/Src/stm32g0xx_hal_rcc.c ****   /* Clear all flags */
 279:Drivers/STM32G0xx_HAL_Driver/Src/stm32g0xx_hal_rcc.c ****   RCC->CICR = 0xFFFFFFFFu;
 280:Drivers/STM32G0xx_HAL_Driver/Src/stm32g0xx_hal_rcc.c **** 
 281:Drivers/STM32G0xx_HAL_Driver/Src/stm32g0xx_hal_rcc.c ****   /* Update the SystemCoreClock global variable */
 282:Drivers/STM32G0xx_HAL_Driver/Src/stm32g0xx_hal_rcc.c ****   SystemCoreClock = HSI_VALUE;
 283:Drivers/STM32G0xx_HAL_Driver/Src/stm32g0xx_hal_rcc.c **** 
 284:Drivers/STM32G0xx_HAL_Driver/Src/stm32g0xx_hal_rcc.c ****   /* Adapt Systick interrupt period */
 285:Drivers/STM32G0xx_HAL_Driver/Src/stm32g0xx_hal_rcc.c ****   if (HAL_InitTick(uwTickPrio) != HAL_OK)
 286:Drivers/STM32G0xx_HAL_Driver/Src/stm32g0xx_hal_rcc.c ****   {
 287:Drivers/STM32G0xx_HAL_Driver/Src/stm32g0xx_hal_rcc.c ****     return HAL_ERROR;
 288:Drivers/STM32G0xx_HAL_Driver/Src/stm32g0xx_hal_rcc.c ****   }
 289:Drivers/STM32G0xx_HAL_Driver/Src/stm32g0xx_hal_rcc.c ****   else
 290:Drivers/STM32G0xx_HAL_Driver/Src/stm32g0xx_hal_rcc.c ****   {
 291:Drivers/STM32G0xx_HAL_Driver/Src/stm32g0xx_hal_rcc.c ****     return HAL_OK;
 292:Drivers/STM32G0xx_HAL_Driver/Src/stm32g0xx_hal_rcc.c ****   }
 293:Drivers/STM32G0xx_HAL_Driver/Src/stm32g0xx_hal_rcc.c **** }
  73              		.loc 1 293 1 view .LVU14
  74              		@ sp needed
  75              	.LVL4:
  76              		.loc 1 293 1 view .LVU15
  77 0028 70BD     		pop	{r4, r5, r6, pc}
  78              	.LVL5:
  79              	.L12:
 237:Drivers/STM32G0xx_HAL_Driver/Src/stm32g0xx_hal_rcc.c **** 
  80              		.loc 1 237 3 is_stmt 1 view .LVU16
 237:Drivers/STM32G0xx_HAL_Driver/Src/stm32g0xx_hal_rcc.c **** 
  81              		.loc 1 237 14 is_stmt 0 view .LVU17
  82 002a 1D4D     		ldr	r5, .L15
  83 002c 8023     		movs	r3, #128
  84 002e DB01     		lsls	r3, r3, #7
  85 0030 6B60     		str	r3, [r5, #4]
 240:Drivers/STM32G0xx_HAL_Driver/Src/stm32g0xx_hal_rcc.c **** 
  86              		.loc 1 240 3 is_stmt 1 view .LVU18
 240:Drivers/STM32G0xx_HAL_Driver/Src/stm32g0xx_hal_rcc.c **** 
  87              		.loc 1 240 15 is_stmt 0 view .LVU19
  88 0032 FFF7FEFF 		bl	HAL_GetTick
  89              	.LVL6:
  90 0036 0400     		movs	r4, r0
  91              	.LVL7:
 243:Drivers/STM32G0xx_HAL_Driver/Src/stm32g0xx_hal_rcc.c **** 
  92              		.loc 1 243 3 is_stmt 1 view .LVU20
 243:Drivers/STM32G0xx_HAL_Driver/Src/stm32g0xx_hal_rcc.c **** 
  93              		.loc 1 243 13 is_stmt 0 view .LVU21
  94 0038 0023     		movs	r3, #0
  95 003a AB60     		str	r3, [r5, #8]
 246:Drivers/STM32G0xx_HAL_Driver/Src/stm32g0xx_hal_rcc.c ****   {
  96              		.loc 1 246 3 is_stmt 1 view .LVU22
  97              	.LVL8:
  98              	.L5:
 246:Drivers/STM32G0xx_HAL_Driver/Src/stm32g0xx_hal_rcc.c ****   {
  99              		.loc 1 246 44 view .LVU23
ARM GAS  C:\Users\Asus\AppData\Local\Temp\ccaANind.s 			page 8


 246:Drivers/STM32G0xx_HAL_Driver/Src/stm32g0xx_hal_rcc.c ****   {
 100              		.loc 1 246 10 is_stmt 0 view .LVU24
 101 003c 184B     		ldr	r3, .L15
 102 003e 9B68     		ldr	r3, [r3, #8]
 103 0040 3822     		movs	r2, #56
 246:Drivers/STM32G0xx_HAL_Driver/Src/stm32g0xx_hal_rcc.c ****   {
 104              		.loc 1 246 44 view .LVU25
 105 0042 1A42     		tst	r2, r3
 106 0044 07D0     		beq	.L13
 248:Drivers/STM32G0xx_HAL_Driver/Src/stm32g0xx_hal_rcc.c ****     {
 107              		.loc 1 248 5 is_stmt 1 view .LVU26
 248:Drivers/STM32G0xx_HAL_Driver/Src/stm32g0xx_hal_rcc.c ****     {
 108              		.loc 1 248 10 is_stmt 0 view .LVU27
 109 0046 FFF7FEFF 		bl	HAL_GetTick
 110              	.LVL9:
 248:Drivers/STM32G0xx_HAL_Driver/Src/stm32g0xx_hal_rcc.c ****     {
 111              		.loc 1 248 24 view .LVU28
 112 004a 001B     		subs	r0, r0, r4
 248:Drivers/STM32G0xx_HAL_Driver/Src/stm32g0xx_hal_rcc.c ****     {
 113              		.loc 1 248 8 view .LVU29
 114 004c 154B     		ldr	r3, .L15+4
 115 004e 9842     		cmp	r0, r3
 116 0050 F4D9     		bls	.L5
 250:Drivers/STM32G0xx_HAL_Driver/Src/stm32g0xx_hal_rcc.c ****     }
 117              		.loc 1 250 14 view .LVU30
 118 0052 0320     		movs	r0, #3
 119 0054 E8E7     		b	.L3
 120              	.L13:
 255:Drivers/STM32G0xx_HAL_Driver/Src/stm32g0xx_hal_rcc.c **** 
 121              		.loc 1 255 3 is_stmt 1 view .LVU31
 255:Drivers/STM32G0xx_HAL_Driver/Src/stm32g0xx_hal_rcc.c **** 
 122              		.loc 1 255 11 is_stmt 0 view .LVU32
 123 0056 124B     		ldr	r3, .L15
 124 0058 C832     		adds	r2, r2, #200
 125 005a 1A60     		str	r2, [r3]
 258:Drivers/STM32G0xx_HAL_Driver/Src/stm32g0xx_hal_rcc.c **** 
 126              		.loc 1 258 3 is_stmt 1 view .LVU33
 258:Drivers/STM32G0xx_HAL_Driver/Src/stm32g0xx_hal_rcc.c **** 
 127              		.loc 1 258 11 is_stmt 0 view .LVU34
 128 005c 1A60     		str	r2, [r3]
 261:Drivers/STM32G0xx_HAL_Driver/Src/stm32g0xx_hal_rcc.c **** 
 129              		.loc 1 261 3 is_stmt 1 view .LVU35
 261:Drivers/STM32G0xx_HAL_Driver/Src/stm32g0xx_hal_rcc.c **** 
 130              		.loc 1 261 15 is_stmt 0 view .LVU36
 131 005e FFF7FEFF 		bl	HAL_GetTick
 132              	.LVL10:
 133 0062 0400     		movs	r4, r0
 134              	.LVL11:
 264:Drivers/STM32G0xx_HAL_Driver/Src/stm32g0xx_hal_rcc.c ****   {
 135              		.loc 1 264 3 is_stmt 1 view .LVU37
 136              	.L7:
 264:Drivers/STM32G0xx_HAL_Driver/Src/stm32g0xx_hal_rcc.c ****   {
 137              		.loc 1 264 43 view .LVU38
 264:Drivers/STM32G0xx_HAL_Driver/Src/stm32g0xx_hal_rcc.c ****   {
 138              		.loc 1 264 10 is_stmt 0 view .LVU39
 139 0064 0E4B     		ldr	r3, .L15
 140 0066 1B68     		ldr	r3, [r3]
ARM GAS  C:\Users\Asus\AppData\Local\Temp\ccaANind.s 			page 9


 264:Drivers/STM32G0xx_HAL_Driver/Src/stm32g0xx_hal_rcc.c ****   {
 141              		.loc 1 264 43 view .LVU40
 142 0068 9B01     		lsls	r3, r3, #6
 143 006a 06D5     		bpl	.L14
 266:Drivers/STM32G0xx_HAL_Driver/Src/stm32g0xx_hal_rcc.c ****     {
 144              		.loc 1 266 5 is_stmt 1 view .LVU41
 266:Drivers/STM32G0xx_HAL_Driver/Src/stm32g0xx_hal_rcc.c ****     {
 145              		.loc 1 266 10 is_stmt 0 view .LVU42
 146 006c FFF7FEFF 		bl	HAL_GetTick
 147              	.LVL12:
 266:Drivers/STM32G0xx_HAL_Driver/Src/stm32g0xx_hal_rcc.c ****     {
 148              		.loc 1 266 24 view .LVU43
 149 0070 001B     		subs	r0, r0, r4
 266:Drivers/STM32G0xx_HAL_Driver/Src/stm32g0xx_hal_rcc.c ****     {
 150              		.loc 1 266 8 view .LVU44
 151 0072 0228     		cmp	r0, #2
 152 0074 F6D9     		bls	.L7
 268:Drivers/STM32G0xx_HAL_Driver/Src/stm32g0xx_hal_rcc.c ****     }
 153              		.loc 1 268 14 view .LVU45
 154 0076 0320     		movs	r0, #3
 155 0078 D6E7     		b	.L3
 156              	.L14:
 273:Drivers/STM32G0xx_HAL_Driver/Src/stm32g0xx_hal_rcc.c **** 
 157              		.loc 1 273 3 is_stmt 1 view .LVU46
 273:Drivers/STM32G0xx_HAL_Driver/Src/stm32g0xx_hal_rcc.c **** 
 158              		.loc 1 273 16 is_stmt 0 view .LVU47
 159 007a 094B     		ldr	r3, .L15
 160 007c 8022     		movs	r2, #128
 161 007e 5201     		lsls	r2, r2, #5
 162 0080 DA60     		str	r2, [r3, #12]
 276:Drivers/STM32G0xx_HAL_Driver/Src/stm32g0xx_hal_rcc.c **** 
 163              		.loc 1 276 3 is_stmt 1 view .LVU48
 276:Drivers/STM32G0xx_HAL_Driver/Src/stm32g0xx_hal_rcc.c **** 
 164              		.loc 1 276 13 is_stmt 0 view .LVU49
 165 0082 0022     		movs	r2, #0
 166 0084 9A61     		str	r2, [r3, #24]
 279:Drivers/STM32G0xx_HAL_Driver/Src/stm32g0xx_hal_rcc.c **** 
 167              		.loc 1 279 3 is_stmt 1 view .LVU50
 279:Drivers/STM32G0xx_HAL_Driver/Src/stm32g0xx_hal_rcc.c **** 
 168              		.loc 1 279 13 is_stmt 0 view .LVU51
 169 0086 013A     		subs	r2, r2, #1
 170 0088 1A62     		str	r2, [r3, #32]
 282:Drivers/STM32G0xx_HAL_Driver/Src/stm32g0xx_hal_rcc.c **** 
 171              		.loc 1 282 3 is_stmt 1 view .LVU52
 282:Drivers/STM32G0xx_HAL_Driver/Src/stm32g0xx_hal_rcc.c **** 
 172              		.loc 1 282 19 is_stmt 0 view .LVU53
 173 008a 074B     		ldr	r3, .L15+8
 174 008c 074A     		ldr	r2, .L15+12
 175 008e 1A60     		str	r2, [r3]
 285:Drivers/STM32G0xx_HAL_Driver/Src/stm32g0xx_hal_rcc.c ****   {
 176              		.loc 1 285 3 is_stmt 1 view .LVU54
 285:Drivers/STM32G0xx_HAL_Driver/Src/stm32g0xx_hal_rcc.c ****   {
 177              		.loc 1 285 7 is_stmt 0 view .LVU55
 178 0090 074B     		ldr	r3, .L15+16
 179 0092 1868     		ldr	r0, [r3]
 180 0094 FFF7FEFF 		bl	HAL_InitTick
 181              	.LVL13:
ARM GAS  C:\Users\Asus\AppData\Local\Temp\ccaANind.s 			page 10


 285:Drivers/STM32G0xx_HAL_Driver/Src/stm32g0xx_hal_rcc.c ****   {
 182              		.loc 1 285 6 view .LVU56
 183 0098 0028     		cmp	r0, #0
 184 009a C5D0     		beq	.L3
 287:Drivers/STM32G0xx_HAL_Driver/Src/stm32g0xx_hal_rcc.c ****   }
 185              		.loc 1 287 12 view .LVU57
 186 009c 0120     		movs	r0, #1
 187 009e C3E7     		b	.L3
 188              	.L16:
 189              		.align	2
 190              	.L15:
 191 00a0 00100240 		.word	1073876992
 192 00a4 88130000 		.word	5000
 193 00a8 00000000 		.word	SystemCoreClock
 194 00ac 0024F400 		.word	16000000
 195 00b0 00000000 		.word	uwTickPrio
 196              		.cfi_endproc
 197              	.LFE310:
 199              		.section	.text.HAL_RCC_OscConfig,"ax",%progbits
 200              		.align	1
 201              		.global	HAL_RCC_OscConfig
 202              		.syntax unified
 203              		.code	16
 204              		.thumb_func
 206              	HAL_RCC_OscConfig:
 207              	.LVL14:
 208              	.LFB311:
 294:Drivers/STM32G0xx_HAL_Driver/Src/stm32g0xx_hal_rcc.c **** 
 295:Drivers/STM32G0xx_HAL_Driver/Src/stm32g0xx_hal_rcc.c **** /**
 296:Drivers/STM32G0xx_HAL_Driver/Src/stm32g0xx_hal_rcc.c ****   * @brief  Initialize the RCC Oscillators according to the specified parameters in the
 297:Drivers/STM32G0xx_HAL_Driver/Src/stm32g0xx_hal_rcc.c ****   *         @ref RCC_OscInitTypeDef.
 298:Drivers/STM32G0xx_HAL_Driver/Src/stm32g0xx_hal_rcc.c ****   * @param  RCC_OscInitStruct pointer to a @ref RCC_OscInitTypeDef structure that
 299:Drivers/STM32G0xx_HAL_Driver/Src/stm32g0xx_hal_rcc.c ****   *         contains the configuration information for the RCC Oscillators.
 300:Drivers/STM32G0xx_HAL_Driver/Src/stm32g0xx_hal_rcc.c ****   * @note   The PLL is not disabled when used as system clock.
 301:Drivers/STM32G0xx_HAL_Driver/Src/stm32g0xx_hal_rcc.c ****   * @note   Transition HSE Bypass to HSE On and HSE On to HSE Bypass are not
 302:Drivers/STM32G0xx_HAL_Driver/Src/stm32g0xx_hal_rcc.c ****   *         supported by this function. User should request a transition to HSE Off
 303:Drivers/STM32G0xx_HAL_Driver/Src/stm32g0xx_hal_rcc.c ****   *         first and then to HSE On or HSE Bypass.
 304:Drivers/STM32G0xx_HAL_Driver/Src/stm32g0xx_hal_rcc.c ****   * @note   Transition LSE Bypass to LSE On and LSE On to LSE Bypass are not
 305:Drivers/STM32G0xx_HAL_Driver/Src/stm32g0xx_hal_rcc.c ****   *         supported by this function. User should request a transition to LSE Off
 306:Drivers/STM32G0xx_HAL_Driver/Src/stm32g0xx_hal_rcc.c ****   *         first and then to LSE On or LSE Bypass.
 307:Drivers/STM32G0xx_HAL_Driver/Src/stm32g0xx_hal_rcc.c ****   * @retval HAL status
 308:Drivers/STM32G0xx_HAL_Driver/Src/stm32g0xx_hal_rcc.c ****   */
 309:Drivers/STM32G0xx_HAL_Driver/Src/stm32g0xx_hal_rcc.c **** HAL_StatusTypeDef HAL_RCC_OscConfig(RCC_OscInitTypeDef  *RCC_OscInitStruct)
 310:Drivers/STM32G0xx_HAL_Driver/Src/stm32g0xx_hal_rcc.c **** {
 209              		.loc 1 310 1 is_stmt 1 view -0
 210              		.cfi_startproc
 211              		@ args = 0, pretend = 0, frame = 8
 212              		@ frame_needed = 0, uses_anonymous_args = 0
 213              		.loc 1 310 1 is_stmt 0 view .LVU59
 214 0000 70B5     		push	{r4, r5, r6, lr}
 215              		.cfi_def_cfa_offset 16
 216              		.cfi_offset 4, -16
 217              		.cfi_offset 5, -12
 218              		.cfi_offset 6, -8
 219              		.cfi_offset 14, -4
 220 0002 82B0     		sub	sp, sp, #8
 221              		.cfi_def_cfa_offset 24
ARM GAS  C:\Users\Asus\AppData\Local\Temp\ccaANind.s 			page 11


 222 0004 041E     		subs	r4, r0, #0
 311:Drivers/STM32G0xx_HAL_Driver/Src/stm32g0xx_hal_rcc.c ****   uint32_t tickstart;
 223              		.loc 1 311 3 is_stmt 1 view .LVU60
 312:Drivers/STM32G0xx_HAL_Driver/Src/stm32g0xx_hal_rcc.c ****   uint32_t temp_sysclksrc;
 224              		.loc 1 312 3 view .LVU61
 313:Drivers/STM32G0xx_HAL_Driver/Src/stm32g0xx_hal_rcc.c ****   uint32_t temp_pllckcfg;
 225              		.loc 1 313 3 view .LVU62
 314:Drivers/STM32G0xx_HAL_Driver/Src/stm32g0xx_hal_rcc.c **** 
 315:Drivers/STM32G0xx_HAL_Driver/Src/stm32g0xx_hal_rcc.c ****   /* Check Null pointer */
 316:Drivers/STM32G0xx_HAL_Driver/Src/stm32g0xx_hal_rcc.c ****   if (RCC_OscInitStruct == NULL)
 226              		.loc 1 316 3 view .LVU63
 227              		.loc 1 316 6 is_stmt 0 view .LVU64
 228 0006 00D1     		bne	.LCB180
 229 0008 29E2     		b	.L72	@long jump
 230              	.LCB180:
 317:Drivers/STM32G0xx_HAL_Driver/Src/stm32g0xx_hal_rcc.c ****   {
 318:Drivers/STM32G0xx_HAL_Driver/Src/stm32g0xx_hal_rcc.c ****     return HAL_ERROR;
 319:Drivers/STM32G0xx_HAL_Driver/Src/stm32g0xx_hal_rcc.c ****   }
 320:Drivers/STM32G0xx_HAL_Driver/Src/stm32g0xx_hal_rcc.c **** 
 321:Drivers/STM32G0xx_HAL_Driver/Src/stm32g0xx_hal_rcc.c ****   /* Check the parameters */
 322:Drivers/STM32G0xx_HAL_Driver/Src/stm32g0xx_hal_rcc.c ****   assert_param(IS_RCC_OSCILLATORTYPE(RCC_OscInitStruct->OscillatorType));
 231              		.loc 1 322 3 is_stmt 1 view .LVU65
 323:Drivers/STM32G0xx_HAL_Driver/Src/stm32g0xx_hal_rcc.c **** 
 324:Drivers/STM32G0xx_HAL_Driver/Src/stm32g0xx_hal_rcc.c ****   /*------------------------------- HSE Configuration ------------------------*/
 325:Drivers/STM32G0xx_HAL_Driver/Src/stm32g0xx_hal_rcc.c ****   if (((RCC_OscInitStruct->OscillatorType) & RCC_OSCILLATORTYPE_HSE) == RCC_OSCILLATORTYPE_HSE)
 232              		.loc 1 325 3 view .LVU66
 233              		.loc 1 325 26 is_stmt 0 view .LVU67
 234 000a 0368     		ldr	r3, [r0]
 235              		.loc 1 325 6 view .LVU68
 236 000c DB07     		lsls	r3, r3, #31
 237 000e 39D5     		bpl	.L19
 326:Drivers/STM32G0xx_HAL_Driver/Src/stm32g0xx_hal_rcc.c ****   {
 327:Drivers/STM32G0xx_HAL_Driver/Src/stm32g0xx_hal_rcc.c ****     /* Check the parameters */
 328:Drivers/STM32G0xx_HAL_Driver/Src/stm32g0xx_hal_rcc.c ****     assert_param(IS_RCC_HSE(RCC_OscInitStruct->HSEState));
 238              		.loc 1 328 5 is_stmt 1 view .LVU69
 329:Drivers/STM32G0xx_HAL_Driver/Src/stm32g0xx_hal_rcc.c **** 
 330:Drivers/STM32G0xx_HAL_Driver/Src/stm32g0xx_hal_rcc.c ****     temp_sysclksrc = __HAL_RCC_GET_SYSCLK_SOURCE();
 239              		.loc 1 330 5 view .LVU70
 240              		.loc 1 330 22 is_stmt 0 view .LVU71
 241 0010 C14A     		ldr	r2, .L125
 242 0012 9168     		ldr	r1, [r2, #8]
 243              		.loc 1 330 20 view .LVU72
 244 0014 3823     		movs	r3, #56
 245 0016 0B40     		ands	r3, r1
 246              	.LVL15:
 331:Drivers/STM32G0xx_HAL_Driver/Src/stm32g0xx_hal_rcc.c ****     temp_pllckcfg = __HAL_RCC_GET_PLL_OSCSOURCE();
 247              		.loc 1 331 5 is_stmt 1 view .LVU73
 248              		.loc 1 331 21 is_stmt 0 view .LVU74
 249 0018 D168     		ldr	r1, [r2, #12]
 250              		.loc 1 331 19 view .LVU75
 251 001a 0322     		movs	r2, #3
 252 001c 0A40     		ands	r2, r1
 253              	.LVL16:
 332:Drivers/STM32G0xx_HAL_Driver/Src/stm32g0xx_hal_rcc.c **** 
 333:Drivers/STM32G0xx_HAL_Driver/Src/stm32g0xx_hal_rcc.c ****     /* When the HSE is used as system clock or clock source for PLL in these cases it is not allowe
 334:Drivers/STM32G0xx_HAL_Driver/Src/stm32g0xx_hal_rcc.c ****     if (((temp_sysclksrc == RCC_SYSCLKSOURCE_STATUS_PLLCLK) && (temp_pllckcfg == RCC_PLLSOURCE_HSE)
 254              		.loc 1 334 5 is_stmt 1 view .LVU76
ARM GAS  C:\Users\Asus\AppData\Local\Temp\ccaANind.s 			page 12


 255              		.loc 1 334 8 is_stmt 0 view .LVU77
 256 001e 102B     		cmp	r3, #16
 257 0020 26D0     		beq	.L107
 258              	.L20:
 335:Drivers/STM32G0xx_HAL_Driver/Src/stm32g0xx_hal_rcc.c ****         || (temp_sysclksrc == RCC_SYSCLKSOURCE_STATUS_HSE))
 259              		.loc 1 335 9 view .LVU78
 260 0022 082B     		cmp	r3, #8
 261 0024 26D0     		beq	.L21
 336:Drivers/STM32G0xx_HAL_Driver/Src/stm32g0xx_hal_rcc.c ****     {
 337:Drivers/STM32G0xx_HAL_Driver/Src/stm32g0xx_hal_rcc.c ****       if ((READ_BIT(RCC->CR, RCC_CR_HSERDY) != 0U) && (RCC_OscInitStruct->HSEState == RCC_HSE_OFF))
 338:Drivers/STM32G0xx_HAL_Driver/Src/stm32g0xx_hal_rcc.c ****       {
 339:Drivers/STM32G0xx_HAL_Driver/Src/stm32g0xx_hal_rcc.c ****         return HAL_ERROR;
 340:Drivers/STM32G0xx_HAL_Driver/Src/stm32g0xx_hal_rcc.c ****       }
 341:Drivers/STM32G0xx_HAL_Driver/Src/stm32g0xx_hal_rcc.c ****     }
 342:Drivers/STM32G0xx_HAL_Driver/Src/stm32g0xx_hal_rcc.c ****     else
 343:Drivers/STM32G0xx_HAL_Driver/Src/stm32g0xx_hal_rcc.c ****     {
 344:Drivers/STM32G0xx_HAL_Driver/Src/stm32g0xx_hal_rcc.c ****       /* Set the new HSE configuration ---------------------------------------*/
 345:Drivers/STM32G0xx_HAL_Driver/Src/stm32g0xx_hal_rcc.c ****       __HAL_RCC_HSE_CONFIG(RCC_OscInitStruct->HSEState);
 262              		.loc 1 345 7 is_stmt 1 view .LVU79
 263              		.loc 1 345 7 view .LVU80
 264 0026 6368     		ldr	r3, [r4, #4]
 265              	.LVL17:
 266              		.loc 1 345 7 is_stmt 0 view .LVU81
 267 0028 8022     		movs	r2, #128
 268              	.LVL18:
 269              		.loc 1 345 7 view .LVU82
 270 002a 5202     		lsls	r2, r2, #9
 271 002c 9342     		cmp	r3, r2
 272 002e 7FD0     		beq	.L108
 273              		.loc 1 345 7 is_stmt 1 discriminator 2 view .LVU83
 274 0030 A022     		movs	r2, #160
 275 0032 D202     		lsls	r2, r2, #11
 276 0034 9342     		cmp	r3, r2
 277 0036 00D1     		bne	.LCB219
 278 0038 81E0     		b	.L109	@long jump
 279              	.LCB219:
 280              		.loc 1 345 7 discriminator 5 view .LVU84
 281 003a B74B     		ldr	r3, .L125
 282 003c 1A68     		ldr	r2, [r3]
 283 003e B749     		ldr	r1, .L125+4
 284              	.LVL19:
 285              		.loc 1 345 7 is_stmt 0 discriminator 5 view .LVU85
 286 0040 0A40     		ands	r2, r1
 287 0042 1A60     		str	r2, [r3]
 288              		.loc 1 345 7 is_stmt 1 discriminator 5 view .LVU86
 289 0044 1A68     		ldr	r2, [r3]
 290 0046 B649     		ldr	r1, .L125+8
 291 0048 0A40     		ands	r2, r1
 292 004a 1A60     		str	r2, [r3]
 293              	.L24:
 294              		.loc 1 345 7 discriminator 7 view .LVU87
 346:Drivers/STM32G0xx_HAL_Driver/Src/stm32g0xx_hal_rcc.c **** 
 347:Drivers/STM32G0xx_HAL_Driver/Src/stm32g0xx_hal_rcc.c ****       /* Check the HSE State */
 348:Drivers/STM32G0xx_HAL_Driver/Src/stm32g0xx_hal_rcc.c ****       if (RCC_OscInitStruct->HSEState != RCC_HSE_OFF)
 295              		.loc 1 348 7 discriminator 7 view .LVU88
 296              		.loc 1 348 28 is_stmt 0 discriminator 7 view .LVU89
 297 004c 6368     		ldr	r3, [r4, #4]
ARM GAS  C:\Users\Asus\AppData\Local\Temp\ccaANind.s 			page 13


 298              		.loc 1 348 10 discriminator 7 view .LVU90
 299 004e 002B     		cmp	r3, #0
 300 0050 00D1     		bne	.LCB238
 301 0052 80E0     		b	.L26	@long jump
 302              	.LCB238:
 349:Drivers/STM32G0xx_HAL_Driver/Src/stm32g0xx_hal_rcc.c ****       {
 350:Drivers/STM32G0xx_HAL_Driver/Src/stm32g0xx_hal_rcc.c ****         /* Get Start Tick*/
 351:Drivers/STM32G0xx_HAL_Driver/Src/stm32g0xx_hal_rcc.c ****         tickstart = HAL_GetTick();
 303              		.loc 1 351 9 is_stmt 1 view .LVU91
 304              		.loc 1 351 21 is_stmt 0 view .LVU92
 305 0054 FFF7FEFF 		bl	HAL_GetTick
 306              	.LVL20:
 307              		.loc 1 351 21 view .LVU93
 308 0058 0500     		movs	r5, r0
 309              	.LVL21:
 352:Drivers/STM32G0xx_HAL_Driver/Src/stm32g0xx_hal_rcc.c **** 
 353:Drivers/STM32G0xx_HAL_Driver/Src/stm32g0xx_hal_rcc.c ****         /* Wait till HSE is ready */
 354:Drivers/STM32G0xx_HAL_Driver/Src/stm32g0xx_hal_rcc.c ****         while (READ_BIT(RCC->CR, RCC_CR_HSERDY) == 0U)
 310              		.loc 1 354 9 is_stmt 1 view .LVU94
 311              	.L27:
 312              		.loc 1 354 49 view .LVU95
 313              		.loc 1 354 16 is_stmt 0 view .LVU96
 314 005a AF4B     		ldr	r3, .L125
 315 005c 1B68     		ldr	r3, [r3]
 316              		.loc 1 354 49 view .LVU97
 317 005e 9B03     		lsls	r3, r3, #14
 318 0060 10D4     		bmi	.L19
 355:Drivers/STM32G0xx_HAL_Driver/Src/stm32g0xx_hal_rcc.c ****         {
 356:Drivers/STM32G0xx_HAL_Driver/Src/stm32g0xx_hal_rcc.c ****           if ((HAL_GetTick() - tickstart) > HSE_TIMEOUT_VALUE)
 319              		.loc 1 356 11 is_stmt 1 view .LVU98
 320              		.loc 1 356 16 is_stmt 0 view .LVU99
 321 0062 FFF7FEFF 		bl	HAL_GetTick
 322              	.LVL22:
 323              		.loc 1 356 30 view .LVU100
 324 0066 401B     		subs	r0, r0, r5
 325              		.loc 1 356 14 view .LVU101
 326 0068 6428     		cmp	r0, #100
 327 006a F6D9     		bls	.L27
 357:Drivers/STM32G0xx_HAL_Driver/Src/stm32g0xx_hal_rcc.c ****           {
 358:Drivers/STM32G0xx_HAL_Driver/Src/stm32g0xx_hal_rcc.c ****             return HAL_TIMEOUT;
 328              		.loc 1 358 20 view .LVU102
 329 006c 0320     		movs	r0, #3
 330              		.loc 1 358 20 view .LVU103
 331 006e F7E1     		b	.L18
 332              	.LVL23:
 333              	.L107:
 334:Drivers/STM32G0xx_HAL_Driver/Src/stm32g0xx_hal_rcc.c ****         || (temp_sysclksrc == RCC_SYSCLKSOURCE_STATUS_HSE))
 334              		.loc 1 334 61 discriminator 1 view .LVU104
 335 0070 032A     		cmp	r2, #3
 336 0072 D6D1     		bne	.L20
 337              	.L21:
 337:Drivers/STM32G0xx_HAL_Driver/Src/stm32g0xx_hal_rcc.c ****       {
 338              		.loc 1 337 7 is_stmt 1 view .LVU105
 337:Drivers/STM32G0xx_HAL_Driver/Src/stm32g0xx_hal_rcc.c ****       {
 339              		.loc 1 337 12 is_stmt 0 view .LVU106
 340 0074 A84B     		ldr	r3, .L125
 341              	.LVL24:
ARM GAS  C:\Users\Asus\AppData\Local\Temp\ccaANind.s 			page 14


 337:Drivers/STM32G0xx_HAL_Driver/Src/stm32g0xx_hal_rcc.c ****       {
 342              		.loc 1 337 12 view .LVU107
 343 0076 1B68     		ldr	r3, [r3]
 337:Drivers/STM32G0xx_HAL_Driver/Src/stm32g0xx_hal_rcc.c ****       {
 344              		.loc 1 337 10 view .LVU108
 345 0078 9B03     		lsls	r3, r3, #14
 346 007a 03D5     		bpl	.L19
 337:Drivers/STM32G0xx_HAL_Driver/Src/stm32g0xx_hal_rcc.c ****       {
 347              		.loc 1 337 73 discriminator 1 view .LVU109
 348 007c 6368     		ldr	r3, [r4, #4]
 337:Drivers/STM32G0xx_HAL_Driver/Src/stm32g0xx_hal_rcc.c ****       {
 349              		.loc 1 337 52 discriminator 1 view .LVU110
 350 007e 002B     		cmp	r3, #0
 351 0080 00D1     		bne	.LCB284
 352 0082 EFE1     		b	.L110	@long jump
 353              	.LCB284:
 354              	.LVL25:
 355              	.L19:
 359:Drivers/STM32G0xx_HAL_Driver/Src/stm32g0xx_hal_rcc.c ****           }
 360:Drivers/STM32G0xx_HAL_Driver/Src/stm32g0xx_hal_rcc.c ****         }
 361:Drivers/STM32G0xx_HAL_Driver/Src/stm32g0xx_hal_rcc.c ****       }
 362:Drivers/STM32G0xx_HAL_Driver/Src/stm32g0xx_hal_rcc.c ****       else
 363:Drivers/STM32G0xx_HAL_Driver/Src/stm32g0xx_hal_rcc.c ****       {
 364:Drivers/STM32G0xx_HAL_Driver/Src/stm32g0xx_hal_rcc.c ****         /* Get Start Tick*/
 365:Drivers/STM32G0xx_HAL_Driver/Src/stm32g0xx_hal_rcc.c ****         tickstart = HAL_GetTick();
 366:Drivers/STM32G0xx_HAL_Driver/Src/stm32g0xx_hal_rcc.c **** 
 367:Drivers/STM32G0xx_HAL_Driver/Src/stm32g0xx_hal_rcc.c ****         /* Wait till HSE is disabled */
 368:Drivers/STM32G0xx_HAL_Driver/Src/stm32g0xx_hal_rcc.c ****         while (READ_BIT(RCC->CR, RCC_CR_HSERDY) != 0U)
 369:Drivers/STM32G0xx_HAL_Driver/Src/stm32g0xx_hal_rcc.c ****         {
 370:Drivers/STM32G0xx_HAL_Driver/Src/stm32g0xx_hal_rcc.c ****           if ((HAL_GetTick() - tickstart) > HSE_TIMEOUT_VALUE)
 371:Drivers/STM32G0xx_HAL_Driver/Src/stm32g0xx_hal_rcc.c ****           {
 372:Drivers/STM32G0xx_HAL_Driver/Src/stm32g0xx_hal_rcc.c ****             return HAL_TIMEOUT;
 373:Drivers/STM32G0xx_HAL_Driver/Src/stm32g0xx_hal_rcc.c ****           }
 374:Drivers/STM32G0xx_HAL_Driver/Src/stm32g0xx_hal_rcc.c ****         }
 375:Drivers/STM32G0xx_HAL_Driver/Src/stm32g0xx_hal_rcc.c ****       }
 376:Drivers/STM32G0xx_HAL_Driver/Src/stm32g0xx_hal_rcc.c ****     }
 377:Drivers/STM32G0xx_HAL_Driver/Src/stm32g0xx_hal_rcc.c ****   }
 378:Drivers/STM32G0xx_HAL_Driver/Src/stm32g0xx_hal_rcc.c ****   /*----------------------------- HSI Configuration --------------------------*/
 379:Drivers/STM32G0xx_HAL_Driver/Src/stm32g0xx_hal_rcc.c ****   if (((RCC_OscInitStruct->OscillatorType) & RCC_OSCILLATORTYPE_HSI) == RCC_OSCILLATORTYPE_HSI)
 356              		.loc 1 379 3 is_stmt 1 view .LVU111
 357              		.loc 1 379 26 is_stmt 0 view .LVU112
 358 0084 2368     		ldr	r3, [r4]
 359              		.loc 1 379 6 view .LVU113
 360 0086 9B07     		lsls	r3, r3, #30
 361 0088 31D5     		bpl	.L31
 380:Drivers/STM32G0xx_HAL_Driver/Src/stm32g0xx_hal_rcc.c ****   {
 381:Drivers/STM32G0xx_HAL_Driver/Src/stm32g0xx_hal_rcc.c ****     /* Check the parameters */
 382:Drivers/STM32G0xx_HAL_Driver/Src/stm32g0xx_hal_rcc.c ****     assert_param(IS_RCC_HSI(RCC_OscInitStruct->HSIState));
 362              		.loc 1 382 5 is_stmt 1 view .LVU114
 383:Drivers/STM32G0xx_HAL_Driver/Src/stm32g0xx_hal_rcc.c ****     assert_param(IS_RCC_HSI_CALIBRATION_VALUE(RCC_OscInitStruct->HSICalibrationValue));
 363              		.loc 1 383 5 view .LVU115
 384:Drivers/STM32G0xx_HAL_Driver/Src/stm32g0xx_hal_rcc.c ****     assert_param(IS_RCC_HSIDIV(RCC_OscInitStruct->HSIDiv));
 364              		.loc 1 384 5 view .LVU116
 385:Drivers/STM32G0xx_HAL_Driver/Src/stm32g0xx_hal_rcc.c **** 
 386:Drivers/STM32G0xx_HAL_Driver/Src/stm32g0xx_hal_rcc.c ****     /* Check if HSI16 is used as system clock or as PLL source when PLL is selected as system clock
 387:Drivers/STM32G0xx_HAL_Driver/Src/stm32g0xx_hal_rcc.c ****     temp_sysclksrc = __HAL_RCC_GET_SYSCLK_SOURCE();
 365              		.loc 1 387 5 view .LVU117
ARM GAS  C:\Users\Asus\AppData\Local\Temp\ccaANind.s 			page 15


 366              		.loc 1 387 22 is_stmt 0 view .LVU118
 367 008a A34A     		ldr	r2, .L125
 368 008c 9168     		ldr	r1, [r2, #8]
 369              		.loc 1 387 20 view .LVU119
 370 008e 3823     		movs	r3, #56
 371 0090 0B40     		ands	r3, r1
 372              	.LVL26:
 388:Drivers/STM32G0xx_HAL_Driver/Src/stm32g0xx_hal_rcc.c ****     temp_pllckcfg = __HAL_RCC_GET_PLL_OSCSOURCE();
 373              		.loc 1 388 5 is_stmt 1 view .LVU120
 374              		.loc 1 388 21 is_stmt 0 view .LVU121
 375 0092 D168     		ldr	r1, [r2, #12]
 376              		.loc 1 388 19 view .LVU122
 377 0094 0322     		movs	r2, #3
 378 0096 0A40     		ands	r2, r1
 379              	.LVL27:
 389:Drivers/STM32G0xx_HAL_Driver/Src/stm32g0xx_hal_rcc.c ****     if (((temp_sysclksrc == RCC_SYSCLKSOURCE_STATUS_PLLCLK) && (temp_pllckcfg == RCC_PLLSOURCE_HSI)
 380              		.loc 1 389 5 is_stmt 1 view .LVU123
 381              		.loc 1 389 8 is_stmt 0 view .LVU124
 382 0098 102B     		cmp	r3, #16
 383 009a 6AD0     		beq	.L111
 384              	.L32:
 390:Drivers/STM32G0xx_HAL_Driver/Src/stm32g0xx_hal_rcc.c ****         || (temp_sysclksrc == RCC_SYSCLKSOURCE_STATUS_HSI))
 385              		.loc 1 390 9 view .LVU125
 386 009c 002B     		cmp	r3, #0
 387 009e 6BD1     		bne	.L34
 388              	.L33:
 391:Drivers/STM32G0xx_HAL_Driver/Src/stm32g0xx_hal_rcc.c ****     {
 392:Drivers/STM32G0xx_HAL_Driver/Src/stm32g0xx_hal_rcc.c ****       /* When HSI is used as system clock or as PLL input clock it can not be disabled */
 393:Drivers/STM32G0xx_HAL_Driver/Src/stm32g0xx_hal_rcc.c ****       if ((READ_BIT(RCC->CR, RCC_CR_HSIRDY) != 0U) && (RCC_OscInitStruct->HSIState == RCC_HSI_OFF))
 389              		.loc 1 393 7 is_stmt 1 view .LVU126
 390              		.loc 1 393 12 is_stmt 0 view .LVU127
 391 00a0 9D4A     		ldr	r2, .L125
 392              	.LVL28:
 393              		.loc 1 393 12 view .LVU128
 394 00a2 1268     		ldr	r2, [r2]
 395              		.loc 1 393 10 view .LVU129
 396 00a4 5205     		lsls	r2, r2, #21
 397 00a6 03D5     		bpl	.L35
 398              		.loc 1 393 73 discriminator 1 view .LVU130
 399 00a8 E268     		ldr	r2, [r4, #12]
 400              		.loc 1 393 52 discriminator 1 view .LVU131
 401 00aa 002A     		cmp	r2, #0
 402 00ac 00D1     		bne	.LCB326
 403 00ae DBE1     		b	.L76	@long jump
 404              	.LCB326:
 405              	.L35:
 394:Drivers/STM32G0xx_HAL_Driver/Src/stm32g0xx_hal_rcc.c ****       {
 395:Drivers/STM32G0xx_HAL_Driver/Src/stm32g0xx_hal_rcc.c ****         return HAL_ERROR;
 396:Drivers/STM32G0xx_HAL_Driver/Src/stm32g0xx_hal_rcc.c ****       }
 397:Drivers/STM32G0xx_HAL_Driver/Src/stm32g0xx_hal_rcc.c ****       /* Otherwise, just the calibration is allowed */
 398:Drivers/STM32G0xx_HAL_Driver/Src/stm32g0xx_hal_rcc.c ****       else
 399:Drivers/STM32G0xx_HAL_Driver/Src/stm32g0xx_hal_rcc.c ****       {
 400:Drivers/STM32G0xx_HAL_Driver/Src/stm32g0xx_hal_rcc.c ****         /* Adjusts the Internal High Speed oscillator (HSI) calibration value.*/
 401:Drivers/STM32G0xx_HAL_Driver/Src/stm32g0xx_hal_rcc.c ****         __HAL_RCC_HSI_CALIBRATIONVALUE_ADJUST(RCC_OscInitStruct->HSICalibrationValue);
 406              		.loc 1 401 9 is_stmt 1 view .LVU132
 407 00b0 9948     		ldr	r0, .L125
 408 00b2 4268     		ldr	r2, [r0, #4]
ARM GAS  C:\Users\Asus\AppData\Local\Temp\ccaANind.s 			page 16


 409 00b4 9B49     		ldr	r1, .L125+12
 410              	.LVL29:
 411              		.loc 1 401 9 is_stmt 0 view .LVU133
 412 00b6 0A40     		ands	r2, r1
 413 00b8 6169     		ldr	r1, [r4, #20]
 414 00ba 0902     		lsls	r1, r1, #8
 415 00bc 0A43     		orrs	r2, r1
 416 00be 4260     		str	r2, [r0, #4]
 402:Drivers/STM32G0xx_HAL_Driver/Src/stm32g0xx_hal_rcc.c **** 
 403:Drivers/STM32G0xx_HAL_Driver/Src/stm32g0xx_hal_rcc.c ****         if (temp_sysclksrc == RCC_SYSCLKSOURCE_STATUS_HSI)
 417              		.loc 1 403 9 is_stmt 1 view .LVU134
 418              		.loc 1 403 12 is_stmt 0 view .LVU135
 419 00c0 002B     		cmp	r3, #0
 420 00c2 0DD1     		bne	.L36
 404:Drivers/STM32G0xx_HAL_Driver/Src/stm32g0xx_hal_rcc.c ****         {
 405:Drivers/STM32G0xx_HAL_Driver/Src/stm32g0xx_hal_rcc.c ****           /* Adjust the HSI16 division factor */
 406:Drivers/STM32G0xx_HAL_Driver/Src/stm32g0xx_hal_rcc.c ****           __HAL_RCC_HSI_CONFIG(RCC_OscInitStruct->HSIDiv);
 421              		.loc 1 406 11 is_stmt 1 view .LVU136
 422 00c4 0368     		ldr	r3, [r0]
 423              	.LVL30:
 424              		.loc 1 406 11 is_stmt 0 view .LVU137
 425 00c6 9849     		ldr	r1, .L125+16
 426 00c8 0B40     		ands	r3, r1
 427 00ca 2169     		ldr	r1, [r4, #16]
 428 00cc 0B43     		orrs	r3, r1
 429 00ce 0360     		str	r3, [r0]
 407:Drivers/STM32G0xx_HAL_Driver/Src/stm32g0xx_hal_rcc.c **** 
 408:Drivers/STM32G0xx_HAL_Driver/Src/stm32g0xx_hal_rcc.c ****           /* Update the SystemCoreClock global variable with HSISYS value  */
 409:Drivers/STM32G0xx_HAL_Driver/Src/stm32g0xx_hal_rcc.c ****           SystemCoreClock = (HSI_VALUE / (1UL << ((READ_BIT(RCC->CR, RCC_CR_HSIDIV)) >> RCC_CR_HSID
 430              		.loc 1 409 11 is_stmt 1 view .LVU138
 431              		.loc 1 409 52 is_stmt 0 view .LVU139
 432 00d0 0368     		ldr	r3, [r0]
 433              		.loc 1 409 86 view .LVU140
 434 00d2 DB0A     		lsrs	r3, r3, #11
 435 00d4 0722     		movs	r2, #7
 436 00d6 1A40     		ands	r2, r3
 437              		.loc 1 409 40 view .LVU141
 438 00d8 944B     		ldr	r3, .L125+20
 439 00da D340     		lsrs	r3, r3, r2
 440              		.loc 1 409 27 view .LVU142
 441 00dc 944A     		ldr	r2, .L125+24
 442 00de 1360     		str	r3, [r2]
 443              	.L36:
 410:Drivers/STM32G0xx_HAL_Driver/Src/stm32g0xx_hal_rcc.c ****         }
 411:Drivers/STM32G0xx_HAL_Driver/Src/stm32g0xx_hal_rcc.c **** 
 412:Drivers/STM32G0xx_HAL_Driver/Src/stm32g0xx_hal_rcc.c ****         /* Adapt Systick interrupt period */
 413:Drivers/STM32G0xx_HAL_Driver/Src/stm32g0xx_hal_rcc.c ****         if (HAL_InitTick(uwTickPrio) != HAL_OK)
 444              		.loc 1 413 9 is_stmt 1 view .LVU143
 445              		.loc 1 413 13 is_stmt 0 view .LVU144
 446 00e0 944B     		ldr	r3, .L125+28
 447 00e2 1868     		ldr	r0, [r3]
 448 00e4 FFF7FEFF 		bl	HAL_InitTick
 449              	.LVL31:
 450              		.loc 1 413 12 view .LVU145
 451 00e8 0028     		cmp	r0, #0
 452 00ea 00D0     		beq	.LCB367
 453 00ec BEE1     		b	.L112	@long jump
ARM GAS  C:\Users\Asus\AppData\Local\Temp\ccaANind.s 			page 17


 454              	.LCB367:
 455              	.LVL32:
 456              	.L31:
 414:Drivers/STM32G0xx_HAL_Driver/Src/stm32g0xx_hal_rcc.c ****         {
 415:Drivers/STM32G0xx_HAL_Driver/Src/stm32g0xx_hal_rcc.c ****           return HAL_ERROR;
 416:Drivers/STM32G0xx_HAL_Driver/Src/stm32g0xx_hal_rcc.c ****         }
 417:Drivers/STM32G0xx_HAL_Driver/Src/stm32g0xx_hal_rcc.c ****       }
 418:Drivers/STM32G0xx_HAL_Driver/Src/stm32g0xx_hal_rcc.c ****     }
 419:Drivers/STM32G0xx_HAL_Driver/Src/stm32g0xx_hal_rcc.c ****     else
 420:Drivers/STM32G0xx_HAL_Driver/Src/stm32g0xx_hal_rcc.c ****     {
 421:Drivers/STM32G0xx_HAL_Driver/Src/stm32g0xx_hal_rcc.c ****       /* Check the HSI State */
 422:Drivers/STM32G0xx_HAL_Driver/Src/stm32g0xx_hal_rcc.c ****       if (RCC_OscInitStruct->HSIState != RCC_HSI_OFF)
 423:Drivers/STM32G0xx_HAL_Driver/Src/stm32g0xx_hal_rcc.c ****       {
 424:Drivers/STM32G0xx_HAL_Driver/Src/stm32g0xx_hal_rcc.c ****         /* Configure the HSI16 division factor */
 425:Drivers/STM32G0xx_HAL_Driver/Src/stm32g0xx_hal_rcc.c ****         __HAL_RCC_HSI_CONFIG(RCC_OscInitStruct->HSIDiv);
 426:Drivers/STM32G0xx_HAL_Driver/Src/stm32g0xx_hal_rcc.c **** 
 427:Drivers/STM32G0xx_HAL_Driver/Src/stm32g0xx_hal_rcc.c ****         /* Enable the Internal High Speed oscillator (HSI16). */
 428:Drivers/STM32G0xx_HAL_Driver/Src/stm32g0xx_hal_rcc.c ****         __HAL_RCC_HSI_ENABLE();
 429:Drivers/STM32G0xx_HAL_Driver/Src/stm32g0xx_hal_rcc.c **** 
 430:Drivers/STM32G0xx_HAL_Driver/Src/stm32g0xx_hal_rcc.c ****         /* Get Start Tick*/
 431:Drivers/STM32G0xx_HAL_Driver/Src/stm32g0xx_hal_rcc.c ****         tickstart = HAL_GetTick();
 432:Drivers/STM32G0xx_HAL_Driver/Src/stm32g0xx_hal_rcc.c **** 
 433:Drivers/STM32G0xx_HAL_Driver/Src/stm32g0xx_hal_rcc.c ****         /* Wait till HSI is ready */
 434:Drivers/STM32G0xx_HAL_Driver/Src/stm32g0xx_hal_rcc.c ****         while (READ_BIT(RCC->CR, RCC_CR_HSIRDY) == 0U)
 435:Drivers/STM32G0xx_HAL_Driver/Src/stm32g0xx_hal_rcc.c ****         {
 436:Drivers/STM32G0xx_HAL_Driver/Src/stm32g0xx_hal_rcc.c ****           if ((HAL_GetTick() - tickstart) > HSI_TIMEOUT_VALUE)
 437:Drivers/STM32G0xx_HAL_Driver/Src/stm32g0xx_hal_rcc.c ****           {
 438:Drivers/STM32G0xx_HAL_Driver/Src/stm32g0xx_hal_rcc.c ****             return HAL_TIMEOUT;
 439:Drivers/STM32G0xx_HAL_Driver/Src/stm32g0xx_hal_rcc.c ****           }
 440:Drivers/STM32G0xx_HAL_Driver/Src/stm32g0xx_hal_rcc.c ****         }
 441:Drivers/STM32G0xx_HAL_Driver/Src/stm32g0xx_hal_rcc.c **** 
 442:Drivers/STM32G0xx_HAL_Driver/Src/stm32g0xx_hal_rcc.c ****         /* Adjusts the Internal High Speed oscillator (HSI) calibration value.*/
 443:Drivers/STM32G0xx_HAL_Driver/Src/stm32g0xx_hal_rcc.c ****         __HAL_RCC_HSI_CALIBRATIONVALUE_ADJUST(RCC_OscInitStruct->HSICalibrationValue);
 444:Drivers/STM32G0xx_HAL_Driver/Src/stm32g0xx_hal_rcc.c ****       }
 445:Drivers/STM32G0xx_HAL_Driver/Src/stm32g0xx_hal_rcc.c ****       else
 446:Drivers/STM32G0xx_HAL_Driver/Src/stm32g0xx_hal_rcc.c ****       {
 447:Drivers/STM32G0xx_HAL_Driver/Src/stm32g0xx_hal_rcc.c ****         /* Disable the Internal High Speed oscillator (HSI16). */
 448:Drivers/STM32G0xx_HAL_Driver/Src/stm32g0xx_hal_rcc.c ****         __HAL_RCC_HSI_DISABLE();
 449:Drivers/STM32G0xx_HAL_Driver/Src/stm32g0xx_hal_rcc.c **** 
 450:Drivers/STM32G0xx_HAL_Driver/Src/stm32g0xx_hal_rcc.c ****         /* Get Start Tick*/
 451:Drivers/STM32G0xx_HAL_Driver/Src/stm32g0xx_hal_rcc.c ****         tickstart = HAL_GetTick();
 452:Drivers/STM32G0xx_HAL_Driver/Src/stm32g0xx_hal_rcc.c **** 
 453:Drivers/STM32G0xx_HAL_Driver/Src/stm32g0xx_hal_rcc.c ****         /* Wait till HSI is disabled */
 454:Drivers/STM32G0xx_HAL_Driver/Src/stm32g0xx_hal_rcc.c ****         while (READ_BIT(RCC->CR, RCC_CR_HSIRDY) != 0U)
 455:Drivers/STM32G0xx_HAL_Driver/Src/stm32g0xx_hal_rcc.c ****         {
 456:Drivers/STM32G0xx_HAL_Driver/Src/stm32g0xx_hal_rcc.c ****           if ((HAL_GetTick() - tickstart) > HSI_TIMEOUT_VALUE)
 457:Drivers/STM32G0xx_HAL_Driver/Src/stm32g0xx_hal_rcc.c ****           {
 458:Drivers/STM32G0xx_HAL_Driver/Src/stm32g0xx_hal_rcc.c ****             return HAL_TIMEOUT;
 459:Drivers/STM32G0xx_HAL_Driver/Src/stm32g0xx_hal_rcc.c ****           }
 460:Drivers/STM32G0xx_HAL_Driver/Src/stm32g0xx_hal_rcc.c ****         }
 461:Drivers/STM32G0xx_HAL_Driver/Src/stm32g0xx_hal_rcc.c ****       }
 462:Drivers/STM32G0xx_HAL_Driver/Src/stm32g0xx_hal_rcc.c ****     }
 463:Drivers/STM32G0xx_HAL_Driver/Src/stm32g0xx_hal_rcc.c ****   }
 464:Drivers/STM32G0xx_HAL_Driver/Src/stm32g0xx_hal_rcc.c ****   /*------------------------------ LSI Configuration -------------------------*/
 465:Drivers/STM32G0xx_HAL_Driver/Src/stm32g0xx_hal_rcc.c ****   if (((RCC_OscInitStruct->OscillatorType) & RCC_OSCILLATORTYPE_LSI) == RCC_OSCILLATORTYPE_LSI)
 457              		.loc 1 465 3 is_stmt 1 view .LVU146
 458              		.loc 1 465 26 is_stmt 0 view .LVU147
ARM GAS  C:\Users\Asus\AppData\Local\Temp\ccaANind.s 			page 18


 459 00ee 2368     		ldr	r3, [r4]
 460              		.loc 1 465 6 view .LVU148
 461 00f0 1B07     		lsls	r3, r3, #28
 462 00f2 00D4     		bmi	.LCB377
 463 00f4 81E0     		b	.L42	@long jump
 464              	.LCB377:
 466:Drivers/STM32G0xx_HAL_Driver/Src/stm32g0xx_hal_rcc.c ****   {
 467:Drivers/STM32G0xx_HAL_Driver/Src/stm32g0xx_hal_rcc.c ****     /* Check the parameters */
 468:Drivers/STM32G0xx_HAL_Driver/Src/stm32g0xx_hal_rcc.c ****     assert_param(IS_RCC_LSI(RCC_OscInitStruct->LSIState));
 465              		.loc 1 468 5 is_stmt 1 view .LVU149
 469:Drivers/STM32G0xx_HAL_Driver/Src/stm32g0xx_hal_rcc.c **** 
 470:Drivers/STM32G0xx_HAL_Driver/Src/stm32g0xx_hal_rcc.c ****     /* Check if LSI is used as system clock */
 471:Drivers/STM32G0xx_HAL_Driver/Src/stm32g0xx_hal_rcc.c ****     if (__HAL_RCC_GET_SYSCLK_SOURCE() == RCC_SYSCLKSOURCE_STATUS_LSI)
 466              		.loc 1 471 5 view .LVU150
 467              		.loc 1 471 9 is_stmt 0 view .LVU151
 468 00f6 884B     		ldr	r3, .L125
 469 00f8 9A68     		ldr	r2, [r3, #8]
 470 00fa 3823     		movs	r3, #56
 471 00fc 1340     		ands	r3, r2
 472              		.loc 1 471 8 view .LVU152
 473 00fe 182B     		cmp	r3, #24
 474 0100 73D0     		beq	.L113
 472:Drivers/STM32G0xx_HAL_Driver/Src/stm32g0xx_hal_rcc.c ****     {
 473:Drivers/STM32G0xx_HAL_Driver/Src/stm32g0xx_hal_rcc.c ****       /* When LSI is used as system clock it will not be disabled */
 474:Drivers/STM32G0xx_HAL_Driver/Src/stm32g0xx_hal_rcc.c ****       if ((((RCC->CSR) & RCC_CSR_LSIRDY) != 0U) && (RCC_OscInitStruct->LSIState == RCC_LSI_OFF))
 475:Drivers/STM32G0xx_HAL_Driver/Src/stm32g0xx_hal_rcc.c ****       {
 476:Drivers/STM32G0xx_HAL_Driver/Src/stm32g0xx_hal_rcc.c ****         return HAL_ERROR;
 477:Drivers/STM32G0xx_HAL_Driver/Src/stm32g0xx_hal_rcc.c ****       }
 478:Drivers/STM32G0xx_HAL_Driver/Src/stm32g0xx_hal_rcc.c ****     }
 479:Drivers/STM32G0xx_HAL_Driver/Src/stm32g0xx_hal_rcc.c ****     else
 480:Drivers/STM32G0xx_HAL_Driver/Src/stm32g0xx_hal_rcc.c ****     {
 481:Drivers/STM32G0xx_HAL_Driver/Src/stm32g0xx_hal_rcc.c ****       /* Check the LSI State */
 482:Drivers/STM32G0xx_HAL_Driver/Src/stm32g0xx_hal_rcc.c ****       if (RCC_OscInitStruct->LSIState != RCC_LSI_OFF)
 475              		.loc 1 482 7 is_stmt 1 view .LVU153
 476              		.loc 1 482 28 is_stmt 0 view .LVU154
 477 0102 A369     		ldr	r3, [r4, #24]
 478              		.loc 1 482 10 view .LVU155
 479 0104 002B     		cmp	r3, #0
 480 0106 00D1     		bne	.LCB389
 481 0108 B4E0     		b	.L44	@long jump
 482              	.LCB389:
 483:Drivers/STM32G0xx_HAL_Driver/Src/stm32g0xx_hal_rcc.c ****       {
 484:Drivers/STM32G0xx_HAL_Driver/Src/stm32g0xx_hal_rcc.c ****         /* Enable the Internal Low Speed oscillator (LSI). */
 485:Drivers/STM32G0xx_HAL_Driver/Src/stm32g0xx_hal_rcc.c ****         __HAL_RCC_LSI_ENABLE();
 483              		.loc 1 485 9 is_stmt 1 view .LVU156
 484 010a 834A     		ldr	r2, .L125
 485 010c 136E     		ldr	r3, [r2, #96]
 486 010e 0121     		movs	r1, #1
 487 0110 0B43     		orrs	r3, r1
 488 0112 1366     		str	r3, [r2, #96]
 486:Drivers/STM32G0xx_HAL_Driver/Src/stm32g0xx_hal_rcc.c **** 
 487:Drivers/STM32G0xx_HAL_Driver/Src/stm32g0xx_hal_rcc.c ****         /* Get Start Tick*/
 488:Drivers/STM32G0xx_HAL_Driver/Src/stm32g0xx_hal_rcc.c ****         tickstart = HAL_GetTick();
 489              		.loc 1 488 9 view .LVU157
 490              		.loc 1 488 21 is_stmt 0 view .LVU158
 491 0114 FFF7FEFF 		bl	HAL_GetTick
 492              	.LVL33:
ARM GAS  C:\Users\Asus\AppData\Local\Temp\ccaANind.s 			page 19


 493 0118 0500     		movs	r5, r0
 494              	.LVL34:
 489:Drivers/STM32G0xx_HAL_Driver/Src/stm32g0xx_hal_rcc.c **** 
 490:Drivers/STM32G0xx_HAL_Driver/Src/stm32g0xx_hal_rcc.c ****         /* Wait till LSI is ready */
 491:Drivers/STM32G0xx_HAL_Driver/Src/stm32g0xx_hal_rcc.c ****         while (READ_BIT(RCC->CSR, RCC_CSR_LSIRDY) == 0U)
 495              		.loc 1 491 9 is_stmt 1 view .LVU159
 496              	.L45:
 497              		.loc 1 491 51 view .LVU160
 498              		.loc 1 491 16 is_stmt 0 view .LVU161
 499 011a 7F4B     		ldr	r3, .L125
 500 011c 1B6E     		ldr	r3, [r3, #96]
 501              		.loc 1 491 51 view .LVU162
 502 011e 9B07     		lsls	r3, r3, #30
 503 0120 6BD4     		bmi	.L42
 492:Drivers/STM32G0xx_HAL_Driver/Src/stm32g0xx_hal_rcc.c ****         {
 493:Drivers/STM32G0xx_HAL_Driver/Src/stm32g0xx_hal_rcc.c ****           if ((HAL_GetTick() - tickstart) > LSI_TIMEOUT_VALUE)
 504              		.loc 1 493 11 is_stmt 1 view .LVU163
 505              		.loc 1 493 16 is_stmt 0 view .LVU164
 506 0122 FFF7FEFF 		bl	HAL_GetTick
 507              	.LVL35:
 508              		.loc 1 493 30 view .LVU165
 509 0126 401B     		subs	r0, r0, r5
 510              		.loc 1 493 14 view .LVU166
 511 0128 0228     		cmp	r0, #2
 512 012a F6D9     		bls	.L45
 494:Drivers/STM32G0xx_HAL_Driver/Src/stm32g0xx_hal_rcc.c ****           {
 495:Drivers/STM32G0xx_HAL_Driver/Src/stm32g0xx_hal_rcc.c ****             return HAL_TIMEOUT;
 513              		.loc 1 495 20 view .LVU167
 514 012c 0320     		movs	r0, #3
 515 012e 97E1     		b	.L18
 516              	.LVL36:
 517              	.L108:
 345:Drivers/STM32G0xx_HAL_Driver/Src/stm32g0xx_hal_rcc.c **** 
 518              		.loc 1 345 7 is_stmt 1 discriminator 1 view .LVU168
 519 0130 794A     		ldr	r2, .L125
 520 0132 1168     		ldr	r1, [r2]
 521              	.LVL37:
 345:Drivers/STM32G0xx_HAL_Driver/Src/stm32g0xx_hal_rcc.c **** 
 522              		.loc 1 345 7 is_stmt 0 discriminator 1 view .LVU169
 523 0134 8023     		movs	r3, #128
 524 0136 5B02     		lsls	r3, r3, #9
 525 0138 0B43     		orrs	r3, r1
 526 013a 1360     		str	r3, [r2]
 527 013c 86E7     		b	.L24
 528              	.LVL38:
 529              	.L109:
 345:Drivers/STM32G0xx_HAL_Driver/Src/stm32g0xx_hal_rcc.c **** 
 530              		.loc 1 345 7 is_stmt 1 discriminator 4 view .LVU170
 531 013e 764B     		ldr	r3, .L125
 532 0140 1968     		ldr	r1, [r3]
 533              	.LVL39:
 345:Drivers/STM32G0xx_HAL_Driver/Src/stm32g0xx_hal_rcc.c **** 
 534              		.loc 1 345 7 is_stmt 0 discriminator 4 view .LVU171
 535 0142 8022     		movs	r2, #128
 536 0144 D202     		lsls	r2, r2, #11
 537 0146 0A43     		orrs	r2, r1
 538 0148 1A60     		str	r2, [r3]
ARM GAS  C:\Users\Asus\AppData\Local\Temp\ccaANind.s 			page 20


 345:Drivers/STM32G0xx_HAL_Driver/Src/stm32g0xx_hal_rcc.c **** 
 539              		.loc 1 345 7 is_stmt 1 discriminator 4 view .LVU172
 540 014a 1968     		ldr	r1, [r3]
 541 014c 8022     		movs	r2, #128
 542 014e 5202     		lsls	r2, r2, #9
 543 0150 0A43     		orrs	r2, r1
 544 0152 1A60     		str	r2, [r3]
 545 0154 7AE7     		b	.L24
 546              	.L26:
 365:Drivers/STM32G0xx_HAL_Driver/Src/stm32g0xx_hal_rcc.c **** 
 547              		.loc 1 365 9 view .LVU173
 365:Drivers/STM32G0xx_HAL_Driver/Src/stm32g0xx_hal_rcc.c **** 
 548              		.loc 1 365 21 is_stmt 0 view .LVU174
 549 0156 FFF7FEFF 		bl	HAL_GetTick
 550              	.LVL40:
 365:Drivers/STM32G0xx_HAL_Driver/Src/stm32g0xx_hal_rcc.c **** 
 551              		.loc 1 365 21 view .LVU175
 552 015a 0500     		movs	r5, r0
 553              	.LVL41:
 368:Drivers/STM32G0xx_HAL_Driver/Src/stm32g0xx_hal_rcc.c ****         {
 554              		.loc 1 368 9 is_stmt 1 view .LVU176
 555              	.L29:
 368:Drivers/STM32G0xx_HAL_Driver/Src/stm32g0xx_hal_rcc.c ****         {
 556              		.loc 1 368 49 view .LVU177
 368:Drivers/STM32G0xx_HAL_Driver/Src/stm32g0xx_hal_rcc.c ****         {
 557              		.loc 1 368 16 is_stmt 0 view .LVU178
 558 015c 6E4B     		ldr	r3, .L125
 559 015e 1B68     		ldr	r3, [r3]
 368:Drivers/STM32G0xx_HAL_Driver/Src/stm32g0xx_hal_rcc.c ****         {
 560              		.loc 1 368 49 view .LVU179
 561 0160 9B03     		lsls	r3, r3, #14
 562 0162 8FD5     		bpl	.L19
 370:Drivers/STM32G0xx_HAL_Driver/Src/stm32g0xx_hal_rcc.c ****           {
 563              		.loc 1 370 11 is_stmt 1 view .LVU180
 370:Drivers/STM32G0xx_HAL_Driver/Src/stm32g0xx_hal_rcc.c ****           {
 564              		.loc 1 370 16 is_stmt 0 view .LVU181
 565 0164 FFF7FEFF 		bl	HAL_GetTick
 566              	.LVL42:
 370:Drivers/STM32G0xx_HAL_Driver/Src/stm32g0xx_hal_rcc.c ****           {
 567              		.loc 1 370 30 view .LVU182
 568 0168 401B     		subs	r0, r0, r5
 370:Drivers/STM32G0xx_HAL_Driver/Src/stm32g0xx_hal_rcc.c ****           {
 569              		.loc 1 370 14 view .LVU183
 570 016a 6428     		cmp	r0, #100
 571 016c F6D9     		bls	.L29
 372:Drivers/STM32G0xx_HAL_Driver/Src/stm32g0xx_hal_rcc.c ****           }
 572              		.loc 1 372 20 view .LVU184
 573 016e 0320     		movs	r0, #3
 372:Drivers/STM32G0xx_HAL_Driver/Src/stm32g0xx_hal_rcc.c ****           }
 574              		.loc 1 372 20 view .LVU185
 575 0170 76E1     		b	.L18
 576              	.LVL43:
 577              	.L111:
 389:Drivers/STM32G0xx_HAL_Driver/Src/stm32g0xx_hal_rcc.c ****         || (temp_sysclksrc == RCC_SYSCLKSOURCE_STATUS_HSI))
 578              		.loc 1 389 61 discriminator 1 view .LVU186
 579 0172 022A     		cmp	r2, #2
 580 0174 92D1     		bne	.L32
ARM GAS  C:\Users\Asus\AppData\Local\Temp\ccaANind.s 			page 21


 581 0176 93E7     		b	.L33
 582              	.L34:
 422:Drivers/STM32G0xx_HAL_Driver/Src/stm32g0xx_hal_rcc.c ****       {
 583              		.loc 1 422 7 is_stmt 1 view .LVU187
 422:Drivers/STM32G0xx_HAL_Driver/Src/stm32g0xx_hal_rcc.c ****       {
 584              		.loc 1 422 28 is_stmt 0 view .LVU188
 585 0178 E368     		ldr	r3, [r4, #12]
 586              	.LVL44:
 422:Drivers/STM32G0xx_HAL_Driver/Src/stm32g0xx_hal_rcc.c ****       {
 587              		.loc 1 422 10 view .LVU189
 588 017a 002B     		cmp	r3, #0
 589 017c 22D0     		beq	.L37
 425:Drivers/STM32G0xx_HAL_Driver/Src/stm32g0xx_hal_rcc.c **** 
 590              		.loc 1 425 9 is_stmt 1 view .LVU190
 591 017e 664A     		ldr	r2, .L125
 592              	.LVL45:
 425:Drivers/STM32G0xx_HAL_Driver/Src/stm32g0xx_hal_rcc.c **** 
 593              		.loc 1 425 9 is_stmt 0 view .LVU191
 594 0180 1368     		ldr	r3, [r2]
 595 0182 6949     		ldr	r1, .L125+16
 596              	.LVL46:
 425:Drivers/STM32G0xx_HAL_Driver/Src/stm32g0xx_hal_rcc.c **** 
 597              		.loc 1 425 9 view .LVU192
 598 0184 0B40     		ands	r3, r1
 599 0186 2169     		ldr	r1, [r4, #16]
 600 0188 0B43     		orrs	r3, r1
 601 018a 1360     		str	r3, [r2]
 428:Drivers/STM32G0xx_HAL_Driver/Src/stm32g0xx_hal_rcc.c **** 
 602              		.loc 1 428 9 is_stmt 1 view .LVU193
 603 018c 1168     		ldr	r1, [r2]
 604 018e 8023     		movs	r3, #128
 605 0190 5B00     		lsls	r3, r3, #1
 606 0192 0B43     		orrs	r3, r1
 607 0194 1360     		str	r3, [r2]
 431:Drivers/STM32G0xx_HAL_Driver/Src/stm32g0xx_hal_rcc.c **** 
 608              		.loc 1 431 9 view .LVU194
 431:Drivers/STM32G0xx_HAL_Driver/Src/stm32g0xx_hal_rcc.c **** 
 609              		.loc 1 431 21 is_stmt 0 view .LVU195
 610 0196 FFF7FEFF 		bl	HAL_GetTick
 611              	.LVL47:
 612 019a 0500     		movs	r5, r0
 613              	.LVL48:
 434:Drivers/STM32G0xx_HAL_Driver/Src/stm32g0xx_hal_rcc.c ****         {
 614              		.loc 1 434 9 is_stmt 1 view .LVU196
 615              	.L38:
 434:Drivers/STM32G0xx_HAL_Driver/Src/stm32g0xx_hal_rcc.c ****         {
 616              		.loc 1 434 49 view .LVU197
 434:Drivers/STM32G0xx_HAL_Driver/Src/stm32g0xx_hal_rcc.c ****         {
 617              		.loc 1 434 16 is_stmt 0 view .LVU198
 618 019c 5E4B     		ldr	r3, .L125
 619 019e 1B68     		ldr	r3, [r3]
 434:Drivers/STM32G0xx_HAL_Driver/Src/stm32g0xx_hal_rcc.c ****         {
 620              		.loc 1 434 49 view .LVU199
 621 01a0 5B05     		lsls	r3, r3, #21
 622 01a2 06D4     		bmi	.L114
 436:Drivers/STM32G0xx_HAL_Driver/Src/stm32g0xx_hal_rcc.c ****           {
 623              		.loc 1 436 11 is_stmt 1 view .LVU200
ARM GAS  C:\Users\Asus\AppData\Local\Temp\ccaANind.s 			page 22


 436:Drivers/STM32G0xx_HAL_Driver/Src/stm32g0xx_hal_rcc.c ****           {
 624              		.loc 1 436 16 is_stmt 0 view .LVU201
 625 01a4 FFF7FEFF 		bl	HAL_GetTick
 626              	.LVL49:
 436:Drivers/STM32G0xx_HAL_Driver/Src/stm32g0xx_hal_rcc.c ****           {
 627              		.loc 1 436 30 view .LVU202
 628 01a8 401B     		subs	r0, r0, r5
 436:Drivers/STM32G0xx_HAL_Driver/Src/stm32g0xx_hal_rcc.c ****           {
 629              		.loc 1 436 14 view .LVU203
 630 01aa 0228     		cmp	r0, #2
 631 01ac F6D9     		bls	.L38
 438:Drivers/STM32G0xx_HAL_Driver/Src/stm32g0xx_hal_rcc.c ****           }
 632              		.loc 1 438 20 view .LVU204
 633 01ae 0320     		movs	r0, #3
 438:Drivers/STM32G0xx_HAL_Driver/Src/stm32g0xx_hal_rcc.c ****           }
 634              		.loc 1 438 20 view .LVU205
 635 01b0 56E1     		b	.L18
 636              	.L114:
 443:Drivers/STM32G0xx_HAL_Driver/Src/stm32g0xx_hal_rcc.c ****       }
 637              		.loc 1 443 9 is_stmt 1 view .LVU206
 638 01b2 5949     		ldr	r1, .L125
 639 01b4 4B68     		ldr	r3, [r1, #4]
 640 01b6 5B4A     		ldr	r2, .L125+12
 641 01b8 1340     		ands	r3, r2
 642 01ba 6269     		ldr	r2, [r4, #20]
 643 01bc 1202     		lsls	r2, r2, #8
 644 01be 1343     		orrs	r3, r2
 645 01c0 4B60     		str	r3, [r1, #4]
 646 01c2 94E7     		b	.L31
 647              	.LVL50:
 648              	.L37:
 448:Drivers/STM32G0xx_HAL_Driver/Src/stm32g0xx_hal_rcc.c **** 
 649              		.loc 1 448 9 view .LVU207
 650 01c4 544A     		ldr	r2, .L125
 651              	.LVL51:
 448:Drivers/STM32G0xx_HAL_Driver/Src/stm32g0xx_hal_rcc.c **** 
 652              		.loc 1 448 9 is_stmt 0 view .LVU208
 653 01c6 1368     		ldr	r3, [r2]
 654 01c8 5B49     		ldr	r1, .L125+32
 655              	.LVL52:
 448:Drivers/STM32G0xx_HAL_Driver/Src/stm32g0xx_hal_rcc.c **** 
 656              		.loc 1 448 9 view .LVU209
 657 01ca 0B40     		ands	r3, r1
 658 01cc 1360     		str	r3, [r2]
 451:Drivers/STM32G0xx_HAL_Driver/Src/stm32g0xx_hal_rcc.c **** 
 659              		.loc 1 451 9 is_stmt 1 view .LVU210
 451:Drivers/STM32G0xx_HAL_Driver/Src/stm32g0xx_hal_rcc.c **** 
 660              		.loc 1 451 21 is_stmt 0 view .LVU211
 661 01ce FFF7FEFF 		bl	HAL_GetTick
 662              	.LVL53:
 663 01d2 0500     		movs	r5, r0
 664              	.LVL54:
 454:Drivers/STM32G0xx_HAL_Driver/Src/stm32g0xx_hal_rcc.c ****         {
 665              		.loc 1 454 9 is_stmt 1 view .LVU212
 666              	.L40:
 454:Drivers/STM32G0xx_HAL_Driver/Src/stm32g0xx_hal_rcc.c ****         {
 667              		.loc 1 454 49 view .LVU213
ARM GAS  C:\Users\Asus\AppData\Local\Temp\ccaANind.s 			page 23


 454:Drivers/STM32G0xx_HAL_Driver/Src/stm32g0xx_hal_rcc.c ****         {
 668              		.loc 1 454 16 is_stmt 0 view .LVU214
 669 01d4 504B     		ldr	r3, .L125
 670 01d6 1B68     		ldr	r3, [r3]
 454:Drivers/STM32G0xx_HAL_Driver/Src/stm32g0xx_hal_rcc.c ****         {
 671              		.loc 1 454 49 view .LVU215
 672 01d8 5B05     		lsls	r3, r3, #21
 673 01da 88D5     		bpl	.L31
 456:Drivers/STM32G0xx_HAL_Driver/Src/stm32g0xx_hal_rcc.c ****           {
 674              		.loc 1 456 11 is_stmt 1 view .LVU216
 456:Drivers/STM32G0xx_HAL_Driver/Src/stm32g0xx_hal_rcc.c ****           {
 675              		.loc 1 456 16 is_stmt 0 view .LVU217
 676 01dc FFF7FEFF 		bl	HAL_GetTick
 677              	.LVL55:
 456:Drivers/STM32G0xx_HAL_Driver/Src/stm32g0xx_hal_rcc.c ****           {
 678              		.loc 1 456 30 view .LVU218
 679 01e0 401B     		subs	r0, r0, r5
 456:Drivers/STM32G0xx_HAL_Driver/Src/stm32g0xx_hal_rcc.c ****           {
 680              		.loc 1 456 14 view .LVU219
 681 01e2 0228     		cmp	r0, #2
 682 01e4 F6D9     		bls	.L40
 458:Drivers/STM32G0xx_HAL_Driver/Src/stm32g0xx_hal_rcc.c ****           }
 683              		.loc 1 458 20 view .LVU220
 684 01e6 0320     		movs	r0, #3
 458:Drivers/STM32G0xx_HAL_Driver/Src/stm32g0xx_hal_rcc.c ****           }
 685              		.loc 1 458 20 view .LVU221
 686 01e8 3AE1     		b	.L18
 687              	.LVL56:
 688              	.L113:
 474:Drivers/STM32G0xx_HAL_Driver/Src/stm32g0xx_hal_rcc.c ****       {
 689              		.loc 1 474 7 is_stmt 1 view .LVU222
 474:Drivers/STM32G0xx_HAL_Driver/Src/stm32g0xx_hal_rcc.c ****       {
 690              		.loc 1 474 17 is_stmt 0 view .LVU223
 691 01ea 4B4B     		ldr	r3, .L125
 692 01ec 1B6E     		ldr	r3, [r3, #96]
 474:Drivers/STM32G0xx_HAL_Driver/Src/stm32g0xx_hal_rcc.c ****       {
 693              		.loc 1 474 10 view .LVU224
 694 01ee 9B07     		lsls	r3, r3, #30
 695 01f0 03D5     		bpl	.L42
 474:Drivers/STM32G0xx_HAL_Driver/Src/stm32g0xx_hal_rcc.c ****       {
 696              		.loc 1 474 70 discriminator 1 view .LVU225
 697 01f2 A369     		ldr	r3, [r4, #24]
 474:Drivers/STM32G0xx_HAL_Driver/Src/stm32g0xx_hal_rcc.c ****       {
 698              		.loc 1 474 49 discriminator 1 view .LVU226
 699 01f4 002B     		cmp	r3, #0
 700 01f6 00D1     		bne	.LCB610
 701 01f8 3AE1     		b	.L115	@long jump
 702              	.LCB610:
 703              	.L42:
 496:Drivers/STM32G0xx_HAL_Driver/Src/stm32g0xx_hal_rcc.c ****           }
 497:Drivers/STM32G0xx_HAL_Driver/Src/stm32g0xx_hal_rcc.c ****         }
 498:Drivers/STM32G0xx_HAL_Driver/Src/stm32g0xx_hal_rcc.c ****       }
 499:Drivers/STM32G0xx_HAL_Driver/Src/stm32g0xx_hal_rcc.c ****       else
 500:Drivers/STM32G0xx_HAL_Driver/Src/stm32g0xx_hal_rcc.c ****       {
 501:Drivers/STM32G0xx_HAL_Driver/Src/stm32g0xx_hal_rcc.c ****         /* Disable the Internal Low Speed oscillator (LSI). */
 502:Drivers/STM32G0xx_HAL_Driver/Src/stm32g0xx_hal_rcc.c ****         __HAL_RCC_LSI_DISABLE();
 503:Drivers/STM32G0xx_HAL_Driver/Src/stm32g0xx_hal_rcc.c **** 
ARM GAS  C:\Users\Asus\AppData\Local\Temp\ccaANind.s 			page 24


 504:Drivers/STM32G0xx_HAL_Driver/Src/stm32g0xx_hal_rcc.c ****         /* Get Start Tick*/
 505:Drivers/STM32G0xx_HAL_Driver/Src/stm32g0xx_hal_rcc.c ****         tickstart = HAL_GetTick();
 506:Drivers/STM32G0xx_HAL_Driver/Src/stm32g0xx_hal_rcc.c **** 
 507:Drivers/STM32G0xx_HAL_Driver/Src/stm32g0xx_hal_rcc.c ****         /* Wait till LSI is disabled */
 508:Drivers/STM32G0xx_HAL_Driver/Src/stm32g0xx_hal_rcc.c ****         while (READ_BIT(RCC->CSR, RCC_CSR_LSIRDY) != 0U)
 509:Drivers/STM32G0xx_HAL_Driver/Src/stm32g0xx_hal_rcc.c ****         {
 510:Drivers/STM32G0xx_HAL_Driver/Src/stm32g0xx_hal_rcc.c ****           if ((HAL_GetTick() - tickstart) > LSI_TIMEOUT_VALUE)
 511:Drivers/STM32G0xx_HAL_Driver/Src/stm32g0xx_hal_rcc.c ****           {
 512:Drivers/STM32G0xx_HAL_Driver/Src/stm32g0xx_hal_rcc.c ****             return HAL_TIMEOUT;
 513:Drivers/STM32G0xx_HAL_Driver/Src/stm32g0xx_hal_rcc.c ****           }
 514:Drivers/STM32G0xx_HAL_Driver/Src/stm32g0xx_hal_rcc.c ****         }
 515:Drivers/STM32G0xx_HAL_Driver/Src/stm32g0xx_hal_rcc.c ****       }
 516:Drivers/STM32G0xx_HAL_Driver/Src/stm32g0xx_hal_rcc.c ****     }
 517:Drivers/STM32G0xx_HAL_Driver/Src/stm32g0xx_hal_rcc.c ****   }
 518:Drivers/STM32G0xx_HAL_Driver/Src/stm32g0xx_hal_rcc.c ****   /*------------------------------ LSE Configuration -------------------------*/
 519:Drivers/STM32G0xx_HAL_Driver/Src/stm32g0xx_hal_rcc.c ****   if (((RCC_OscInitStruct->OscillatorType) & RCC_OSCILLATORTYPE_LSE) == RCC_OSCILLATORTYPE_LSE)
 704              		.loc 1 519 3 is_stmt 1 view .LVU227
 705              		.loc 1 519 26 is_stmt 0 view .LVU228
 706 01fa 2368     		ldr	r3, [r4]
 707              		.loc 1 519 6 view .LVU229
 708 01fc 5B07     		lsls	r3, r3, #29
 709 01fe 00D4     		bmi	.LCB618
 710 0200 A2E0     		b	.L49	@long jump
 711              	.LCB618:
 712              	.LBB4:
 520:Drivers/STM32G0xx_HAL_Driver/Src/stm32g0xx_hal_rcc.c ****   {
 521:Drivers/STM32G0xx_HAL_Driver/Src/stm32g0xx_hal_rcc.c ****     FlagStatus       pwrclkchanged = RESET;
 713              		.loc 1 521 5 is_stmt 1 view .LVU230
 714              	.LVL57:
 522:Drivers/STM32G0xx_HAL_Driver/Src/stm32g0xx_hal_rcc.c **** 
 523:Drivers/STM32G0xx_HAL_Driver/Src/stm32g0xx_hal_rcc.c ****     /* Check the parameters */
 524:Drivers/STM32G0xx_HAL_Driver/Src/stm32g0xx_hal_rcc.c ****     assert_param(IS_RCC_LSE(RCC_OscInitStruct->LSEState));
 715              		.loc 1 524 5 view .LVU231
 525:Drivers/STM32G0xx_HAL_Driver/Src/stm32g0xx_hal_rcc.c **** 
 526:Drivers/STM32G0xx_HAL_Driver/Src/stm32g0xx_hal_rcc.c ****     /* When the LSE is used as system clock, it is not allowed disable it */
 527:Drivers/STM32G0xx_HAL_Driver/Src/stm32g0xx_hal_rcc.c ****     if (__HAL_RCC_GET_SYSCLK_SOURCE() == RCC_SYSCLKSOURCE_STATUS_LSE)
 716              		.loc 1 527 5 view .LVU232
 717              		.loc 1 527 9 is_stmt 0 view .LVU233
 718 0202 454B     		ldr	r3, .L125
 719 0204 9A68     		ldr	r2, [r3, #8]
 720 0206 3823     		movs	r3, #56
 721 0208 1340     		ands	r3, r2
 722              		.loc 1 527 8 view .LVU234
 723 020a 202B     		cmp	r3, #32
 724 020c 45D0     		beq	.L116
 528:Drivers/STM32G0xx_HAL_Driver/Src/stm32g0xx_hal_rcc.c ****     {
 529:Drivers/STM32G0xx_HAL_Driver/Src/stm32g0xx_hal_rcc.c ****       if ((((RCC->BDCR) & RCC_BDCR_LSERDY) != 0U) && (RCC_OscInitStruct->LSEState == RCC_LSE_OFF))
 530:Drivers/STM32G0xx_HAL_Driver/Src/stm32g0xx_hal_rcc.c ****       {
 531:Drivers/STM32G0xx_HAL_Driver/Src/stm32g0xx_hal_rcc.c ****         return HAL_ERROR;
 532:Drivers/STM32G0xx_HAL_Driver/Src/stm32g0xx_hal_rcc.c ****       }
 533:Drivers/STM32G0xx_HAL_Driver/Src/stm32g0xx_hal_rcc.c ****     }
 534:Drivers/STM32G0xx_HAL_Driver/Src/stm32g0xx_hal_rcc.c ****     else
 535:Drivers/STM32G0xx_HAL_Driver/Src/stm32g0xx_hal_rcc.c ****     {
 536:Drivers/STM32G0xx_HAL_Driver/Src/stm32g0xx_hal_rcc.c ****       /* Update LSE configuration in Backup Domain control register    */
 537:Drivers/STM32G0xx_HAL_Driver/Src/stm32g0xx_hal_rcc.c ****       /* Requires to enable write access to Backup Domain of necessary */
 538:Drivers/STM32G0xx_HAL_Driver/Src/stm32g0xx_hal_rcc.c ****       if (__HAL_RCC_PWR_IS_CLK_DISABLED() != 0U)
 725              		.loc 1 538 7 is_stmt 1 view .LVU235
ARM GAS  C:\Users\Asus\AppData\Local\Temp\ccaANind.s 			page 25


 726              		.loc 1 538 11 is_stmt 0 view .LVU236
 727 020e 424B     		ldr	r3, .L125
 728 0210 DB6B     		ldr	r3, [r3, #60]
 729              		.loc 1 538 43 view .LVU237
 730 0212 DB00     		lsls	r3, r3, #3
 731 0214 4AD4     		bmi	.L84
 539:Drivers/STM32G0xx_HAL_Driver/Src/stm32g0xx_hal_rcc.c ****       {
 540:Drivers/STM32G0xx_HAL_Driver/Src/stm32g0xx_hal_rcc.c ****         __HAL_RCC_PWR_CLK_ENABLE();
 732              		.loc 1 540 9 is_stmt 1 view .LVU238
 733              	.LBB5:
 734              		.loc 1 540 9 view .LVU239
 735              		.loc 1 540 9 view .LVU240
 736 0216 404B     		ldr	r3, .L125
 737 0218 DA6B     		ldr	r2, [r3, #60]
 738 021a 8021     		movs	r1, #128
 739 021c 4905     		lsls	r1, r1, #21
 740 021e 0A43     		orrs	r2, r1
 741 0220 DA63     		str	r2, [r3, #60]
 742              		.loc 1 540 9 view .LVU241
 743 0222 DB6B     		ldr	r3, [r3, #60]
 744 0224 0B40     		ands	r3, r1
 745 0226 0193     		str	r3, [sp, #4]
 746              		.loc 1 540 9 view .LVU242
 747 0228 019B     		ldr	r3, [sp, #4]
 748              	.LBE5:
 749              		.loc 1 540 9 view .LVU243
 541:Drivers/STM32G0xx_HAL_Driver/Src/stm32g0xx_hal_rcc.c ****         pwrclkchanged = SET;
 750              		.loc 1 541 9 view .LVU244
 751              	.LVL58:
 752              		.loc 1 541 23 is_stmt 0 view .LVU245
 753 022a 0125     		movs	r5, #1
 754              	.LVL59:
 755              	.L51:
 542:Drivers/STM32G0xx_HAL_Driver/Src/stm32g0xx_hal_rcc.c ****       }
 543:Drivers/STM32G0xx_HAL_Driver/Src/stm32g0xx_hal_rcc.c **** 
 544:Drivers/STM32G0xx_HAL_Driver/Src/stm32g0xx_hal_rcc.c ****       if (HAL_IS_BIT_CLR(PWR->CR1, PWR_CR1_DBP))
 756              		.loc 1 544 7 is_stmt 1 view .LVU246
 757              		.loc 1 544 11 is_stmt 0 view .LVU247
 758 022c 434B     		ldr	r3, .L125+36
 759 022e 1B68     		ldr	r3, [r3]
 760              		.loc 1 544 10 view .LVU248
 761 0230 DB05     		lsls	r3, r3, #23
 762 0232 3DD5     		bpl	.L117
 763              	.L52:
 545:Drivers/STM32G0xx_HAL_Driver/Src/stm32g0xx_hal_rcc.c ****       {
 546:Drivers/STM32G0xx_HAL_Driver/Src/stm32g0xx_hal_rcc.c ****         /* Enable write access to Backup domain */
 547:Drivers/STM32G0xx_HAL_Driver/Src/stm32g0xx_hal_rcc.c ****         SET_BIT(PWR->CR1, PWR_CR1_DBP);
 548:Drivers/STM32G0xx_HAL_Driver/Src/stm32g0xx_hal_rcc.c **** 
 549:Drivers/STM32G0xx_HAL_Driver/Src/stm32g0xx_hal_rcc.c ****         /* Wait for Backup domain Write protection disable */
 550:Drivers/STM32G0xx_HAL_Driver/Src/stm32g0xx_hal_rcc.c ****         tickstart = HAL_GetTick();
 551:Drivers/STM32G0xx_HAL_Driver/Src/stm32g0xx_hal_rcc.c **** 
 552:Drivers/STM32G0xx_HAL_Driver/Src/stm32g0xx_hal_rcc.c ****         while (HAL_IS_BIT_CLR(PWR->CR1, PWR_CR1_DBP))
 553:Drivers/STM32G0xx_HAL_Driver/Src/stm32g0xx_hal_rcc.c ****         {
 554:Drivers/STM32G0xx_HAL_Driver/Src/stm32g0xx_hal_rcc.c ****           if ((HAL_GetTick() - tickstart) > RCC_DBP_TIMEOUT_VALUE)
 555:Drivers/STM32G0xx_HAL_Driver/Src/stm32g0xx_hal_rcc.c ****           {
 556:Drivers/STM32G0xx_HAL_Driver/Src/stm32g0xx_hal_rcc.c ****             return HAL_TIMEOUT;
 557:Drivers/STM32G0xx_HAL_Driver/Src/stm32g0xx_hal_rcc.c ****           }
ARM GAS  C:\Users\Asus\AppData\Local\Temp\ccaANind.s 			page 26


 558:Drivers/STM32G0xx_HAL_Driver/Src/stm32g0xx_hal_rcc.c ****         }
 559:Drivers/STM32G0xx_HAL_Driver/Src/stm32g0xx_hal_rcc.c ****       }
 560:Drivers/STM32G0xx_HAL_Driver/Src/stm32g0xx_hal_rcc.c **** 
 561:Drivers/STM32G0xx_HAL_Driver/Src/stm32g0xx_hal_rcc.c ****       /* Set the new LSE configuration -----------------------------------------*/
 562:Drivers/STM32G0xx_HAL_Driver/Src/stm32g0xx_hal_rcc.c ****       __HAL_RCC_LSE_CONFIG(RCC_OscInitStruct->LSEState);
 764              		.loc 1 562 7 is_stmt 1 view .LVU249
 765              		.loc 1 562 7 view .LVU250
 766 0234 A368     		ldr	r3, [r4, #8]
 767 0236 012B     		cmp	r3, #1
 768 0238 4ED0     		beq	.L118
 769              		.loc 1 562 7 discriminator 2 view .LVU251
 770 023a 052B     		cmp	r3, #5
 771 023c 52D0     		beq	.L119
 772              		.loc 1 562 7 discriminator 5 view .LVU252
 773 023e 364B     		ldr	r3, .L125
 774 0240 DA6D     		ldr	r2, [r3, #92]
 775 0242 0121     		movs	r1, #1
 776 0244 8A43     		bics	r2, r1
 777 0246 DA65     		str	r2, [r3, #92]
 778              		.loc 1 562 7 discriminator 5 view .LVU253
 779 0248 DA6D     		ldr	r2, [r3, #92]
 780 024a 0331     		adds	r1, r1, #3
 781 024c 8A43     		bics	r2, r1
 782 024e DA65     		str	r2, [r3, #92]
 783              	.L56:
 784              		.loc 1 562 7 discriminator 7 view .LVU254
 563:Drivers/STM32G0xx_HAL_Driver/Src/stm32g0xx_hal_rcc.c **** 
 564:Drivers/STM32G0xx_HAL_Driver/Src/stm32g0xx_hal_rcc.c ****       /* Check the LSE State */
 565:Drivers/STM32G0xx_HAL_Driver/Src/stm32g0xx_hal_rcc.c ****       if (RCC_OscInitStruct->LSEState != RCC_LSE_OFF)
 785              		.loc 1 565 7 discriminator 7 view .LVU255
 786              		.loc 1 565 28 is_stmt 0 discriminator 7 view .LVU256
 787 0250 A368     		ldr	r3, [r4, #8]
 788              		.loc 1 565 10 discriminator 7 view .LVU257
 789 0252 002B     		cmp	r3, #0
 790 0254 50D0     		beq	.L58
 566:Drivers/STM32G0xx_HAL_Driver/Src/stm32g0xx_hal_rcc.c ****       {
 567:Drivers/STM32G0xx_HAL_Driver/Src/stm32g0xx_hal_rcc.c ****         /* Get Start Tick*/
 568:Drivers/STM32G0xx_HAL_Driver/Src/stm32g0xx_hal_rcc.c ****         tickstart = HAL_GetTick();
 791              		.loc 1 568 9 is_stmt 1 view .LVU258
 792              		.loc 1 568 21 is_stmt 0 view .LVU259
 793 0256 FFF7FEFF 		bl	HAL_GetTick
 794              	.LVL60:
 795 025a 0600     		movs	r6, r0
 796              	.LVL61:
 569:Drivers/STM32G0xx_HAL_Driver/Src/stm32g0xx_hal_rcc.c **** 
 570:Drivers/STM32G0xx_HAL_Driver/Src/stm32g0xx_hal_rcc.c ****         /* Wait till LSE is ready */
 571:Drivers/STM32G0xx_HAL_Driver/Src/stm32g0xx_hal_rcc.c ****         while (READ_BIT(RCC->BDCR, RCC_BDCR_LSERDY) == 0U)
 797              		.loc 1 571 9 is_stmt 1 view .LVU260
 798              	.L59:
 799              		.loc 1 571 53 view .LVU261
 800              		.loc 1 571 16 is_stmt 0 view .LVU262
 801 025c 2E4B     		ldr	r3, .L125
 802 025e DB6D     		ldr	r3, [r3, #92]
 803              		.loc 1 571 53 view .LVU263
 804 0260 9B07     		lsls	r3, r3, #30
 805 0262 6FD4     		bmi	.L61
 572:Drivers/STM32G0xx_HAL_Driver/Src/stm32g0xx_hal_rcc.c ****         {
ARM GAS  C:\Users\Asus\AppData\Local\Temp\ccaANind.s 			page 27


 573:Drivers/STM32G0xx_HAL_Driver/Src/stm32g0xx_hal_rcc.c ****           if ((HAL_GetTick() - tickstart) > RCC_LSE_TIMEOUT_VALUE)
 806              		.loc 1 573 11 is_stmt 1 view .LVU264
 807              		.loc 1 573 16 is_stmt 0 view .LVU265
 808 0264 FFF7FEFF 		bl	HAL_GetTick
 809              	.LVL62:
 810              		.loc 1 573 30 view .LVU266
 811 0268 801B     		subs	r0, r0, r6
 812              		.loc 1 573 14 view .LVU267
 813 026a 354B     		ldr	r3, .L125+40
 814 026c 9842     		cmp	r0, r3
 815 026e F5D9     		bls	.L59
 574:Drivers/STM32G0xx_HAL_Driver/Src/stm32g0xx_hal_rcc.c ****           {
 575:Drivers/STM32G0xx_HAL_Driver/Src/stm32g0xx_hal_rcc.c ****             return HAL_TIMEOUT;
 816              		.loc 1 575 20 view .LVU268
 817 0270 0320     		movs	r0, #3
 818 0272 F5E0     		b	.L18
 819              	.LVL63:
 820              	.L44:
 821              		.loc 1 575 20 view .LVU269
 822              	.LBE4:
 502:Drivers/STM32G0xx_HAL_Driver/Src/stm32g0xx_hal_rcc.c **** 
 823              		.loc 1 502 9 is_stmt 1 view .LVU270
 824 0274 284A     		ldr	r2, .L125
 825 0276 136E     		ldr	r3, [r2, #96]
 826 0278 0121     		movs	r1, #1
 827 027a 8B43     		bics	r3, r1
 828 027c 1366     		str	r3, [r2, #96]
 505:Drivers/STM32G0xx_HAL_Driver/Src/stm32g0xx_hal_rcc.c **** 
 829              		.loc 1 505 9 view .LVU271
 505:Drivers/STM32G0xx_HAL_Driver/Src/stm32g0xx_hal_rcc.c **** 
 830              		.loc 1 505 21 is_stmt 0 view .LVU272
 831 027e FFF7FEFF 		bl	HAL_GetTick
 832              	.LVL64:
 833 0282 0500     		movs	r5, r0
 834              	.LVL65:
 508:Drivers/STM32G0xx_HAL_Driver/Src/stm32g0xx_hal_rcc.c ****         {
 835              		.loc 1 508 9 is_stmt 1 view .LVU273
 836              	.L47:
 508:Drivers/STM32G0xx_HAL_Driver/Src/stm32g0xx_hal_rcc.c ****         {
 837              		.loc 1 508 51 view .LVU274
 508:Drivers/STM32G0xx_HAL_Driver/Src/stm32g0xx_hal_rcc.c ****         {
 838              		.loc 1 508 16 is_stmt 0 view .LVU275
 839 0284 244B     		ldr	r3, .L125
 840 0286 1B6E     		ldr	r3, [r3, #96]
 508:Drivers/STM32G0xx_HAL_Driver/Src/stm32g0xx_hal_rcc.c ****         {
 841              		.loc 1 508 51 view .LVU276
 842 0288 9B07     		lsls	r3, r3, #30
 843 028a B6D5     		bpl	.L42
 510:Drivers/STM32G0xx_HAL_Driver/Src/stm32g0xx_hal_rcc.c ****           {
 844              		.loc 1 510 11 is_stmt 1 view .LVU277
 510:Drivers/STM32G0xx_HAL_Driver/Src/stm32g0xx_hal_rcc.c ****           {
 845              		.loc 1 510 16 is_stmt 0 view .LVU278
 846 028c FFF7FEFF 		bl	HAL_GetTick
 847              	.LVL66:
 510:Drivers/STM32G0xx_HAL_Driver/Src/stm32g0xx_hal_rcc.c ****           {
 848              		.loc 1 510 30 view .LVU279
 849 0290 401B     		subs	r0, r0, r5
ARM GAS  C:\Users\Asus\AppData\Local\Temp\ccaANind.s 			page 28


 510:Drivers/STM32G0xx_HAL_Driver/Src/stm32g0xx_hal_rcc.c ****           {
 850              		.loc 1 510 14 view .LVU280
 851 0292 0228     		cmp	r0, #2
 852 0294 F6D9     		bls	.L47
 512:Drivers/STM32G0xx_HAL_Driver/Src/stm32g0xx_hal_rcc.c ****           }
 853              		.loc 1 512 20 view .LVU281
 854 0296 0320     		movs	r0, #3
 855 0298 E2E0     		b	.L18
 856              	.LVL67:
 857              	.L116:
 858              	.LBB6:
 529:Drivers/STM32G0xx_HAL_Driver/Src/stm32g0xx_hal_rcc.c ****       {
 859              		.loc 1 529 7 is_stmt 1 view .LVU282
 529:Drivers/STM32G0xx_HAL_Driver/Src/stm32g0xx_hal_rcc.c ****       {
 860              		.loc 1 529 17 is_stmt 0 view .LVU283
 861 029a 1F4B     		ldr	r3, .L125
 862 029c DB6D     		ldr	r3, [r3, #92]
 529:Drivers/STM32G0xx_HAL_Driver/Src/stm32g0xx_hal_rcc.c ****       {
 863              		.loc 1 529 10 view .LVU284
 864 029e 9B07     		lsls	r3, r3, #30
 865 02a0 52D5     		bpl	.L49
 529:Drivers/STM32G0xx_HAL_Driver/Src/stm32g0xx_hal_rcc.c ****       {
 866              		.loc 1 529 72 discriminator 1 view .LVU285
 867 02a2 A368     		ldr	r3, [r4, #8]
 529:Drivers/STM32G0xx_HAL_Driver/Src/stm32g0xx_hal_rcc.c ****       {
 868              		.loc 1 529 51 discriminator 1 view .LVU286
 869 02a4 002B     		cmp	r3, #0
 870 02a6 4FD1     		bne	.L49
 531:Drivers/STM32G0xx_HAL_Driver/Src/stm32g0xx_hal_rcc.c ****       }
 871              		.loc 1 531 16 view .LVU287
 872 02a8 0120     		movs	r0, #1
 873 02aa D9E0     		b	.L18
 874              	.L84:
 521:Drivers/STM32G0xx_HAL_Driver/Src/stm32g0xx_hal_rcc.c **** 
 875              		.loc 1 521 22 view .LVU288
 876 02ac 0025     		movs	r5, #0
 877 02ae BDE7     		b	.L51
 878              	.LVL68:
 879              	.L117:
 547:Drivers/STM32G0xx_HAL_Driver/Src/stm32g0xx_hal_rcc.c **** 
 880              		.loc 1 547 9 is_stmt 1 view .LVU289
 881 02b0 224A     		ldr	r2, .L125+36
 882 02b2 1168     		ldr	r1, [r2]
 883 02b4 8023     		movs	r3, #128
 884 02b6 5B00     		lsls	r3, r3, #1
 885 02b8 0B43     		orrs	r3, r1
 886 02ba 1360     		str	r3, [r2]
 550:Drivers/STM32G0xx_HAL_Driver/Src/stm32g0xx_hal_rcc.c **** 
 887              		.loc 1 550 9 view .LVU290
 550:Drivers/STM32G0xx_HAL_Driver/Src/stm32g0xx_hal_rcc.c **** 
 888              		.loc 1 550 21 is_stmt 0 view .LVU291
 889 02bc FFF7FEFF 		bl	HAL_GetTick
 890              	.LVL69:
 891 02c0 0600     		movs	r6, r0
 892              	.LVL70:
 552:Drivers/STM32G0xx_HAL_Driver/Src/stm32g0xx_hal_rcc.c ****         {
 893              		.loc 1 552 9 is_stmt 1 view .LVU292
ARM GAS  C:\Users\Asus\AppData\Local\Temp\ccaANind.s 			page 29


 894              	.L53:
 552:Drivers/STM32G0xx_HAL_Driver/Src/stm32g0xx_hal_rcc.c ****         {
 895              		.loc 1 552 16 view .LVU293
 896 02c2 1E4B     		ldr	r3, .L125+36
 897 02c4 1B68     		ldr	r3, [r3]
 898 02c6 DB05     		lsls	r3, r3, #23
 899 02c8 B4D4     		bmi	.L52
 554:Drivers/STM32G0xx_HAL_Driver/Src/stm32g0xx_hal_rcc.c ****           {
 900              		.loc 1 554 11 view .LVU294
 554:Drivers/STM32G0xx_HAL_Driver/Src/stm32g0xx_hal_rcc.c ****           {
 901              		.loc 1 554 16 is_stmt 0 view .LVU295
 902 02ca FFF7FEFF 		bl	HAL_GetTick
 903              	.LVL71:
 554:Drivers/STM32G0xx_HAL_Driver/Src/stm32g0xx_hal_rcc.c ****           {
 904              		.loc 1 554 30 view .LVU296
 905 02ce 801B     		subs	r0, r0, r6
 554:Drivers/STM32G0xx_HAL_Driver/Src/stm32g0xx_hal_rcc.c ****           {
 906              		.loc 1 554 14 view .LVU297
 907 02d0 0228     		cmp	r0, #2
 908 02d2 F6D9     		bls	.L53
 556:Drivers/STM32G0xx_HAL_Driver/Src/stm32g0xx_hal_rcc.c ****           }
 909              		.loc 1 556 20 view .LVU298
 910 02d4 0320     		movs	r0, #3
 911 02d6 C3E0     		b	.L18
 912              	.LVL72:
 913              	.L118:
 562:Drivers/STM32G0xx_HAL_Driver/Src/stm32g0xx_hal_rcc.c **** 
 914              		.loc 1 562 7 is_stmt 1 discriminator 1 view .LVU299
 915 02d8 0F4A     		ldr	r2, .L125
 916 02da D36D     		ldr	r3, [r2, #92]
 917 02dc 0121     		movs	r1, #1
 918 02de 0B43     		orrs	r3, r1
 919 02e0 D365     		str	r3, [r2, #92]
 920 02e2 B5E7     		b	.L56
 921              	.L119:
 562:Drivers/STM32G0xx_HAL_Driver/Src/stm32g0xx_hal_rcc.c **** 
 922              		.loc 1 562 7 discriminator 4 view .LVU300
 923 02e4 0C4B     		ldr	r3, .L125
 924 02e6 DA6D     		ldr	r2, [r3, #92]
 925 02e8 0421     		movs	r1, #4
 926 02ea 0A43     		orrs	r2, r1
 927 02ec DA65     		str	r2, [r3, #92]
 562:Drivers/STM32G0xx_HAL_Driver/Src/stm32g0xx_hal_rcc.c **** 
 928              		.loc 1 562 7 discriminator 4 view .LVU301
 929 02ee DA6D     		ldr	r2, [r3, #92]
 930 02f0 0339     		subs	r1, r1, #3
 931 02f2 0A43     		orrs	r2, r1
 932 02f4 DA65     		str	r2, [r3, #92]
 933 02f6 ABE7     		b	.L56
 934              	.L58:
 576:Drivers/STM32G0xx_HAL_Driver/Src/stm32g0xx_hal_rcc.c ****           }
 577:Drivers/STM32G0xx_HAL_Driver/Src/stm32g0xx_hal_rcc.c ****         }
 578:Drivers/STM32G0xx_HAL_Driver/Src/stm32g0xx_hal_rcc.c ****       }
 579:Drivers/STM32G0xx_HAL_Driver/Src/stm32g0xx_hal_rcc.c ****       else
 580:Drivers/STM32G0xx_HAL_Driver/Src/stm32g0xx_hal_rcc.c ****       {
 581:Drivers/STM32G0xx_HAL_Driver/Src/stm32g0xx_hal_rcc.c ****         /* Get Start Tick*/
 582:Drivers/STM32G0xx_HAL_Driver/Src/stm32g0xx_hal_rcc.c ****         tickstart = HAL_GetTick();
ARM GAS  C:\Users\Asus\AppData\Local\Temp\ccaANind.s 			page 30


 935              		.loc 1 582 9 view .LVU302
 936              		.loc 1 582 21 is_stmt 0 view .LVU303
 937 02f8 FFF7FEFF 		bl	HAL_GetTick
 938              	.LVL73:
 939 02fc 0600     		movs	r6, r0
 940              	.LVL74:
 583:Drivers/STM32G0xx_HAL_Driver/Src/stm32g0xx_hal_rcc.c **** 
 584:Drivers/STM32G0xx_HAL_Driver/Src/stm32g0xx_hal_rcc.c ****         /* Wait till LSE is disabled */
 585:Drivers/STM32G0xx_HAL_Driver/Src/stm32g0xx_hal_rcc.c ****         while (READ_BIT(RCC->BDCR, RCC_BDCR_LSERDY) != 0U)
 941              		.loc 1 585 9 is_stmt 1 view .LVU304
 942              	.L62:
 943              		.loc 1 585 53 view .LVU305
 944              		.loc 1 585 16 is_stmt 0 view .LVU306
 945 02fe 064B     		ldr	r3, .L125
 946 0300 DB6D     		ldr	r3, [r3, #92]
 947              		.loc 1 585 53 view .LVU307
 948 0302 9B07     		lsls	r3, r3, #30
 949 0304 1ED5     		bpl	.L61
 586:Drivers/STM32G0xx_HAL_Driver/Src/stm32g0xx_hal_rcc.c ****         {
 587:Drivers/STM32G0xx_HAL_Driver/Src/stm32g0xx_hal_rcc.c ****           if ((HAL_GetTick() - tickstart) > RCC_LSE_TIMEOUT_VALUE)
 950              		.loc 1 587 11 is_stmt 1 view .LVU308
 951              		.loc 1 587 16 is_stmt 0 view .LVU309
 952 0306 FFF7FEFF 		bl	HAL_GetTick
 953              	.LVL75:
 954              		.loc 1 587 30 view .LVU310
 955 030a 801B     		subs	r0, r0, r6
 956              		.loc 1 587 14 view .LVU311
 957 030c 0C4B     		ldr	r3, .L125+40
 958 030e 9842     		cmp	r0, r3
 959 0310 F5D9     		bls	.L62
 588:Drivers/STM32G0xx_HAL_Driver/Src/stm32g0xx_hal_rcc.c ****           {
 589:Drivers/STM32G0xx_HAL_Driver/Src/stm32g0xx_hal_rcc.c ****             return HAL_TIMEOUT;
 960              		.loc 1 589 20 view .LVU312
 961 0312 0320     		movs	r0, #3
 962 0314 A4E0     		b	.L18
 963              	.L126:
 964 0316 C046     		.align	2
 965              	.L125:
 966 0318 00100240 		.word	1073876992
 967 031c FFFFFEFF 		.word	-65537
 968 0320 FFFFFBFF 		.word	-262145
 969 0324 FF80FFFF 		.word	-32513
 970 0328 FFC7FFFF 		.word	-14337
 971 032c 0024F400 		.word	16000000
 972 0330 00000000 		.word	SystemCoreClock
 973 0334 00000000 		.word	uwTickPrio
 974 0338 FFFEFFFF 		.word	-257
 975 033c 00700040 		.word	1073770496
 976 0340 88130000 		.word	5000
 977              	.L61:
 590:Drivers/STM32G0xx_HAL_Driver/Src/stm32g0xx_hal_rcc.c ****           }
 591:Drivers/STM32G0xx_HAL_Driver/Src/stm32g0xx_hal_rcc.c ****         }
 592:Drivers/STM32G0xx_HAL_Driver/Src/stm32g0xx_hal_rcc.c ****       }
 593:Drivers/STM32G0xx_HAL_Driver/Src/stm32g0xx_hal_rcc.c **** 
 594:Drivers/STM32G0xx_HAL_Driver/Src/stm32g0xx_hal_rcc.c ****       /* Restore clock configuration if changed */
 595:Drivers/STM32G0xx_HAL_Driver/Src/stm32g0xx_hal_rcc.c ****       if (pwrclkchanged == SET)
 978              		.loc 1 595 7 is_stmt 1 view .LVU313
ARM GAS  C:\Users\Asus\AppData\Local\Temp\ccaANind.s 			page 31


 979              		.loc 1 595 10 is_stmt 0 view .LVU314
 980 0344 012D     		cmp	r5, #1
 981 0346 1ED0     		beq	.L120
 982              	.LVL76:
 983              	.L49:
 984              		.loc 1 595 10 view .LVU315
 985              	.LBE6:
 596:Drivers/STM32G0xx_HAL_Driver/Src/stm32g0xx_hal_rcc.c ****       {
 597:Drivers/STM32G0xx_HAL_Driver/Src/stm32g0xx_hal_rcc.c ****         __HAL_RCC_PWR_CLK_DISABLE();
 598:Drivers/STM32G0xx_HAL_Driver/Src/stm32g0xx_hal_rcc.c ****       }
 599:Drivers/STM32G0xx_HAL_Driver/Src/stm32g0xx_hal_rcc.c ****     }
 600:Drivers/STM32G0xx_HAL_Driver/Src/stm32g0xx_hal_rcc.c ****   }
 601:Drivers/STM32G0xx_HAL_Driver/Src/stm32g0xx_hal_rcc.c **** #if defined(RCC_HSI48_SUPPORT)
 602:Drivers/STM32G0xx_HAL_Driver/Src/stm32g0xx_hal_rcc.c ****   /*------------------------------ HSI48 Configuration -----------------------*/
 603:Drivers/STM32G0xx_HAL_Driver/Src/stm32g0xx_hal_rcc.c ****   if (((RCC_OscInitStruct->OscillatorType) & RCC_OSCILLATORTYPE_HSI48) == RCC_OSCILLATORTYPE_HSI48)
 604:Drivers/STM32G0xx_HAL_Driver/Src/stm32g0xx_hal_rcc.c ****   {
 605:Drivers/STM32G0xx_HAL_Driver/Src/stm32g0xx_hal_rcc.c ****     /* Check the parameters */
 606:Drivers/STM32G0xx_HAL_Driver/Src/stm32g0xx_hal_rcc.c ****     assert_param(IS_RCC_HSI48(RCC_OscInitStruct->HSI48State));
 607:Drivers/STM32G0xx_HAL_Driver/Src/stm32g0xx_hal_rcc.c **** 
 608:Drivers/STM32G0xx_HAL_Driver/Src/stm32g0xx_hal_rcc.c ****     /* Check the LSI State */
 609:Drivers/STM32G0xx_HAL_Driver/Src/stm32g0xx_hal_rcc.c ****     if (RCC_OscInitStruct->HSI48State != RCC_HSI48_OFF)
 610:Drivers/STM32G0xx_HAL_Driver/Src/stm32g0xx_hal_rcc.c ****     {
 611:Drivers/STM32G0xx_HAL_Driver/Src/stm32g0xx_hal_rcc.c ****       /* Enable the Internal Low Speed oscillator (HSI48). */
 612:Drivers/STM32G0xx_HAL_Driver/Src/stm32g0xx_hal_rcc.c ****       __HAL_RCC_HSI48_ENABLE();
 613:Drivers/STM32G0xx_HAL_Driver/Src/stm32g0xx_hal_rcc.c **** 
 614:Drivers/STM32G0xx_HAL_Driver/Src/stm32g0xx_hal_rcc.c ****       /* Get Start Tick*/
 615:Drivers/STM32G0xx_HAL_Driver/Src/stm32g0xx_hal_rcc.c ****       tickstart = HAL_GetTick();
 616:Drivers/STM32G0xx_HAL_Driver/Src/stm32g0xx_hal_rcc.c **** 
 617:Drivers/STM32G0xx_HAL_Driver/Src/stm32g0xx_hal_rcc.c ****       /* Wait till HSI48 is ready */
 618:Drivers/STM32G0xx_HAL_Driver/Src/stm32g0xx_hal_rcc.c ****       while (READ_BIT(RCC->CR, RCC_CR_HSI48RDY) == 0U)
 619:Drivers/STM32G0xx_HAL_Driver/Src/stm32g0xx_hal_rcc.c ****       {
 620:Drivers/STM32G0xx_HAL_Driver/Src/stm32g0xx_hal_rcc.c ****         if ((HAL_GetTick() - tickstart) > HSI48_TIMEOUT_VALUE)
 621:Drivers/STM32G0xx_HAL_Driver/Src/stm32g0xx_hal_rcc.c ****         {
 622:Drivers/STM32G0xx_HAL_Driver/Src/stm32g0xx_hal_rcc.c ****           return HAL_TIMEOUT;
 623:Drivers/STM32G0xx_HAL_Driver/Src/stm32g0xx_hal_rcc.c ****         }
 624:Drivers/STM32G0xx_HAL_Driver/Src/stm32g0xx_hal_rcc.c ****       }
 625:Drivers/STM32G0xx_HAL_Driver/Src/stm32g0xx_hal_rcc.c ****     }
 626:Drivers/STM32G0xx_HAL_Driver/Src/stm32g0xx_hal_rcc.c ****     else
 627:Drivers/STM32G0xx_HAL_Driver/Src/stm32g0xx_hal_rcc.c ****     {
 628:Drivers/STM32G0xx_HAL_Driver/Src/stm32g0xx_hal_rcc.c ****       /* Disable the Internal Low Speed oscillator (HSI48). */
 629:Drivers/STM32G0xx_HAL_Driver/Src/stm32g0xx_hal_rcc.c ****       __HAL_RCC_HSI48_DISABLE();
 630:Drivers/STM32G0xx_HAL_Driver/Src/stm32g0xx_hal_rcc.c **** 
 631:Drivers/STM32G0xx_HAL_Driver/Src/stm32g0xx_hal_rcc.c ****       /* Get Start Tick*/
 632:Drivers/STM32G0xx_HAL_Driver/Src/stm32g0xx_hal_rcc.c ****       tickstart = HAL_GetTick();
 633:Drivers/STM32G0xx_HAL_Driver/Src/stm32g0xx_hal_rcc.c **** 
 634:Drivers/STM32G0xx_HAL_Driver/Src/stm32g0xx_hal_rcc.c ****       /* Wait till HSI48 is disabled */
 635:Drivers/STM32G0xx_HAL_Driver/Src/stm32g0xx_hal_rcc.c ****       while (READ_BIT(RCC->CR, RCC_CR_HSI48RDY) != 0U)
 636:Drivers/STM32G0xx_HAL_Driver/Src/stm32g0xx_hal_rcc.c ****       {
 637:Drivers/STM32G0xx_HAL_Driver/Src/stm32g0xx_hal_rcc.c ****         if ((HAL_GetTick() - tickstart) > HSI48_TIMEOUT_VALUE)
 638:Drivers/STM32G0xx_HAL_Driver/Src/stm32g0xx_hal_rcc.c ****         {
 639:Drivers/STM32G0xx_HAL_Driver/Src/stm32g0xx_hal_rcc.c ****           return HAL_TIMEOUT;
 640:Drivers/STM32G0xx_HAL_Driver/Src/stm32g0xx_hal_rcc.c ****         }
 641:Drivers/STM32G0xx_HAL_Driver/Src/stm32g0xx_hal_rcc.c ****       }
 642:Drivers/STM32G0xx_HAL_Driver/Src/stm32g0xx_hal_rcc.c ****     }
 643:Drivers/STM32G0xx_HAL_Driver/Src/stm32g0xx_hal_rcc.c ****   }
 644:Drivers/STM32G0xx_HAL_Driver/Src/stm32g0xx_hal_rcc.c **** #endif /* RCC_HSI48_SUPPORT */
 645:Drivers/STM32G0xx_HAL_Driver/Src/stm32g0xx_hal_rcc.c ****   /*-------------------------------- PLL Configuration -----------------------*/
ARM GAS  C:\Users\Asus\AppData\Local\Temp\ccaANind.s 			page 32


 646:Drivers/STM32G0xx_HAL_Driver/Src/stm32g0xx_hal_rcc.c ****   /* Check the parameters */
 647:Drivers/STM32G0xx_HAL_Driver/Src/stm32g0xx_hal_rcc.c ****   assert_param(IS_RCC_PLL(RCC_OscInitStruct->PLL.PLLState));
 986              		.loc 1 647 3 is_stmt 1 view .LVU316
 648:Drivers/STM32G0xx_HAL_Driver/Src/stm32g0xx_hal_rcc.c **** 
 649:Drivers/STM32G0xx_HAL_Driver/Src/stm32g0xx_hal_rcc.c ****   if (RCC_OscInitStruct->PLL.PLLState != RCC_PLL_NONE)
 987              		.loc 1 649 3 view .LVU317
 988              		.loc 1 649 29 is_stmt 0 view .LVU318
 989 0348 E369     		ldr	r3, [r4, #28]
 990              		.loc 1 649 6 view .LVU319
 991 034a 002B     		cmp	r3, #0
 992 034c 00D1     		bne	.LCB902
 993 034e 91E0     		b	.L88	@long jump
 994              	.LCB902:
 650:Drivers/STM32G0xx_HAL_Driver/Src/stm32g0xx_hal_rcc.c ****   {
 651:Drivers/STM32G0xx_HAL_Driver/Src/stm32g0xx_hal_rcc.c ****     /* Check if the PLL is used as system clock or not */
 652:Drivers/STM32G0xx_HAL_Driver/Src/stm32g0xx_hal_rcc.c ****     if (__HAL_RCC_GET_SYSCLK_SOURCE() != RCC_SYSCLKSOURCE_STATUS_PLLCLK)
 995              		.loc 1 652 5 is_stmt 1 view .LVU320
 996              		.loc 1 652 9 is_stmt 0 view .LVU321
 997 0350 4F4A     		ldr	r2, .L127
 998 0352 9168     		ldr	r1, [r2, #8]
 999 0354 3822     		movs	r2, #56
 1000 0356 0A40     		ands	r2, r1
 1001              		.loc 1 652 8 view .LVU322
 1002 0358 102A     		cmp	r2, #16
 1003 035a 5ED0     		beq	.L64
 653:Drivers/STM32G0xx_HAL_Driver/Src/stm32g0xx_hal_rcc.c ****     {
 654:Drivers/STM32G0xx_HAL_Driver/Src/stm32g0xx_hal_rcc.c ****       if (RCC_OscInitStruct->PLL.PLLState == RCC_PLL_ON)
 1004              		.loc 1 654 7 is_stmt 1 view .LVU323
 1005              		.loc 1 654 10 is_stmt 0 view .LVU324
 1006 035c 022B     		cmp	r3, #2
 1007 035e 18D0     		beq	.L121
 655:Drivers/STM32G0xx_HAL_Driver/Src/stm32g0xx_hal_rcc.c ****       {
 656:Drivers/STM32G0xx_HAL_Driver/Src/stm32g0xx_hal_rcc.c ****         /* Check the parameters */
 657:Drivers/STM32G0xx_HAL_Driver/Src/stm32g0xx_hal_rcc.c ****         assert_param(IS_RCC_PLLSOURCE(RCC_OscInitStruct->PLL.PLLSource));
 658:Drivers/STM32G0xx_HAL_Driver/Src/stm32g0xx_hal_rcc.c ****         assert_param(IS_RCC_PLLM_VALUE(RCC_OscInitStruct->PLL.PLLM));
 659:Drivers/STM32G0xx_HAL_Driver/Src/stm32g0xx_hal_rcc.c ****         assert_param(IS_RCC_PLLN_VALUE(RCC_OscInitStruct->PLL.PLLN));
 660:Drivers/STM32G0xx_HAL_Driver/Src/stm32g0xx_hal_rcc.c ****         assert_param(IS_RCC_PLLP_VALUE(RCC_OscInitStruct->PLL.PLLP));
 661:Drivers/STM32G0xx_HAL_Driver/Src/stm32g0xx_hal_rcc.c **** #if defined(RCC_PLLQ_SUPPORT)
 662:Drivers/STM32G0xx_HAL_Driver/Src/stm32g0xx_hal_rcc.c ****         assert_param(IS_RCC_PLLQ_VALUE(RCC_OscInitStruct->PLL.PLLQ));
 663:Drivers/STM32G0xx_HAL_Driver/Src/stm32g0xx_hal_rcc.c **** #endif /* RCC_PLLQ_SUPPORT */
 664:Drivers/STM32G0xx_HAL_Driver/Src/stm32g0xx_hal_rcc.c ****         assert_param(IS_RCC_PLLR_VALUE(RCC_OscInitStruct->PLL.PLLR));
 665:Drivers/STM32G0xx_HAL_Driver/Src/stm32g0xx_hal_rcc.c **** 
 666:Drivers/STM32G0xx_HAL_Driver/Src/stm32g0xx_hal_rcc.c ****         /* Disable the main PLL. */
 667:Drivers/STM32G0xx_HAL_Driver/Src/stm32g0xx_hal_rcc.c ****         __HAL_RCC_PLL_DISABLE();
 668:Drivers/STM32G0xx_HAL_Driver/Src/stm32g0xx_hal_rcc.c **** 
 669:Drivers/STM32G0xx_HAL_Driver/Src/stm32g0xx_hal_rcc.c ****         /* Get Start Tick*/
 670:Drivers/STM32G0xx_HAL_Driver/Src/stm32g0xx_hal_rcc.c ****         tickstart = HAL_GetTick();
 671:Drivers/STM32G0xx_HAL_Driver/Src/stm32g0xx_hal_rcc.c **** 
 672:Drivers/STM32G0xx_HAL_Driver/Src/stm32g0xx_hal_rcc.c ****         /* Wait till PLL is ready */
 673:Drivers/STM32G0xx_HAL_Driver/Src/stm32g0xx_hal_rcc.c ****         while (READ_BIT(RCC->CR, RCC_CR_PLLRDY) != 0U)
 674:Drivers/STM32G0xx_HAL_Driver/Src/stm32g0xx_hal_rcc.c ****         {
 675:Drivers/STM32G0xx_HAL_Driver/Src/stm32g0xx_hal_rcc.c ****           if ((HAL_GetTick() - tickstart) > PLL_TIMEOUT_VALUE)
 676:Drivers/STM32G0xx_HAL_Driver/Src/stm32g0xx_hal_rcc.c ****           {
 677:Drivers/STM32G0xx_HAL_Driver/Src/stm32g0xx_hal_rcc.c ****             return HAL_TIMEOUT;
 678:Drivers/STM32G0xx_HAL_Driver/Src/stm32g0xx_hal_rcc.c ****           }
 679:Drivers/STM32G0xx_HAL_Driver/Src/stm32g0xx_hal_rcc.c ****         }
 680:Drivers/STM32G0xx_HAL_Driver/Src/stm32g0xx_hal_rcc.c **** 
ARM GAS  C:\Users\Asus\AppData\Local\Temp\ccaANind.s 			page 33


 681:Drivers/STM32G0xx_HAL_Driver/Src/stm32g0xx_hal_rcc.c ****         /* Configure the main PLL clock source, multiplication and division factors. */
 682:Drivers/STM32G0xx_HAL_Driver/Src/stm32g0xx_hal_rcc.c **** #if defined(RCC_PLLQ_SUPPORT)
 683:Drivers/STM32G0xx_HAL_Driver/Src/stm32g0xx_hal_rcc.c ****         __HAL_RCC_PLL_CONFIG(RCC_OscInitStruct->PLL.PLLSource,
 684:Drivers/STM32G0xx_HAL_Driver/Src/stm32g0xx_hal_rcc.c ****                              RCC_OscInitStruct->PLL.PLLM,
 685:Drivers/STM32G0xx_HAL_Driver/Src/stm32g0xx_hal_rcc.c ****                              RCC_OscInitStruct->PLL.PLLN,
 686:Drivers/STM32G0xx_HAL_Driver/Src/stm32g0xx_hal_rcc.c ****                              RCC_OscInitStruct->PLL.PLLP,
 687:Drivers/STM32G0xx_HAL_Driver/Src/stm32g0xx_hal_rcc.c ****                              RCC_OscInitStruct->PLL.PLLQ,
 688:Drivers/STM32G0xx_HAL_Driver/Src/stm32g0xx_hal_rcc.c ****                              RCC_OscInitStruct->PLL.PLLR);
 689:Drivers/STM32G0xx_HAL_Driver/Src/stm32g0xx_hal_rcc.c **** #else /* !RCC_PLLQ_SUPPORT */
 690:Drivers/STM32G0xx_HAL_Driver/Src/stm32g0xx_hal_rcc.c ****         __HAL_RCC_PLL_CONFIG(RCC_OscInitStruct->PLL.PLLSource,
 691:Drivers/STM32G0xx_HAL_Driver/Src/stm32g0xx_hal_rcc.c ****                              RCC_OscInitStruct->PLL.PLLM,
 692:Drivers/STM32G0xx_HAL_Driver/Src/stm32g0xx_hal_rcc.c ****                              RCC_OscInitStruct->PLL.PLLN,
 693:Drivers/STM32G0xx_HAL_Driver/Src/stm32g0xx_hal_rcc.c ****                              RCC_OscInitStruct->PLL.PLLP,
 694:Drivers/STM32G0xx_HAL_Driver/Src/stm32g0xx_hal_rcc.c ****                              RCC_OscInitStruct->PLL.PLLR);
 695:Drivers/STM32G0xx_HAL_Driver/Src/stm32g0xx_hal_rcc.c **** #endif /* RCC_PLLQ_SUPPORT */
 696:Drivers/STM32G0xx_HAL_Driver/Src/stm32g0xx_hal_rcc.c **** 
 697:Drivers/STM32G0xx_HAL_Driver/Src/stm32g0xx_hal_rcc.c ****         /* Enable the main PLL. */
 698:Drivers/STM32G0xx_HAL_Driver/Src/stm32g0xx_hal_rcc.c ****         __HAL_RCC_PLL_ENABLE();
 699:Drivers/STM32G0xx_HAL_Driver/Src/stm32g0xx_hal_rcc.c **** 
 700:Drivers/STM32G0xx_HAL_Driver/Src/stm32g0xx_hal_rcc.c ****         /* Enable PLLR Clock output. */
 701:Drivers/STM32G0xx_HAL_Driver/Src/stm32g0xx_hal_rcc.c ****         __HAL_RCC_PLLCLKOUT_ENABLE(RCC_PLLRCLK);
 702:Drivers/STM32G0xx_HAL_Driver/Src/stm32g0xx_hal_rcc.c **** 
 703:Drivers/STM32G0xx_HAL_Driver/Src/stm32g0xx_hal_rcc.c ****         /* Get Start Tick*/
 704:Drivers/STM32G0xx_HAL_Driver/Src/stm32g0xx_hal_rcc.c ****         tickstart = HAL_GetTick();
 705:Drivers/STM32G0xx_HAL_Driver/Src/stm32g0xx_hal_rcc.c **** 
 706:Drivers/STM32G0xx_HAL_Driver/Src/stm32g0xx_hal_rcc.c ****         /* Wait till PLL is ready */
 707:Drivers/STM32G0xx_HAL_Driver/Src/stm32g0xx_hal_rcc.c ****         while (READ_BIT(RCC->CR, RCC_CR_PLLRDY) == 0U)
 708:Drivers/STM32G0xx_HAL_Driver/Src/stm32g0xx_hal_rcc.c ****         {
 709:Drivers/STM32G0xx_HAL_Driver/Src/stm32g0xx_hal_rcc.c ****           if ((HAL_GetTick() - tickstart) > PLL_TIMEOUT_VALUE)
 710:Drivers/STM32G0xx_HAL_Driver/Src/stm32g0xx_hal_rcc.c ****           {
 711:Drivers/STM32G0xx_HAL_Driver/Src/stm32g0xx_hal_rcc.c ****             return HAL_TIMEOUT;
 712:Drivers/STM32G0xx_HAL_Driver/Src/stm32g0xx_hal_rcc.c ****           }
 713:Drivers/STM32G0xx_HAL_Driver/Src/stm32g0xx_hal_rcc.c ****         }
 714:Drivers/STM32G0xx_HAL_Driver/Src/stm32g0xx_hal_rcc.c ****       }
 715:Drivers/STM32G0xx_HAL_Driver/Src/stm32g0xx_hal_rcc.c ****       else
 716:Drivers/STM32G0xx_HAL_Driver/Src/stm32g0xx_hal_rcc.c ****       {
 717:Drivers/STM32G0xx_HAL_Driver/Src/stm32g0xx_hal_rcc.c ****         /* Disable the main PLL. */
 718:Drivers/STM32G0xx_HAL_Driver/Src/stm32g0xx_hal_rcc.c ****         __HAL_RCC_PLL_DISABLE();
 1008              		.loc 1 718 9 is_stmt 1 view .LVU325
 1009 0360 4B4A     		ldr	r2, .L127
 1010 0362 1368     		ldr	r3, [r2]
 1011 0364 4B49     		ldr	r1, .L127+4
 1012 0366 0B40     		ands	r3, r1
 1013 0368 1360     		str	r3, [r2]
 719:Drivers/STM32G0xx_HAL_Driver/Src/stm32g0xx_hal_rcc.c **** 
 720:Drivers/STM32G0xx_HAL_Driver/Src/stm32g0xx_hal_rcc.c ****         /* Get Start Tick*/
 721:Drivers/STM32G0xx_HAL_Driver/Src/stm32g0xx_hal_rcc.c ****         tickstart = HAL_GetTick();
 1014              		.loc 1 721 9 view .LVU326
 1015              		.loc 1 721 21 is_stmt 0 view .LVU327
 1016 036a FFF7FEFF 		bl	HAL_GetTick
 1017              	.LVL77:
 1018 036e 0400     		movs	r4, r0
 1019              	.LVL78:
 722:Drivers/STM32G0xx_HAL_Driver/Src/stm32g0xx_hal_rcc.c **** 
 723:Drivers/STM32G0xx_HAL_Driver/Src/stm32g0xx_hal_rcc.c ****         /* Wait till PLL is disabled */
 724:Drivers/STM32G0xx_HAL_Driver/Src/stm32g0xx_hal_rcc.c ****         while (READ_BIT(RCC->CR, RCC_CR_PLLRDY) != 0U)
 1020              		.loc 1 724 9 is_stmt 1 view .LVU328
ARM GAS  C:\Users\Asus\AppData\Local\Temp\ccaANind.s 			page 34


 1021              	.L70:
 1022              		.loc 1 724 49 view .LVU329
 1023              		.loc 1 724 16 is_stmt 0 view .LVU330
 1024 0370 474B     		ldr	r3, .L127
 1025 0372 1B68     		ldr	r3, [r3]
 1026              		.loc 1 724 49 view .LVU331
 1027 0374 9B01     		lsls	r3, r3, #6
 1028 0376 49D5     		bpl	.L122
 725:Drivers/STM32G0xx_HAL_Driver/Src/stm32g0xx_hal_rcc.c ****         {
 726:Drivers/STM32G0xx_HAL_Driver/Src/stm32g0xx_hal_rcc.c ****           if ((HAL_GetTick() - tickstart) > PLL_TIMEOUT_VALUE)
 1029              		.loc 1 726 11 is_stmt 1 view .LVU332
 1030              		.loc 1 726 16 is_stmt 0 view .LVU333
 1031 0378 FFF7FEFF 		bl	HAL_GetTick
 1032              	.LVL79:
 1033              		.loc 1 726 30 view .LVU334
 1034 037c 001B     		subs	r0, r0, r4
 1035              		.loc 1 726 14 view .LVU335
 1036 037e 0228     		cmp	r0, #2
 1037 0380 F6D9     		bls	.L70
 727:Drivers/STM32G0xx_HAL_Driver/Src/stm32g0xx_hal_rcc.c ****           {
 728:Drivers/STM32G0xx_HAL_Driver/Src/stm32g0xx_hal_rcc.c ****             return HAL_TIMEOUT;
 1038              		.loc 1 728 20 view .LVU336
 1039 0382 0320     		movs	r0, #3
 1040 0384 6CE0     		b	.L18
 1041              	.LVL80:
 1042              	.L120:
 1043              	.LBB7:
 597:Drivers/STM32G0xx_HAL_Driver/Src/stm32g0xx_hal_rcc.c ****       }
 1044              		.loc 1 597 9 is_stmt 1 view .LVU337
 1045 0386 424A     		ldr	r2, .L127
 1046 0388 D36B     		ldr	r3, [r2, #60]
 1047 038a 4349     		ldr	r1, .L127+8
 1048 038c 0B40     		ands	r3, r1
 1049 038e D363     		str	r3, [r2, #60]
 1050 0390 DAE7     		b	.L49
 1051              	.LVL81:
 1052              	.L121:
 597:Drivers/STM32G0xx_HAL_Driver/Src/stm32g0xx_hal_rcc.c ****       }
 1053              		.loc 1 597 9 is_stmt 0 view .LVU338
 1054              	.LBE7:
 657:Drivers/STM32G0xx_HAL_Driver/Src/stm32g0xx_hal_rcc.c ****         assert_param(IS_RCC_PLLM_VALUE(RCC_OscInitStruct->PLL.PLLM));
 1055              		.loc 1 657 9 is_stmt 1 view .LVU339
 658:Drivers/STM32G0xx_HAL_Driver/Src/stm32g0xx_hal_rcc.c ****         assert_param(IS_RCC_PLLN_VALUE(RCC_OscInitStruct->PLL.PLLN));
 1056              		.loc 1 658 9 view .LVU340
 659:Drivers/STM32G0xx_HAL_Driver/Src/stm32g0xx_hal_rcc.c ****         assert_param(IS_RCC_PLLP_VALUE(RCC_OscInitStruct->PLL.PLLP));
 1057              		.loc 1 659 9 view .LVU341
 660:Drivers/STM32G0xx_HAL_Driver/Src/stm32g0xx_hal_rcc.c **** #if defined(RCC_PLLQ_SUPPORT)
 1058              		.loc 1 660 9 view .LVU342
 664:Drivers/STM32G0xx_HAL_Driver/Src/stm32g0xx_hal_rcc.c **** 
 1059              		.loc 1 664 9 view .LVU343
 667:Drivers/STM32G0xx_HAL_Driver/Src/stm32g0xx_hal_rcc.c **** 
 1060              		.loc 1 667 9 view .LVU344
 1061 0392 3F4A     		ldr	r2, .L127
 1062 0394 1368     		ldr	r3, [r2]
 1063 0396 3F49     		ldr	r1, .L127+4
 1064 0398 0B40     		ands	r3, r1
 1065 039a 1360     		str	r3, [r2]
ARM GAS  C:\Users\Asus\AppData\Local\Temp\ccaANind.s 			page 35


 670:Drivers/STM32G0xx_HAL_Driver/Src/stm32g0xx_hal_rcc.c **** 
 1066              		.loc 1 670 9 view .LVU345
 670:Drivers/STM32G0xx_HAL_Driver/Src/stm32g0xx_hal_rcc.c **** 
 1067              		.loc 1 670 21 is_stmt 0 view .LVU346
 1068 039c FFF7FEFF 		bl	HAL_GetTick
 1069              	.LVL82:
 1070 03a0 0500     		movs	r5, r0
 1071              	.LVL83:
 673:Drivers/STM32G0xx_HAL_Driver/Src/stm32g0xx_hal_rcc.c ****         {
 1072              		.loc 1 673 9 is_stmt 1 view .LVU347
 1073              	.L66:
 673:Drivers/STM32G0xx_HAL_Driver/Src/stm32g0xx_hal_rcc.c ****         {
 1074              		.loc 1 673 49 view .LVU348
 673:Drivers/STM32G0xx_HAL_Driver/Src/stm32g0xx_hal_rcc.c ****         {
 1075              		.loc 1 673 16 is_stmt 0 view .LVU349
 1076 03a2 3B4B     		ldr	r3, .L127
 1077 03a4 1B68     		ldr	r3, [r3]
 673:Drivers/STM32G0xx_HAL_Driver/Src/stm32g0xx_hal_rcc.c ****         {
 1078              		.loc 1 673 49 view .LVU350
 1079 03a6 9B01     		lsls	r3, r3, #6
 1080 03a8 06D5     		bpl	.L123
 675:Drivers/STM32G0xx_HAL_Driver/Src/stm32g0xx_hal_rcc.c ****           {
 1081              		.loc 1 675 11 is_stmt 1 view .LVU351
 675:Drivers/STM32G0xx_HAL_Driver/Src/stm32g0xx_hal_rcc.c ****           {
 1082              		.loc 1 675 16 is_stmt 0 view .LVU352
 1083 03aa FFF7FEFF 		bl	HAL_GetTick
 1084              	.LVL84:
 675:Drivers/STM32G0xx_HAL_Driver/Src/stm32g0xx_hal_rcc.c ****           {
 1085              		.loc 1 675 30 view .LVU353
 1086 03ae 401B     		subs	r0, r0, r5
 675:Drivers/STM32G0xx_HAL_Driver/Src/stm32g0xx_hal_rcc.c ****           {
 1087              		.loc 1 675 14 view .LVU354
 1088 03b0 0228     		cmp	r0, #2
 1089 03b2 F6D9     		bls	.L66
 677:Drivers/STM32G0xx_HAL_Driver/Src/stm32g0xx_hal_rcc.c ****           }
 1090              		.loc 1 677 20 view .LVU355
 1091 03b4 0320     		movs	r0, #3
 1092 03b6 53E0     		b	.L18
 1093              	.L123:
 690:Drivers/STM32G0xx_HAL_Driver/Src/stm32g0xx_hal_rcc.c ****                              RCC_OscInitStruct->PLL.PLLM,
 1094              		.loc 1 690 9 is_stmt 1 view .LVU356
 1095 03b8 354A     		ldr	r2, .L127
 1096 03ba D368     		ldr	r3, [r2, #12]
 1097 03bc 3749     		ldr	r1, .L127+12
 1098 03be 1940     		ands	r1, r3
 1099 03c0 236A     		ldr	r3, [r4, #32]
 1100 03c2 606A     		ldr	r0, [r4, #36]
 1101 03c4 0343     		orrs	r3, r0
 1102 03c6 A06A     		ldr	r0, [r4, #40]
 1103 03c8 0002     		lsls	r0, r0, #8
 1104 03ca 0343     		orrs	r3, r0
 1105 03cc E06A     		ldr	r0, [r4, #44]
 1106 03ce 0343     		orrs	r3, r0
 1107 03d0 206B     		ldr	r0, [r4, #48]
 1108 03d2 0343     		orrs	r3, r0
 1109 03d4 0B43     		orrs	r3, r1
 1110 03d6 D360     		str	r3, [r2, #12]
ARM GAS  C:\Users\Asus\AppData\Local\Temp\ccaANind.s 			page 36


 698:Drivers/STM32G0xx_HAL_Driver/Src/stm32g0xx_hal_rcc.c **** 
 1111              		.loc 1 698 9 view .LVU357
 1112 03d8 1168     		ldr	r1, [r2]
 1113 03da 8023     		movs	r3, #128
 1114 03dc 5B04     		lsls	r3, r3, #17
 1115 03de 0B43     		orrs	r3, r1
 1116 03e0 1360     		str	r3, [r2]
 701:Drivers/STM32G0xx_HAL_Driver/Src/stm32g0xx_hal_rcc.c **** 
 1117              		.loc 1 701 9 view .LVU358
 1118 03e2 D168     		ldr	r1, [r2, #12]
 1119 03e4 8023     		movs	r3, #128
 1120 03e6 5B05     		lsls	r3, r3, #21
 1121 03e8 0B43     		orrs	r3, r1
 1122 03ea D360     		str	r3, [r2, #12]
 704:Drivers/STM32G0xx_HAL_Driver/Src/stm32g0xx_hal_rcc.c **** 
 1123              		.loc 1 704 9 view .LVU359
 704:Drivers/STM32G0xx_HAL_Driver/Src/stm32g0xx_hal_rcc.c **** 
 1124              		.loc 1 704 21 is_stmt 0 view .LVU360
 1125 03ec FFF7FEFF 		bl	HAL_GetTick
 1126              	.LVL85:
 1127 03f0 0400     		movs	r4, r0
 1128              	.LVL86:
 707:Drivers/STM32G0xx_HAL_Driver/Src/stm32g0xx_hal_rcc.c ****         {
 1129              		.loc 1 707 9 is_stmt 1 view .LVU361
 1130              	.L68:
 707:Drivers/STM32G0xx_HAL_Driver/Src/stm32g0xx_hal_rcc.c ****         {
 1131              		.loc 1 707 49 view .LVU362
 707:Drivers/STM32G0xx_HAL_Driver/Src/stm32g0xx_hal_rcc.c ****         {
 1132              		.loc 1 707 16 is_stmt 0 view .LVU363
 1133 03f2 274B     		ldr	r3, .L127
 1134 03f4 1B68     		ldr	r3, [r3]
 707:Drivers/STM32G0xx_HAL_Driver/Src/stm32g0xx_hal_rcc.c ****         {
 1135              		.loc 1 707 49 view .LVU364
 1136 03f6 9B01     		lsls	r3, r3, #6
 1137 03f8 06D4     		bmi	.L124
 709:Drivers/STM32G0xx_HAL_Driver/Src/stm32g0xx_hal_rcc.c ****           {
 1138              		.loc 1 709 11 is_stmt 1 view .LVU365
 709:Drivers/STM32G0xx_HAL_Driver/Src/stm32g0xx_hal_rcc.c ****           {
 1139              		.loc 1 709 16 is_stmt 0 view .LVU366
 1140 03fa FFF7FEFF 		bl	HAL_GetTick
 1141              	.LVL87:
 709:Drivers/STM32G0xx_HAL_Driver/Src/stm32g0xx_hal_rcc.c ****           {
 1142              		.loc 1 709 30 view .LVU367
 1143 03fe 001B     		subs	r0, r0, r4
 709:Drivers/STM32G0xx_HAL_Driver/Src/stm32g0xx_hal_rcc.c ****           {
 1144              		.loc 1 709 14 view .LVU368
 1145 0400 0228     		cmp	r0, #2
 1146 0402 F6D9     		bls	.L68
 711:Drivers/STM32G0xx_HAL_Driver/Src/stm32g0xx_hal_rcc.c ****           }
 1147              		.loc 1 711 20 view .LVU369
 1148 0404 0320     		movs	r0, #3
 1149 0406 2BE0     		b	.L18
 1150              	.L124:
 729:Drivers/STM32G0xx_HAL_Driver/Src/stm32g0xx_hal_rcc.c ****           }
 730:Drivers/STM32G0xx_HAL_Driver/Src/stm32g0xx_hal_rcc.c ****         }
 731:Drivers/STM32G0xx_HAL_Driver/Src/stm32g0xx_hal_rcc.c ****         /* Unselect main PLL clock source and disable main PLL outputs to save power */
 732:Drivers/STM32G0xx_HAL_Driver/Src/stm32g0xx_hal_rcc.c **** #if defined(RCC_PLLQ_SUPPORT)
ARM GAS  C:\Users\Asus\AppData\Local\Temp\ccaANind.s 			page 37


 733:Drivers/STM32G0xx_HAL_Driver/Src/stm32g0xx_hal_rcc.c ****         RCC->PLLCFGR &= ~(RCC_PLLCFGR_PLLSRC | RCC_PLLCFGR_PLLPEN | RCC_PLLCFGR_PLLQEN | RCC_PLLCFG
 734:Drivers/STM32G0xx_HAL_Driver/Src/stm32g0xx_hal_rcc.c **** #else
 735:Drivers/STM32G0xx_HAL_Driver/Src/stm32g0xx_hal_rcc.c ****         RCC->PLLCFGR &= ~(RCC_PLLCFGR_PLLSRC | RCC_PLLCFGR_PLLPEN | RCC_PLLCFGR_PLLREN);
 736:Drivers/STM32G0xx_HAL_Driver/Src/stm32g0xx_hal_rcc.c **** #endif /* RCC_PLLQ_SUPPORT */
 737:Drivers/STM32G0xx_HAL_Driver/Src/stm32g0xx_hal_rcc.c ****       }
 738:Drivers/STM32G0xx_HAL_Driver/Src/stm32g0xx_hal_rcc.c ****     }
 739:Drivers/STM32G0xx_HAL_Driver/Src/stm32g0xx_hal_rcc.c ****     else
 740:Drivers/STM32G0xx_HAL_Driver/Src/stm32g0xx_hal_rcc.c ****     {
 741:Drivers/STM32G0xx_HAL_Driver/Src/stm32g0xx_hal_rcc.c ****       /* Check if there is a request to disable the PLL used as System clock source */
 742:Drivers/STM32G0xx_HAL_Driver/Src/stm32g0xx_hal_rcc.c ****       if ((RCC_OscInitStruct->PLL.PLLState) == RCC_PLL_OFF)
 743:Drivers/STM32G0xx_HAL_Driver/Src/stm32g0xx_hal_rcc.c ****       {
 744:Drivers/STM32G0xx_HAL_Driver/Src/stm32g0xx_hal_rcc.c ****         return HAL_ERROR;
 745:Drivers/STM32G0xx_HAL_Driver/Src/stm32g0xx_hal_rcc.c ****       }
 746:Drivers/STM32G0xx_HAL_Driver/Src/stm32g0xx_hal_rcc.c ****       else
 747:Drivers/STM32G0xx_HAL_Driver/Src/stm32g0xx_hal_rcc.c ****       {
 748:Drivers/STM32G0xx_HAL_Driver/Src/stm32g0xx_hal_rcc.c ****         /* Do not return HAL_ERROR if request repeats the current configuration */
 749:Drivers/STM32G0xx_HAL_Driver/Src/stm32g0xx_hal_rcc.c ****         temp_pllckcfg = RCC->PLLCFGR;
 750:Drivers/STM32G0xx_HAL_Driver/Src/stm32g0xx_hal_rcc.c ****         if ((READ_BIT(temp_pllckcfg, RCC_PLLCFGR_PLLSRC) != RCC_OscInitStruct->PLL.PLLSource) ||
 751:Drivers/STM32G0xx_HAL_Driver/Src/stm32g0xx_hal_rcc.c ****             (READ_BIT(temp_pllckcfg, RCC_PLLCFGR_PLLM) != RCC_OscInitStruct->PLL.PLLM) ||
 752:Drivers/STM32G0xx_HAL_Driver/Src/stm32g0xx_hal_rcc.c ****             (READ_BIT(temp_pllckcfg, RCC_PLLCFGR_PLLN) != (RCC_OscInitStruct->PLL.PLLN << RCC_PLLCF
 753:Drivers/STM32G0xx_HAL_Driver/Src/stm32g0xx_hal_rcc.c ****             (READ_BIT(temp_pllckcfg, RCC_PLLCFGR_PLLP) != RCC_OscInitStruct->PLL.PLLP) ||
 754:Drivers/STM32G0xx_HAL_Driver/Src/stm32g0xx_hal_rcc.c **** #if defined (RCC_PLLQ_SUPPORT)
 755:Drivers/STM32G0xx_HAL_Driver/Src/stm32g0xx_hal_rcc.c ****             (READ_BIT(temp_pllckcfg, RCC_PLLCFGR_PLLQ) != RCC_OscInitStruct->PLL.PLLQ) ||
 756:Drivers/STM32G0xx_HAL_Driver/Src/stm32g0xx_hal_rcc.c **** #endif /* RCC_PLLQ_SUPPORT */
 757:Drivers/STM32G0xx_HAL_Driver/Src/stm32g0xx_hal_rcc.c ****             (READ_BIT(temp_pllckcfg, RCC_PLLCFGR_PLLR) != RCC_OscInitStruct->PLL.PLLR))
 758:Drivers/STM32G0xx_HAL_Driver/Src/stm32g0xx_hal_rcc.c ****         {
 759:Drivers/STM32G0xx_HAL_Driver/Src/stm32g0xx_hal_rcc.c ****           return HAL_ERROR;
 760:Drivers/STM32G0xx_HAL_Driver/Src/stm32g0xx_hal_rcc.c ****         }
 761:Drivers/STM32G0xx_HAL_Driver/Src/stm32g0xx_hal_rcc.c ****       }
 762:Drivers/STM32G0xx_HAL_Driver/Src/stm32g0xx_hal_rcc.c ****     }
 763:Drivers/STM32G0xx_HAL_Driver/Src/stm32g0xx_hal_rcc.c ****   }
 764:Drivers/STM32G0xx_HAL_Driver/Src/stm32g0xx_hal_rcc.c ****   return HAL_OK;
 1151              		.loc 1 764 10 view .LVU370
 1152 0408 0020     		movs	r0, #0
 1153 040a 29E0     		b	.L18
 1154              	.L122:
 735:Drivers/STM32G0xx_HAL_Driver/Src/stm32g0xx_hal_rcc.c **** #endif /* RCC_PLLQ_SUPPORT */
 1155              		.loc 1 735 9 is_stmt 1 view .LVU371
 735:Drivers/STM32G0xx_HAL_Driver/Src/stm32g0xx_hal_rcc.c **** #endif /* RCC_PLLQ_SUPPORT */
 1156              		.loc 1 735 12 is_stmt 0 view .LVU372
 1157 040c 204A     		ldr	r2, .L127
 1158 040e D368     		ldr	r3, [r2, #12]
 735:Drivers/STM32G0xx_HAL_Driver/Src/stm32g0xx_hal_rcc.c **** #endif /* RCC_PLLQ_SUPPORT */
 1159              		.loc 1 735 22 view .LVU373
 1160 0410 2349     		ldr	r1, .L127+16
 1161 0412 0B40     		ands	r3, r1
 1162 0414 D360     		str	r3, [r2, #12]
 1163              		.loc 1 764 10 view .LVU374
 1164 0416 0020     		movs	r0, #0
 1165 0418 22E0     		b	.L18
 1166              	.LVL88:
 1167              	.L64:
 742:Drivers/STM32G0xx_HAL_Driver/Src/stm32g0xx_hal_rcc.c ****       {
 1168              		.loc 1 742 7 is_stmt 1 view .LVU375
 742:Drivers/STM32G0xx_HAL_Driver/Src/stm32g0xx_hal_rcc.c ****       {
 1169              		.loc 1 742 10 is_stmt 0 view .LVU376
 1170 041a 012B     		cmp	r3, #1
ARM GAS  C:\Users\Asus\AppData\Local\Temp\ccaANind.s 			page 38


 1171 041c 2CD0     		beq	.L92
 749:Drivers/STM32G0xx_HAL_Driver/Src/stm32g0xx_hal_rcc.c ****         if ((READ_BIT(temp_pllckcfg, RCC_PLLCFGR_PLLSRC) != RCC_OscInitStruct->PLL.PLLSource) ||
 1172              		.loc 1 749 9 is_stmt 1 view .LVU377
 749:Drivers/STM32G0xx_HAL_Driver/Src/stm32g0xx_hal_rcc.c ****         if ((READ_BIT(temp_pllckcfg, RCC_PLLCFGR_PLLSRC) != RCC_OscInitStruct->PLL.PLLSource) ||
 1173              		.loc 1 749 23 is_stmt 0 view .LVU378
 1174 041e 1C4B     		ldr	r3, .L127
 1175 0420 DA68     		ldr	r2, [r3, #12]
 1176              	.LVL89:
 750:Drivers/STM32G0xx_HAL_Driver/Src/stm32g0xx_hal_rcc.c ****             (READ_BIT(temp_pllckcfg, RCC_PLLCFGR_PLLM) != RCC_OscInitStruct->PLL.PLLM) ||
 1177              		.loc 1 750 9 is_stmt 1 view .LVU379
 750:Drivers/STM32G0xx_HAL_Driver/Src/stm32g0xx_hal_rcc.c ****             (READ_BIT(temp_pllckcfg, RCC_PLLCFGR_PLLM) != RCC_OscInitStruct->PLL.PLLM) ||
 1178              		.loc 1 750 14 is_stmt 0 view .LVU380
 1179 0422 0323     		movs	r3, #3
 1180 0424 1340     		ands	r3, r2
 750:Drivers/STM32G0xx_HAL_Driver/Src/stm32g0xx_hal_rcc.c ****             (READ_BIT(temp_pllckcfg, RCC_PLLCFGR_PLLM) != RCC_OscInitStruct->PLL.PLLM) ||
 1181              		.loc 1 750 83 view .LVU381
 1182 0426 216A     		ldr	r1, [r4, #32]
 750:Drivers/STM32G0xx_HAL_Driver/Src/stm32g0xx_hal_rcc.c ****             (READ_BIT(temp_pllckcfg, RCC_PLLCFGR_PLLM) != RCC_OscInitStruct->PLL.PLLM) ||
 1183              		.loc 1 750 12 view .LVU382
 1184 0428 8B42     		cmp	r3, r1
 1185 042a 27D1     		bne	.L93
 751:Drivers/STM32G0xx_HAL_Driver/Src/stm32g0xx_hal_rcc.c ****             (READ_BIT(temp_pllckcfg, RCC_PLLCFGR_PLLN) != (RCC_OscInitStruct->PLL.PLLN << RCC_PLLCF
 1186              		.loc 1 751 14 discriminator 1 view .LVU383
 1187 042c 7023     		movs	r3, #112
 1188 042e 1340     		ands	r3, r2
 751:Drivers/STM32G0xx_HAL_Driver/Src/stm32g0xx_hal_rcc.c ****             (READ_BIT(temp_pllckcfg, RCC_PLLCFGR_PLLN) != (RCC_OscInitStruct->PLL.PLLN << RCC_PLLCF
 1189              		.loc 1 751 81 discriminator 1 view .LVU384
 1190 0430 616A     		ldr	r1, [r4, #36]
 750:Drivers/STM32G0xx_HAL_Driver/Src/stm32g0xx_hal_rcc.c ****             (READ_BIT(temp_pllckcfg, RCC_PLLCFGR_PLLM) != RCC_OscInitStruct->PLL.PLLM) ||
 1191              		.loc 1 750 95 discriminator 1 view .LVU385
 1192 0432 8B42     		cmp	r3, r1
 1193 0434 24D1     		bne	.L94
 752:Drivers/STM32G0xx_HAL_Driver/Src/stm32g0xx_hal_rcc.c ****             (READ_BIT(temp_pllckcfg, RCC_PLLCFGR_PLLP) != RCC_OscInitStruct->PLL.PLLP) ||
 1194              		.loc 1 752 14 view .LVU386
 1195 0436 FE21     		movs	r1, #254
 1196 0438 C901     		lsls	r1, r1, #7
 1197 043a 1140     		ands	r1, r2
 752:Drivers/STM32G0xx_HAL_Driver/Src/stm32g0xx_hal_rcc.c ****             (READ_BIT(temp_pllckcfg, RCC_PLLCFGR_PLLP) != RCC_OscInitStruct->PLL.PLLP) ||
 1198              		.loc 1 752 82 view .LVU387
 1199 043c A36A     		ldr	r3, [r4, #40]
 752:Drivers/STM32G0xx_HAL_Driver/Src/stm32g0xx_hal_rcc.c ****             (READ_BIT(temp_pllckcfg, RCC_PLLCFGR_PLLP) != RCC_OscInitStruct->PLL.PLLP) ||
 1200              		.loc 1 752 88 view .LVU388
 1201 043e 1B02     		lsls	r3, r3, #8
 751:Drivers/STM32G0xx_HAL_Driver/Src/stm32g0xx_hal_rcc.c ****             (READ_BIT(temp_pllckcfg, RCC_PLLCFGR_PLLN) != (RCC_OscInitStruct->PLL.PLLN << RCC_PLLCF
 1202              		.loc 1 751 88 view .LVU389
 1203 0440 9942     		cmp	r1, r3
 1204 0442 1FD1     		bne	.L95
 753:Drivers/STM32G0xx_HAL_Driver/Src/stm32g0xx_hal_rcc.c **** #if defined (RCC_PLLQ_SUPPORT)
 1205              		.loc 1 753 14 view .LVU390
 1206 0444 F823     		movs	r3, #248
 1207 0446 9B03     		lsls	r3, r3, #14
 1208 0448 1340     		ands	r3, r2
 753:Drivers/STM32G0xx_HAL_Driver/Src/stm32g0xx_hal_rcc.c **** #if defined (RCC_PLLQ_SUPPORT)
 1209              		.loc 1 753 81 view .LVU391
 1210 044a E16A     		ldr	r1, [r4, #44]
 752:Drivers/STM32G0xx_HAL_Driver/Src/stm32g0xx_hal_rcc.c ****             (READ_BIT(temp_pllckcfg, RCC_PLLCFGR_PLLP) != RCC_OscInitStruct->PLL.PLLP) ||
 1211              		.loc 1 752 114 view .LVU392
ARM GAS  C:\Users\Asus\AppData\Local\Temp\ccaANind.s 			page 39


 1212 044c 8B42     		cmp	r3, r1
 1213 044e 1BD1     		bne	.L96
 757:Drivers/STM32G0xx_HAL_Driver/Src/stm32g0xx_hal_rcc.c ****         {
 1214              		.loc 1 757 14 view .LVU393
 1215 0450 520F     		lsrs	r2, r2, #29
 1216              	.LVL90:
 757:Drivers/STM32G0xx_HAL_Driver/Src/stm32g0xx_hal_rcc.c ****         {
 1217              		.loc 1 757 14 view .LVU394
 1218 0452 5207     		lsls	r2, r2, #29
 757:Drivers/STM32G0xx_HAL_Driver/Src/stm32g0xx_hal_rcc.c ****         {
 1219              		.loc 1 757 81 view .LVU395
 1220 0454 236B     		ldr	r3, [r4, #48]
 753:Drivers/STM32G0xx_HAL_Driver/Src/stm32g0xx_hal_rcc.c **** #if defined (RCC_PLLQ_SUPPORT)
 1221              		.loc 1 753 88 view .LVU396
 1222 0456 9A42     		cmp	r2, r3
 1223 0458 18D1     		bne	.L97
 1224              		.loc 1 764 10 view .LVU397
 1225 045a 0020     		movs	r0, #0
 1226 045c 00E0     		b	.L18
 1227              	.LVL91:
 1228              	.L72:
 318:Drivers/STM32G0xx_HAL_Driver/Src/stm32g0xx_hal_rcc.c ****   }
 1229              		.loc 1 318 12 view .LVU398
 1230 045e 0120     		movs	r0, #1
 1231              	.LVL92:
 1232              	.L18:
 765:Drivers/STM32G0xx_HAL_Driver/Src/stm32g0xx_hal_rcc.c **** }
 1233              		.loc 1 765 1 view .LVU399
 1234 0460 02B0     		add	sp, sp, #8
 1235              		@ sp needed
 1236 0462 70BD     		pop	{r4, r5, r6, pc}
 1237              	.LVL93:
 1238              	.L110:
 339:Drivers/STM32G0xx_HAL_Driver/Src/stm32g0xx_hal_rcc.c ****       }
 1239              		.loc 1 339 16 view .LVU400
 1240 0464 0120     		movs	r0, #1
 1241              	.LVL94:
 339:Drivers/STM32G0xx_HAL_Driver/Src/stm32g0xx_hal_rcc.c ****       }
 1242              		.loc 1 339 16 view .LVU401
 1243 0466 FBE7     		b	.L18
 1244              	.LVL95:
 1245              	.L76:
 395:Drivers/STM32G0xx_HAL_Driver/Src/stm32g0xx_hal_rcc.c ****       }
 1246              		.loc 1 395 16 view .LVU402
 1247 0468 0120     		movs	r0, #1
 1248 046a F9E7     		b	.L18
 1249              	.LVL96:
 1250              	.L112:
 415:Drivers/STM32G0xx_HAL_Driver/Src/stm32g0xx_hal_rcc.c ****         }
 1251              		.loc 1 415 18 view .LVU403
 1252 046c 0120     		movs	r0, #1
 1253 046e F7E7     		b	.L18
 1254              	.LVL97:
 1255              	.L115:
 476:Drivers/STM32G0xx_HAL_Driver/Src/stm32g0xx_hal_rcc.c ****       }
 1256              		.loc 1 476 16 view .LVU404
 1257 0470 0120     		movs	r0, #1
ARM GAS  C:\Users\Asus\AppData\Local\Temp\ccaANind.s 			page 40


 1258 0472 F5E7     		b	.L18
 1259              	.L88:
 764:Drivers/STM32G0xx_HAL_Driver/Src/stm32g0xx_hal_rcc.c **** }
 1260              		.loc 1 764 10 view .LVU405
 1261 0474 0020     		movs	r0, #0
 1262 0476 F3E7     		b	.L18
 1263              	.L92:
 744:Drivers/STM32G0xx_HAL_Driver/Src/stm32g0xx_hal_rcc.c ****       }
 1264              		.loc 1 744 16 view .LVU406
 1265 0478 0120     		movs	r0, #1
 1266 047a F1E7     		b	.L18
 1267              	.LVL98:
 1268              	.L93:
 759:Drivers/STM32G0xx_HAL_Driver/Src/stm32g0xx_hal_rcc.c ****         }
 1269              		.loc 1 759 18 view .LVU407
 1270 047c 0120     		movs	r0, #1
 1271 047e EFE7     		b	.L18
 1272              	.L94:
 1273 0480 0120     		movs	r0, #1
 1274 0482 EDE7     		b	.L18
 1275              	.L95:
 1276 0484 0120     		movs	r0, #1
 1277 0486 EBE7     		b	.L18
 1278              	.L96:
 1279 0488 0120     		movs	r0, #1
 1280 048a E9E7     		b	.L18
 1281              	.LVL99:
 1282              	.L97:
 759:Drivers/STM32G0xx_HAL_Driver/Src/stm32g0xx_hal_rcc.c ****         }
 1283              		.loc 1 759 18 view .LVU408
 1284 048c 0120     		movs	r0, #1
 1285 048e E7E7     		b	.L18
 1286              	.L128:
 1287              		.align	2
 1288              	.L127:
 1289 0490 00100240 		.word	1073876992
 1290 0494 FFFFFFFE 		.word	-16777217
 1291 0498 FFFFFFEF 		.word	-268435457
 1292 049c 8C80C11F 		.word	532775052
 1293 04a0 FCFFFEEF 		.word	-268500996
 1294              		.cfi_endproc
 1295              	.LFE311:
 1297              		.section	.text.HAL_RCC_MCOConfig,"ax",%progbits
 1298              		.align	1
 1299              		.global	HAL_RCC_MCOConfig
 1300              		.syntax unified
 1301              		.code	16
 1302              		.thumb_func
 1304              	HAL_RCC_MCOConfig:
 1305              	.LVL100:
 1306              	.LFB313:
 766:Drivers/STM32G0xx_HAL_Driver/Src/stm32g0xx_hal_rcc.c **** 
 767:Drivers/STM32G0xx_HAL_Driver/Src/stm32g0xx_hal_rcc.c **** /**
 768:Drivers/STM32G0xx_HAL_Driver/Src/stm32g0xx_hal_rcc.c ****   * @brief  Initialize the CPU, AHB and APB buses clocks according to the specified
 769:Drivers/STM32G0xx_HAL_Driver/Src/stm32g0xx_hal_rcc.c ****   *         parameters in the RCC_ClkInitStruct.
 770:Drivers/STM32G0xx_HAL_Driver/Src/stm32g0xx_hal_rcc.c ****   * @param  RCC_ClkInitStruct  pointer to a @ref RCC_ClkInitTypeDef structure that
 771:Drivers/STM32G0xx_HAL_Driver/Src/stm32g0xx_hal_rcc.c ****   *         contains the configuration information for the RCC peripheral.
ARM GAS  C:\Users\Asus\AppData\Local\Temp\ccaANind.s 			page 41


 772:Drivers/STM32G0xx_HAL_Driver/Src/stm32g0xx_hal_rcc.c ****   * @param  FLatency  FLASH Latency
 773:Drivers/STM32G0xx_HAL_Driver/Src/stm32g0xx_hal_rcc.c ****   *          This parameter can be one of the following values:
 774:Drivers/STM32G0xx_HAL_Driver/Src/stm32g0xx_hal_rcc.c ****   *            @arg FLASH_LATENCY_0   FLASH 0 Latency cycle
 775:Drivers/STM32G0xx_HAL_Driver/Src/stm32g0xx_hal_rcc.c ****   *            @arg FLASH_LATENCY_1   FLASH 1 Latency cycle
 776:Drivers/STM32G0xx_HAL_Driver/Src/stm32g0xx_hal_rcc.c ****   *
 777:Drivers/STM32G0xx_HAL_Driver/Src/stm32g0xx_hal_rcc.c ****   * @note   The SystemCoreClock CMSIS variable is used to store System Clock Frequency
 778:Drivers/STM32G0xx_HAL_Driver/Src/stm32g0xx_hal_rcc.c ****   *         and updated by @ref HAL_RCC_GetHCLKFreq() function called within this function
 779:Drivers/STM32G0xx_HAL_Driver/Src/stm32g0xx_hal_rcc.c ****   *
 780:Drivers/STM32G0xx_HAL_Driver/Src/stm32g0xx_hal_rcc.c ****   * @note   The HSI is used by default as system clock source after
 781:Drivers/STM32G0xx_HAL_Driver/Src/stm32g0xx_hal_rcc.c ****   *         startup from Reset, wake-up from STANDBY mode. After restart from Reset,
 782:Drivers/STM32G0xx_HAL_Driver/Src/stm32g0xx_hal_rcc.c ****   *         the HSI frequency is set to 8 Mhz, then it reaches its default value 16 MHz.
 783:Drivers/STM32G0xx_HAL_Driver/Src/stm32g0xx_hal_rcc.c ****   *
 784:Drivers/STM32G0xx_HAL_Driver/Src/stm32g0xx_hal_rcc.c ****   * @note   The HSI can be selected as system clock source after
 785:Drivers/STM32G0xx_HAL_Driver/Src/stm32g0xx_hal_rcc.c ****   *         from STOP modes or in case of failure of the HSE used directly or indirectly
 786:Drivers/STM32G0xx_HAL_Driver/Src/stm32g0xx_hal_rcc.c ****   *         as system clock (if the Clock Security System CSS is enabled).
 787:Drivers/STM32G0xx_HAL_Driver/Src/stm32g0xx_hal_rcc.c ****   *
 788:Drivers/STM32G0xx_HAL_Driver/Src/stm32g0xx_hal_rcc.c ****   * @note   The LSI can be selected as system clock source after
 789:Drivers/STM32G0xx_HAL_Driver/Src/stm32g0xx_hal_rcc.c ****   *         in case of failure of the LSE used directly or indirectly
 790:Drivers/STM32G0xx_HAL_Driver/Src/stm32g0xx_hal_rcc.c ****   *         as system clock (if the Clock Security System LSECSS is enabled).
 791:Drivers/STM32G0xx_HAL_Driver/Src/stm32g0xx_hal_rcc.c ****   *
 792:Drivers/STM32G0xx_HAL_Driver/Src/stm32g0xx_hal_rcc.c ****   * @note   A switch from one clock source to another occurs only if the target
 793:Drivers/STM32G0xx_HAL_Driver/Src/stm32g0xx_hal_rcc.c ****   *         clock source is ready (clock stable after startup delay or PLL locked).
 794:Drivers/STM32G0xx_HAL_Driver/Src/stm32g0xx_hal_rcc.c ****   *         If a clock source which is not yet ready is selected, the switch will
 795:Drivers/STM32G0xx_HAL_Driver/Src/stm32g0xx_hal_rcc.c ****   *         occur when the clock source is ready.
 796:Drivers/STM32G0xx_HAL_Driver/Src/stm32g0xx_hal_rcc.c ****   *
 797:Drivers/STM32G0xx_HAL_Driver/Src/stm32g0xx_hal_rcc.c ****   * @note   You can use @ref HAL_RCC_GetClockConfig() function to know which clock is
 798:Drivers/STM32G0xx_HAL_Driver/Src/stm32g0xx_hal_rcc.c ****   *         currently used as system clock source.
 799:Drivers/STM32G0xx_HAL_Driver/Src/stm32g0xx_hal_rcc.c ****   *
 800:Drivers/STM32G0xx_HAL_Driver/Src/stm32g0xx_hal_rcc.c ****   * @note   Depending on the device voltage range, the software has to set correctly
 801:Drivers/STM32G0xx_HAL_Driver/Src/stm32g0xx_hal_rcc.c ****   *         HPRE[3:0] bits to ensure that HCLK not exceed the maximum allowed frequency
 802:Drivers/STM32G0xx_HAL_Driver/Src/stm32g0xx_hal_rcc.c ****   *         (for more details refer to section above "Initialization/de-initialization functions")
 803:Drivers/STM32G0xx_HAL_Driver/Src/stm32g0xx_hal_rcc.c ****   * @retval None
 804:Drivers/STM32G0xx_HAL_Driver/Src/stm32g0xx_hal_rcc.c ****   */
 805:Drivers/STM32G0xx_HAL_Driver/Src/stm32g0xx_hal_rcc.c **** HAL_StatusTypeDef HAL_RCC_ClockConfig(RCC_ClkInitTypeDef  *RCC_ClkInitStruct, uint32_t FLatency)
 806:Drivers/STM32G0xx_HAL_Driver/Src/stm32g0xx_hal_rcc.c **** {
 807:Drivers/STM32G0xx_HAL_Driver/Src/stm32g0xx_hal_rcc.c ****   uint32_t tickstart;
 808:Drivers/STM32G0xx_HAL_Driver/Src/stm32g0xx_hal_rcc.c **** 
 809:Drivers/STM32G0xx_HAL_Driver/Src/stm32g0xx_hal_rcc.c ****   /* Check Null pointer */
 810:Drivers/STM32G0xx_HAL_Driver/Src/stm32g0xx_hal_rcc.c ****   if (RCC_ClkInitStruct == NULL)
 811:Drivers/STM32G0xx_HAL_Driver/Src/stm32g0xx_hal_rcc.c ****   {
 812:Drivers/STM32G0xx_HAL_Driver/Src/stm32g0xx_hal_rcc.c ****     return HAL_ERROR;
 813:Drivers/STM32G0xx_HAL_Driver/Src/stm32g0xx_hal_rcc.c ****   }
 814:Drivers/STM32G0xx_HAL_Driver/Src/stm32g0xx_hal_rcc.c **** 
 815:Drivers/STM32G0xx_HAL_Driver/Src/stm32g0xx_hal_rcc.c ****   /* Check the parameters */
 816:Drivers/STM32G0xx_HAL_Driver/Src/stm32g0xx_hal_rcc.c ****   assert_param(IS_RCC_CLOCKTYPE(RCC_ClkInitStruct->ClockType));
 817:Drivers/STM32G0xx_HAL_Driver/Src/stm32g0xx_hal_rcc.c ****   assert_param(IS_FLASH_LATENCY(FLatency));
 818:Drivers/STM32G0xx_HAL_Driver/Src/stm32g0xx_hal_rcc.c **** 
 819:Drivers/STM32G0xx_HAL_Driver/Src/stm32g0xx_hal_rcc.c ****   /* To correctly read data from FLASH memory, the number of wait states (LATENCY)
 820:Drivers/STM32G0xx_HAL_Driver/Src/stm32g0xx_hal_rcc.c ****     must be correctly programmed according to the frequency of the FLASH clock
 821:Drivers/STM32G0xx_HAL_Driver/Src/stm32g0xx_hal_rcc.c ****     (HCLK) and the supply voltage of the device. */
 822:Drivers/STM32G0xx_HAL_Driver/Src/stm32g0xx_hal_rcc.c **** 
 823:Drivers/STM32G0xx_HAL_Driver/Src/stm32g0xx_hal_rcc.c ****   /* Increasing the number of wait states because of higher CPU frequency */
 824:Drivers/STM32G0xx_HAL_Driver/Src/stm32g0xx_hal_rcc.c ****   if (FLatency > __HAL_FLASH_GET_LATENCY())
 825:Drivers/STM32G0xx_HAL_Driver/Src/stm32g0xx_hal_rcc.c ****   {
 826:Drivers/STM32G0xx_HAL_Driver/Src/stm32g0xx_hal_rcc.c ****     /* Program the new number of wait states to the LATENCY bits in the FLASH_ACR register */
 827:Drivers/STM32G0xx_HAL_Driver/Src/stm32g0xx_hal_rcc.c ****     __HAL_FLASH_SET_LATENCY(FLatency);
 828:Drivers/STM32G0xx_HAL_Driver/Src/stm32g0xx_hal_rcc.c **** 
ARM GAS  C:\Users\Asus\AppData\Local\Temp\ccaANind.s 			page 42


 829:Drivers/STM32G0xx_HAL_Driver/Src/stm32g0xx_hal_rcc.c ****     /* Check that the new number of wait states is taken into account to access the Flash
 830:Drivers/STM32G0xx_HAL_Driver/Src/stm32g0xx_hal_rcc.c ****     memory by polling the FLASH_ACR register */
 831:Drivers/STM32G0xx_HAL_Driver/Src/stm32g0xx_hal_rcc.c ****     tickstart = HAL_GetTick();
 832:Drivers/STM32G0xx_HAL_Driver/Src/stm32g0xx_hal_rcc.c **** 
 833:Drivers/STM32G0xx_HAL_Driver/Src/stm32g0xx_hal_rcc.c ****     while ((FLASH->ACR & FLASH_ACR_LATENCY) != FLatency)
 834:Drivers/STM32G0xx_HAL_Driver/Src/stm32g0xx_hal_rcc.c ****     {
 835:Drivers/STM32G0xx_HAL_Driver/Src/stm32g0xx_hal_rcc.c ****       if ((HAL_GetTick() - tickstart) > CLOCKSWITCH_TIMEOUT_VALUE)
 836:Drivers/STM32G0xx_HAL_Driver/Src/stm32g0xx_hal_rcc.c ****       {
 837:Drivers/STM32G0xx_HAL_Driver/Src/stm32g0xx_hal_rcc.c ****         return HAL_TIMEOUT;
 838:Drivers/STM32G0xx_HAL_Driver/Src/stm32g0xx_hal_rcc.c ****       }
 839:Drivers/STM32G0xx_HAL_Driver/Src/stm32g0xx_hal_rcc.c ****     }
 840:Drivers/STM32G0xx_HAL_Driver/Src/stm32g0xx_hal_rcc.c ****   }
 841:Drivers/STM32G0xx_HAL_Driver/Src/stm32g0xx_hal_rcc.c **** 
 842:Drivers/STM32G0xx_HAL_Driver/Src/stm32g0xx_hal_rcc.c ****   /*-------------------------- HCLK Configuration --------------------------*/
 843:Drivers/STM32G0xx_HAL_Driver/Src/stm32g0xx_hal_rcc.c ****   if (((RCC_ClkInitStruct->ClockType) & RCC_CLOCKTYPE_HCLK) == RCC_CLOCKTYPE_HCLK)
 844:Drivers/STM32G0xx_HAL_Driver/Src/stm32g0xx_hal_rcc.c ****   {
 845:Drivers/STM32G0xx_HAL_Driver/Src/stm32g0xx_hal_rcc.c ****     /* Set the highest APB divider in order to ensure that we do not go through
 846:Drivers/STM32G0xx_HAL_Driver/Src/stm32g0xx_hal_rcc.c ****        a non-spec phase whatever we decrease or increase HCLK. */
 847:Drivers/STM32G0xx_HAL_Driver/Src/stm32g0xx_hal_rcc.c ****     if (((RCC_ClkInitStruct->ClockType) & RCC_CLOCKTYPE_PCLK1) == RCC_CLOCKTYPE_PCLK1)
 848:Drivers/STM32G0xx_HAL_Driver/Src/stm32g0xx_hal_rcc.c ****     {
 849:Drivers/STM32G0xx_HAL_Driver/Src/stm32g0xx_hal_rcc.c ****       MODIFY_REG(RCC->CFGR, RCC_CFGR_PPRE, RCC_HCLK_DIV16);
 850:Drivers/STM32G0xx_HAL_Driver/Src/stm32g0xx_hal_rcc.c ****     }
 851:Drivers/STM32G0xx_HAL_Driver/Src/stm32g0xx_hal_rcc.c **** 
 852:Drivers/STM32G0xx_HAL_Driver/Src/stm32g0xx_hal_rcc.c ****     /* Set the new HCLK clock divider */
 853:Drivers/STM32G0xx_HAL_Driver/Src/stm32g0xx_hal_rcc.c ****     assert_param(IS_RCC_HCLK(RCC_ClkInitStruct->AHBCLKDivider));
 854:Drivers/STM32G0xx_HAL_Driver/Src/stm32g0xx_hal_rcc.c ****     MODIFY_REG(RCC->CFGR, RCC_CFGR_HPRE, RCC_ClkInitStruct->AHBCLKDivider);
 855:Drivers/STM32G0xx_HAL_Driver/Src/stm32g0xx_hal_rcc.c ****   }
 856:Drivers/STM32G0xx_HAL_Driver/Src/stm32g0xx_hal_rcc.c **** 
 857:Drivers/STM32G0xx_HAL_Driver/Src/stm32g0xx_hal_rcc.c ****   /*------------------------- SYSCLK Configuration ---------------------------*/
 858:Drivers/STM32G0xx_HAL_Driver/Src/stm32g0xx_hal_rcc.c ****   if (((RCC_ClkInitStruct->ClockType) & RCC_CLOCKTYPE_SYSCLK) == RCC_CLOCKTYPE_SYSCLK)
 859:Drivers/STM32G0xx_HAL_Driver/Src/stm32g0xx_hal_rcc.c ****   {
 860:Drivers/STM32G0xx_HAL_Driver/Src/stm32g0xx_hal_rcc.c ****     assert_param(IS_RCC_SYSCLKSOURCE(RCC_ClkInitStruct->SYSCLKSource));
 861:Drivers/STM32G0xx_HAL_Driver/Src/stm32g0xx_hal_rcc.c **** 
 862:Drivers/STM32G0xx_HAL_Driver/Src/stm32g0xx_hal_rcc.c ****     /* HSE is selected as System Clock Source */
 863:Drivers/STM32G0xx_HAL_Driver/Src/stm32g0xx_hal_rcc.c ****     if (RCC_ClkInitStruct->SYSCLKSource == RCC_SYSCLKSOURCE_HSE)
 864:Drivers/STM32G0xx_HAL_Driver/Src/stm32g0xx_hal_rcc.c ****     {
 865:Drivers/STM32G0xx_HAL_Driver/Src/stm32g0xx_hal_rcc.c ****       /* Check the HSE ready flag */
 866:Drivers/STM32G0xx_HAL_Driver/Src/stm32g0xx_hal_rcc.c ****       if (READ_BIT(RCC->CR, RCC_CR_HSERDY) == 0U)
 867:Drivers/STM32G0xx_HAL_Driver/Src/stm32g0xx_hal_rcc.c ****       {
 868:Drivers/STM32G0xx_HAL_Driver/Src/stm32g0xx_hal_rcc.c ****         return HAL_ERROR;
 869:Drivers/STM32G0xx_HAL_Driver/Src/stm32g0xx_hal_rcc.c ****       }
 870:Drivers/STM32G0xx_HAL_Driver/Src/stm32g0xx_hal_rcc.c ****     }
 871:Drivers/STM32G0xx_HAL_Driver/Src/stm32g0xx_hal_rcc.c ****     /* PLL is selected as System Clock Source */
 872:Drivers/STM32G0xx_HAL_Driver/Src/stm32g0xx_hal_rcc.c ****     else if (RCC_ClkInitStruct->SYSCLKSource == RCC_SYSCLKSOURCE_PLLCLK)
 873:Drivers/STM32G0xx_HAL_Driver/Src/stm32g0xx_hal_rcc.c ****     {
 874:Drivers/STM32G0xx_HAL_Driver/Src/stm32g0xx_hal_rcc.c ****       /* Check the PLL ready flag */
 875:Drivers/STM32G0xx_HAL_Driver/Src/stm32g0xx_hal_rcc.c ****       if (READ_BIT(RCC->CR, RCC_CR_PLLRDY) == 0U)
 876:Drivers/STM32G0xx_HAL_Driver/Src/stm32g0xx_hal_rcc.c ****       {
 877:Drivers/STM32G0xx_HAL_Driver/Src/stm32g0xx_hal_rcc.c ****         return HAL_ERROR;
 878:Drivers/STM32G0xx_HAL_Driver/Src/stm32g0xx_hal_rcc.c ****       }
 879:Drivers/STM32G0xx_HAL_Driver/Src/stm32g0xx_hal_rcc.c ****     }
 880:Drivers/STM32G0xx_HAL_Driver/Src/stm32g0xx_hal_rcc.c ****     /* HSI is selected as System Clock Source */
 881:Drivers/STM32G0xx_HAL_Driver/Src/stm32g0xx_hal_rcc.c ****     else if (RCC_ClkInitStruct->SYSCLKSource == RCC_SYSCLKSOURCE_HSI)
 882:Drivers/STM32G0xx_HAL_Driver/Src/stm32g0xx_hal_rcc.c ****     {
 883:Drivers/STM32G0xx_HAL_Driver/Src/stm32g0xx_hal_rcc.c ****       /* Check the HSI ready flag */
 884:Drivers/STM32G0xx_HAL_Driver/Src/stm32g0xx_hal_rcc.c ****       if (READ_BIT(RCC->CR, RCC_CR_HSIRDY) == 0U)
 885:Drivers/STM32G0xx_HAL_Driver/Src/stm32g0xx_hal_rcc.c ****       {
ARM GAS  C:\Users\Asus\AppData\Local\Temp\ccaANind.s 			page 43


 886:Drivers/STM32G0xx_HAL_Driver/Src/stm32g0xx_hal_rcc.c ****         return HAL_ERROR;
 887:Drivers/STM32G0xx_HAL_Driver/Src/stm32g0xx_hal_rcc.c ****       }
 888:Drivers/STM32G0xx_HAL_Driver/Src/stm32g0xx_hal_rcc.c ****     }
 889:Drivers/STM32G0xx_HAL_Driver/Src/stm32g0xx_hal_rcc.c ****     /* LSI is selected as System Clock Source */
 890:Drivers/STM32G0xx_HAL_Driver/Src/stm32g0xx_hal_rcc.c ****     else if (RCC_ClkInitStruct->SYSCLKSource == RCC_SYSCLKSOURCE_LSI)
 891:Drivers/STM32G0xx_HAL_Driver/Src/stm32g0xx_hal_rcc.c ****     {
 892:Drivers/STM32G0xx_HAL_Driver/Src/stm32g0xx_hal_rcc.c ****       /* Check the LSI ready flag */
 893:Drivers/STM32G0xx_HAL_Driver/Src/stm32g0xx_hal_rcc.c ****       if (READ_BIT(RCC->CSR, RCC_CSR_LSIRDY) == 0U)
 894:Drivers/STM32G0xx_HAL_Driver/Src/stm32g0xx_hal_rcc.c ****       {
 895:Drivers/STM32G0xx_HAL_Driver/Src/stm32g0xx_hal_rcc.c ****         return HAL_ERROR;
 896:Drivers/STM32G0xx_HAL_Driver/Src/stm32g0xx_hal_rcc.c ****       }
 897:Drivers/STM32G0xx_HAL_Driver/Src/stm32g0xx_hal_rcc.c ****     }
 898:Drivers/STM32G0xx_HAL_Driver/Src/stm32g0xx_hal_rcc.c ****     /* LSE is selected as System Clock Source */
 899:Drivers/STM32G0xx_HAL_Driver/Src/stm32g0xx_hal_rcc.c ****     else
 900:Drivers/STM32G0xx_HAL_Driver/Src/stm32g0xx_hal_rcc.c ****     {
 901:Drivers/STM32G0xx_HAL_Driver/Src/stm32g0xx_hal_rcc.c ****       /* Check the LSE ready flag */
 902:Drivers/STM32G0xx_HAL_Driver/Src/stm32g0xx_hal_rcc.c ****       if (READ_BIT(RCC->BDCR, RCC_BDCR_LSERDY) == 0U)
 903:Drivers/STM32G0xx_HAL_Driver/Src/stm32g0xx_hal_rcc.c ****       {
 904:Drivers/STM32G0xx_HAL_Driver/Src/stm32g0xx_hal_rcc.c ****         return HAL_ERROR;
 905:Drivers/STM32G0xx_HAL_Driver/Src/stm32g0xx_hal_rcc.c ****       }
 906:Drivers/STM32G0xx_HAL_Driver/Src/stm32g0xx_hal_rcc.c ****     }
 907:Drivers/STM32G0xx_HAL_Driver/Src/stm32g0xx_hal_rcc.c ****     MODIFY_REG(RCC->CFGR, RCC_CFGR_SW, RCC_ClkInitStruct->SYSCLKSource);
 908:Drivers/STM32G0xx_HAL_Driver/Src/stm32g0xx_hal_rcc.c **** 
 909:Drivers/STM32G0xx_HAL_Driver/Src/stm32g0xx_hal_rcc.c ****     /* Get Start Tick*/
 910:Drivers/STM32G0xx_HAL_Driver/Src/stm32g0xx_hal_rcc.c ****     tickstart = HAL_GetTick();
 911:Drivers/STM32G0xx_HAL_Driver/Src/stm32g0xx_hal_rcc.c **** 
 912:Drivers/STM32G0xx_HAL_Driver/Src/stm32g0xx_hal_rcc.c ****     while (__HAL_RCC_GET_SYSCLK_SOURCE() != (RCC_ClkInitStruct->SYSCLKSource << RCC_CFGR_SWS_Pos))
 913:Drivers/STM32G0xx_HAL_Driver/Src/stm32g0xx_hal_rcc.c ****     {
 914:Drivers/STM32G0xx_HAL_Driver/Src/stm32g0xx_hal_rcc.c ****       if ((HAL_GetTick() - tickstart) > CLOCKSWITCH_TIMEOUT_VALUE)
 915:Drivers/STM32G0xx_HAL_Driver/Src/stm32g0xx_hal_rcc.c ****       {
 916:Drivers/STM32G0xx_HAL_Driver/Src/stm32g0xx_hal_rcc.c ****         return HAL_TIMEOUT;
 917:Drivers/STM32G0xx_HAL_Driver/Src/stm32g0xx_hal_rcc.c ****       }
 918:Drivers/STM32G0xx_HAL_Driver/Src/stm32g0xx_hal_rcc.c ****     }
 919:Drivers/STM32G0xx_HAL_Driver/Src/stm32g0xx_hal_rcc.c ****   }
 920:Drivers/STM32G0xx_HAL_Driver/Src/stm32g0xx_hal_rcc.c **** 
 921:Drivers/STM32G0xx_HAL_Driver/Src/stm32g0xx_hal_rcc.c ****   /* Decreasing the number of wait states because of lower CPU frequency */
 922:Drivers/STM32G0xx_HAL_Driver/Src/stm32g0xx_hal_rcc.c ****   if (FLatency < __HAL_FLASH_GET_LATENCY())
 923:Drivers/STM32G0xx_HAL_Driver/Src/stm32g0xx_hal_rcc.c ****   {
 924:Drivers/STM32G0xx_HAL_Driver/Src/stm32g0xx_hal_rcc.c ****     /* Program the new number of wait states to the LATENCY bits in the FLASH_ACR register */
 925:Drivers/STM32G0xx_HAL_Driver/Src/stm32g0xx_hal_rcc.c ****     __HAL_FLASH_SET_LATENCY(FLatency);
 926:Drivers/STM32G0xx_HAL_Driver/Src/stm32g0xx_hal_rcc.c **** 
 927:Drivers/STM32G0xx_HAL_Driver/Src/stm32g0xx_hal_rcc.c ****     /* Check that the new number of wait states is taken into account to access the Flash
 928:Drivers/STM32G0xx_HAL_Driver/Src/stm32g0xx_hal_rcc.c ****     memory by polling the FLASH_ACR register */
 929:Drivers/STM32G0xx_HAL_Driver/Src/stm32g0xx_hal_rcc.c ****     tickstart = HAL_GetTick();
 930:Drivers/STM32G0xx_HAL_Driver/Src/stm32g0xx_hal_rcc.c **** 
 931:Drivers/STM32G0xx_HAL_Driver/Src/stm32g0xx_hal_rcc.c ****     while ((FLASH->ACR & FLASH_ACR_LATENCY) != FLatency)
 932:Drivers/STM32G0xx_HAL_Driver/Src/stm32g0xx_hal_rcc.c ****     {
 933:Drivers/STM32G0xx_HAL_Driver/Src/stm32g0xx_hal_rcc.c ****       if ((HAL_GetTick() - tickstart) > CLOCKSWITCH_TIMEOUT_VALUE)
 934:Drivers/STM32G0xx_HAL_Driver/Src/stm32g0xx_hal_rcc.c ****       {
 935:Drivers/STM32G0xx_HAL_Driver/Src/stm32g0xx_hal_rcc.c ****         return HAL_TIMEOUT;
 936:Drivers/STM32G0xx_HAL_Driver/Src/stm32g0xx_hal_rcc.c ****       }
 937:Drivers/STM32G0xx_HAL_Driver/Src/stm32g0xx_hal_rcc.c ****     }
 938:Drivers/STM32G0xx_HAL_Driver/Src/stm32g0xx_hal_rcc.c ****   }
 939:Drivers/STM32G0xx_HAL_Driver/Src/stm32g0xx_hal_rcc.c **** 
 940:Drivers/STM32G0xx_HAL_Driver/Src/stm32g0xx_hal_rcc.c ****   /*-------------------------- PCLK1 Configuration ---------------------------*/
 941:Drivers/STM32G0xx_HAL_Driver/Src/stm32g0xx_hal_rcc.c ****   if (((RCC_ClkInitStruct->ClockType) & RCC_CLOCKTYPE_PCLK1) == RCC_CLOCKTYPE_PCLK1)
 942:Drivers/STM32G0xx_HAL_Driver/Src/stm32g0xx_hal_rcc.c ****   {
ARM GAS  C:\Users\Asus\AppData\Local\Temp\ccaANind.s 			page 44


 943:Drivers/STM32G0xx_HAL_Driver/Src/stm32g0xx_hal_rcc.c ****     assert_param(IS_RCC_PCLK(RCC_ClkInitStruct->APB1CLKDivider));
 944:Drivers/STM32G0xx_HAL_Driver/Src/stm32g0xx_hal_rcc.c ****     MODIFY_REG(RCC->CFGR, RCC_CFGR_PPRE, RCC_ClkInitStruct->APB1CLKDivider);
 945:Drivers/STM32G0xx_HAL_Driver/Src/stm32g0xx_hal_rcc.c ****   }
 946:Drivers/STM32G0xx_HAL_Driver/Src/stm32g0xx_hal_rcc.c **** 
 947:Drivers/STM32G0xx_HAL_Driver/Src/stm32g0xx_hal_rcc.c ****   /* Update the SystemCoreClock global variable */
 948:Drivers/STM32G0xx_HAL_Driver/Src/stm32g0xx_hal_rcc.c ****   SystemCoreClock = (HAL_RCC_GetSysClockFreq() >> ((AHBPrescTable[(RCC->CFGR & RCC_CFGR_HPRE) >> RC
 949:Drivers/STM32G0xx_HAL_Driver/Src/stm32g0xx_hal_rcc.c **** 
 950:Drivers/STM32G0xx_HAL_Driver/Src/stm32g0xx_hal_rcc.c ****   /* Configure the source of time base considering new system clocks settings*/
 951:Drivers/STM32G0xx_HAL_Driver/Src/stm32g0xx_hal_rcc.c ****   return HAL_InitTick(uwTickPrio);
 952:Drivers/STM32G0xx_HAL_Driver/Src/stm32g0xx_hal_rcc.c **** }
 953:Drivers/STM32G0xx_HAL_Driver/Src/stm32g0xx_hal_rcc.c **** 
 954:Drivers/STM32G0xx_HAL_Driver/Src/stm32g0xx_hal_rcc.c **** /**
 955:Drivers/STM32G0xx_HAL_Driver/Src/stm32g0xx_hal_rcc.c ****   * @}
 956:Drivers/STM32G0xx_HAL_Driver/Src/stm32g0xx_hal_rcc.c ****   */
 957:Drivers/STM32G0xx_HAL_Driver/Src/stm32g0xx_hal_rcc.c **** 
 958:Drivers/STM32G0xx_HAL_Driver/Src/stm32g0xx_hal_rcc.c **** /** @defgroup RCC_Exported_Functions_Group2 Peripheral Control functions
 959:Drivers/STM32G0xx_HAL_Driver/Src/stm32g0xx_hal_rcc.c ****   *  @brief   RCC clocks control functions
 960:Drivers/STM32G0xx_HAL_Driver/Src/stm32g0xx_hal_rcc.c ****   *
 961:Drivers/STM32G0xx_HAL_Driver/Src/stm32g0xx_hal_rcc.c **** @verbatim
 962:Drivers/STM32G0xx_HAL_Driver/Src/stm32g0xx_hal_rcc.c ****  ===============================================================================
 963:Drivers/STM32G0xx_HAL_Driver/Src/stm32g0xx_hal_rcc.c ****                       ##### Peripheral Control functions #####
 964:Drivers/STM32G0xx_HAL_Driver/Src/stm32g0xx_hal_rcc.c ****  ===============================================================================
 965:Drivers/STM32G0xx_HAL_Driver/Src/stm32g0xx_hal_rcc.c ****     [..]
 966:Drivers/STM32G0xx_HAL_Driver/Src/stm32g0xx_hal_rcc.c ****     This subsection provides a set of functions allowing to:
 967:Drivers/STM32G0xx_HAL_Driver/Src/stm32g0xx_hal_rcc.c **** 
 968:Drivers/STM32G0xx_HAL_Driver/Src/stm32g0xx_hal_rcc.c ****     (+) Output clock to MCO pin.
 969:Drivers/STM32G0xx_HAL_Driver/Src/stm32g0xx_hal_rcc.c ****     (+) Retrieve current clock frequencies.
 970:Drivers/STM32G0xx_HAL_Driver/Src/stm32g0xx_hal_rcc.c ****     (+) Enable the Clock Security System.
 971:Drivers/STM32G0xx_HAL_Driver/Src/stm32g0xx_hal_rcc.c **** 
 972:Drivers/STM32G0xx_HAL_Driver/Src/stm32g0xx_hal_rcc.c **** @endverbatim
 973:Drivers/STM32G0xx_HAL_Driver/Src/stm32g0xx_hal_rcc.c ****   * @{
 974:Drivers/STM32G0xx_HAL_Driver/Src/stm32g0xx_hal_rcc.c ****   */
 975:Drivers/STM32G0xx_HAL_Driver/Src/stm32g0xx_hal_rcc.c **** 
 976:Drivers/STM32G0xx_HAL_Driver/Src/stm32g0xx_hal_rcc.c **** /**
 977:Drivers/STM32G0xx_HAL_Driver/Src/stm32g0xx_hal_rcc.c ****   * @brief  Select the clock source to output on MCO1 pin(PA8) or MC02 pin (PA10)(*).
 978:Drivers/STM32G0xx_HAL_Driver/Src/stm32g0xx_hal_rcc.c ****   * @note   PA8, PA10(*) should be configured in alternate function mode.
 979:Drivers/STM32G0xx_HAL_Driver/Src/stm32g0xx_hal_rcc.c ****   * @param  RCC_MCOx  specifies the output direction for the clock source.
 980:Drivers/STM32G0xx_HAL_Driver/Src/stm32g0xx_hal_rcc.c ****   *          For STM32G0xx family this parameter can have only one value:
 981:Drivers/STM32G0xx_HAL_Driver/Src/stm32g0xx_hal_rcc.c ****   *            @arg @ref RCC_MCO_PA8  Clock source to output on MCO1 pin(PA8).
 982:Drivers/STM32G0xx_HAL_Driver/Src/stm32g0xx_hal_rcc.c ****   *            @arg @ref RCC_MCO_PA9  Clock source to output on MCO1 pin(PA9).
 983:Drivers/STM32G0xx_HAL_Driver/Src/stm32g0xx_hal_rcc.c ****   *            @arg @ref RCC_MCO_PD10 Clock source to output on MCO1 pin(PD10)(*).
 984:Drivers/STM32G0xx_HAL_Driver/Src/stm32g0xx_hal_rcc.c ****   *            @arg @ref RCC_MCO_PF2  Clock source to output on MCO1 pin(PF2)(*).
 985:Drivers/STM32G0xx_HAL_Driver/Src/stm32g0xx_hal_rcc.c ****   *            @arg @ref RCC_MCO_PA10 Clock source to output on MCO2 pin(PA10)(*).
 986:Drivers/STM32G0xx_HAL_Driver/Src/stm32g0xx_hal_rcc.c ****   *            @arg @ref RCC_MCO_PA15 Clock source to output on MCO2 pin(PA15)(*).
 987:Drivers/STM32G0xx_HAL_Driver/Src/stm32g0xx_hal_rcc.c ****   *            @arg @ref RCC_MCO_PB2  Clock source to output on MCO2 pin(PB2)(*).
 988:Drivers/STM32G0xx_HAL_Driver/Src/stm32g0xx_hal_rcc.c ****   *            @arg @ref RCC_MCO_PD7  Clock source to output on MCO2 pin(PD7)(*).
 989:Drivers/STM32G0xx_HAL_Driver/Src/stm32g0xx_hal_rcc.c ****   * @param  RCC_MCOSource  specifies the clock source to output.
 990:Drivers/STM32G0xx_HAL_Driver/Src/stm32g0xx_hal_rcc.c ****   *          This parameter can be one of the following values:
 991:Drivers/STM32G0xx_HAL_Driver/Src/stm32g0xx_hal_rcc.c ****   *            @arg @ref RCC_MCO1SOURCE_NOCLOCK  MCO output disabled, no clock on MCO
 992:Drivers/STM32G0xx_HAL_Driver/Src/stm32g0xx_hal_rcc.c ****   *            @arg @ref RCC_MCO1SOURCE_SYSCLK   system  clock selected as MCO source
 993:Drivers/STM32G0xx_HAL_Driver/Src/stm32g0xx_hal_rcc.c ****   *            @arg @ref RCC_MCO1SOURCE_HSI48    HSI48 clock selected as MCO source for devices wit
 994:Drivers/STM32G0xx_HAL_Driver/Src/stm32g0xx_hal_rcc.c ****   *            @arg @ref RCC_MCO1SOURCE_HSI      HSI clock selected as MCO source
 995:Drivers/STM32G0xx_HAL_Driver/Src/stm32g0xx_hal_rcc.c ****   *            @arg @ref RCC_MCO1SOURCE_HSE      HSE clock selected as MCO source
 996:Drivers/STM32G0xx_HAL_Driver/Src/stm32g0xx_hal_rcc.c ****   *            @arg @ref RCC_MCO1SOURCE_PLLCLK   main PLLR clock selected as MCO source
 997:Drivers/STM32G0xx_HAL_Driver/Src/stm32g0xx_hal_rcc.c ****   *            @arg @ref RCC_MCO1SOURCE_LSI      LSI clock selected as MCO source
 998:Drivers/STM32G0xx_HAL_Driver/Src/stm32g0xx_hal_rcc.c ****   *            @arg @ref RCC_MCO1SOURCE_LSE      LSE clock selected as MCO source
 999:Drivers/STM32G0xx_HAL_Driver/Src/stm32g0xx_hal_rcc.c ****   *            @arg @ref RCC_MCO1SOURCE_PLLPCLK  PLLP clock selected as MCO1 source(*)
ARM GAS  C:\Users\Asus\AppData\Local\Temp\ccaANind.s 			page 45


1000:Drivers/STM32G0xx_HAL_Driver/Src/stm32g0xx_hal_rcc.c ****   *            @arg @ref RCC_MCO1SOURCE_PLLQCLK  PLLQ clock selected as MCO1 source(*)
1001:Drivers/STM32G0xx_HAL_Driver/Src/stm32g0xx_hal_rcc.c ****   *            @arg @ref RCC_MCO1SOURCE_RTCCLK   RTC clock selected as MCO1 source(*)
1002:Drivers/STM32G0xx_HAL_Driver/Src/stm32g0xx_hal_rcc.c ****   *            @arg @ref RCC_MCO1SOURCE_RTC_WKUP RTC_Wakeup selected as MCO1 source(*)
1003:Drivers/STM32G0xx_HAL_Driver/Src/stm32g0xx_hal_rcc.c ****   *            @arg @ref RCC_MCO2SOURCE_NOCLOCK  MCO2 output disabled, no clock on MCO2(*)
1004:Drivers/STM32G0xx_HAL_Driver/Src/stm32g0xx_hal_rcc.c ****   *            @arg @ref RCC_MCO2SOURCE_SYSCLK   system  clock selected as MCO2 source(*)
1005:Drivers/STM32G0xx_HAL_Driver/Src/stm32g0xx_hal_rcc.c ****   *            @arg @ref RCC_MCO2SOURCE_HSI48    HSI48 clock selected as MCO2 source for devices wi
1006:Drivers/STM32G0xx_HAL_Driver/Src/stm32g0xx_hal_rcc.c ****   *            @arg @ref RCC_MCO2SOURCE_HSI      HSI clock selected as MCO2 source(*)
1007:Drivers/STM32G0xx_HAL_Driver/Src/stm32g0xx_hal_rcc.c ****   *            @arg @ref RCC_MCO2SOURCE_HSE      HSE clock selected as MCO2 source(*)
1008:Drivers/STM32G0xx_HAL_Driver/Src/stm32g0xx_hal_rcc.c ****   *            @arg @ref RCC_MCO2SOURCE_PLLCLK   main PLLR clock selected as MCO2 source(*)
1009:Drivers/STM32G0xx_HAL_Driver/Src/stm32g0xx_hal_rcc.c ****   *            @arg @ref RCC_MCO2SOURCE_LSI      LSI clock selected as MCO2 source(*)
1010:Drivers/STM32G0xx_HAL_Driver/Src/stm32g0xx_hal_rcc.c ****   *            @arg @ref RCC_MCO2SOURCE_LSE      LSE clock selected as MCO2 source(*)
1011:Drivers/STM32G0xx_HAL_Driver/Src/stm32g0xx_hal_rcc.c ****   *            @arg @ref RCC_MCO2SOURCE_PLLPCLK  PLLP clock selected as MCO2 source(*)
1012:Drivers/STM32G0xx_HAL_Driver/Src/stm32g0xx_hal_rcc.c ****   *            @arg @ref RCC_MCO2SOURCE_PLLQCLK  PLLQ clock selected as MCO2 source(*)
1013:Drivers/STM32G0xx_HAL_Driver/Src/stm32g0xx_hal_rcc.c ****   *            @arg @ref RCC_MCO2SOURCE_RTCCLK   RTC clock selected as MCO2 source(*)
1014:Drivers/STM32G0xx_HAL_Driver/Src/stm32g0xx_hal_rcc.c ****   *            @arg @ref RCC_MCO2SOURCE_RTC_WKUP RTC_Wakeup selected as MCO2 source(*)
1015:Drivers/STM32G0xx_HAL_Driver/Src/stm32g0xx_hal_rcc.c ****   * @param  RCC_MCODiv  specifies the MCO prescaler.
1016:Drivers/STM32G0xx_HAL_Driver/Src/stm32g0xx_hal_rcc.c ****   *          This parameter can be one of the following values:
1017:Drivers/STM32G0xx_HAL_Driver/Src/stm32g0xx_hal_rcc.c ****   *            @arg @ref RCC_MCODIV_1     no division applied to MCO clock
1018:Drivers/STM32G0xx_HAL_Driver/Src/stm32g0xx_hal_rcc.c ****   *            @arg @ref RCC_MCODIV_2     division by 2 applied to MCO clock
1019:Drivers/STM32G0xx_HAL_Driver/Src/stm32g0xx_hal_rcc.c ****   *            @arg @ref RCC_MCODIV_4     division by 4 applied to MCO clock
1020:Drivers/STM32G0xx_HAL_Driver/Src/stm32g0xx_hal_rcc.c ****   *            @arg @ref RCC_MCODIV_8     division by 8 applied to MCO clock
1021:Drivers/STM32G0xx_HAL_Driver/Src/stm32g0xx_hal_rcc.c ****   *            @arg @ref RCC_MCODIV_16    division by 16 applied to MCO clock
1022:Drivers/STM32G0xx_HAL_Driver/Src/stm32g0xx_hal_rcc.c ****   *            @arg @ref RCC_MCODIV_32    division by 32 applied to MCO clock
1023:Drivers/STM32G0xx_HAL_Driver/Src/stm32g0xx_hal_rcc.c ****   *            @arg @ref RCC_MCODIV_64    division by 64 applied to MCO clock
1024:Drivers/STM32G0xx_HAL_Driver/Src/stm32g0xx_hal_rcc.c ****   *            @arg @ref RCC_MCODIV_128   division by 128 applied to MCO clock
1025:Drivers/STM32G0xx_HAL_Driver/Src/stm32g0xx_hal_rcc.c ****   *            @arg @ref RCC_MCO2DIV_1    no division applied to MCO2 clock(*)
1026:Drivers/STM32G0xx_HAL_Driver/Src/stm32g0xx_hal_rcc.c ****   *            @arg @ref RCC_MCO2DIV_2    division by 2 applied to MCO2 clock(*)
1027:Drivers/STM32G0xx_HAL_Driver/Src/stm32g0xx_hal_rcc.c ****   *            @arg @ref RCC_MCO2DIV_4    division by 4 applied to MCO2 clock(*)
1028:Drivers/STM32G0xx_HAL_Driver/Src/stm32g0xx_hal_rcc.c ****   *            @arg @ref RCC_MCO2DIV_8    division by 8 applied to MCO2 clock(*)
1029:Drivers/STM32G0xx_HAL_Driver/Src/stm32g0xx_hal_rcc.c ****   *            @arg @ref RCC_MCO2DIV_16   division by 16 applied to MCO2 clock(*)
1030:Drivers/STM32G0xx_HAL_Driver/Src/stm32g0xx_hal_rcc.c ****   *            @arg @ref RCC_MCO2DIV_32   division by 32 applied to MCO2 clock(*)
1031:Drivers/STM32G0xx_HAL_Driver/Src/stm32g0xx_hal_rcc.c ****   *            @arg @ref RCC_MCO2DIV_64   division by 64 applied to MCO2 clock(*)
1032:Drivers/STM32G0xx_HAL_Driver/Src/stm32g0xx_hal_rcc.c ****   *            @arg @ref RCC_MCO2DIV_128  division by 128 applied to MCO2 clock(*)
1033:Drivers/STM32G0xx_HAL_Driver/Src/stm32g0xx_hal_rcc.c ****   *            @arg @ref RCC_MCO2DIV_256  division by 256 applied to MCO2 clock(*)
1034:Drivers/STM32G0xx_HAL_Driver/Src/stm32g0xx_hal_rcc.c ****   *            @arg @ref RCC_MCO2DIV_512  division by 512 applied to MCO2 clock(*)
1035:Drivers/STM32G0xx_HAL_Driver/Src/stm32g0xx_hal_rcc.c ****   *            @arg @ref RCC_MCO2DIV_1024 division by 1024 applied to MCO2 clock(*)
1036:Drivers/STM32G0xx_HAL_Driver/Src/stm32g0xx_hal_rcc.c ****   *
1037:Drivers/STM32G0xx_HAL_Driver/Src/stm32g0xx_hal_rcc.c ****   * (*) Feature not available on all devices of the family
1038:Drivers/STM32G0xx_HAL_Driver/Src/stm32g0xx_hal_rcc.c ****   * @retval None
1039:Drivers/STM32G0xx_HAL_Driver/Src/stm32g0xx_hal_rcc.c ****   */
1040:Drivers/STM32G0xx_HAL_Driver/Src/stm32g0xx_hal_rcc.c **** void HAL_RCC_MCOConfig(uint32_t RCC_MCOx, uint32_t RCC_MCOSource, uint32_t RCC_MCODiv)
1041:Drivers/STM32G0xx_HAL_Driver/Src/stm32g0xx_hal_rcc.c **** {
 1307              		.loc 1 1041 1 is_stmt 1 view -0
 1308              		.cfi_startproc
 1309              		@ args = 0, pretend = 0, frame = 32
 1310              		@ frame_needed = 0, uses_anonymous_args = 0
 1311              		.loc 1 1041 1 is_stmt 0 view .LVU410
 1312 0000 F0B5     		push	{r4, r5, r6, r7, lr}
 1313              		.cfi_def_cfa_offset 20
 1314              		.cfi_offset 4, -20
 1315              		.cfi_offset 5, -16
 1316              		.cfi_offset 6, -12
 1317              		.cfi_offset 7, -8
 1318              		.cfi_offset 14, -4
 1319 0002 89B0     		sub	sp, sp, #36
 1320              		.cfi_def_cfa_offset 56
 1321 0004 0300     		movs	r3, r0
ARM GAS  C:\Users\Asus\AppData\Local\Temp\ccaANind.s 			page 46


 1322 0006 0C00     		movs	r4, r1
 1323 0008 0192     		str	r2, [sp, #4]
1042:Drivers/STM32G0xx_HAL_Driver/Src/stm32g0xx_hal_rcc.c ****   GPIO_InitTypeDef gpio_initstruct;
 1324              		.loc 1 1042 3 is_stmt 1 view .LVU411
1043:Drivers/STM32G0xx_HAL_Driver/Src/stm32g0xx_hal_rcc.c ****   uint32_t mcoindex;
 1325              		.loc 1 1043 3 view .LVU412
1044:Drivers/STM32G0xx_HAL_Driver/Src/stm32g0xx_hal_rcc.c ****   uint32_t mco_gpio_index;
 1326              		.loc 1 1044 3 view .LVU413
1045:Drivers/STM32G0xx_HAL_Driver/Src/stm32g0xx_hal_rcc.c ****   GPIO_TypeDef * mco_gpio_port;
 1327              		.loc 1 1045 3 view .LVU414
1046:Drivers/STM32G0xx_HAL_Driver/Src/stm32g0xx_hal_rcc.c **** 
1047:Drivers/STM32G0xx_HAL_Driver/Src/stm32g0xx_hal_rcc.c ****   /* Check the parameters */
1048:Drivers/STM32G0xx_HAL_Driver/Src/stm32g0xx_hal_rcc.c ****   assert_param(IS_RCC_MCO(RCC_MCOx));
 1328              		.loc 1 1048 3 view .LVU415
1049:Drivers/STM32G0xx_HAL_Driver/Src/stm32g0xx_hal_rcc.c **** 
1050:Drivers/STM32G0xx_HAL_Driver/Src/stm32g0xx_hal_rcc.c ****   /* Common GPIO init parameters */
1051:Drivers/STM32G0xx_HAL_Driver/Src/stm32g0xx_hal_rcc.c ****   gpio_initstruct.Mode      = GPIO_MODE_AF_PP;
 1329              		.loc 1 1051 3 view .LVU416
 1330              		.loc 1 1051 29 is_stmt 0 view .LVU417
 1331 000a 0222     		movs	r2, #2
 1332              	.LVL101:
 1333              		.loc 1 1051 29 view .LVU418
 1334 000c 0492     		str	r2, [sp, #16]
1052:Drivers/STM32G0xx_HAL_Driver/Src/stm32g0xx_hal_rcc.c ****   gpio_initstruct.Speed     = GPIO_SPEED_FREQ_VERY_HIGH;
 1335              		.loc 1 1052 3 is_stmt 1 view .LVU419
 1336              		.loc 1 1052 29 is_stmt 0 view .LVU420
 1337 000e 0132     		adds	r2, r2, #1
 1338 0010 0692     		str	r2, [sp, #24]
1053:Drivers/STM32G0xx_HAL_Driver/Src/stm32g0xx_hal_rcc.c ****   gpio_initstruct.Pull      = GPIO_NOPULL;
 1339              		.loc 1 1053 3 is_stmt 1 view .LVU421
 1340              		.loc 1 1053 29 is_stmt 0 view .LVU422
 1341 0012 0022     		movs	r2, #0
 1342 0014 0592     		str	r2, [sp, #20]
1054:Drivers/STM32G0xx_HAL_Driver/Src/stm32g0xx_hal_rcc.c **** 
1055:Drivers/STM32G0xx_HAL_Driver/Src/stm32g0xx_hal_rcc.c ****   /* Get MCOx selection */
1056:Drivers/STM32G0xx_HAL_Driver/Src/stm32g0xx_hal_rcc.c ****   mcoindex = RCC_MCOx & RCC_MCO_INDEX_MASK;
 1343              		.loc 1 1056 3 is_stmt 1 view .LVU423
 1344              		.loc 1 1056 12 is_stmt 0 view .LVU424
 1345 0016 8026     		movs	r6, #128
 1346 0018 7605     		lsls	r6, r6, #21
 1347 001a 0640     		ands	r6, r0
 1348              	.LVL102:
1057:Drivers/STM32G0xx_HAL_Driver/Src/stm32g0xx_hal_rcc.c **** 
1058:Drivers/STM32G0xx_HAL_Driver/Src/stm32g0xx_hal_rcc.c ****   /* Get MCOx GPIO Port */
1059:Drivers/STM32G0xx_HAL_Driver/Src/stm32g0xx_hal_rcc.c ****   mco_gpio_port = (GPIO_TypeDef *) RCC_GET_MCO_GPIO_PORT(RCC_MCOx);
 1349              		.loc 1 1059 3 is_stmt 1 view .LVU425
 1350              		.loc 1 1059 36 is_stmt 0 view .LVU426
 1351 001c 010C     		lsrs	r1, r0, #16
 1352              	.LVL103:
 1353              		.loc 1 1059 36 view .LVU427
 1354 001e 0F32     		adds	r2, r2, #15
 1355 0020 0A40     		ands	r2, r1
 1356 0022 A021     		movs	r1, #160
 1357 0024 4903     		lsls	r1, r1, #13
 1358 0026 5018     		adds	r0, r2, r1
 1359              	.LVL104:
 1360              		.loc 1 1059 36 view .LVU428
ARM GAS  C:\Users\Asus\AppData\Local\Temp\ccaANind.s 			page 47


 1361 0028 8002     		lsls	r0, r0, #10
 1362              	.LVL105:
1060:Drivers/STM32G0xx_HAL_Driver/Src/stm32g0xx_hal_rcc.c **** 
1061:Drivers/STM32G0xx_HAL_Driver/Src/stm32g0xx_hal_rcc.c ****   /* MCOx Clock Enable */
1062:Drivers/STM32G0xx_HAL_Driver/Src/stm32g0xx_hal_rcc.c ****   mco_gpio_index = RCC_GET_MCO_GPIO_INDEX(RCC_MCOx);
 1363              		.loc 1 1062 3 is_stmt 1 view .LVU429
1063:Drivers/STM32G0xx_HAL_Driver/Src/stm32g0xx_hal_rcc.c ****   SET_BIT(RCC->IOPENR, (1UL << mco_gpio_index ));
 1364              		.loc 1 1063 3 view .LVU430
 1365 002a 0E4D     		ldr	r5, .L131
 1366 002c 696B     		ldr	r1, [r5, #52]
 1367 002e 0127     		movs	r7, #1
 1368 0030 9740     		lsls	r7, r7, r2
 1369 0032 3A00     		movs	r2, r7
 1370              	.LVL106:
 1371              		.loc 1 1063 3 is_stmt 0 view .LVU431
 1372 0034 0A43     		orrs	r2, r1
 1373 0036 6A63     		str	r2, [r5, #52]
 1374              	.LVL107:
1064:Drivers/STM32G0xx_HAL_Driver/Src/stm32g0xx_hal_rcc.c **** 
1065:Drivers/STM32G0xx_HAL_Driver/Src/stm32g0xx_hal_rcc.c ****   /* Configure the MCOx pin in alternate function mode */
1066:Drivers/STM32G0xx_HAL_Driver/Src/stm32g0xx_hal_rcc.c ****   gpio_initstruct.Pin = RCC_GET_MCO_GPIO_PIN(RCC_MCOx);
 1375              		.loc 1 1066 3 is_stmt 1 view .LVU432
 1376              		.loc 1 1066 25 is_stmt 0 view .LVU433
 1377 0038 1A04     		lsls	r2, r3, #16
 1378 003a 120C     		lsrs	r2, r2, #16
 1379              		.loc 1 1066 23 view .LVU434
 1380 003c 0392     		str	r2, [sp, #12]
1067:Drivers/STM32G0xx_HAL_Driver/Src/stm32g0xx_hal_rcc.c ****   gpio_initstruct.Alternate = RCC_GET_MCO_GPIO_AF(RCC_MCOx);
 1381              		.loc 1 1067 3 is_stmt 1 view .LVU435
 1382              		.loc 1 1067 31 is_stmt 0 view .LVU436
 1383 003e 1B0D     		lsrs	r3, r3, #20
 1384              	.LVL108:
 1385              		.loc 1 1067 31 view .LVU437
 1386 0040 FF22     		movs	r2, #255
 1387 0042 1340     		ands	r3, r2
 1388              		.loc 1 1067 29 view .LVU438
 1389 0044 0793     		str	r3, [sp, #28]
1068:Drivers/STM32G0xx_HAL_Driver/Src/stm32g0xx_hal_rcc.c ****   HAL_GPIO_Init(mco_gpio_port, &gpio_initstruct);
 1390              		.loc 1 1068 3 is_stmt 1 view .LVU439
 1391 0046 03A9     		add	r1, sp, #12
 1392 0048 FFF7FEFF 		bl	HAL_GPIO_Init
 1393              	.LVL109:
1069:Drivers/STM32G0xx_HAL_Driver/Src/stm32g0xx_hal_rcc.c **** 
1070:Drivers/STM32G0xx_HAL_Driver/Src/stm32g0xx_hal_rcc.c ****   if (mcoindex == RCC_MCO1_INDEX)
 1394              		.loc 1 1070 3 view .LVU440
 1395              		.loc 1 1070 6 is_stmt 0 view .LVU441
 1396 004c 002E     		cmp	r6, #0
 1397 004e 06D1     		bne	.L129
1071:Drivers/STM32G0xx_HAL_Driver/Src/stm32g0xx_hal_rcc.c ****   {
1072:Drivers/STM32G0xx_HAL_Driver/Src/stm32g0xx_hal_rcc.c ****     assert_param(IS_RCC_MCODIV(RCC_MCODiv));
 1398              		.loc 1 1072 5 is_stmt 1 view .LVU442
1073:Drivers/STM32G0xx_HAL_Driver/Src/stm32g0xx_hal_rcc.c ****     assert_param(IS_RCC_MCO1SOURCE(RCC_MCOSource));
 1399              		.loc 1 1073 5 view .LVU443
1074:Drivers/STM32G0xx_HAL_Driver/Src/stm32g0xx_hal_rcc.c ****     /* Mask MCOSEL[] and MCOPRE[] bits then set MCO clock source and prescaler */
1075:Drivers/STM32G0xx_HAL_Driver/Src/stm32g0xx_hal_rcc.c ****     MODIFY_REG(RCC->CFGR, (RCC_CFGR_MCOSEL | RCC_CFGR_MCOPRE), (RCC_MCOSource | RCC_MCODiv));
 1400              		.loc 1 1075 5 view .LVU444
 1401 0050 AB68     		ldr	r3, [r5, #8]
ARM GAS  C:\Users\Asus\AppData\Local\Temp\ccaANind.s 			page 48


 1402 0052 0549     		ldr	r1, .L131+4
 1403 0054 0B40     		ands	r3, r1
 1404 0056 0199     		ldr	r1, [sp, #4]
 1405 0058 0C43     		orrs	r4, r1
 1406              	.LVL110:
 1407              		.loc 1 1075 5 is_stmt 0 view .LVU445
 1408 005a 1C43     		orrs	r4, r3
 1409 005c AC60     		str	r4, [r5, #8]
1076:Drivers/STM32G0xx_HAL_Driver/Src/stm32g0xx_hal_rcc.c ****   }
1077:Drivers/STM32G0xx_HAL_Driver/Src/stm32g0xx_hal_rcc.c **** #if defined(RCC_MCO2_SUPPORT)
1078:Drivers/STM32G0xx_HAL_Driver/Src/stm32g0xx_hal_rcc.c ****   else if (mcoindex == RCC_MCO2_INDEX)
1079:Drivers/STM32G0xx_HAL_Driver/Src/stm32g0xx_hal_rcc.c ****   {
1080:Drivers/STM32G0xx_HAL_Driver/Src/stm32g0xx_hal_rcc.c ****     assert_param(IS_RCC_MCO2DIV(RCC_MCODiv));
1081:Drivers/STM32G0xx_HAL_Driver/Src/stm32g0xx_hal_rcc.c ****     assert_param(IS_RCC_MCO2SOURCE(RCC_MCOSource));
1082:Drivers/STM32G0xx_HAL_Driver/Src/stm32g0xx_hal_rcc.c ****     /* Mask MCOSEL[] and MCOPRE[] bits then set MCO clock source and prescaler */
1083:Drivers/STM32G0xx_HAL_Driver/Src/stm32g0xx_hal_rcc.c ****     MODIFY_REG(RCC->CFGR, (RCC_CFGR_MCO2SEL | RCC_CFGR_MCO2PRE), (RCC_MCOSource | RCC_MCODiv));
1084:Drivers/STM32G0xx_HAL_Driver/Src/stm32g0xx_hal_rcc.c ****   }
1085:Drivers/STM32G0xx_HAL_Driver/Src/stm32g0xx_hal_rcc.c **** #endif /* RCC_MCO2_SUPPORT */
1086:Drivers/STM32G0xx_HAL_Driver/Src/stm32g0xx_hal_rcc.c ****   else
1087:Drivers/STM32G0xx_HAL_Driver/Src/stm32g0xx_hal_rcc.c ****   {
1088:Drivers/STM32G0xx_HAL_Driver/Src/stm32g0xx_hal_rcc.c ****     /* Nothing to do */
1089:Drivers/STM32G0xx_HAL_Driver/Src/stm32g0xx_hal_rcc.c ****   }
 1410              		.loc 1 1089 3 is_stmt 1 view .LVU446
 1411              	.L129:
1090:Drivers/STM32G0xx_HAL_Driver/Src/stm32g0xx_hal_rcc.c **** }
 1412              		.loc 1 1090 1 is_stmt 0 view .LVU447
 1413 005e 09B0     		add	sp, sp, #36
 1414              		@ sp needed
 1415              	.LVL111:
 1416              		.loc 1 1090 1 view .LVU448
 1417 0060 F0BD     		pop	{r4, r5, r6, r7, pc}
 1418              	.L132:
 1419 0062 C046     		.align	2
 1420              	.L131:
 1421 0064 00100240 		.word	1073876992
 1422 0068 FFFFFF88 		.word	-1996488705
 1423              		.cfi_endproc
 1424              	.LFE313:
 1426              		.global	__aeabi_uidiv
 1427              		.section	.text.HAL_RCC_GetSysClockFreq,"ax",%progbits
 1428              		.align	1
 1429              		.global	HAL_RCC_GetSysClockFreq
 1430              		.syntax unified
 1431              		.code	16
 1432              		.thumb_func
 1434              	HAL_RCC_GetSysClockFreq:
 1435              	.LFB314:
1091:Drivers/STM32G0xx_HAL_Driver/Src/stm32g0xx_hal_rcc.c **** 
1092:Drivers/STM32G0xx_HAL_Driver/Src/stm32g0xx_hal_rcc.c **** /**
1093:Drivers/STM32G0xx_HAL_Driver/Src/stm32g0xx_hal_rcc.c ****   * @brief  Return the SYSCLK frequency.
1094:Drivers/STM32G0xx_HAL_Driver/Src/stm32g0xx_hal_rcc.c ****   *
1095:Drivers/STM32G0xx_HAL_Driver/Src/stm32g0xx_hal_rcc.c ****   * @note   The system frequency computed by this function is not the real
1096:Drivers/STM32G0xx_HAL_Driver/Src/stm32g0xx_hal_rcc.c ****   *         frequency in the chip. It is calculated based on the predefined
1097:Drivers/STM32G0xx_HAL_Driver/Src/stm32g0xx_hal_rcc.c ****   *         constant and the selected clock source:
1098:Drivers/STM32G0xx_HAL_Driver/Src/stm32g0xx_hal_rcc.c ****   * @note     If SYSCLK source is HSI, function returns values based on HSI_VALUE/HSIDIV(*)
1099:Drivers/STM32G0xx_HAL_Driver/Src/stm32g0xx_hal_rcc.c ****   * @note     If SYSCLK source is HSE, function returns values based on HSE_VALUE(**)
1100:Drivers/STM32G0xx_HAL_Driver/Src/stm32g0xx_hal_rcc.c ****   * @note     If SYSCLK source is PLL, function returns values based on HSE_VALUE(**),
ARM GAS  C:\Users\Asus\AppData\Local\Temp\ccaANind.s 			page 49


1101:Drivers/STM32G0xx_HAL_Driver/Src/stm32g0xx_hal_rcc.c ****   *           or HSI_VALUE(*) multiplied/divided by the PLL factors.
1102:Drivers/STM32G0xx_HAL_Driver/Src/stm32g0xx_hal_rcc.c ****   * @note     If SYSCLK source is LSI, function returns values based on LSI_VALUE(***)
1103:Drivers/STM32G0xx_HAL_Driver/Src/stm32g0xx_hal_rcc.c ****   * @note     If SYSCLK source is LSE, function returns values based on LSE_VALUE(****)
1104:Drivers/STM32G0xx_HAL_Driver/Src/stm32g0xx_hal_rcc.c ****   * @note     (*) HSI_VALUE is a constant defined in stm32g0xx_hal_conf.h file (default value
1105:Drivers/STM32G0xx_HAL_Driver/Src/stm32g0xx_hal_rcc.c ****   *               16 MHz) but the real value may vary depending on the variations
1106:Drivers/STM32G0xx_HAL_Driver/Src/stm32g0xx_hal_rcc.c ****   *               in voltage and temperature.
1107:Drivers/STM32G0xx_HAL_Driver/Src/stm32g0xx_hal_rcc.c ****   * @note     (**) HSE_VALUE is a constant defined in stm32g0xx_hal_conf.h file (default value
1108:Drivers/STM32G0xx_HAL_Driver/Src/stm32g0xx_hal_rcc.c ****   *                8 MHz), user has to ensure that HSE_VALUE is same as the real
1109:Drivers/STM32G0xx_HAL_Driver/Src/stm32g0xx_hal_rcc.c ****   *                frequency of the crystal used. Otherwise, this function may
1110:Drivers/STM32G0xx_HAL_Driver/Src/stm32g0xx_hal_rcc.c ****   *                have wrong result.
1111:Drivers/STM32G0xx_HAL_Driver/Src/stm32g0xx_hal_rcc.c ****   * @note     (***) LSE_VALUE is a constant defined in stm32g0xx_hal_conf.h file (default value
1112:Drivers/STM32G0xx_HAL_Driver/Src/stm32g0xx_hal_rcc.c ****   *               32768 Hz).
1113:Drivers/STM32G0xx_HAL_Driver/Src/stm32g0xx_hal_rcc.c ****   * @note     (****) LSI_VALUE is a constant defined in stm32g0xx_hal_conf.h file (default value
1114:Drivers/STM32G0xx_HAL_Driver/Src/stm32g0xx_hal_rcc.c ****   *               32000 Hz).
1115:Drivers/STM32G0xx_HAL_Driver/Src/stm32g0xx_hal_rcc.c ****   *
1116:Drivers/STM32G0xx_HAL_Driver/Src/stm32g0xx_hal_rcc.c ****   * @note   The result of this function could be not correct when using fractional
1117:Drivers/STM32G0xx_HAL_Driver/Src/stm32g0xx_hal_rcc.c ****   *         value for HSE crystal.
1118:Drivers/STM32G0xx_HAL_Driver/Src/stm32g0xx_hal_rcc.c ****   *
1119:Drivers/STM32G0xx_HAL_Driver/Src/stm32g0xx_hal_rcc.c ****   * @note   This function can be used by the user application to compute the
1120:Drivers/STM32G0xx_HAL_Driver/Src/stm32g0xx_hal_rcc.c ****   *         baudrate for the communication peripherals or configure other parameters.
1121:Drivers/STM32G0xx_HAL_Driver/Src/stm32g0xx_hal_rcc.c ****   *
1122:Drivers/STM32G0xx_HAL_Driver/Src/stm32g0xx_hal_rcc.c ****   * @note   Each time SYSCLK changes, this function must be called to update the
1123:Drivers/STM32G0xx_HAL_Driver/Src/stm32g0xx_hal_rcc.c ****   *         right SYSCLK value. Otherwise, any configuration based on this function will be incorre
1124:Drivers/STM32G0xx_HAL_Driver/Src/stm32g0xx_hal_rcc.c ****   *
1125:Drivers/STM32G0xx_HAL_Driver/Src/stm32g0xx_hal_rcc.c ****   *
1126:Drivers/STM32G0xx_HAL_Driver/Src/stm32g0xx_hal_rcc.c ****   * @retval SYSCLK frequency
1127:Drivers/STM32G0xx_HAL_Driver/Src/stm32g0xx_hal_rcc.c ****   */
1128:Drivers/STM32G0xx_HAL_Driver/Src/stm32g0xx_hal_rcc.c **** uint32_t HAL_RCC_GetSysClockFreq(void)
1129:Drivers/STM32G0xx_HAL_Driver/Src/stm32g0xx_hal_rcc.c **** {
 1436              		.loc 1 1129 1 is_stmt 1 view -0
 1437              		.cfi_startproc
 1438              		@ args = 0, pretend = 0, frame = 0
 1439              		@ frame_needed = 0, uses_anonymous_args = 0
 1440 0000 10B5     		push	{r4, lr}
 1441              		.cfi_def_cfa_offset 8
 1442              		.cfi_offset 4, -8
 1443              		.cfi_offset 14, -4
1130:Drivers/STM32G0xx_HAL_Driver/Src/stm32g0xx_hal_rcc.c ****   uint32_t pllvco, pllsource, pllr, pllm, hsidiv;
 1444              		.loc 1 1130 3 view .LVU450
1131:Drivers/STM32G0xx_HAL_Driver/Src/stm32g0xx_hal_rcc.c ****   uint32_t sysclockfreq;
 1445              		.loc 1 1131 3 view .LVU451
1132:Drivers/STM32G0xx_HAL_Driver/Src/stm32g0xx_hal_rcc.c **** 
1133:Drivers/STM32G0xx_HAL_Driver/Src/stm32g0xx_hal_rcc.c ****   if (__HAL_RCC_GET_SYSCLK_SOURCE() == RCC_SYSCLKSOURCE_STATUS_HSI)
 1446              		.loc 1 1133 3 view .LVU452
 1447              		.loc 1 1133 7 is_stmt 0 view .LVU453
 1448 0002 2A4B     		ldr	r3, .L145
 1449 0004 9B68     		ldr	r3, [r3, #8]
 1450 0006 3822     		movs	r2, #56
 1451              		.loc 1 1133 6 view .LVU454
 1452 0008 1A42     		tst	r2, r3
 1453 000a 07D1     		bne	.L134
1134:Drivers/STM32G0xx_HAL_Driver/Src/stm32g0xx_hal_rcc.c ****   {
1135:Drivers/STM32G0xx_HAL_Driver/Src/stm32g0xx_hal_rcc.c ****     /* HSISYS can be derived for HSI16 */
1136:Drivers/STM32G0xx_HAL_Driver/Src/stm32g0xx_hal_rcc.c ****     hsidiv = (1UL << ((READ_BIT(RCC->CR, RCC_CR_HSIDIV)) >> RCC_CR_HSIDIV_Pos));
 1454              		.loc 1 1136 5 is_stmt 1 view .LVU455
 1455              		.loc 1 1136 24 is_stmt 0 view .LVU456
 1456 000c 274B     		ldr	r3, .L145
ARM GAS  C:\Users\Asus\AppData\Local\Temp\ccaANind.s 			page 50


 1457 000e 1A68     		ldr	r2, [r3]
 1458              		.loc 1 1136 58 view .LVU457
 1459 0010 D20A     		lsrs	r2, r2, #11
 1460 0012 0723     		movs	r3, #7
 1461 0014 1340     		ands	r3, r2
 1462              	.LVL112:
1137:Drivers/STM32G0xx_HAL_Driver/Src/stm32g0xx_hal_rcc.c **** 
1138:Drivers/STM32G0xx_HAL_Driver/Src/stm32g0xx_hal_rcc.c ****     /* HSI used as system clock source */
1139:Drivers/STM32G0xx_HAL_Driver/Src/stm32g0xx_hal_rcc.c ****     sysclockfreq = (HSI_VALUE / hsidiv);
 1463              		.loc 1 1139 5 is_stmt 1 view .LVU458
 1464              		.loc 1 1139 18 is_stmt 0 view .LVU459
 1465 0016 2648     		ldr	r0, .L145+4
 1466 0018 D840     		lsrs	r0, r0, r3
 1467              	.LVL113:
 1468              	.L133:
1140:Drivers/STM32G0xx_HAL_Driver/Src/stm32g0xx_hal_rcc.c ****   }
1141:Drivers/STM32G0xx_HAL_Driver/Src/stm32g0xx_hal_rcc.c ****   else if (__HAL_RCC_GET_SYSCLK_SOURCE() == RCC_SYSCLKSOURCE_STATUS_HSE)
1142:Drivers/STM32G0xx_HAL_Driver/Src/stm32g0xx_hal_rcc.c ****   {
1143:Drivers/STM32G0xx_HAL_Driver/Src/stm32g0xx_hal_rcc.c ****     /* HSE used as system clock source */
1144:Drivers/STM32G0xx_HAL_Driver/Src/stm32g0xx_hal_rcc.c ****     sysclockfreq = HSE_VALUE;
1145:Drivers/STM32G0xx_HAL_Driver/Src/stm32g0xx_hal_rcc.c ****   }
1146:Drivers/STM32G0xx_HAL_Driver/Src/stm32g0xx_hal_rcc.c ****   else if (__HAL_RCC_GET_SYSCLK_SOURCE() == RCC_SYSCLKSOURCE_STATUS_PLLCLK)
1147:Drivers/STM32G0xx_HAL_Driver/Src/stm32g0xx_hal_rcc.c ****   {
1148:Drivers/STM32G0xx_HAL_Driver/Src/stm32g0xx_hal_rcc.c ****     /* PLL used as system clock  source */
1149:Drivers/STM32G0xx_HAL_Driver/Src/stm32g0xx_hal_rcc.c **** 
1150:Drivers/STM32G0xx_HAL_Driver/Src/stm32g0xx_hal_rcc.c ****     /* PLL_VCO = ((HSE_VALUE or HSI_VALUE)/ PLLM) * PLLN
1151:Drivers/STM32G0xx_HAL_Driver/Src/stm32g0xx_hal_rcc.c ****     SYSCLK = PLL_VCO / PLLR
1152:Drivers/STM32G0xx_HAL_Driver/Src/stm32g0xx_hal_rcc.c ****     */
1153:Drivers/STM32G0xx_HAL_Driver/Src/stm32g0xx_hal_rcc.c ****     pllsource = (RCC->PLLCFGR & RCC_PLLCFGR_PLLSRC);
1154:Drivers/STM32G0xx_HAL_Driver/Src/stm32g0xx_hal_rcc.c ****     pllm = ((RCC->PLLCFGR & RCC_PLLCFGR_PLLM) >> RCC_PLLCFGR_PLLM_Pos) + 1U ;
1155:Drivers/STM32G0xx_HAL_Driver/Src/stm32g0xx_hal_rcc.c **** 
1156:Drivers/STM32G0xx_HAL_Driver/Src/stm32g0xx_hal_rcc.c ****     switch (pllsource)
1157:Drivers/STM32G0xx_HAL_Driver/Src/stm32g0xx_hal_rcc.c ****     {
1158:Drivers/STM32G0xx_HAL_Driver/Src/stm32g0xx_hal_rcc.c ****       case RCC_PLLSOURCE_HSE:  /* HSE used as PLL clock source */
1159:Drivers/STM32G0xx_HAL_Driver/Src/stm32g0xx_hal_rcc.c ****         pllvco = (HSE_VALUE / pllm) * ((RCC->PLLCFGR & RCC_PLLCFGR_PLLN) >> RCC_PLLCFGR_PLLN_Pos);
1160:Drivers/STM32G0xx_HAL_Driver/Src/stm32g0xx_hal_rcc.c ****         break;
1161:Drivers/STM32G0xx_HAL_Driver/Src/stm32g0xx_hal_rcc.c **** 
1162:Drivers/STM32G0xx_HAL_Driver/Src/stm32g0xx_hal_rcc.c ****       case RCC_PLLSOURCE_HSI:  /* HSI16 used as PLL clock source */
1163:Drivers/STM32G0xx_HAL_Driver/Src/stm32g0xx_hal_rcc.c ****       default:                 /* HSI16 used as PLL clock source */
1164:Drivers/STM32G0xx_HAL_Driver/Src/stm32g0xx_hal_rcc.c ****         pllvco = (HSI_VALUE / pllm) * ((RCC->PLLCFGR & RCC_PLLCFGR_PLLN) >> RCC_PLLCFGR_PLLN_Pos) ;
1165:Drivers/STM32G0xx_HAL_Driver/Src/stm32g0xx_hal_rcc.c ****         break;
1166:Drivers/STM32G0xx_HAL_Driver/Src/stm32g0xx_hal_rcc.c ****     }
1167:Drivers/STM32G0xx_HAL_Driver/Src/stm32g0xx_hal_rcc.c ****     pllr = (((RCC->PLLCFGR & RCC_PLLCFGR_PLLR) >> RCC_PLLCFGR_PLLR_Pos) + 1U);
1168:Drivers/STM32G0xx_HAL_Driver/Src/stm32g0xx_hal_rcc.c ****     sysclockfreq = pllvco / pllr;
1169:Drivers/STM32G0xx_HAL_Driver/Src/stm32g0xx_hal_rcc.c ****   }
1170:Drivers/STM32G0xx_HAL_Driver/Src/stm32g0xx_hal_rcc.c ****   else if (__HAL_RCC_GET_SYSCLK_SOURCE() == RCC_SYSCLKSOURCE_STATUS_LSE)
1171:Drivers/STM32G0xx_HAL_Driver/Src/stm32g0xx_hal_rcc.c ****   {
1172:Drivers/STM32G0xx_HAL_Driver/Src/stm32g0xx_hal_rcc.c ****     /* LSE used as system clock source */
1173:Drivers/STM32G0xx_HAL_Driver/Src/stm32g0xx_hal_rcc.c ****     sysclockfreq = LSE_VALUE;
1174:Drivers/STM32G0xx_HAL_Driver/Src/stm32g0xx_hal_rcc.c ****   }
1175:Drivers/STM32G0xx_HAL_Driver/Src/stm32g0xx_hal_rcc.c ****   else if (__HAL_RCC_GET_SYSCLK_SOURCE() == RCC_SYSCLKSOURCE_STATUS_LSI)
1176:Drivers/STM32G0xx_HAL_Driver/Src/stm32g0xx_hal_rcc.c ****   {
1177:Drivers/STM32G0xx_HAL_Driver/Src/stm32g0xx_hal_rcc.c ****     /* LSI used as system clock source */
1178:Drivers/STM32G0xx_HAL_Driver/Src/stm32g0xx_hal_rcc.c ****     sysclockfreq = LSI_VALUE;
1179:Drivers/STM32G0xx_HAL_Driver/Src/stm32g0xx_hal_rcc.c ****   }
1180:Drivers/STM32G0xx_HAL_Driver/Src/stm32g0xx_hal_rcc.c ****   else
1181:Drivers/STM32G0xx_HAL_Driver/Src/stm32g0xx_hal_rcc.c ****   {
ARM GAS  C:\Users\Asus\AppData\Local\Temp\ccaANind.s 			page 51


1182:Drivers/STM32G0xx_HAL_Driver/Src/stm32g0xx_hal_rcc.c ****     sysclockfreq = 0U;
1183:Drivers/STM32G0xx_HAL_Driver/Src/stm32g0xx_hal_rcc.c ****   }
1184:Drivers/STM32G0xx_HAL_Driver/Src/stm32g0xx_hal_rcc.c **** 
1185:Drivers/STM32G0xx_HAL_Driver/Src/stm32g0xx_hal_rcc.c ****   return sysclockfreq;
1186:Drivers/STM32G0xx_HAL_Driver/Src/stm32g0xx_hal_rcc.c **** }
 1469              		.loc 1 1186 1 view .LVU460
 1470              		@ sp needed
 1471 001a 10BD     		pop	{r4, pc}
 1472              	.L134:
1141:Drivers/STM32G0xx_HAL_Driver/Src/stm32g0xx_hal_rcc.c ****   {
 1473              		.loc 1 1141 8 is_stmt 1 view .LVU461
1141:Drivers/STM32G0xx_HAL_Driver/Src/stm32g0xx_hal_rcc.c ****   {
 1474              		.loc 1 1141 12 is_stmt 0 view .LVU462
 1475 001c 234B     		ldr	r3, .L145
 1476 001e 9A68     		ldr	r2, [r3, #8]
 1477 0020 3823     		movs	r3, #56
 1478 0022 1340     		ands	r3, r2
1141:Drivers/STM32G0xx_HAL_Driver/Src/stm32g0xx_hal_rcc.c ****   {
 1479              		.loc 1 1141 11 view .LVU463
 1480 0024 082B     		cmp	r3, #8
 1481 0026 3BD0     		beq	.L139
1146:Drivers/STM32G0xx_HAL_Driver/Src/stm32g0xx_hal_rcc.c ****   {
 1482              		.loc 1 1146 8 is_stmt 1 view .LVU464
1146:Drivers/STM32G0xx_HAL_Driver/Src/stm32g0xx_hal_rcc.c ****   {
 1483              		.loc 1 1146 12 is_stmt 0 view .LVU465
 1484 0028 204B     		ldr	r3, .L145
 1485 002a 9A68     		ldr	r2, [r3, #8]
 1486 002c 3823     		movs	r3, #56
 1487 002e 1340     		ands	r3, r2
1146:Drivers/STM32G0xx_HAL_Driver/Src/stm32g0xx_hal_rcc.c ****   {
 1488              		.loc 1 1146 11 view .LVU466
 1489 0030 102B     		cmp	r3, #16
 1490 0032 0DD0     		beq	.L142
1170:Drivers/STM32G0xx_HAL_Driver/Src/stm32g0xx_hal_rcc.c ****   {
 1491              		.loc 1 1170 8 is_stmt 1 view .LVU467
1170:Drivers/STM32G0xx_HAL_Driver/Src/stm32g0xx_hal_rcc.c ****   {
 1492              		.loc 1 1170 12 is_stmt 0 view .LVU468
 1493 0034 1D4B     		ldr	r3, .L145
 1494 0036 9A68     		ldr	r2, [r3, #8]
 1495 0038 3823     		movs	r3, #56
 1496 003a 1340     		ands	r3, r2
1170:Drivers/STM32G0xx_HAL_Driver/Src/stm32g0xx_hal_rcc.c ****   {
 1497              		.loc 1 1170 11 view .LVU469
 1498 003c 202B     		cmp	r3, #32
 1499 003e 31D0     		beq	.L140
1175:Drivers/STM32G0xx_HAL_Driver/Src/stm32g0xx_hal_rcc.c ****   {
 1500              		.loc 1 1175 8 is_stmt 1 view .LVU470
1175:Drivers/STM32G0xx_HAL_Driver/Src/stm32g0xx_hal_rcc.c ****   {
 1501              		.loc 1 1175 12 is_stmt 0 view .LVU471
 1502 0040 1A4B     		ldr	r3, .L145
 1503 0042 9A68     		ldr	r2, [r3, #8]
 1504 0044 3823     		movs	r3, #56
 1505 0046 1340     		ands	r3, r2
1175:Drivers/STM32G0xx_HAL_Driver/Src/stm32g0xx_hal_rcc.c ****   {
 1506              		.loc 1 1175 11 view .LVU472
 1507 0048 182B     		cmp	r3, #24
 1508 004a 26D0     		beq	.L143
ARM GAS  C:\Users\Asus\AppData\Local\Temp\ccaANind.s 			page 52


1182:Drivers/STM32G0xx_HAL_Driver/Src/stm32g0xx_hal_rcc.c ****   }
 1509              		.loc 1 1182 18 view .LVU473
 1510 004c 0020     		movs	r0, #0
 1511              	.LVL114:
1185:Drivers/STM32G0xx_HAL_Driver/Src/stm32g0xx_hal_rcc.c **** }
 1512              		.loc 1 1185 3 is_stmt 1 view .LVU474
1185:Drivers/STM32G0xx_HAL_Driver/Src/stm32g0xx_hal_rcc.c **** }
 1513              		.loc 1 1185 10 is_stmt 0 view .LVU475
 1514 004e E4E7     		b	.L133
 1515              	.LVL115:
 1516              	.L142:
1153:Drivers/STM32G0xx_HAL_Driver/Src/stm32g0xx_hal_rcc.c ****     pllm = ((RCC->PLLCFGR & RCC_PLLCFGR_PLLM) >> RCC_PLLCFGR_PLLM_Pos) + 1U ;
 1517              		.loc 1 1153 5 is_stmt 1 view .LVU476
1153:Drivers/STM32G0xx_HAL_Driver/Src/stm32g0xx_hal_rcc.c ****     pllm = ((RCC->PLLCFGR & RCC_PLLCFGR_PLLM) >> RCC_PLLCFGR_PLLM_Pos) + 1U ;
 1518              		.loc 1 1153 21 is_stmt 0 view .LVU477
 1519 0050 164A     		ldr	r2, .L145
 1520 0052 D168     		ldr	r1, [r2, #12]
1153:Drivers/STM32G0xx_HAL_Driver/Src/stm32g0xx_hal_rcc.c ****     pllm = ((RCC->PLLCFGR & RCC_PLLCFGR_PLLM) >> RCC_PLLCFGR_PLLM_Pos) + 1U ;
 1521              		.loc 1 1153 15 view .LVU478
 1522 0054 0D3B     		subs	r3, r3, #13
 1523 0056 0B40     		ands	r3, r1
 1524              	.LVL116:
1154:Drivers/STM32G0xx_HAL_Driver/Src/stm32g0xx_hal_rcc.c **** 
 1525              		.loc 1 1154 5 is_stmt 1 view .LVU479
1154:Drivers/STM32G0xx_HAL_Driver/Src/stm32g0xx_hal_rcc.c **** 
 1526              		.loc 1 1154 17 is_stmt 0 view .LVU480
 1527 0058 D268     		ldr	r2, [r2, #12]
1154:Drivers/STM32G0xx_HAL_Driver/Src/stm32g0xx_hal_rcc.c **** 
 1528              		.loc 1 1154 47 view .LVU481
 1529 005a 1209     		lsrs	r2, r2, #4
 1530 005c 0721     		movs	r1, #7
 1531 005e 1140     		ands	r1, r2
1154:Drivers/STM32G0xx_HAL_Driver/Src/stm32g0xx_hal_rcc.c **** 
 1532              		.loc 1 1154 10 view .LVU482
 1533 0060 0131     		adds	r1, r1, #1
 1534              	.LVL117:
1156:Drivers/STM32G0xx_HAL_Driver/Src/stm32g0xx_hal_rcc.c ****     {
 1535              		.loc 1 1156 5 is_stmt 1 view .LVU483
 1536 0062 032B     		cmp	r3, #3
 1537 0064 0FD0     		beq	.L144
1164:Drivers/STM32G0xx_HAL_Driver/Src/stm32g0xx_hal_rcc.c ****         break;
 1538              		.loc 1 1164 9 view .LVU484
1164:Drivers/STM32G0xx_HAL_Driver/Src/stm32g0xx_hal_rcc.c ****         break;
 1539              		.loc 1 1164 29 is_stmt 0 view .LVU485
 1540 0066 1248     		ldr	r0, .L145+4
 1541 0068 FFF7FEFF 		bl	__aeabi_uidiv
 1542              	.LVL118:
1164:Drivers/STM32G0xx_HAL_Driver/Src/stm32g0xx_hal_rcc.c ****         break;
 1543              		.loc 1 1164 44 view .LVU486
 1544 006c 0F4B     		ldr	r3, .L145
 1545 006e DA68     		ldr	r2, [r3, #12]
1164:Drivers/STM32G0xx_HAL_Driver/Src/stm32g0xx_hal_rcc.c ****         break;
 1546              		.loc 1 1164 74 view .LVU487
 1547 0070 120A     		lsrs	r2, r2, #8
 1548 0072 7F23     		movs	r3, #127
 1549 0074 1340     		ands	r3, r2
1164:Drivers/STM32G0xx_HAL_Driver/Src/stm32g0xx_hal_rcc.c ****         break;
ARM GAS  C:\Users\Asus\AppData\Local\Temp\ccaANind.s 			page 53


 1550              		.loc 1 1164 16 view .LVU488
 1551 0076 5843     		muls	r0, r3
 1552              	.LVL119:
1165:Drivers/STM32G0xx_HAL_Driver/Src/stm32g0xx_hal_rcc.c ****     }
 1553              		.loc 1 1165 9 is_stmt 1 view .LVU489
 1554              	.L138:
1167:Drivers/STM32G0xx_HAL_Driver/Src/stm32g0xx_hal_rcc.c ****     sysclockfreq = pllvco / pllr;
 1555              		.loc 1 1167 5 view .LVU490
1167:Drivers/STM32G0xx_HAL_Driver/Src/stm32g0xx_hal_rcc.c ****     sysclockfreq = pllvco / pllr;
 1556              		.loc 1 1167 18 is_stmt 0 view .LVU491
 1557 0078 0C4B     		ldr	r3, .L145
 1558 007a D968     		ldr	r1, [r3, #12]
1167:Drivers/STM32G0xx_HAL_Driver/Src/stm32g0xx_hal_rcc.c ****     sysclockfreq = pllvco / pllr;
 1559              		.loc 1 1167 48 view .LVU492
 1560 007c 490F     		lsrs	r1, r1, #29
1167:Drivers/STM32G0xx_HAL_Driver/Src/stm32g0xx_hal_rcc.c ****     sysclockfreq = pllvco / pllr;
 1561              		.loc 1 1167 10 view .LVU493
 1562 007e 0131     		adds	r1, r1, #1
 1563              	.LVL120:
1168:Drivers/STM32G0xx_HAL_Driver/Src/stm32g0xx_hal_rcc.c ****   }
 1564              		.loc 1 1168 5 is_stmt 1 view .LVU494
1168:Drivers/STM32G0xx_HAL_Driver/Src/stm32g0xx_hal_rcc.c ****   }
 1565              		.loc 1 1168 18 is_stmt 0 view .LVU495
 1566 0080 FFF7FEFF 		bl	__aeabi_uidiv
 1567              	.LVL121:
1168:Drivers/STM32G0xx_HAL_Driver/Src/stm32g0xx_hal_rcc.c ****   }
 1568              		.loc 1 1168 18 view .LVU496
 1569 0084 C9E7     		b	.L133
 1570              	.LVL122:
 1571              	.L144:
1159:Drivers/STM32G0xx_HAL_Driver/Src/stm32g0xx_hal_rcc.c ****         break;
 1572              		.loc 1 1159 9 is_stmt 1 view .LVU497
1159:Drivers/STM32G0xx_HAL_Driver/Src/stm32g0xx_hal_rcc.c ****         break;
 1573              		.loc 1 1159 29 is_stmt 0 view .LVU498
 1574 0086 0B48     		ldr	r0, .L145+8
 1575 0088 FFF7FEFF 		bl	__aeabi_uidiv
 1576              	.LVL123:
1159:Drivers/STM32G0xx_HAL_Driver/Src/stm32g0xx_hal_rcc.c ****         break;
 1577              		.loc 1 1159 44 view .LVU499
 1578 008c 074B     		ldr	r3, .L145
 1579 008e DA68     		ldr	r2, [r3, #12]
1159:Drivers/STM32G0xx_HAL_Driver/Src/stm32g0xx_hal_rcc.c ****         break;
 1580              		.loc 1 1159 74 view .LVU500
 1581 0090 120A     		lsrs	r2, r2, #8
 1582 0092 7F23     		movs	r3, #127
 1583 0094 1340     		ands	r3, r2
1159:Drivers/STM32G0xx_HAL_Driver/Src/stm32g0xx_hal_rcc.c ****         break;
 1584              		.loc 1 1159 16 view .LVU501
 1585 0096 5843     		muls	r0, r3
 1586              	.LVL124:
1160:Drivers/STM32G0xx_HAL_Driver/Src/stm32g0xx_hal_rcc.c **** 
 1587              		.loc 1 1160 9 is_stmt 1 view .LVU502
 1588 0098 EEE7     		b	.L138
 1589              	.LVL125:
 1590              	.L143:
1178:Drivers/STM32G0xx_HAL_Driver/Src/stm32g0xx_hal_rcc.c ****   }
 1591              		.loc 1 1178 18 is_stmt 0 view .LVU503
ARM GAS  C:\Users\Asus\AppData\Local\Temp\ccaANind.s 			page 54


 1592 009a FA20     		movs	r0, #250
 1593 009c C001     		lsls	r0, r0, #7
 1594 009e BCE7     		b	.L133
 1595              	.L139:
1144:Drivers/STM32G0xx_HAL_Driver/Src/stm32g0xx_hal_rcc.c ****   }
 1596              		.loc 1 1144 18 view .LVU504
 1597 00a0 0448     		ldr	r0, .L145+8
 1598 00a2 BAE7     		b	.L133
 1599              	.L140:
1173:Drivers/STM32G0xx_HAL_Driver/Src/stm32g0xx_hal_rcc.c ****   }
 1600              		.loc 1 1173 18 view .LVU505
 1601 00a4 8020     		movs	r0, #128
 1602 00a6 0002     		lsls	r0, r0, #8
 1603 00a8 B7E7     		b	.L133
 1604              	.L146:
 1605 00aa C046     		.align	2
 1606              	.L145:
 1607 00ac 00100240 		.word	1073876992
 1608 00b0 0024F400 		.word	16000000
 1609 00b4 00127A00 		.word	8000000
 1610              		.cfi_endproc
 1611              	.LFE314:
 1613              		.section	.text.HAL_RCC_ClockConfig,"ax",%progbits
 1614              		.align	1
 1615              		.global	HAL_RCC_ClockConfig
 1616              		.syntax unified
 1617              		.code	16
 1618              		.thumb_func
 1620              	HAL_RCC_ClockConfig:
 1621              	.LVL126:
 1622              	.LFB312:
 806:Drivers/STM32G0xx_HAL_Driver/Src/stm32g0xx_hal_rcc.c ****   uint32_t tickstart;
 1623              		.loc 1 806 1 is_stmt 1 view -0
 1624              		.cfi_startproc
 1625              		@ args = 0, pretend = 0, frame = 0
 1626              		@ frame_needed = 0, uses_anonymous_args = 0
 806:Drivers/STM32G0xx_HAL_Driver/Src/stm32g0xx_hal_rcc.c ****   uint32_t tickstart;
 1627              		.loc 1 806 1 is_stmt 0 view .LVU507
 1628 0000 70B5     		push	{r4, r5, r6, lr}
 1629              		.cfi_def_cfa_offset 16
 1630              		.cfi_offset 4, -16
 1631              		.cfi_offset 5, -12
 1632              		.cfi_offset 6, -8
 1633              		.cfi_offset 14, -4
 1634 0002 0400     		movs	r4, r0
 1635 0004 0D00     		movs	r5, r1
 807:Drivers/STM32G0xx_HAL_Driver/Src/stm32g0xx_hal_rcc.c **** 
 1636              		.loc 1 807 3 is_stmt 1 view .LVU508
 810:Drivers/STM32G0xx_HAL_Driver/Src/stm32g0xx_hal_rcc.c ****   {
 1637              		.loc 1 810 3 view .LVU509
 810:Drivers/STM32G0xx_HAL_Driver/Src/stm32g0xx_hal_rcc.c ****   {
 1638              		.loc 1 810 6 is_stmt 0 view .LVU510
 1639 0006 0028     		cmp	r0, #0
 1640 0008 00D1     		bne	.LCB1528
 1641 000a AAE0     		b	.L166	@long jump
 1642              	.LCB1528:
 816:Drivers/STM32G0xx_HAL_Driver/Src/stm32g0xx_hal_rcc.c ****   assert_param(IS_FLASH_LATENCY(FLatency));
ARM GAS  C:\Users\Asus\AppData\Local\Temp\ccaANind.s 			page 55


 1643              		.loc 1 816 3 is_stmt 1 view .LVU511
 817:Drivers/STM32G0xx_HAL_Driver/Src/stm32g0xx_hal_rcc.c **** 
 1644              		.loc 1 817 3 view .LVU512
 824:Drivers/STM32G0xx_HAL_Driver/Src/stm32g0xx_hal_rcc.c ****   {
 1645              		.loc 1 824 3 view .LVU513
 824:Drivers/STM32G0xx_HAL_Driver/Src/stm32g0xx_hal_rcc.c ****   {
 1646              		.loc 1 824 18 is_stmt 0 view .LVU514
 1647 000c 574B     		ldr	r3, .L189
 1648 000e 1A68     		ldr	r2, [r3]
 1649 0010 0723     		movs	r3, #7
 1650 0012 1340     		ands	r3, r2
 824:Drivers/STM32G0xx_HAL_Driver/Src/stm32g0xx_hal_rcc.c ****   {
 1651              		.loc 1 824 6 view .LVU515
 1652 0014 8B42     		cmp	r3, r1
 1653 0016 21D3     		bcc	.L183
 1654              	.LVL127:
 1655              	.L149:
 843:Drivers/STM32G0xx_HAL_Driver/Src/stm32g0xx_hal_rcc.c ****   {
 1656              		.loc 1 843 3 is_stmt 1 view .LVU516
 843:Drivers/STM32G0xx_HAL_Driver/Src/stm32g0xx_hal_rcc.c ****   {
 1657              		.loc 1 843 26 is_stmt 0 view .LVU517
 1658 0018 2368     		ldr	r3, [r4]
 843:Drivers/STM32G0xx_HAL_Driver/Src/stm32g0xx_hal_rcc.c ****   {
 1659              		.loc 1 843 6 view .LVU518
 1660 001a 9A07     		lsls	r2, r3, #30
 1661 001c 0ED5     		bpl	.L152
 847:Drivers/STM32G0xx_HAL_Driver/Src/stm32g0xx_hal_rcc.c ****     {
 1662              		.loc 1 847 5 is_stmt 1 view .LVU519
 847:Drivers/STM32G0xx_HAL_Driver/Src/stm32g0xx_hal_rcc.c ****     {
 1663              		.loc 1 847 8 is_stmt 0 view .LVU520
 1664 001e 5B07     		lsls	r3, r3, #29
 1665 0020 05D5     		bpl	.L153
 849:Drivers/STM32G0xx_HAL_Driver/Src/stm32g0xx_hal_rcc.c ****     }
 1666              		.loc 1 849 7 is_stmt 1 view .LVU521
 1667 0022 534A     		ldr	r2, .L189+4
 1668 0024 9168     		ldr	r1, [r2, #8]
 1669 0026 E023     		movs	r3, #224
 1670 0028 DB01     		lsls	r3, r3, #7
 1671 002a 0B43     		orrs	r3, r1
 1672 002c 9360     		str	r3, [r2, #8]
 1673              	.L153:
 853:Drivers/STM32G0xx_HAL_Driver/Src/stm32g0xx_hal_rcc.c ****     MODIFY_REG(RCC->CFGR, RCC_CFGR_HPRE, RCC_ClkInitStruct->AHBCLKDivider);
 1674              		.loc 1 853 5 view .LVU522
 854:Drivers/STM32G0xx_HAL_Driver/Src/stm32g0xx_hal_rcc.c ****   }
 1675              		.loc 1 854 5 view .LVU523
 1676 002e 504A     		ldr	r2, .L189+4
 1677 0030 9368     		ldr	r3, [r2, #8]
 1678 0032 5049     		ldr	r1, .L189+8
 1679 0034 0B40     		ands	r3, r1
 1680 0036 A168     		ldr	r1, [r4, #8]
 1681 0038 0B43     		orrs	r3, r1
 1682 003a 9360     		str	r3, [r2, #8]
 1683              	.L152:
 858:Drivers/STM32G0xx_HAL_Driver/Src/stm32g0xx_hal_rcc.c ****   {
 1684              		.loc 1 858 3 view .LVU524
 858:Drivers/STM32G0xx_HAL_Driver/Src/stm32g0xx_hal_rcc.c ****   {
 1685              		.loc 1 858 26 is_stmt 0 view .LVU525
ARM GAS  C:\Users\Asus\AppData\Local\Temp\ccaANind.s 			page 56


 1686 003c 2368     		ldr	r3, [r4]
 858:Drivers/STM32G0xx_HAL_Driver/Src/stm32g0xx_hal_rcc.c ****   {
 1687              		.loc 1 858 6 view .LVU526
 1688 003e DB07     		lsls	r3, r3, #31
 1689 0040 54D5     		bpl	.L154
 860:Drivers/STM32G0xx_HAL_Driver/Src/stm32g0xx_hal_rcc.c **** 
 1690              		.loc 1 860 5 is_stmt 1 view .LVU527
 863:Drivers/STM32G0xx_HAL_Driver/Src/stm32g0xx_hal_rcc.c ****     {
 1691              		.loc 1 863 5 view .LVU528
 863:Drivers/STM32G0xx_HAL_Driver/Src/stm32g0xx_hal_rcc.c ****     {
 1692              		.loc 1 863 26 is_stmt 0 view .LVU529
 1693 0042 6368     		ldr	r3, [r4, #4]
 863:Drivers/STM32G0xx_HAL_Driver/Src/stm32g0xx_hal_rcc.c ****     {
 1694              		.loc 1 863 8 view .LVU530
 1695 0044 012B     		cmp	r3, #1
 1696 0046 20D0     		beq	.L184
 872:Drivers/STM32G0xx_HAL_Driver/Src/stm32g0xx_hal_rcc.c ****     {
 1697              		.loc 1 872 10 is_stmt 1 view .LVU531
 872:Drivers/STM32G0xx_HAL_Driver/Src/stm32g0xx_hal_rcc.c ****     {
 1698              		.loc 1 872 13 is_stmt 0 view .LVU532
 1699 0048 022B     		cmp	r3, #2
 1700 004a 3BD0     		beq	.L185
 881:Drivers/STM32G0xx_HAL_Driver/Src/stm32g0xx_hal_rcc.c ****     {
 1701              		.loc 1 881 10 is_stmt 1 view .LVU533
 881:Drivers/STM32G0xx_HAL_Driver/Src/stm32g0xx_hal_rcc.c ****     {
 1702              		.loc 1 881 13 is_stmt 0 view .LVU534
 1703 004c 002B     		cmp	r3, #0
 1704 004e 3FD1     		bne	.L158
 884:Drivers/STM32G0xx_HAL_Driver/Src/stm32g0xx_hal_rcc.c ****       {
 1705              		.loc 1 884 7 is_stmt 1 view .LVU535
 884:Drivers/STM32G0xx_HAL_Driver/Src/stm32g0xx_hal_rcc.c ****       {
 1706              		.loc 1 884 11 is_stmt 0 view .LVU536
 1707 0050 474A     		ldr	r2, .L189+4
 1708 0052 1268     		ldr	r2, [r2]
 884:Drivers/STM32G0xx_HAL_Driver/Src/stm32g0xx_hal_rcc.c ****       {
 1709              		.loc 1 884 10 view .LVU537
 1710 0054 5205     		lsls	r2, r2, #21
 1711 0056 1CD4     		bmi	.L156
 886:Drivers/STM32G0xx_HAL_Driver/Src/stm32g0xx_hal_rcc.c ****       }
 1712              		.loc 1 886 16 view .LVU538
 1713 0058 0120     		movs	r0, #1
 1714 005a 6AE0     		b	.L148
 1715              	.LVL128:
 1716              	.L183:
 827:Drivers/STM32G0xx_HAL_Driver/Src/stm32g0xx_hal_rcc.c **** 
 1717              		.loc 1 827 5 is_stmt 1 view .LVU539
 1718 005c 434A     		ldr	r2, .L189
 1719 005e 1368     		ldr	r3, [r2]
 1720 0060 0721     		movs	r1, #7
 1721              	.LVL129:
 827:Drivers/STM32G0xx_HAL_Driver/Src/stm32g0xx_hal_rcc.c **** 
 1722              		.loc 1 827 5 is_stmt 0 view .LVU540
 1723 0062 8B43     		bics	r3, r1
 1724 0064 2B43     		orrs	r3, r5
 1725 0066 1360     		str	r3, [r2]
 831:Drivers/STM32G0xx_HAL_Driver/Src/stm32g0xx_hal_rcc.c **** 
 1726              		.loc 1 831 5 is_stmt 1 view .LVU541
ARM GAS  C:\Users\Asus\AppData\Local\Temp\ccaANind.s 			page 57


 831:Drivers/STM32G0xx_HAL_Driver/Src/stm32g0xx_hal_rcc.c **** 
 1727              		.loc 1 831 17 is_stmt 0 view .LVU542
 1728 0068 FFF7FEFF 		bl	HAL_GetTick
 1729              	.LVL130:
 831:Drivers/STM32G0xx_HAL_Driver/Src/stm32g0xx_hal_rcc.c **** 
 1730              		.loc 1 831 17 view .LVU543
 1731 006c 0600     		movs	r6, r0
 1732              	.LVL131:
 833:Drivers/STM32G0xx_HAL_Driver/Src/stm32g0xx_hal_rcc.c ****     {
 1733              		.loc 1 833 5 is_stmt 1 view .LVU544
 1734              	.L150:
 833:Drivers/STM32G0xx_HAL_Driver/Src/stm32g0xx_hal_rcc.c ****     {
 1735              		.loc 1 833 45 view .LVU545
 833:Drivers/STM32G0xx_HAL_Driver/Src/stm32g0xx_hal_rcc.c ****     {
 1736              		.loc 1 833 18 is_stmt 0 view .LVU546
 1737 006e 3F4B     		ldr	r3, .L189
 1738 0070 1A68     		ldr	r2, [r3]
 833:Drivers/STM32G0xx_HAL_Driver/Src/stm32g0xx_hal_rcc.c ****     {
 1739              		.loc 1 833 24 view .LVU547
 1740 0072 0723     		movs	r3, #7
 1741 0074 1340     		ands	r3, r2
 833:Drivers/STM32G0xx_HAL_Driver/Src/stm32g0xx_hal_rcc.c ****     {
 1742              		.loc 1 833 45 view .LVU548
 1743 0076 AB42     		cmp	r3, r5
 1744 0078 CED0     		beq	.L149
 835:Drivers/STM32G0xx_HAL_Driver/Src/stm32g0xx_hal_rcc.c ****       {
 1745              		.loc 1 835 7 is_stmt 1 view .LVU549
 835:Drivers/STM32G0xx_HAL_Driver/Src/stm32g0xx_hal_rcc.c ****       {
 1746              		.loc 1 835 12 is_stmt 0 view .LVU550
 1747 007a FFF7FEFF 		bl	HAL_GetTick
 1748              	.LVL132:
 835:Drivers/STM32G0xx_HAL_Driver/Src/stm32g0xx_hal_rcc.c ****       {
 1749              		.loc 1 835 26 view .LVU551
 1750 007e 801B     		subs	r0, r0, r6
 835:Drivers/STM32G0xx_HAL_Driver/Src/stm32g0xx_hal_rcc.c ****       {
 1751              		.loc 1 835 10 view .LVU552
 1752 0080 3D4A     		ldr	r2, .L189+12
 1753 0082 9042     		cmp	r0, r2
 1754 0084 F3D9     		bls	.L150
 837:Drivers/STM32G0xx_HAL_Driver/Src/stm32g0xx_hal_rcc.c ****       }
 1755              		.loc 1 837 16 view .LVU553
 1756 0086 0320     		movs	r0, #3
 1757 0088 53E0     		b	.L148
 1758              	.LVL133:
 1759              	.L184:
 866:Drivers/STM32G0xx_HAL_Driver/Src/stm32g0xx_hal_rcc.c ****       {
 1760              		.loc 1 866 7 is_stmt 1 view .LVU554
 866:Drivers/STM32G0xx_HAL_Driver/Src/stm32g0xx_hal_rcc.c ****       {
 1761              		.loc 1 866 11 is_stmt 0 view .LVU555
 1762 008a 394A     		ldr	r2, .L189+4
 1763 008c 1268     		ldr	r2, [r2]
 866:Drivers/STM32G0xx_HAL_Driver/Src/stm32g0xx_hal_rcc.c ****       {
 1764              		.loc 1 866 10 view .LVU556
 1765 008e 9203     		lsls	r2, r2, #14
 1766 0090 69D5     		bpl	.L186
 1767              	.L156:
 907:Drivers/STM32G0xx_HAL_Driver/Src/stm32g0xx_hal_rcc.c **** 
ARM GAS  C:\Users\Asus\AppData\Local\Temp\ccaANind.s 			page 58


 1768              		.loc 1 907 5 is_stmt 1 view .LVU557
 1769 0092 3749     		ldr	r1, .L189+4
 1770 0094 8A68     		ldr	r2, [r1, #8]
 1771 0096 0720     		movs	r0, #7
 1772 0098 8243     		bics	r2, r0
 1773 009a 1343     		orrs	r3, r2
 1774 009c 8B60     		str	r3, [r1, #8]
 910:Drivers/STM32G0xx_HAL_Driver/Src/stm32g0xx_hal_rcc.c **** 
 1775              		.loc 1 910 5 view .LVU558
 910:Drivers/STM32G0xx_HAL_Driver/Src/stm32g0xx_hal_rcc.c **** 
 1776              		.loc 1 910 17 is_stmt 0 view .LVU559
 1777 009e FFF7FEFF 		bl	HAL_GetTick
 1778              	.LVL134:
 1779 00a2 0600     		movs	r6, r0
 1780              	.LVL135:
 912:Drivers/STM32G0xx_HAL_Driver/Src/stm32g0xx_hal_rcc.c ****     {
 1781              		.loc 1 912 5 is_stmt 1 view .LVU560
 1782              	.L160:
 912:Drivers/STM32G0xx_HAL_Driver/Src/stm32g0xx_hal_rcc.c ****     {
 1783              		.loc 1 912 42 view .LVU561
 912:Drivers/STM32G0xx_HAL_Driver/Src/stm32g0xx_hal_rcc.c ****     {
 1784              		.loc 1 912 12 is_stmt 0 view .LVU562
 1785 00a4 324B     		ldr	r3, .L189+4
 1786 00a6 9B68     		ldr	r3, [r3, #8]
 1787 00a8 3822     		movs	r2, #56
 1788 00aa 1A40     		ands	r2, r3
 912:Drivers/STM32G0xx_HAL_Driver/Src/stm32g0xx_hal_rcc.c ****     {
 1789              		.loc 1 912 63 view .LVU563
 1790 00ac 6368     		ldr	r3, [r4, #4]
 912:Drivers/STM32G0xx_HAL_Driver/Src/stm32g0xx_hal_rcc.c ****     {
 1791              		.loc 1 912 78 view .LVU564
 1792 00ae DB00     		lsls	r3, r3, #3
 912:Drivers/STM32G0xx_HAL_Driver/Src/stm32g0xx_hal_rcc.c ****     {
 1793              		.loc 1 912 42 view .LVU565
 1794 00b0 9A42     		cmp	r2, r3
 1795 00b2 1BD0     		beq	.L154
 914:Drivers/STM32G0xx_HAL_Driver/Src/stm32g0xx_hal_rcc.c ****       {
 1796              		.loc 1 914 7 is_stmt 1 view .LVU566
 914:Drivers/STM32G0xx_HAL_Driver/Src/stm32g0xx_hal_rcc.c ****       {
 1797              		.loc 1 914 12 is_stmt 0 view .LVU567
 1798 00b4 FFF7FEFF 		bl	HAL_GetTick
 1799              	.LVL136:
 914:Drivers/STM32G0xx_HAL_Driver/Src/stm32g0xx_hal_rcc.c ****       {
 1800              		.loc 1 914 26 view .LVU568
 1801 00b8 801B     		subs	r0, r0, r6
 914:Drivers/STM32G0xx_HAL_Driver/Src/stm32g0xx_hal_rcc.c ****       {
 1802              		.loc 1 914 10 view .LVU569
 1803 00ba 2F4B     		ldr	r3, .L189+12
 1804 00bc 9842     		cmp	r0, r3
 1805 00be F1D9     		bls	.L160
 916:Drivers/STM32G0xx_HAL_Driver/Src/stm32g0xx_hal_rcc.c ****       }
 1806              		.loc 1 916 16 view .LVU570
 1807 00c0 0320     		movs	r0, #3
 1808 00c2 36E0     		b	.L148
 1809              	.LVL137:
 1810              	.L185:
 875:Drivers/STM32G0xx_HAL_Driver/Src/stm32g0xx_hal_rcc.c ****       {
ARM GAS  C:\Users\Asus\AppData\Local\Temp\ccaANind.s 			page 59


 1811              		.loc 1 875 7 is_stmt 1 view .LVU571
 875:Drivers/STM32G0xx_HAL_Driver/Src/stm32g0xx_hal_rcc.c ****       {
 1812              		.loc 1 875 11 is_stmt 0 view .LVU572
 1813 00c4 2A4A     		ldr	r2, .L189+4
 1814 00c6 1268     		ldr	r2, [r2]
 875:Drivers/STM32G0xx_HAL_Driver/Src/stm32g0xx_hal_rcc.c ****       {
 1815              		.loc 1 875 10 view .LVU573
 1816 00c8 9201     		lsls	r2, r2, #6
 1817 00ca E2D4     		bmi	.L156
 877:Drivers/STM32G0xx_HAL_Driver/Src/stm32g0xx_hal_rcc.c ****       }
 1818              		.loc 1 877 16 view .LVU574
 1819 00cc 0120     		movs	r0, #1
 1820 00ce 30E0     		b	.L148
 1821              	.L158:
 890:Drivers/STM32G0xx_HAL_Driver/Src/stm32g0xx_hal_rcc.c ****     {
 1822              		.loc 1 890 10 is_stmt 1 view .LVU575
 890:Drivers/STM32G0xx_HAL_Driver/Src/stm32g0xx_hal_rcc.c ****     {
 1823              		.loc 1 890 13 is_stmt 0 view .LVU576
 1824 00d0 032B     		cmp	r3, #3
 1825 00d2 05D0     		beq	.L187
 902:Drivers/STM32G0xx_HAL_Driver/Src/stm32g0xx_hal_rcc.c ****       {
 1826              		.loc 1 902 7 is_stmt 1 view .LVU577
 902:Drivers/STM32G0xx_HAL_Driver/Src/stm32g0xx_hal_rcc.c ****       {
 1827              		.loc 1 902 11 is_stmt 0 view .LVU578
 1828 00d4 264A     		ldr	r2, .L189+4
 1829 00d6 D26D     		ldr	r2, [r2, #92]
 902:Drivers/STM32G0xx_HAL_Driver/Src/stm32g0xx_hal_rcc.c ****       {
 1830              		.loc 1 902 10 view .LVU579
 1831 00d8 9207     		lsls	r2, r2, #30
 1832 00da DAD4     		bmi	.L156
 904:Drivers/STM32G0xx_HAL_Driver/Src/stm32g0xx_hal_rcc.c ****       }
 1833              		.loc 1 904 16 view .LVU580
 1834 00dc 0120     		movs	r0, #1
 1835 00de 28E0     		b	.L148
 1836              	.L187:
 893:Drivers/STM32G0xx_HAL_Driver/Src/stm32g0xx_hal_rcc.c ****       {
 1837              		.loc 1 893 7 is_stmt 1 view .LVU581
 893:Drivers/STM32G0xx_HAL_Driver/Src/stm32g0xx_hal_rcc.c ****       {
 1838              		.loc 1 893 11 is_stmt 0 view .LVU582
 1839 00e0 234A     		ldr	r2, .L189+4
 1840 00e2 126E     		ldr	r2, [r2, #96]
 893:Drivers/STM32G0xx_HAL_Driver/Src/stm32g0xx_hal_rcc.c ****       {
 1841              		.loc 1 893 10 view .LVU583
 1842 00e4 9207     		lsls	r2, r2, #30
 1843 00e6 D4D4     		bmi	.L156
 895:Drivers/STM32G0xx_HAL_Driver/Src/stm32g0xx_hal_rcc.c ****       }
 1844              		.loc 1 895 16 view .LVU584
 1845 00e8 0120     		movs	r0, #1
 1846 00ea 22E0     		b	.L148
 1847              	.L154:
 922:Drivers/STM32G0xx_HAL_Driver/Src/stm32g0xx_hal_rcc.c ****   {
 1848              		.loc 1 922 3 is_stmt 1 view .LVU585
 922:Drivers/STM32G0xx_HAL_Driver/Src/stm32g0xx_hal_rcc.c ****   {
 1849              		.loc 1 922 18 is_stmt 0 view .LVU586
 1850 00ec 1F4B     		ldr	r3, .L189
 1851 00ee 1A68     		ldr	r2, [r3]
 1852 00f0 0723     		movs	r3, #7
ARM GAS  C:\Users\Asus\AppData\Local\Temp\ccaANind.s 			page 60


 1853 00f2 1340     		ands	r3, r2
 922:Drivers/STM32G0xx_HAL_Driver/Src/stm32g0xx_hal_rcc.c ****   {
 1854              		.loc 1 922 6 view .LVU587
 1855 00f4 AB42     		cmp	r3, r5
 1856 00f6 1DD8     		bhi	.L188
 1857              	.L162:
 941:Drivers/STM32G0xx_HAL_Driver/Src/stm32g0xx_hal_rcc.c ****   {
 1858              		.loc 1 941 3 is_stmt 1 view .LVU588
 941:Drivers/STM32G0xx_HAL_Driver/Src/stm32g0xx_hal_rcc.c ****   {
 1859              		.loc 1 941 26 is_stmt 0 view .LVU589
 1860 00f8 2368     		ldr	r3, [r4]
 941:Drivers/STM32G0xx_HAL_Driver/Src/stm32g0xx_hal_rcc.c ****   {
 1861              		.loc 1 941 6 view .LVU590
 1862 00fa 5B07     		lsls	r3, r3, #29
 1863 00fc 06D5     		bpl	.L165
 943:Drivers/STM32G0xx_HAL_Driver/Src/stm32g0xx_hal_rcc.c ****     MODIFY_REG(RCC->CFGR, RCC_CFGR_PPRE, RCC_ClkInitStruct->APB1CLKDivider);
 1864              		.loc 1 943 5 is_stmt 1 view .LVU591
 944:Drivers/STM32G0xx_HAL_Driver/Src/stm32g0xx_hal_rcc.c ****   }
 1865              		.loc 1 944 5 view .LVU592
 1866 00fe 1C4A     		ldr	r2, .L189+4
 1867 0100 9368     		ldr	r3, [r2, #8]
 1868 0102 1E49     		ldr	r1, .L189+16
 1869 0104 0B40     		ands	r3, r1
 1870 0106 E168     		ldr	r1, [r4, #12]
 1871 0108 0B43     		orrs	r3, r1
 1872 010a 9360     		str	r3, [r2, #8]
 1873              	.L165:
 948:Drivers/STM32G0xx_HAL_Driver/Src/stm32g0xx_hal_rcc.c **** 
 1874              		.loc 1 948 3 view .LVU593
 948:Drivers/STM32G0xx_HAL_Driver/Src/stm32g0xx_hal_rcc.c **** 
 1875              		.loc 1 948 22 is_stmt 0 view .LVU594
 1876 010c FFF7FEFF 		bl	HAL_RCC_GetSysClockFreq
 1877              	.LVL138:
 948:Drivers/STM32G0xx_HAL_Driver/Src/stm32g0xx_hal_rcc.c **** 
 1878              		.loc 1 948 71 view .LVU595
 1879 0110 174B     		ldr	r3, .L189+4
 1880 0112 9A68     		ldr	r2, [r3, #8]
 948:Drivers/STM32G0xx_HAL_Driver/Src/stm32g0xx_hal_rcc.c **** 
 1881              		.loc 1 948 95 view .LVU596
 1882 0114 120A     		lsrs	r2, r2, #8
 1883 0116 0F23     		movs	r3, #15
 1884 0118 1340     		ands	r3, r2
 948:Drivers/STM32G0xx_HAL_Driver/Src/stm32g0xx_hal_rcc.c **** 
 1885              		.loc 1 948 66 view .LVU597
 1886 011a 194A     		ldr	r2, .L189+20
 1887 011c 9B00     		lsls	r3, r3, #2
 1888 011e 9A58     		ldr	r2, [r3, r2]
 948:Drivers/STM32G0xx_HAL_Driver/Src/stm32g0xx_hal_rcc.c **** 
 1889              		.loc 1 948 118 view .LVU598
 1890 0120 1F23     		movs	r3, #31
 1891 0122 1340     		ands	r3, r2
 948:Drivers/STM32G0xx_HAL_Driver/Src/stm32g0xx_hal_rcc.c **** 
 1892              		.loc 1 948 48 view .LVU599
 1893 0124 D840     		lsrs	r0, r0, r3
 948:Drivers/STM32G0xx_HAL_Driver/Src/stm32g0xx_hal_rcc.c **** 
 1894              		.loc 1 948 19 view .LVU600
 1895 0126 174B     		ldr	r3, .L189+24
ARM GAS  C:\Users\Asus\AppData\Local\Temp\ccaANind.s 			page 61


 1896 0128 1860     		str	r0, [r3]
 951:Drivers/STM32G0xx_HAL_Driver/Src/stm32g0xx_hal_rcc.c **** }
 1897              		.loc 1 951 3 is_stmt 1 view .LVU601
 951:Drivers/STM32G0xx_HAL_Driver/Src/stm32g0xx_hal_rcc.c **** }
 1898              		.loc 1 951 10 is_stmt 0 view .LVU602
 1899 012a 174B     		ldr	r3, .L189+28
 1900 012c 1868     		ldr	r0, [r3]
 1901 012e FFF7FEFF 		bl	HAL_InitTick
 1902              	.LVL139:
 1903              	.L148:
 952:Drivers/STM32G0xx_HAL_Driver/Src/stm32g0xx_hal_rcc.c **** 
 1904              		.loc 1 952 1 view .LVU603
 1905              		@ sp needed
 1906              	.LVL140:
 1907              	.LVL141:
 952:Drivers/STM32G0xx_HAL_Driver/Src/stm32g0xx_hal_rcc.c **** 
 1908              		.loc 1 952 1 view .LVU604
 1909 0132 70BD     		pop	{r4, r5, r6, pc}
 1910              	.LVL142:
 1911              	.L188:
 925:Drivers/STM32G0xx_HAL_Driver/Src/stm32g0xx_hal_rcc.c **** 
 1912              		.loc 1 925 5 is_stmt 1 view .LVU605
 1913 0134 0D4A     		ldr	r2, .L189
 1914 0136 1368     		ldr	r3, [r2]
 1915 0138 0721     		movs	r1, #7
 1916 013a 8B43     		bics	r3, r1
 1917 013c 2B43     		orrs	r3, r5
 1918 013e 1360     		str	r3, [r2]
 929:Drivers/STM32G0xx_HAL_Driver/Src/stm32g0xx_hal_rcc.c **** 
 1919              		.loc 1 929 5 view .LVU606
 929:Drivers/STM32G0xx_HAL_Driver/Src/stm32g0xx_hal_rcc.c **** 
 1920              		.loc 1 929 17 is_stmt 0 view .LVU607
 1921 0140 FFF7FEFF 		bl	HAL_GetTick
 1922              	.LVL143:
 1923 0144 0600     		movs	r6, r0
 1924              	.LVL144:
 931:Drivers/STM32G0xx_HAL_Driver/Src/stm32g0xx_hal_rcc.c ****     {
 1925              		.loc 1 931 5 is_stmt 1 view .LVU608
 1926              	.L163:
 931:Drivers/STM32G0xx_HAL_Driver/Src/stm32g0xx_hal_rcc.c ****     {
 1927              		.loc 1 931 45 view .LVU609
 931:Drivers/STM32G0xx_HAL_Driver/Src/stm32g0xx_hal_rcc.c ****     {
 1928              		.loc 1 931 18 is_stmt 0 view .LVU610
 1929 0146 094B     		ldr	r3, .L189
 1930 0148 1A68     		ldr	r2, [r3]
 931:Drivers/STM32G0xx_HAL_Driver/Src/stm32g0xx_hal_rcc.c ****     {
 1931              		.loc 1 931 24 view .LVU611
 1932 014a 0723     		movs	r3, #7
 1933 014c 1340     		ands	r3, r2
 931:Drivers/STM32G0xx_HAL_Driver/Src/stm32g0xx_hal_rcc.c ****     {
 1934              		.loc 1 931 45 view .LVU612
 1935 014e AB42     		cmp	r3, r5
 1936 0150 D2D0     		beq	.L162
 933:Drivers/STM32G0xx_HAL_Driver/Src/stm32g0xx_hal_rcc.c ****       {
 1937              		.loc 1 933 7 is_stmt 1 view .LVU613
 933:Drivers/STM32G0xx_HAL_Driver/Src/stm32g0xx_hal_rcc.c ****       {
 1938              		.loc 1 933 12 is_stmt 0 view .LVU614
ARM GAS  C:\Users\Asus\AppData\Local\Temp\ccaANind.s 			page 62


 1939 0152 FFF7FEFF 		bl	HAL_GetTick
 1940              	.LVL145:
 933:Drivers/STM32G0xx_HAL_Driver/Src/stm32g0xx_hal_rcc.c ****       {
 1941              		.loc 1 933 26 view .LVU615
 1942 0156 801B     		subs	r0, r0, r6
 933:Drivers/STM32G0xx_HAL_Driver/Src/stm32g0xx_hal_rcc.c ****       {
 1943              		.loc 1 933 10 view .LVU616
 1944 0158 074B     		ldr	r3, .L189+12
 1945 015a 9842     		cmp	r0, r3
 1946 015c F3D9     		bls	.L163
 935:Drivers/STM32G0xx_HAL_Driver/Src/stm32g0xx_hal_rcc.c ****       }
 1947              		.loc 1 935 16 view .LVU617
 1948 015e 0320     		movs	r0, #3
 1949 0160 E7E7     		b	.L148
 1950              	.LVL146:
 1951              	.L166:
 812:Drivers/STM32G0xx_HAL_Driver/Src/stm32g0xx_hal_rcc.c ****   }
 1952              		.loc 1 812 12 view .LVU618
 1953 0162 0120     		movs	r0, #1
 1954              	.LVL147:
 812:Drivers/STM32G0xx_HAL_Driver/Src/stm32g0xx_hal_rcc.c ****   }
 1955              		.loc 1 812 12 view .LVU619
 1956 0164 E5E7     		b	.L148
 1957              	.LVL148:
 1958              	.L186:
 868:Drivers/STM32G0xx_HAL_Driver/Src/stm32g0xx_hal_rcc.c ****       }
 1959              		.loc 1 868 16 view .LVU620
 1960 0166 0120     		movs	r0, #1
 1961 0168 E3E7     		b	.L148
 1962              	.L190:
 1963 016a C046     		.align	2
 1964              	.L189:
 1965 016c 00200240 		.word	1073881088
 1966 0170 00100240 		.word	1073876992
 1967 0174 FFF0FFFF 		.word	-3841
 1968 0178 88130000 		.word	5000
 1969 017c FF8FFFFF 		.word	-28673
 1970 0180 00000000 		.word	AHBPrescTable
 1971 0184 00000000 		.word	SystemCoreClock
 1972 0188 00000000 		.word	uwTickPrio
 1973              		.cfi_endproc
 1974              	.LFE312:
 1976              		.section	.text.HAL_RCC_GetHCLKFreq,"ax",%progbits
 1977              		.align	1
 1978              		.global	HAL_RCC_GetHCLKFreq
 1979              		.syntax unified
 1980              		.code	16
 1981              		.thumb_func
 1983              	HAL_RCC_GetHCLKFreq:
 1984              	.LFB315:
1187:Drivers/STM32G0xx_HAL_Driver/Src/stm32g0xx_hal_rcc.c **** 
1188:Drivers/STM32G0xx_HAL_Driver/Src/stm32g0xx_hal_rcc.c **** /**
1189:Drivers/STM32G0xx_HAL_Driver/Src/stm32g0xx_hal_rcc.c ****   * @brief  Return the HCLK frequency.
1190:Drivers/STM32G0xx_HAL_Driver/Src/stm32g0xx_hal_rcc.c ****   * @note   Each time HCLK changes, this function must be called to update the
1191:Drivers/STM32G0xx_HAL_Driver/Src/stm32g0xx_hal_rcc.c ****   *         right HCLK value. Otherwise, any configuration based on this function will be incorrect
1192:Drivers/STM32G0xx_HAL_Driver/Src/stm32g0xx_hal_rcc.c ****   *
1193:Drivers/STM32G0xx_HAL_Driver/Src/stm32g0xx_hal_rcc.c ****   * @note   The SystemCoreClock CMSIS variable is used to store System Clock Frequency.
ARM GAS  C:\Users\Asus\AppData\Local\Temp\ccaANind.s 			page 63


1194:Drivers/STM32G0xx_HAL_Driver/Src/stm32g0xx_hal_rcc.c ****   * @retval HCLK frequency in Hz
1195:Drivers/STM32G0xx_HAL_Driver/Src/stm32g0xx_hal_rcc.c ****   */
1196:Drivers/STM32G0xx_HAL_Driver/Src/stm32g0xx_hal_rcc.c **** uint32_t HAL_RCC_GetHCLKFreq(void)
1197:Drivers/STM32G0xx_HAL_Driver/Src/stm32g0xx_hal_rcc.c **** {
 1985              		.loc 1 1197 1 is_stmt 1 view -0
 1986              		.cfi_startproc
 1987              		@ args = 0, pretend = 0, frame = 0
 1988              		@ frame_needed = 0, uses_anonymous_args = 0
 1989              		@ link register save eliminated.
1198:Drivers/STM32G0xx_HAL_Driver/Src/stm32g0xx_hal_rcc.c ****   return SystemCoreClock;
 1990              		.loc 1 1198 3 view .LVU622
 1991              		.loc 1 1198 10 is_stmt 0 view .LVU623
 1992 0000 014B     		ldr	r3, .L192
 1993 0002 1868     		ldr	r0, [r3]
1199:Drivers/STM32G0xx_HAL_Driver/Src/stm32g0xx_hal_rcc.c **** }
 1994              		.loc 1 1199 1 view .LVU624
 1995              		@ sp needed
 1996 0004 7047     		bx	lr
 1997              	.L193:
 1998 0006 C046     		.align	2
 1999              	.L192:
 2000 0008 00000000 		.word	SystemCoreClock
 2001              		.cfi_endproc
 2002              	.LFE315:
 2004              		.section	.text.HAL_RCC_GetPCLK1Freq,"ax",%progbits
 2005              		.align	1
 2006              		.global	HAL_RCC_GetPCLK1Freq
 2007              		.syntax unified
 2008              		.code	16
 2009              		.thumb_func
 2011              	HAL_RCC_GetPCLK1Freq:
 2012              	.LFB316:
1200:Drivers/STM32G0xx_HAL_Driver/Src/stm32g0xx_hal_rcc.c **** 
1201:Drivers/STM32G0xx_HAL_Driver/Src/stm32g0xx_hal_rcc.c **** /**
1202:Drivers/STM32G0xx_HAL_Driver/Src/stm32g0xx_hal_rcc.c ****   * @brief  Return the PCLK1 frequency.
1203:Drivers/STM32G0xx_HAL_Driver/Src/stm32g0xx_hal_rcc.c ****   * @note   Each time PCLK1 changes, this function must be called to update the
1204:Drivers/STM32G0xx_HAL_Driver/Src/stm32g0xx_hal_rcc.c ****   *         right PCLK1 value. Otherwise, any configuration based on this function will be incorrec
1205:Drivers/STM32G0xx_HAL_Driver/Src/stm32g0xx_hal_rcc.c ****   * @retval PCLK1 frequency in Hz
1206:Drivers/STM32G0xx_HAL_Driver/Src/stm32g0xx_hal_rcc.c ****   */
1207:Drivers/STM32G0xx_HAL_Driver/Src/stm32g0xx_hal_rcc.c **** uint32_t HAL_RCC_GetPCLK1Freq(void)
1208:Drivers/STM32G0xx_HAL_Driver/Src/stm32g0xx_hal_rcc.c **** {
 2013              		.loc 1 1208 1 is_stmt 1 view -0
 2014              		.cfi_startproc
 2015              		@ args = 0, pretend = 0, frame = 0
 2016              		@ frame_needed = 0, uses_anonymous_args = 0
 2017 0000 10B5     		push	{r4, lr}
 2018              		.cfi_def_cfa_offset 8
 2019              		.cfi_offset 4, -8
 2020              		.cfi_offset 14, -4
1209:Drivers/STM32G0xx_HAL_Driver/Src/stm32g0xx_hal_rcc.c ****   /* Get HCLK source and Compute PCLK1 frequency ---------------------------*/
1210:Drivers/STM32G0xx_HAL_Driver/Src/stm32g0xx_hal_rcc.c ****   return ((uint32_t)(__LL_RCC_CALC_PCLK1_FREQ(HAL_RCC_GetHCLKFreq(), LL_RCC_GetAPB1Prescaler())));
 2021              		.loc 1 1210 3 view .LVU626
 2022              		.loc 1 1210 22 is_stmt 0 view .LVU627
 2023 0002 FFF7FEFF 		bl	HAL_RCC_GetHCLKFreq
 2024              	.LVL149:
 2025              	.LBB8:
 2026              	.LBI8:
ARM GAS  C:\Users\Asus\AppData\Local\Temp\ccaANind.s 			page 64


 2027              		.file 2 "Drivers/STM32G0xx_HAL_Driver/Inc/stm32g0xx_ll_rcc.h"
   1:Drivers/STM32G0xx_HAL_Driver/Inc/stm32g0xx_ll_rcc.h **** /**
   2:Drivers/STM32G0xx_HAL_Driver/Inc/stm32g0xx_ll_rcc.h ****   ******************************************************************************
   3:Drivers/STM32G0xx_HAL_Driver/Inc/stm32g0xx_ll_rcc.h ****   * @file    stm32g0xx_ll_rcc.h
   4:Drivers/STM32G0xx_HAL_Driver/Inc/stm32g0xx_ll_rcc.h ****   * @author  MCD Application Team
   5:Drivers/STM32G0xx_HAL_Driver/Inc/stm32g0xx_ll_rcc.h ****   * @brief   Header file of RCC LL module.
   6:Drivers/STM32G0xx_HAL_Driver/Inc/stm32g0xx_ll_rcc.h ****   ******************************************************************************
   7:Drivers/STM32G0xx_HAL_Driver/Inc/stm32g0xx_ll_rcc.h ****   * @attention
   8:Drivers/STM32G0xx_HAL_Driver/Inc/stm32g0xx_ll_rcc.h ****   *
   9:Drivers/STM32G0xx_HAL_Driver/Inc/stm32g0xx_ll_rcc.h ****   * Copyright (c) 2018 STMicroelectronics.
  10:Drivers/STM32G0xx_HAL_Driver/Inc/stm32g0xx_ll_rcc.h ****   * All rights reserved.
  11:Drivers/STM32G0xx_HAL_Driver/Inc/stm32g0xx_ll_rcc.h ****   *
  12:Drivers/STM32G0xx_HAL_Driver/Inc/stm32g0xx_ll_rcc.h ****   * This software is licensed under terms that can be found in the LICENSE file in
  13:Drivers/STM32G0xx_HAL_Driver/Inc/stm32g0xx_ll_rcc.h ****   * the root directory of this software component.
  14:Drivers/STM32G0xx_HAL_Driver/Inc/stm32g0xx_ll_rcc.h ****   * If no LICENSE file comes with this software, it is provided AS-IS.
  15:Drivers/STM32G0xx_HAL_Driver/Inc/stm32g0xx_ll_rcc.h ****   ******************************************************************************
  16:Drivers/STM32G0xx_HAL_Driver/Inc/stm32g0xx_ll_rcc.h ****   */
  17:Drivers/STM32G0xx_HAL_Driver/Inc/stm32g0xx_ll_rcc.h **** 
  18:Drivers/STM32G0xx_HAL_Driver/Inc/stm32g0xx_ll_rcc.h **** /* Define to prevent recursive inclusion -------------------------------------*/
  19:Drivers/STM32G0xx_HAL_Driver/Inc/stm32g0xx_ll_rcc.h **** #ifndef STM32G0xx_LL_RCC_H
  20:Drivers/STM32G0xx_HAL_Driver/Inc/stm32g0xx_ll_rcc.h **** #define STM32G0xx_LL_RCC_H
  21:Drivers/STM32G0xx_HAL_Driver/Inc/stm32g0xx_ll_rcc.h **** 
  22:Drivers/STM32G0xx_HAL_Driver/Inc/stm32g0xx_ll_rcc.h **** #ifdef __cplusplus
  23:Drivers/STM32G0xx_HAL_Driver/Inc/stm32g0xx_ll_rcc.h **** extern "C" {
  24:Drivers/STM32G0xx_HAL_Driver/Inc/stm32g0xx_ll_rcc.h **** #endif
  25:Drivers/STM32G0xx_HAL_Driver/Inc/stm32g0xx_ll_rcc.h **** 
  26:Drivers/STM32G0xx_HAL_Driver/Inc/stm32g0xx_ll_rcc.h **** /* Includes ------------------------------------------------------------------*/
  27:Drivers/STM32G0xx_HAL_Driver/Inc/stm32g0xx_ll_rcc.h **** #include "stm32g0xx.h"
  28:Drivers/STM32G0xx_HAL_Driver/Inc/stm32g0xx_ll_rcc.h **** 
  29:Drivers/STM32G0xx_HAL_Driver/Inc/stm32g0xx_ll_rcc.h **** /** @addtogroup STM32G0xx_LL_Driver
  30:Drivers/STM32G0xx_HAL_Driver/Inc/stm32g0xx_ll_rcc.h ****   * @{
  31:Drivers/STM32G0xx_HAL_Driver/Inc/stm32g0xx_ll_rcc.h ****   */
  32:Drivers/STM32G0xx_HAL_Driver/Inc/stm32g0xx_ll_rcc.h **** 
  33:Drivers/STM32G0xx_HAL_Driver/Inc/stm32g0xx_ll_rcc.h **** #if defined(RCC)
  34:Drivers/STM32G0xx_HAL_Driver/Inc/stm32g0xx_ll_rcc.h **** 
  35:Drivers/STM32G0xx_HAL_Driver/Inc/stm32g0xx_ll_rcc.h **** /** @defgroup RCC_LL RCC
  36:Drivers/STM32G0xx_HAL_Driver/Inc/stm32g0xx_ll_rcc.h ****   * @{
  37:Drivers/STM32G0xx_HAL_Driver/Inc/stm32g0xx_ll_rcc.h ****   */
  38:Drivers/STM32G0xx_HAL_Driver/Inc/stm32g0xx_ll_rcc.h **** 
  39:Drivers/STM32G0xx_HAL_Driver/Inc/stm32g0xx_ll_rcc.h **** /* Private types -------------------------------------------------------------*/
  40:Drivers/STM32G0xx_HAL_Driver/Inc/stm32g0xx_ll_rcc.h **** /* Private variables ---------------------------------------------------------*/
  41:Drivers/STM32G0xx_HAL_Driver/Inc/stm32g0xx_ll_rcc.h **** /** @defgroup RCC_LL_Private_Variables RCC Private Variables
  42:Drivers/STM32G0xx_HAL_Driver/Inc/stm32g0xx_ll_rcc.h ****   * @{
  43:Drivers/STM32G0xx_HAL_Driver/Inc/stm32g0xx_ll_rcc.h ****   */
  44:Drivers/STM32G0xx_HAL_Driver/Inc/stm32g0xx_ll_rcc.h **** 
  45:Drivers/STM32G0xx_HAL_Driver/Inc/stm32g0xx_ll_rcc.h **** 
  46:Drivers/STM32G0xx_HAL_Driver/Inc/stm32g0xx_ll_rcc.h **** /**
  47:Drivers/STM32G0xx_HAL_Driver/Inc/stm32g0xx_ll_rcc.h ****   * @}
  48:Drivers/STM32G0xx_HAL_Driver/Inc/stm32g0xx_ll_rcc.h ****   */
  49:Drivers/STM32G0xx_HAL_Driver/Inc/stm32g0xx_ll_rcc.h **** 
  50:Drivers/STM32G0xx_HAL_Driver/Inc/stm32g0xx_ll_rcc.h **** /* Private constants ---------------------------------------------------------*/
  51:Drivers/STM32G0xx_HAL_Driver/Inc/stm32g0xx_ll_rcc.h **** /* Private macros ------------------------------------------------------------*/
  52:Drivers/STM32G0xx_HAL_Driver/Inc/stm32g0xx_ll_rcc.h **** #if defined(USE_FULL_LL_DRIVER)
  53:Drivers/STM32G0xx_HAL_Driver/Inc/stm32g0xx_ll_rcc.h **** /** @defgroup RCC_LL_Private_Macros RCC Private Macros
  54:Drivers/STM32G0xx_HAL_Driver/Inc/stm32g0xx_ll_rcc.h ****   * @{
  55:Drivers/STM32G0xx_HAL_Driver/Inc/stm32g0xx_ll_rcc.h ****   */
  56:Drivers/STM32G0xx_HAL_Driver/Inc/stm32g0xx_ll_rcc.h **** /**
ARM GAS  C:\Users\Asus\AppData\Local\Temp\ccaANind.s 			page 65


  57:Drivers/STM32G0xx_HAL_Driver/Inc/stm32g0xx_ll_rcc.h ****   * @}
  58:Drivers/STM32G0xx_HAL_Driver/Inc/stm32g0xx_ll_rcc.h ****   */
  59:Drivers/STM32G0xx_HAL_Driver/Inc/stm32g0xx_ll_rcc.h **** #endif /*USE_FULL_LL_DRIVER*/
  60:Drivers/STM32G0xx_HAL_Driver/Inc/stm32g0xx_ll_rcc.h **** 
  61:Drivers/STM32G0xx_HAL_Driver/Inc/stm32g0xx_ll_rcc.h **** /* Exported types ------------------------------------------------------------*/
  62:Drivers/STM32G0xx_HAL_Driver/Inc/stm32g0xx_ll_rcc.h **** #if defined(USE_FULL_LL_DRIVER)
  63:Drivers/STM32G0xx_HAL_Driver/Inc/stm32g0xx_ll_rcc.h **** /** @defgroup RCC_LL_Exported_Types RCC Exported Types
  64:Drivers/STM32G0xx_HAL_Driver/Inc/stm32g0xx_ll_rcc.h ****   * @{
  65:Drivers/STM32G0xx_HAL_Driver/Inc/stm32g0xx_ll_rcc.h ****   */
  66:Drivers/STM32G0xx_HAL_Driver/Inc/stm32g0xx_ll_rcc.h **** 
  67:Drivers/STM32G0xx_HAL_Driver/Inc/stm32g0xx_ll_rcc.h **** /** @defgroup LL_ES_CLOCK_FREQ Clocks Frequency Structure
  68:Drivers/STM32G0xx_HAL_Driver/Inc/stm32g0xx_ll_rcc.h ****   * @{
  69:Drivers/STM32G0xx_HAL_Driver/Inc/stm32g0xx_ll_rcc.h ****   */
  70:Drivers/STM32G0xx_HAL_Driver/Inc/stm32g0xx_ll_rcc.h **** 
  71:Drivers/STM32G0xx_HAL_Driver/Inc/stm32g0xx_ll_rcc.h **** /**
  72:Drivers/STM32G0xx_HAL_Driver/Inc/stm32g0xx_ll_rcc.h ****   * @brief  RCC Clocks Frequency Structure
  73:Drivers/STM32G0xx_HAL_Driver/Inc/stm32g0xx_ll_rcc.h ****   */
  74:Drivers/STM32G0xx_HAL_Driver/Inc/stm32g0xx_ll_rcc.h **** typedef struct
  75:Drivers/STM32G0xx_HAL_Driver/Inc/stm32g0xx_ll_rcc.h **** {
  76:Drivers/STM32G0xx_HAL_Driver/Inc/stm32g0xx_ll_rcc.h ****   uint32_t SYSCLK_Frequency;        /*!< SYSCLK clock frequency */
  77:Drivers/STM32G0xx_HAL_Driver/Inc/stm32g0xx_ll_rcc.h ****   uint32_t HCLK_Frequency;          /*!< HCLK clock frequency */
  78:Drivers/STM32G0xx_HAL_Driver/Inc/stm32g0xx_ll_rcc.h ****   uint32_t PCLK1_Frequency;         /*!< PCLK1 clock frequency */
  79:Drivers/STM32G0xx_HAL_Driver/Inc/stm32g0xx_ll_rcc.h **** } LL_RCC_ClocksTypeDef;
  80:Drivers/STM32G0xx_HAL_Driver/Inc/stm32g0xx_ll_rcc.h **** 
  81:Drivers/STM32G0xx_HAL_Driver/Inc/stm32g0xx_ll_rcc.h **** /**
  82:Drivers/STM32G0xx_HAL_Driver/Inc/stm32g0xx_ll_rcc.h ****   * @}
  83:Drivers/STM32G0xx_HAL_Driver/Inc/stm32g0xx_ll_rcc.h ****   */
  84:Drivers/STM32G0xx_HAL_Driver/Inc/stm32g0xx_ll_rcc.h **** 
  85:Drivers/STM32G0xx_HAL_Driver/Inc/stm32g0xx_ll_rcc.h **** /**
  86:Drivers/STM32G0xx_HAL_Driver/Inc/stm32g0xx_ll_rcc.h ****   * @}
  87:Drivers/STM32G0xx_HAL_Driver/Inc/stm32g0xx_ll_rcc.h ****   */
  88:Drivers/STM32G0xx_HAL_Driver/Inc/stm32g0xx_ll_rcc.h **** #endif /* USE_FULL_LL_DRIVER */
  89:Drivers/STM32G0xx_HAL_Driver/Inc/stm32g0xx_ll_rcc.h **** 
  90:Drivers/STM32G0xx_HAL_Driver/Inc/stm32g0xx_ll_rcc.h **** /* Exported constants --------------------------------------------------------*/
  91:Drivers/STM32G0xx_HAL_Driver/Inc/stm32g0xx_ll_rcc.h **** /** @defgroup RCC_LL_Exported_Constants RCC Exported Constants
  92:Drivers/STM32G0xx_HAL_Driver/Inc/stm32g0xx_ll_rcc.h ****   * @{
  93:Drivers/STM32G0xx_HAL_Driver/Inc/stm32g0xx_ll_rcc.h ****   */
  94:Drivers/STM32G0xx_HAL_Driver/Inc/stm32g0xx_ll_rcc.h **** 
  95:Drivers/STM32G0xx_HAL_Driver/Inc/stm32g0xx_ll_rcc.h **** /** @defgroup RCC_LL_EC_OSC_VALUES Oscillator Values adaptation
  96:Drivers/STM32G0xx_HAL_Driver/Inc/stm32g0xx_ll_rcc.h ****   * @brief    Defines used to adapt values of different oscillators
  97:Drivers/STM32G0xx_HAL_Driver/Inc/stm32g0xx_ll_rcc.h ****   * @note     These values could be modified in the user environment according to
  98:Drivers/STM32G0xx_HAL_Driver/Inc/stm32g0xx_ll_rcc.h ****   *           HW set-up.
  99:Drivers/STM32G0xx_HAL_Driver/Inc/stm32g0xx_ll_rcc.h ****   * @{
 100:Drivers/STM32G0xx_HAL_Driver/Inc/stm32g0xx_ll_rcc.h ****   */
 101:Drivers/STM32G0xx_HAL_Driver/Inc/stm32g0xx_ll_rcc.h **** #if !defined  (HSE_VALUE)
 102:Drivers/STM32G0xx_HAL_Driver/Inc/stm32g0xx_ll_rcc.h **** #define HSE_VALUE    8000000U   /*!< Value of the HSE oscillator in Hz */
 103:Drivers/STM32G0xx_HAL_Driver/Inc/stm32g0xx_ll_rcc.h **** #endif /* HSE_VALUE */
 104:Drivers/STM32G0xx_HAL_Driver/Inc/stm32g0xx_ll_rcc.h **** 
 105:Drivers/STM32G0xx_HAL_Driver/Inc/stm32g0xx_ll_rcc.h **** #if !defined  (HSI_VALUE)
 106:Drivers/STM32G0xx_HAL_Driver/Inc/stm32g0xx_ll_rcc.h **** #define HSI_VALUE    16000000U  /*!< Value of the HSI oscillator in Hz */
 107:Drivers/STM32G0xx_HAL_Driver/Inc/stm32g0xx_ll_rcc.h **** #endif /* HSI_VALUE */
 108:Drivers/STM32G0xx_HAL_Driver/Inc/stm32g0xx_ll_rcc.h **** 
 109:Drivers/STM32G0xx_HAL_Driver/Inc/stm32g0xx_ll_rcc.h **** #if !defined  (LSE_VALUE)
 110:Drivers/STM32G0xx_HAL_Driver/Inc/stm32g0xx_ll_rcc.h **** #define LSE_VALUE    32768U     /*!< Value of the LSE oscillator in Hz */
 111:Drivers/STM32G0xx_HAL_Driver/Inc/stm32g0xx_ll_rcc.h **** #endif /* LSE_VALUE */
 112:Drivers/STM32G0xx_HAL_Driver/Inc/stm32g0xx_ll_rcc.h **** 
 113:Drivers/STM32G0xx_HAL_Driver/Inc/stm32g0xx_ll_rcc.h **** #if !defined  (LSI_VALUE)
ARM GAS  C:\Users\Asus\AppData\Local\Temp\ccaANind.s 			page 66


 114:Drivers/STM32G0xx_HAL_Driver/Inc/stm32g0xx_ll_rcc.h **** #define LSI_VALUE    32000U     /*!< Value of the LSI oscillator in Hz */
 115:Drivers/STM32G0xx_HAL_Driver/Inc/stm32g0xx_ll_rcc.h **** #endif /* LSI_VALUE */
 116:Drivers/STM32G0xx_HAL_Driver/Inc/stm32g0xx_ll_rcc.h **** #if !defined  (EXTERNAL_CLOCK_VALUE)
 117:Drivers/STM32G0xx_HAL_Driver/Inc/stm32g0xx_ll_rcc.h **** #define EXTERNAL_CLOCK_VALUE    48000000U /*!< Value of the I2S_CKIN external oscillator in Hz */
 118:Drivers/STM32G0xx_HAL_Driver/Inc/stm32g0xx_ll_rcc.h **** #endif /* EXTERNAL_CLOCK_VALUE */
 119:Drivers/STM32G0xx_HAL_Driver/Inc/stm32g0xx_ll_rcc.h **** 
 120:Drivers/STM32G0xx_HAL_Driver/Inc/stm32g0xx_ll_rcc.h **** #if defined(RCC_HSI48_SUPPORT)
 121:Drivers/STM32G0xx_HAL_Driver/Inc/stm32g0xx_ll_rcc.h **** #if !defined  (HSI48_VALUE)
 122:Drivers/STM32G0xx_HAL_Driver/Inc/stm32g0xx_ll_rcc.h **** #define HSI48_VALUE  48000000U  /*!< Value of the HSI48 oscillator in Hz */
 123:Drivers/STM32G0xx_HAL_Driver/Inc/stm32g0xx_ll_rcc.h **** #endif /* HSI48_VALUE */
 124:Drivers/STM32G0xx_HAL_Driver/Inc/stm32g0xx_ll_rcc.h **** #endif /* RCC_HSI48_SUPPORT */
 125:Drivers/STM32G0xx_HAL_Driver/Inc/stm32g0xx_ll_rcc.h **** /**
 126:Drivers/STM32G0xx_HAL_Driver/Inc/stm32g0xx_ll_rcc.h ****   * @}
 127:Drivers/STM32G0xx_HAL_Driver/Inc/stm32g0xx_ll_rcc.h ****   */
 128:Drivers/STM32G0xx_HAL_Driver/Inc/stm32g0xx_ll_rcc.h **** 
 129:Drivers/STM32G0xx_HAL_Driver/Inc/stm32g0xx_ll_rcc.h **** /** @defgroup RCC_LL_EC_CLEAR_FLAG Clear Flags Defines
 130:Drivers/STM32G0xx_HAL_Driver/Inc/stm32g0xx_ll_rcc.h ****   * @brief    Flags defines which can be used with LL_RCC_WriteReg function
 131:Drivers/STM32G0xx_HAL_Driver/Inc/stm32g0xx_ll_rcc.h ****   * @{
 132:Drivers/STM32G0xx_HAL_Driver/Inc/stm32g0xx_ll_rcc.h ****   */
 133:Drivers/STM32G0xx_HAL_Driver/Inc/stm32g0xx_ll_rcc.h **** #define LL_RCC_CICR_LSIRDYC                RCC_CICR_LSIRDYC     /*!< LSI Ready Interrupt Clear */
 134:Drivers/STM32G0xx_HAL_Driver/Inc/stm32g0xx_ll_rcc.h **** #define LL_RCC_CICR_LSERDYC                RCC_CICR_LSERDYC     /*!< LSE Ready Interrupt Clear */
 135:Drivers/STM32G0xx_HAL_Driver/Inc/stm32g0xx_ll_rcc.h **** #define LL_RCC_CICR_HSIRDYC                RCC_CICR_HSIRDYC     /*!< HSI Ready Interrupt Clear */
 136:Drivers/STM32G0xx_HAL_Driver/Inc/stm32g0xx_ll_rcc.h **** #define LL_RCC_CICR_HSERDYC                RCC_CICR_HSERDYC     /*!< HSE Ready Interrupt Clear */
 137:Drivers/STM32G0xx_HAL_Driver/Inc/stm32g0xx_ll_rcc.h **** #define LL_RCC_CICR_PLLRDYC                RCC_CICR_PLLRDYC     /*!< PLL Ready Interrupt Clear */
 138:Drivers/STM32G0xx_HAL_Driver/Inc/stm32g0xx_ll_rcc.h **** #define LL_RCC_CICR_LSECSSC                RCC_CICR_LSECSSC     /*!< LSE Clock Security System Inte
 139:Drivers/STM32G0xx_HAL_Driver/Inc/stm32g0xx_ll_rcc.h **** #define LL_RCC_CICR_CSSC                   RCC_CICR_CSSC        /*!< Clock Security System Interrup
 140:Drivers/STM32G0xx_HAL_Driver/Inc/stm32g0xx_ll_rcc.h **** #if defined(RCC_HSI48_SUPPORT)
 141:Drivers/STM32G0xx_HAL_Driver/Inc/stm32g0xx_ll_rcc.h **** #define LL_RCC_CICR_HSI48RDYC              RCC_CICR_HSI48RDYC   /*!< HSI48 Ready Interrupt Clear */
 142:Drivers/STM32G0xx_HAL_Driver/Inc/stm32g0xx_ll_rcc.h **** #endif /* RCC_HSI48_SUPPORT */
 143:Drivers/STM32G0xx_HAL_Driver/Inc/stm32g0xx_ll_rcc.h **** /**
 144:Drivers/STM32G0xx_HAL_Driver/Inc/stm32g0xx_ll_rcc.h ****   * @}
 145:Drivers/STM32G0xx_HAL_Driver/Inc/stm32g0xx_ll_rcc.h ****   */
 146:Drivers/STM32G0xx_HAL_Driver/Inc/stm32g0xx_ll_rcc.h **** 
 147:Drivers/STM32G0xx_HAL_Driver/Inc/stm32g0xx_ll_rcc.h **** /** @defgroup RCC_LL_EC_GET_FLAG Get Flags Defines
 148:Drivers/STM32G0xx_HAL_Driver/Inc/stm32g0xx_ll_rcc.h ****   * @brief    Flags defines which can be used with LL_RCC_ReadReg function
 149:Drivers/STM32G0xx_HAL_Driver/Inc/stm32g0xx_ll_rcc.h ****   * @{
 150:Drivers/STM32G0xx_HAL_Driver/Inc/stm32g0xx_ll_rcc.h ****   */
 151:Drivers/STM32G0xx_HAL_Driver/Inc/stm32g0xx_ll_rcc.h **** #define LL_RCC_CIFR_LSIRDYF                RCC_CIFR_LSIRDYF     /*!< LSI Ready Interrupt flag */
 152:Drivers/STM32G0xx_HAL_Driver/Inc/stm32g0xx_ll_rcc.h **** #define LL_RCC_CIFR_LSERDYF                RCC_CIFR_LSERDYF     /*!< LSE Ready Interrupt flag */
 153:Drivers/STM32G0xx_HAL_Driver/Inc/stm32g0xx_ll_rcc.h **** #define LL_RCC_CIFR_HSIRDYF                RCC_CIFR_HSIRDYF     /*!< HSI Ready Interrupt flag */
 154:Drivers/STM32G0xx_HAL_Driver/Inc/stm32g0xx_ll_rcc.h **** #if defined(RCC_HSI48_SUPPORT)
 155:Drivers/STM32G0xx_HAL_Driver/Inc/stm32g0xx_ll_rcc.h **** #define LL_RCC_CIFR_HSI48RDYF              RCC_CIFR_HSI48RDYF   /*!< HSI48 Ready Interrupt flag */
 156:Drivers/STM32G0xx_HAL_Driver/Inc/stm32g0xx_ll_rcc.h **** #endif /* RCC_HSI48_SUPPORT */
 157:Drivers/STM32G0xx_HAL_Driver/Inc/stm32g0xx_ll_rcc.h **** #define LL_RCC_CIFR_HSERDYF                RCC_CIFR_HSERDYF     /*!< HSE Ready Interrupt flag */
 158:Drivers/STM32G0xx_HAL_Driver/Inc/stm32g0xx_ll_rcc.h **** #define LL_RCC_CIFR_PLLRDYF                RCC_CIFR_PLLRDYF     /*!< PLL Ready Interrupt flag */
 159:Drivers/STM32G0xx_HAL_Driver/Inc/stm32g0xx_ll_rcc.h **** #define LL_RCC_CIFR_LSECSSF                RCC_CIFR_LSECSSF     /*!< LSE Clock Security System Inte
 160:Drivers/STM32G0xx_HAL_Driver/Inc/stm32g0xx_ll_rcc.h **** #define LL_RCC_CIFR_CSSF                   RCC_CIFR_CSSF        /*!< Clock Security System Interrup
 161:Drivers/STM32G0xx_HAL_Driver/Inc/stm32g0xx_ll_rcc.h **** #define LL_RCC_CSR_LPWRRSTF                RCC_CSR_LPWRRSTF   /*!< Low-Power reset flag */
 162:Drivers/STM32G0xx_HAL_Driver/Inc/stm32g0xx_ll_rcc.h **** #define LL_RCC_CSR_OBLRSTF                 RCC_CSR_OBLRSTF    /*!< OBL reset flag */
 163:Drivers/STM32G0xx_HAL_Driver/Inc/stm32g0xx_ll_rcc.h **** #define LL_RCC_CSR_PINRSTF                 RCC_CSR_PINRSTF    /*!< PIN reset flag */
 164:Drivers/STM32G0xx_HAL_Driver/Inc/stm32g0xx_ll_rcc.h **** #define LL_RCC_CSR_SFTRSTF                 RCC_CSR_SFTRSTF    /*!< Software Reset flag */
 165:Drivers/STM32G0xx_HAL_Driver/Inc/stm32g0xx_ll_rcc.h **** #define LL_RCC_CSR_IWDGRSTF                RCC_CSR_IWDGRSTF   /*!< Independent Watchdog reset flag 
 166:Drivers/STM32G0xx_HAL_Driver/Inc/stm32g0xx_ll_rcc.h **** #define LL_RCC_CSR_WWDGRSTF                RCC_CSR_WWDGRSTF   /*!< Window watchdog reset flag */
 167:Drivers/STM32G0xx_HAL_Driver/Inc/stm32g0xx_ll_rcc.h **** #define LL_RCC_CSR_PWRRSTF                 RCC_CSR_PWRRSTF    /*!< BOR or POR/PDR reset flag */
 168:Drivers/STM32G0xx_HAL_Driver/Inc/stm32g0xx_ll_rcc.h **** /**
 169:Drivers/STM32G0xx_HAL_Driver/Inc/stm32g0xx_ll_rcc.h ****   * @}
 170:Drivers/STM32G0xx_HAL_Driver/Inc/stm32g0xx_ll_rcc.h ****   */
ARM GAS  C:\Users\Asus\AppData\Local\Temp\ccaANind.s 			page 67


 171:Drivers/STM32G0xx_HAL_Driver/Inc/stm32g0xx_ll_rcc.h **** 
 172:Drivers/STM32G0xx_HAL_Driver/Inc/stm32g0xx_ll_rcc.h **** /** @defgroup RCC_LL_EC_IT IT Defines
 173:Drivers/STM32G0xx_HAL_Driver/Inc/stm32g0xx_ll_rcc.h ****   * @brief    IT defines which can be used with LL_RCC_ReadReg and  LL_RCC_WriteReg functions
 174:Drivers/STM32G0xx_HAL_Driver/Inc/stm32g0xx_ll_rcc.h ****   * @{
 175:Drivers/STM32G0xx_HAL_Driver/Inc/stm32g0xx_ll_rcc.h ****   */
 176:Drivers/STM32G0xx_HAL_Driver/Inc/stm32g0xx_ll_rcc.h **** #define LL_RCC_CIER_LSIRDYIE               RCC_CIER_LSIRDYIE      /*!< LSI Ready Interrupt Enable *
 177:Drivers/STM32G0xx_HAL_Driver/Inc/stm32g0xx_ll_rcc.h **** #define LL_RCC_CIER_LSERDYIE               RCC_CIER_LSERDYIE      /*!< LSE Ready Interrupt Enable *
 178:Drivers/STM32G0xx_HAL_Driver/Inc/stm32g0xx_ll_rcc.h **** #define LL_RCC_CIER_HSIRDYIE               RCC_CIER_HSIRDYIE      /*!< HSI Ready Interrupt Enable *
 179:Drivers/STM32G0xx_HAL_Driver/Inc/stm32g0xx_ll_rcc.h **** #define LL_RCC_CIER_HSERDYIE               RCC_CIER_HSERDYIE      /*!< HSE Ready Interrupt Enable *
 180:Drivers/STM32G0xx_HAL_Driver/Inc/stm32g0xx_ll_rcc.h **** #define LL_RCC_CIER_PLLRDYIE               RCC_CIER_PLLRDYIE      /*!< PLL Ready Interrupt Enable *
 181:Drivers/STM32G0xx_HAL_Driver/Inc/stm32g0xx_ll_rcc.h **** #if defined(RCC_HSI48_SUPPORT)
 182:Drivers/STM32G0xx_HAL_Driver/Inc/stm32g0xx_ll_rcc.h **** #define LL_RCC_CIER_HSI48RDYIE             RCC_CIER_HSI48RDYIE    /*!< HSI48 Ready Interrupt Enable
 183:Drivers/STM32G0xx_HAL_Driver/Inc/stm32g0xx_ll_rcc.h **** #endif /* RCC_HSI48_SUPPORT */
 184:Drivers/STM32G0xx_HAL_Driver/Inc/stm32g0xx_ll_rcc.h **** /**
 185:Drivers/STM32G0xx_HAL_Driver/Inc/stm32g0xx_ll_rcc.h ****   * @}
 186:Drivers/STM32G0xx_HAL_Driver/Inc/stm32g0xx_ll_rcc.h ****   */
 187:Drivers/STM32G0xx_HAL_Driver/Inc/stm32g0xx_ll_rcc.h **** 
 188:Drivers/STM32G0xx_HAL_Driver/Inc/stm32g0xx_ll_rcc.h **** /** @defgroup RCC_LL_EC_LSEDRIVE  LSE oscillator drive capability
 189:Drivers/STM32G0xx_HAL_Driver/Inc/stm32g0xx_ll_rcc.h ****   * @{
 190:Drivers/STM32G0xx_HAL_Driver/Inc/stm32g0xx_ll_rcc.h ****   */
 191:Drivers/STM32G0xx_HAL_Driver/Inc/stm32g0xx_ll_rcc.h **** #define LL_RCC_LSEDRIVE_LOW                0x00000000U             /*!< Xtal mode lower driving cap
 192:Drivers/STM32G0xx_HAL_Driver/Inc/stm32g0xx_ll_rcc.h **** #define LL_RCC_LSEDRIVE_MEDIUMLOW          RCC_BDCR_LSEDRV_0       /*!< Xtal mode medium low drivin
 193:Drivers/STM32G0xx_HAL_Driver/Inc/stm32g0xx_ll_rcc.h **** #define LL_RCC_LSEDRIVE_MEDIUMHIGH         RCC_BDCR_LSEDRV_1       /*!< Xtal mode medium high drivi
 194:Drivers/STM32G0xx_HAL_Driver/Inc/stm32g0xx_ll_rcc.h **** #define LL_RCC_LSEDRIVE_HIGH               RCC_BDCR_LSEDRV         /*!< Xtal mode higher driving ca
 195:Drivers/STM32G0xx_HAL_Driver/Inc/stm32g0xx_ll_rcc.h **** /**
 196:Drivers/STM32G0xx_HAL_Driver/Inc/stm32g0xx_ll_rcc.h ****   * @}
 197:Drivers/STM32G0xx_HAL_Driver/Inc/stm32g0xx_ll_rcc.h ****   */
 198:Drivers/STM32G0xx_HAL_Driver/Inc/stm32g0xx_ll_rcc.h **** 
 199:Drivers/STM32G0xx_HAL_Driver/Inc/stm32g0xx_ll_rcc.h **** /** @defgroup RCC_LL_EC_LSCO_CLKSOURCE  LSCO Selection
 200:Drivers/STM32G0xx_HAL_Driver/Inc/stm32g0xx_ll_rcc.h ****   * @{
 201:Drivers/STM32G0xx_HAL_Driver/Inc/stm32g0xx_ll_rcc.h ****   */
 202:Drivers/STM32G0xx_HAL_Driver/Inc/stm32g0xx_ll_rcc.h **** #define LL_RCC_LSCO_CLKSOURCE_LSI          0x00000000U                 /*!< LSI selection for low s
 203:Drivers/STM32G0xx_HAL_Driver/Inc/stm32g0xx_ll_rcc.h **** #define LL_RCC_LSCO_CLKSOURCE_LSE          RCC_BDCR_LSCOSEL            /*!< LSE selection for low s
 204:Drivers/STM32G0xx_HAL_Driver/Inc/stm32g0xx_ll_rcc.h **** /**
 205:Drivers/STM32G0xx_HAL_Driver/Inc/stm32g0xx_ll_rcc.h ****   * @}
 206:Drivers/STM32G0xx_HAL_Driver/Inc/stm32g0xx_ll_rcc.h ****   */
 207:Drivers/STM32G0xx_HAL_Driver/Inc/stm32g0xx_ll_rcc.h **** 
 208:Drivers/STM32G0xx_HAL_Driver/Inc/stm32g0xx_ll_rcc.h **** /** @defgroup RCC_LL_EC_SYS_CLKSOURCE  System clock switch
 209:Drivers/STM32G0xx_HAL_Driver/Inc/stm32g0xx_ll_rcc.h ****   * @{
 210:Drivers/STM32G0xx_HAL_Driver/Inc/stm32g0xx_ll_rcc.h ****   */
 211:Drivers/STM32G0xx_HAL_Driver/Inc/stm32g0xx_ll_rcc.h **** #define LL_RCC_SYS_CLKSOURCE_HSI           0x00000000U                        /*!< HSI selection as
 212:Drivers/STM32G0xx_HAL_Driver/Inc/stm32g0xx_ll_rcc.h **** #define LL_RCC_SYS_CLKSOURCE_HSE           RCC_CFGR_SW_0                      /*!< HSE selection as
 213:Drivers/STM32G0xx_HAL_Driver/Inc/stm32g0xx_ll_rcc.h **** #define LL_RCC_SYS_CLKSOURCE_PLL           RCC_CFGR_SW_1                      /*!< PLL selection as
 214:Drivers/STM32G0xx_HAL_Driver/Inc/stm32g0xx_ll_rcc.h **** #define LL_RCC_SYS_CLKSOURCE_LSI           (RCC_CFGR_SW_1 | RCC_CFGR_SW_0)    /*!< LSI selection us
 215:Drivers/STM32G0xx_HAL_Driver/Inc/stm32g0xx_ll_rcc.h **** #define LL_RCC_SYS_CLKSOURCE_LSE           RCC_CFGR_SW_2                      /*!< LSE selection us
 216:Drivers/STM32G0xx_HAL_Driver/Inc/stm32g0xx_ll_rcc.h **** /**
 217:Drivers/STM32G0xx_HAL_Driver/Inc/stm32g0xx_ll_rcc.h ****   * @}
 218:Drivers/STM32G0xx_HAL_Driver/Inc/stm32g0xx_ll_rcc.h ****   */
 219:Drivers/STM32G0xx_HAL_Driver/Inc/stm32g0xx_ll_rcc.h **** 
 220:Drivers/STM32G0xx_HAL_Driver/Inc/stm32g0xx_ll_rcc.h **** /** @defgroup RCC_LL_EC_SYS_CLKSOURCE_STATUS  System clock switch status
 221:Drivers/STM32G0xx_HAL_Driver/Inc/stm32g0xx_ll_rcc.h ****   * @{
 222:Drivers/STM32G0xx_HAL_Driver/Inc/stm32g0xx_ll_rcc.h ****   */
 223:Drivers/STM32G0xx_HAL_Driver/Inc/stm32g0xx_ll_rcc.h **** #define LL_RCC_SYS_CLKSOURCE_STATUS_HSI    0x00000000U                         /*!< HSI used as sys
 224:Drivers/STM32G0xx_HAL_Driver/Inc/stm32g0xx_ll_rcc.h **** #define LL_RCC_SYS_CLKSOURCE_STATUS_HSE    RCC_CFGR_SWS_0                      /*!< HSE used as sys
 225:Drivers/STM32G0xx_HAL_Driver/Inc/stm32g0xx_ll_rcc.h **** #define LL_RCC_SYS_CLKSOURCE_STATUS_PLL    RCC_CFGR_SWS_1                      /*!< PLL used as sys
 226:Drivers/STM32G0xx_HAL_Driver/Inc/stm32g0xx_ll_rcc.h **** #define LL_RCC_SYS_CLKSOURCE_STATUS_LSI    (RCC_CFGR_SWS_1 | RCC_CFGR_SWS_0)   /*!< LSI used as sys
 227:Drivers/STM32G0xx_HAL_Driver/Inc/stm32g0xx_ll_rcc.h **** #define LL_RCC_SYS_CLKSOURCE_STATUS_LSE    RCC_CFGR_SWS_2                      /*!< LSE used as sys
ARM GAS  C:\Users\Asus\AppData\Local\Temp\ccaANind.s 			page 68


 228:Drivers/STM32G0xx_HAL_Driver/Inc/stm32g0xx_ll_rcc.h **** /**
 229:Drivers/STM32G0xx_HAL_Driver/Inc/stm32g0xx_ll_rcc.h ****   * @}
 230:Drivers/STM32G0xx_HAL_Driver/Inc/stm32g0xx_ll_rcc.h ****   */
 231:Drivers/STM32G0xx_HAL_Driver/Inc/stm32g0xx_ll_rcc.h **** 
 232:Drivers/STM32G0xx_HAL_Driver/Inc/stm32g0xx_ll_rcc.h **** /** @defgroup RCC_LL_EC_SYSCLK_DIV  AHB prescaler
 233:Drivers/STM32G0xx_HAL_Driver/Inc/stm32g0xx_ll_rcc.h ****   * @{
 234:Drivers/STM32G0xx_HAL_Driver/Inc/stm32g0xx_ll_rcc.h ****   */
 235:Drivers/STM32G0xx_HAL_Driver/Inc/stm32g0xx_ll_rcc.h **** #define LL_RCC_SYSCLK_DIV_1                0x00000000U                                             
 236:Drivers/STM32G0xx_HAL_Driver/Inc/stm32g0xx_ll_rcc.h **** #define LL_RCC_SYSCLK_DIV_2                RCC_CFGR_HPRE_3                                         
 237:Drivers/STM32G0xx_HAL_Driver/Inc/stm32g0xx_ll_rcc.h **** #define LL_RCC_SYSCLK_DIV_4                (RCC_CFGR_HPRE_3 | RCC_CFGR_HPRE_0)                     
 238:Drivers/STM32G0xx_HAL_Driver/Inc/stm32g0xx_ll_rcc.h **** #define LL_RCC_SYSCLK_DIV_8                (RCC_CFGR_HPRE_3 | RCC_CFGR_HPRE_1)                     
 239:Drivers/STM32G0xx_HAL_Driver/Inc/stm32g0xx_ll_rcc.h **** #define LL_RCC_SYSCLK_DIV_16               (RCC_CFGR_HPRE_3 | RCC_CFGR_HPRE_1 | RCC_CFGR_HPRE_0)   
 240:Drivers/STM32G0xx_HAL_Driver/Inc/stm32g0xx_ll_rcc.h **** #define LL_RCC_SYSCLK_DIV_64               (RCC_CFGR_HPRE_3 | RCC_CFGR_HPRE_2)                     
 241:Drivers/STM32G0xx_HAL_Driver/Inc/stm32g0xx_ll_rcc.h **** #define LL_RCC_SYSCLK_DIV_128              (RCC_CFGR_HPRE_3 | RCC_CFGR_HPRE_2 | RCC_CFGR_HPRE_0)   
 242:Drivers/STM32G0xx_HAL_Driver/Inc/stm32g0xx_ll_rcc.h **** #define LL_RCC_SYSCLK_DIV_256              (RCC_CFGR_HPRE_3 | RCC_CFGR_HPRE_2 | RCC_CFGR_HPRE_1)   
 243:Drivers/STM32G0xx_HAL_Driver/Inc/stm32g0xx_ll_rcc.h **** #define LL_RCC_SYSCLK_DIV_512              (RCC_CFGR_HPRE_3 | RCC_CFGR_HPRE_2 | RCC_CFGR_HPRE_1 | R
 244:Drivers/STM32G0xx_HAL_Driver/Inc/stm32g0xx_ll_rcc.h **** /**
 245:Drivers/STM32G0xx_HAL_Driver/Inc/stm32g0xx_ll_rcc.h ****   * @}
 246:Drivers/STM32G0xx_HAL_Driver/Inc/stm32g0xx_ll_rcc.h ****   */
 247:Drivers/STM32G0xx_HAL_Driver/Inc/stm32g0xx_ll_rcc.h **** 
 248:Drivers/STM32G0xx_HAL_Driver/Inc/stm32g0xx_ll_rcc.h **** /** @defgroup RCC_LL_EC_APB1_DIV  APB low-speed prescaler (APB1)
 249:Drivers/STM32G0xx_HAL_Driver/Inc/stm32g0xx_ll_rcc.h ****   * @{
 250:Drivers/STM32G0xx_HAL_Driver/Inc/stm32g0xx_ll_rcc.h ****   */
 251:Drivers/STM32G0xx_HAL_Driver/Inc/stm32g0xx_ll_rcc.h **** #define LL_RCC_APB1_DIV_1                  0x00000000U                                           /*
 252:Drivers/STM32G0xx_HAL_Driver/Inc/stm32g0xx_ll_rcc.h **** #define LL_RCC_APB1_DIV_2                  RCC_CFGR_PPRE_2                                       /*
 253:Drivers/STM32G0xx_HAL_Driver/Inc/stm32g0xx_ll_rcc.h **** #define LL_RCC_APB1_DIV_4                  (RCC_CFGR_PPRE_2 | RCC_CFGR_PPRE_0)                   /*
 254:Drivers/STM32G0xx_HAL_Driver/Inc/stm32g0xx_ll_rcc.h **** #define LL_RCC_APB1_DIV_8                  (RCC_CFGR_PPRE_2 | RCC_CFGR_PPRE_1)                   /*
 255:Drivers/STM32G0xx_HAL_Driver/Inc/stm32g0xx_ll_rcc.h **** #define LL_RCC_APB1_DIV_16                 (RCC_CFGR_PPRE_2 | RCC_CFGR_PPRE_1 | RCC_CFGR_PPRE_0) /*
 256:Drivers/STM32G0xx_HAL_Driver/Inc/stm32g0xx_ll_rcc.h **** /**
 257:Drivers/STM32G0xx_HAL_Driver/Inc/stm32g0xx_ll_rcc.h ****   * @}
 258:Drivers/STM32G0xx_HAL_Driver/Inc/stm32g0xx_ll_rcc.h ****   */
 259:Drivers/STM32G0xx_HAL_Driver/Inc/stm32g0xx_ll_rcc.h **** 
 260:Drivers/STM32G0xx_HAL_Driver/Inc/stm32g0xx_ll_rcc.h **** /** @defgroup RCC_LL_EC_HSI_DIV  HSI division factor
 261:Drivers/STM32G0xx_HAL_Driver/Inc/stm32g0xx_ll_rcc.h ****   * @{
 262:Drivers/STM32G0xx_HAL_Driver/Inc/stm32g0xx_ll_rcc.h ****   */
 263:Drivers/STM32G0xx_HAL_Driver/Inc/stm32g0xx_ll_rcc.h **** #define LL_RCC_HSI_DIV_1                  0x00000000U                                /*!< HSI not d
 264:Drivers/STM32G0xx_HAL_Driver/Inc/stm32g0xx_ll_rcc.h **** #define LL_RCC_HSI_DIV_2                  RCC_CR_HSIDIV_0                            /*!< HSI divid
 265:Drivers/STM32G0xx_HAL_Driver/Inc/stm32g0xx_ll_rcc.h **** #define LL_RCC_HSI_DIV_4                  RCC_CR_HSIDIV_1                            /*!< HSI divid
 266:Drivers/STM32G0xx_HAL_Driver/Inc/stm32g0xx_ll_rcc.h **** #define LL_RCC_HSI_DIV_8                  (RCC_CR_HSIDIV_1 | RCC_CR_HSIDIV_0)        /*!< HSI divid
 267:Drivers/STM32G0xx_HAL_Driver/Inc/stm32g0xx_ll_rcc.h **** #define LL_RCC_HSI_DIV_16                 RCC_CR_HSIDIV_2                            /*!< HSI divid
 268:Drivers/STM32G0xx_HAL_Driver/Inc/stm32g0xx_ll_rcc.h **** #define LL_RCC_HSI_DIV_32                 (RCC_CR_HSIDIV_2 | RCC_CR_HSIDIV_0)        /*!< HSI divid
 269:Drivers/STM32G0xx_HAL_Driver/Inc/stm32g0xx_ll_rcc.h **** #define LL_RCC_HSI_DIV_64                 (RCC_CR_HSIDIV_2 | RCC_CR_HSIDIV_1)        /*!< HSI divid
 270:Drivers/STM32G0xx_HAL_Driver/Inc/stm32g0xx_ll_rcc.h **** #define LL_RCC_HSI_DIV_128                RCC_CR_HSIDIV                              /*!< HSI divid
 271:Drivers/STM32G0xx_HAL_Driver/Inc/stm32g0xx_ll_rcc.h **** /**
 272:Drivers/STM32G0xx_HAL_Driver/Inc/stm32g0xx_ll_rcc.h ****   * @}
 273:Drivers/STM32G0xx_HAL_Driver/Inc/stm32g0xx_ll_rcc.h ****   */
 274:Drivers/STM32G0xx_HAL_Driver/Inc/stm32g0xx_ll_rcc.h **** 
 275:Drivers/STM32G0xx_HAL_Driver/Inc/stm32g0xx_ll_rcc.h **** /** @defgroup RCC_LL_EC_MCO1SOURCE  MCO1 SOURCE selection
 276:Drivers/STM32G0xx_HAL_Driver/Inc/stm32g0xx_ll_rcc.h ****   * @{
 277:Drivers/STM32G0xx_HAL_Driver/Inc/stm32g0xx_ll_rcc.h ****   */
 278:Drivers/STM32G0xx_HAL_Driver/Inc/stm32g0xx_ll_rcc.h **** #define LL_RCC_MCO1SOURCE_NOCLOCK          0x00000000U                            /*!< MCO output d
 279:Drivers/STM32G0xx_HAL_Driver/Inc/stm32g0xx_ll_rcc.h **** #define LL_RCC_MCO1SOURCE_SYSCLK           RCC_CFGR_MCOSEL_0                      /*!< SYSCLK selec
 280:Drivers/STM32G0xx_HAL_Driver/Inc/stm32g0xx_ll_rcc.h **** #if defined(RCC_HSI48_SUPPORT)
 281:Drivers/STM32G0xx_HAL_Driver/Inc/stm32g0xx_ll_rcc.h **** #define LL_RCC_MCO1SOURCE_HSI48            RCC_CFGR_MCOSEL_1                      /*!< HSI48 select
 282:Drivers/STM32G0xx_HAL_Driver/Inc/stm32g0xx_ll_rcc.h **** #endif /* RCC_HSI48_SUPPORT */
 283:Drivers/STM32G0xx_HAL_Driver/Inc/stm32g0xx_ll_rcc.h **** #define LL_RCC_MCO1SOURCE_HSI              (RCC_CFGR_MCOSEL_0| RCC_CFGR_MCOSEL_1) /*!< HSI16 select
 284:Drivers/STM32G0xx_HAL_Driver/Inc/stm32g0xx_ll_rcc.h **** #define LL_RCC_MCO1SOURCE_HSE              RCC_CFGR_MCOSEL_2                      /*!< HSE selectio
ARM GAS  C:\Users\Asus\AppData\Local\Temp\ccaANind.s 			page 69


 285:Drivers/STM32G0xx_HAL_Driver/Inc/stm32g0xx_ll_rcc.h **** #define LL_RCC_MCO1SOURCE_PLLCLK           (RCC_CFGR_MCOSEL_0|RCC_CFGR_MCOSEL_2)  /*!< Main PLL sel
 286:Drivers/STM32G0xx_HAL_Driver/Inc/stm32g0xx_ll_rcc.h **** #define LL_RCC_MCO1SOURCE_LSI              (RCC_CFGR_MCOSEL_1|RCC_CFGR_MCOSEL_2)  /*!< LSI selectio
 287:Drivers/STM32G0xx_HAL_Driver/Inc/stm32g0xx_ll_rcc.h **** #define LL_RCC_MCO1SOURCE_LSE              (RCC_CFGR_MCOSEL_0|RCC_CFGR_MCOSEL_1|RCC_CFGR_MCOSEL_2) 
 288:Drivers/STM32G0xx_HAL_Driver/Inc/stm32g0xx_ll_rcc.h **** #if defined(RCC_CFGR_MCOSEL_3)
 289:Drivers/STM32G0xx_HAL_Driver/Inc/stm32g0xx_ll_rcc.h **** #define LL_RCC_MCO1SOURCE_PLLPCLK         RCC_CFGR_MCOSEL_3                       /*!< PLLPCLK sele
 290:Drivers/STM32G0xx_HAL_Driver/Inc/stm32g0xx_ll_rcc.h **** #define LL_RCC_MCO1SOURCE_PLLQCLK         (RCC_CFGR_MCOSEL_3|RCC_CFGR_MCOSEL_0)   /*!< PLLQCLK sele
 291:Drivers/STM32G0xx_HAL_Driver/Inc/stm32g0xx_ll_rcc.h **** #define LL_RCC_MCO1SOURCE_RTCCLK          (RCC_CFGR_MCOSEL_3|RCC_CFGR_MCOSEL_1)   /*!< RTCCLK selec
 292:Drivers/STM32G0xx_HAL_Driver/Inc/stm32g0xx_ll_rcc.h **** #define LL_RCC_MCO1SOURCE_RTC_WKUP        (RCC_CFGR_MCOSEL_3|RCC_CFGR_MCOSEL_1|RCC_CFGR_MCOSEL_0) /
 293:Drivers/STM32G0xx_HAL_Driver/Inc/stm32g0xx_ll_rcc.h **** #endif /* RCC_CFGR_MCOSEL_3 */
 294:Drivers/STM32G0xx_HAL_Driver/Inc/stm32g0xx_ll_rcc.h **** /**
 295:Drivers/STM32G0xx_HAL_Driver/Inc/stm32g0xx_ll_rcc.h ****   * @}
 296:Drivers/STM32G0xx_HAL_Driver/Inc/stm32g0xx_ll_rcc.h ****   */
 297:Drivers/STM32G0xx_HAL_Driver/Inc/stm32g0xx_ll_rcc.h **** 
 298:Drivers/STM32G0xx_HAL_Driver/Inc/stm32g0xx_ll_rcc.h **** /** @defgroup RCC_LL_EC_MCO1_DIV  MCO1 prescaler
 299:Drivers/STM32G0xx_HAL_Driver/Inc/stm32g0xx_ll_rcc.h ****   * @{
 300:Drivers/STM32G0xx_HAL_Driver/Inc/stm32g0xx_ll_rcc.h ****   */
 301:Drivers/STM32G0xx_HAL_Driver/Inc/stm32g0xx_ll_rcc.h **** #define LL_RCC_MCO1_DIV_1                  0x00000000U                                             
 302:Drivers/STM32G0xx_HAL_Driver/Inc/stm32g0xx_ll_rcc.h **** #define LL_RCC_MCO1_DIV_2                  RCC_CFGR_MCOPRE_0                                       
 303:Drivers/STM32G0xx_HAL_Driver/Inc/stm32g0xx_ll_rcc.h **** #define LL_RCC_MCO1_DIV_4                  RCC_CFGR_MCOPRE_1                                       
 304:Drivers/STM32G0xx_HAL_Driver/Inc/stm32g0xx_ll_rcc.h **** #define LL_RCC_MCO1_DIV_8                  (RCC_CFGR_MCOPRE_1 | RCC_CFGR_MCOPRE_0)                 
 305:Drivers/STM32G0xx_HAL_Driver/Inc/stm32g0xx_ll_rcc.h **** #define LL_RCC_MCO1_DIV_16                 RCC_CFGR_MCOPRE_2                                       
 306:Drivers/STM32G0xx_HAL_Driver/Inc/stm32g0xx_ll_rcc.h **** #define LL_RCC_MCO1_DIV_32                 (RCC_CFGR_MCOPRE_2 | RCC_CFGR_MCOPRE_0)                 
 307:Drivers/STM32G0xx_HAL_Driver/Inc/stm32g0xx_ll_rcc.h **** #define LL_RCC_MCO1_DIV_64                 (RCC_CFGR_MCOPRE_2 | RCC_CFGR_MCOPRE_1)                 
 308:Drivers/STM32G0xx_HAL_Driver/Inc/stm32g0xx_ll_rcc.h **** #define LL_RCC_MCO1_DIV_128                (RCC_CFGR_MCOPRE_2 | RCC_CFGR_MCOPRE_1 | RCC_CFGR_MCOPRE
 309:Drivers/STM32G0xx_HAL_Driver/Inc/stm32g0xx_ll_rcc.h **** #if defined(RCC_CFGR_MCOPRE_3)
 310:Drivers/STM32G0xx_HAL_Driver/Inc/stm32g0xx_ll_rcc.h **** #define LL_RCC_MCO1_DIV_256                 RCC_CFGR_MCOPRE_3                                      
 311:Drivers/STM32G0xx_HAL_Driver/Inc/stm32g0xx_ll_rcc.h **** #define LL_RCC_MCO1_DIV_512                (RCC_CFGR_MCOPRE_3 | RCC_CFGR_MCOPRE_0)                 
 312:Drivers/STM32G0xx_HAL_Driver/Inc/stm32g0xx_ll_rcc.h **** #define LL_RCC_MCO1_DIV_1024               (RCC_CFGR_MCOPRE_3 | RCC_CFGR_MCOPRE_1)                 
 313:Drivers/STM32G0xx_HAL_Driver/Inc/stm32g0xx_ll_rcc.h **** #endif /* RCC_CFGR_MCOPRE_3 */
 314:Drivers/STM32G0xx_HAL_Driver/Inc/stm32g0xx_ll_rcc.h **** /**
 315:Drivers/STM32G0xx_HAL_Driver/Inc/stm32g0xx_ll_rcc.h ****   * @}
 316:Drivers/STM32G0xx_HAL_Driver/Inc/stm32g0xx_ll_rcc.h ****   */
 317:Drivers/STM32G0xx_HAL_Driver/Inc/stm32g0xx_ll_rcc.h **** 
 318:Drivers/STM32G0xx_HAL_Driver/Inc/stm32g0xx_ll_rcc.h **** #if defined(RCC_MCO2_SUPPORT)
 319:Drivers/STM32G0xx_HAL_Driver/Inc/stm32g0xx_ll_rcc.h **** /** @defgroup RCC_LL_EC_MCO2SOURCE  MCO2 SOURCE selection
 320:Drivers/STM32G0xx_HAL_Driver/Inc/stm32g0xx_ll_rcc.h ****   * @{
 321:Drivers/STM32G0xx_HAL_Driver/Inc/stm32g0xx_ll_rcc.h ****   */
 322:Drivers/STM32G0xx_HAL_Driver/Inc/stm32g0xx_ll_rcc.h **** #define LL_RCC_MCO2SOURCE_NOCLOCK          0x00000000U                                             
 323:Drivers/STM32G0xx_HAL_Driver/Inc/stm32g0xx_ll_rcc.h **** #define LL_RCC_MCO2SOURCE_SYSCLK           RCC_CFGR_MCO2SEL_0                                      
 324:Drivers/STM32G0xx_HAL_Driver/Inc/stm32g0xx_ll_rcc.h **** #if defined(RCC_HSI48_SUPPORT)
 325:Drivers/STM32G0xx_HAL_Driver/Inc/stm32g0xx_ll_rcc.h **** #define LL_RCC_MCO2SOURCE_HSI48            RCC_CFGR_MCO2SEL_1                                      
 326:Drivers/STM32G0xx_HAL_Driver/Inc/stm32g0xx_ll_rcc.h **** #endif /* RCC_HSI48_SUPPORT */
 327:Drivers/STM32G0xx_HAL_Driver/Inc/stm32g0xx_ll_rcc.h **** #define LL_RCC_MCO2SOURCE_HSI              (RCC_CFGR_MCO2SEL_1 | RCC_CFGR_MCO2SEL_0)               
 328:Drivers/STM32G0xx_HAL_Driver/Inc/stm32g0xx_ll_rcc.h **** #define LL_RCC_MCO2SOURCE_HSE              RCC_CFGR_MCO2SEL_2                                      
 329:Drivers/STM32G0xx_HAL_Driver/Inc/stm32g0xx_ll_rcc.h **** #define LL_RCC_MCO2SOURCE_PLLCLK           (RCC_CFGR_MCO2SEL_2 | RCC_CFGR_MCO2SEL_0)               
 330:Drivers/STM32G0xx_HAL_Driver/Inc/stm32g0xx_ll_rcc.h **** #define LL_RCC_MCO2SOURCE_LSI              (RCC_CFGR_MCO2SEL_2 | RCC_CFGR_MCO2SEL_1)               
 331:Drivers/STM32G0xx_HAL_Driver/Inc/stm32g0xx_ll_rcc.h **** #define LL_RCC_MCO2SOURCE_LSE              (RCC_CFGR_MCO2SEL_2 | RCC_CFGR_MCO2SEL_1 | RCC_CFGR_MCO2
 332:Drivers/STM32G0xx_HAL_Driver/Inc/stm32g0xx_ll_rcc.h **** #define LL_RCC_MCO2SOURCE_PLLPCLK          RCC_CFGR_MCO2SEL_3                                      
 333:Drivers/STM32G0xx_HAL_Driver/Inc/stm32g0xx_ll_rcc.h **** #define LL_RCC_MCO2SOURCE_PLLQCLK          (RCC_CFGR_MCO2SEL_3 | RCC_CFGR_MCO2SEL_0)               
 334:Drivers/STM32G0xx_HAL_Driver/Inc/stm32g0xx_ll_rcc.h **** #define LL_RCC_MCO2SOURCE_RTCCLK           (RCC_CFGR_MCO2SEL_3 | RCC_CFGR_MCO2SEL_1)               
 335:Drivers/STM32G0xx_HAL_Driver/Inc/stm32g0xx_ll_rcc.h **** #define LL_RCC_MCO2SOURCE_RTC_WKUP         (RCC_CFGR_MCO2SEL_3 | RCC_CFGR_MCO2SEL_1 | RCC_CFGR_MCO2
 336:Drivers/STM32G0xx_HAL_Driver/Inc/stm32g0xx_ll_rcc.h **** /**
 337:Drivers/STM32G0xx_HAL_Driver/Inc/stm32g0xx_ll_rcc.h ****   * @}
 338:Drivers/STM32G0xx_HAL_Driver/Inc/stm32g0xx_ll_rcc.h ****   */
 339:Drivers/STM32G0xx_HAL_Driver/Inc/stm32g0xx_ll_rcc.h **** 
 340:Drivers/STM32G0xx_HAL_Driver/Inc/stm32g0xx_ll_rcc.h **** /** @defgroup RCC_LL_EC_MCO2_DIV  MCO2 prescaler
 341:Drivers/STM32G0xx_HAL_Driver/Inc/stm32g0xx_ll_rcc.h ****   * @{
ARM GAS  C:\Users\Asus\AppData\Local\Temp\ccaANind.s 			page 70


 342:Drivers/STM32G0xx_HAL_Driver/Inc/stm32g0xx_ll_rcc.h ****   */
 343:Drivers/STM32G0xx_HAL_Driver/Inc/stm32g0xx_ll_rcc.h **** #define LL_RCC_MCO2_DIV_1                  0x00000000U                                             
 344:Drivers/STM32G0xx_HAL_Driver/Inc/stm32g0xx_ll_rcc.h **** #define LL_RCC_MCO2_DIV_2                  RCC_CFGR_MCO2PRE_0                                      
 345:Drivers/STM32G0xx_HAL_Driver/Inc/stm32g0xx_ll_rcc.h **** #define LL_RCC_MCO2_DIV_4                  RCC_CFGR_MCO2PRE_1                                      
 346:Drivers/STM32G0xx_HAL_Driver/Inc/stm32g0xx_ll_rcc.h **** #define LL_RCC_MCO2_DIV_8                  (RCC_CFGR_MCO2PRE_1 | RCC_CFGR_MCO2PRE_0)               
 347:Drivers/STM32G0xx_HAL_Driver/Inc/stm32g0xx_ll_rcc.h **** #define LL_RCC_MCO2_DIV_16                 RCC_CFGR_MCO2PRE_2                                      
 348:Drivers/STM32G0xx_HAL_Driver/Inc/stm32g0xx_ll_rcc.h **** #define LL_RCC_MCO2_DIV_32                 (RCC_CFGR_MCO2PRE_2 | RCC_CFGR_MCO2PRE_0)               
 349:Drivers/STM32G0xx_HAL_Driver/Inc/stm32g0xx_ll_rcc.h **** #define LL_RCC_MCO2_DIV_64                 (RCC_CFGR_MCO2PRE_2 | RCC_CFGR_MCO2PRE_1)               
 350:Drivers/STM32G0xx_HAL_Driver/Inc/stm32g0xx_ll_rcc.h **** #define LL_RCC_MCO2_DIV_128                (RCC_CFGR_MCO2PRE_2 | RCC_CFGR_MCO2PRE_1 | RCC_CFGR_MCO2
 351:Drivers/STM32G0xx_HAL_Driver/Inc/stm32g0xx_ll_rcc.h **** #define LL_RCC_MCO2_DIV_256                RCC_CFGR_MCO2PRE_3                                      
 352:Drivers/STM32G0xx_HAL_Driver/Inc/stm32g0xx_ll_rcc.h **** #define LL_RCC_MCO2_DIV_512                (RCC_CFGR_MCO2PRE_3 | RCC_CFGR_MCO2PRE_0)               
 353:Drivers/STM32G0xx_HAL_Driver/Inc/stm32g0xx_ll_rcc.h **** #define LL_RCC_MCO2_DIV_1024               (RCC_CFGR_MCO2PRE_3 | RCC_CFGR_MCO2PRE_1)               
 354:Drivers/STM32G0xx_HAL_Driver/Inc/stm32g0xx_ll_rcc.h **** /**
 355:Drivers/STM32G0xx_HAL_Driver/Inc/stm32g0xx_ll_rcc.h ****   * @}
 356:Drivers/STM32G0xx_HAL_Driver/Inc/stm32g0xx_ll_rcc.h ****   */
 357:Drivers/STM32G0xx_HAL_Driver/Inc/stm32g0xx_ll_rcc.h **** #endif /* RCC_MCO2_SUPPORT */
 358:Drivers/STM32G0xx_HAL_Driver/Inc/stm32g0xx_ll_rcc.h **** 
 359:Drivers/STM32G0xx_HAL_Driver/Inc/stm32g0xx_ll_rcc.h **** #if defined(USE_FULL_LL_DRIVER)
 360:Drivers/STM32G0xx_HAL_Driver/Inc/stm32g0xx_ll_rcc.h **** /** @defgroup RCC_LL_EC_PERIPH_FREQUENCY Peripheral clock frequency
 361:Drivers/STM32G0xx_HAL_Driver/Inc/stm32g0xx_ll_rcc.h ****   * @{
 362:Drivers/STM32G0xx_HAL_Driver/Inc/stm32g0xx_ll_rcc.h ****   */
 363:Drivers/STM32G0xx_HAL_Driver/Inc/stm32g0xx_ll_rcc.h **** #define LL_RCC_PERIPH_FREQUENCY_NO        0x00000000U                 /*!< No clock enabled for the
 364:Drivers/STM32G0xx_HAL_Driver/Inc/stm32g0xx_ll_rcc.h **** #define LL_RCC_PERIPH_FREQUENCY_NA        0xFFFFFFFFU                 /*!< Frequency cannot be prov
 365:Drivers/STM32G0xx_HAL_Driver/Inc/stm32g0xx_ll_rcc.h **** /**
 366:Drivers/STM32G0xx_HAL_Driver/Inc/stm32g0xx_ll_rcc.h ****   * @}
 367:Drivers/STM32G0xx_HAL_Driver/Inc/stm32g0xx_ll_rcc.h ****   */
 368:Drivers/STM32G0xx_HAL_Driver/Inc/stm32g0xx_ll_rcc.h **** #endif /* USE_FULL_LL_DRIVER */
 369:Drivers/STM32G0xx_HAL_Driver/Inc/stm32g0xx_ll_rcc.h **** 
 370:Drivers/STM32G0xx_HAL_Driver/Inc/stm32g0xx_ll_rcc.h **** /** @defgroup RCC_LL_EC_USARTx_CLKSOURCE  Peripheral USART clock source selection
 371:Drivers/STM32G0xx_HAL_Driver/Inc/stm32g0xx_ll_rcc.h ****   * @{
 372:Drivers/STM32G0xx_HAL_Driver/Inc/stm32g0xx_ll_rcc.h ****   */
 373:Drivers/STM32G0xx_HAL_Driver/Inc/stm32g0xx_ll_rcc.h **** #define LL_RCC_USART1_CLKSOURCE_PCLK1      ((RCC_CCIPR_USART1SEL << 16U) | 0x00000000U)            
 374:Drivers/STM32G0xx_HAL_Driver/Inc/stm32g0xx_ll_rcc.h **** #define LL_RCC_USART1_CLKSOURCE_SYSCLK     ((RCC_CCIPR_USART1SEL << 16U) | RCC_CCIPR_USART1SEL_0)  
 375:Drivers/STM32G0xx_HAL_Driver/Inc/stm32g0xx_ll_rcc.h **** #define LL_RCC_USART1_CLKSOURCE_HSI        ((RCC_CCIPR_USART1SEL << 16U) | RCC_CCIPR_USART1SEL_1)  
 376:Drivers/STM32G0xx_HAL_Driver/Inc/stm32g0xx_ll_rcc.h **** #define LL_RCC_USART1_CLKSOURCE_LSE        ((RCC_CCIPR_USART1SEL << 16U) | RCC_CCIPR_USART1SEL)    
 377:Drivers/STM32G0xx_HAL_Driver/Inc/stm32g0xx_ll_rcc.h **** #if defined(RCC_CCIPR_USART2SEL)
 378:Drivers/STM32G0xx_HAL_Driver/Inc/stm32g0xx_ll_rcc.h **** #define LL_RCC_USART2_CLKSOURCE_PCLK1      ((RCC_CCIPR_USART2SEL << 16U) | 0x00000000U)            
 379:Drivers/STM32G0xx_HAL_Driver/Inc/stm32g0xx_ll_rcc.h **** #define LL_RCC_USART2_CLKSOURCE_SYSCLK     ((RCC_CCIPR_USART2SEL << 16U) | RCC_CCIPR_USART2SEL_0)  
 380:Drivers/STM32G0xx_HAL_Driver/Inc/stm32g0xx_ll_rcc.h **** #define LL_RCC_USART2_CLKSOURCE_HSI        ((RCC_CCIPR_USART2SEL << 16U) | RCC_CCIPR_USART2SEL_1)  
 381:Drivers/STM32G0xx_HAL_Driver/Inc/stm32g0xx_ll_rcc.h **** #define LL_RCC_USART2_CLKSOURCE_LSE        ((RCC_CCIPR_USART2SEL << 16U) | RCC_CCIPR_USART2SEL)    
 382:Drivers/STM32G0xx_HAL_Driver/Inc/stm32g0xx_ll_rcc.h **** #endif /* RCC_CCIPR_USART2SEL */
 383:Drivers/STM32G0xx_HAL_Driver/Inc/stm32g0xx_ll_rcc.h **** #if defined(RCC_CCIPR_USART3SEL)
 384:Drivers/STM32G0xx_HAL_Driver/Inc/stm32g0xx_ll_rcc.h **** #define LL_RCC_USART3_CLKSOURCE_PCLK1      ((RCC_CCIPR_USART3SEL << 16U) | 0x00000000U)           /
 385:Drivers/STM32G0xx_HAL_Driver/Inc/stm32g0xx_ll_rcc.h **** #define LL_RCC_USART3_CLKSOURCE_SYSCLK     ((RCC_CCIPR_USART3SEL << 16U) | RCC_CCIPR_USART3SEL_0) /
 386:Drivers/STM32G0xx_HAL_Driver/Inc/stm32g0xx_ll_rcc.h **** #define LL_RCC_USART3_CLKSOURCE_HSI        ((RCC_CCIPR_USART3SEL << 16U) | RCC_CCIPR_USART3SEL_1) /
 387:Drivers/STM32G0xx_HAL_Driver/Inc/stm32g0xx_ll_rcc.h **** #define LL_RCC_USART3_CLKSOURCE_LSE        ((RCC_CCIPR_USART3SEL << 16U) | RCC_CCIPR_USART3SEL)   /
 388:Drivers/STM32G0xx_HAL_Driver/Inc/stm32g0xx_ll_rcc.h **** #endif /* RCC_CCIPR_USART3SEL */
 389:Drivers/STM32G0xx_HAL_Driver/Inc/stm32g0xx_ll_rcc.h **** /**
 390:Drivers/STM32G0xx_HAL_Driver/Inc/stm32g0xx_ll_rcc.h ****   * @}
 391:Drivers/STM32G0xx_HAL_Driver/Inc/stm32g0xx_ll_rcc.h ****   */
 392:Drivers/STM32G0xx_HAL_Driver/Inc/stm32g0xx_ll_rcc.h **** 
 393:Drivers/STM32G0xx_HAL_Driver/Inc/stm32g0xx_ll_rcc.h **** #if defined(LPUART1) || defined(LPUART2)
 394:Drivers/STM32G0xx_HAL_Driver/Inc/stm32g0xx_ll_rcc.h **** /** @defgroup RCC_LL_EC_LPUARTx_CLKSOURCE Peripheral LPUART clock source selection
 395:Drivers/STM32G0xx_HAL_Driver/Inc/stm32g0xx_ll_rcc.h ****   * @{
 396:Drivers/STM32G0xx_HAL_Driver/Inc/stm32g0xx_ll_rcc.h ****   */
 397:Drivers/STM32G0xx_HAL_Driver/Inc/stm32g0xx_ll_rcc.h **** #if defined(LPUART2)
 398:Drivers/STM32G0xx_HAL_Driver/Inc/stm32g0xx_ll_rcc.h **** #define LL_RCC_LPUART2_CLKSOURCE_PCLK1     ((RCC_CCIPR_LPUART2SEL << 16U) | 0x00000000U)           
ARM GAS  C:\Users\Asus\AppData\Local\Temp\ccaANind.s 			page 71


 399:Drivers/STM32G0xx_HAL_Driver/Inc/stm32g0xx_ll_rcc.h **** #define LL_RCC_LPUART2_CLKSOURCE_SYSCLK    ((RCC_CCIPR_LPUART2SEL << 16U) | RCC_CCIPR_LPUART2SEL_0)
 400:Drivers/STM32G0xx_HAL_Driver/Inc/stm32g0xx_ll_rcc.h **** #define LL_RCC_LPUART2_CLKSOURCE_HSI       ((RCC_CCIPR_LPUART2SEL << 16U) | RCC_CCIPR_LPUART2SEL_1)
 401:Drivers/STM32G0xx_HAL_Driver/Inc/stm32g0xx_ll_rcc.h **** #define LL_RCC_LPUART2_CLKSOURCE_LSE       ((RCC_CCIPR_LPUART2SEL << 16U) | RCC_CCIPR_LPUART2SEL)  
 402:Drivers/STM32G0xx_HAL_Driver/Inc/stm32g0xx_ll_rcc.h **** #endif /* LPUART2 */
 403:Drivers/STM32G0xx_HAL_Driver/Inc/stm32g0xx_ll_rcc.h **** #define LL_RCC_LPUART1_CLKSOURCE_PCLK1     ((RCC_CCIPR_LPUART1SEL << 16U) | 0x00000000U)           
 404:Drivers/STM32G0xx_HAL_Driver/Inc/stm32g0xx_ll_rcc.h **** #define LL_RCC_LPUART1_CLKSOURCE_SYSCLK    ((RCC_CCIPR_LPUART1SEL << 16U) | RCC_CCIPR_LPUART1SEL_0)
 405:Drivers/STM32G0xx_HAL_Driver/Inc/stm32g0xx_ll_rcc.h **** #define LL_RCC_LPUART1_CLKSOURCE_HSI       ((RCC_CCIPR_LPUART1SEL << 16U) | RCC_CCIPR_LPUART1SEL_1)
 406:Drivers/STM32G0xx_HAL_Driver/Inc/stm32g0xx_ll_rcc.h **** #define LL_RCC_LPUART1_CLKSOURCE_LSE       ((RCC_CCIPR_LPUART1SEL << 16U) | RCC_CCIPR_LPUART1SEL)  
 407:Drivers/STM32G0xx_HAL_Driver/Inc/stm32g0xx_ll_rcc.h **** /**
 408:Drivers/STM32G0xx_HAL_Driver/Inc/stm32g0xx_ll_rcc.h ****   * @}
 409:Drivers/STM32G0xx_HAL_Driver/Inc/stm32g0xx_ll_rcc.h ****   */
 410:Drivers/STM32G0xx_HAL_Driver/Inc/stm32g0xx_ll_rcc.h **** #endif /* LPUART1 || LPUART2 */
 411:Drivers/STM32G0xx_HAL_Driver/Inc/stm32g0xx_ll_rcc.h **** 
 412:Drivers/STM32G0xx_HAL_Driver/Inc/stm32g0xx_ll_rcc.h **** /** @defgroup RCC_LL_EC_I2Cx_CLKSOURCE Peripheral I2C clock source selection
 413:Drivers/STM32G0xx_HAL_Driver/Inc/stm32g0xx_ll_rcc.h ****   * @{
 414:Drivers/STM32G0xx_HAL_Driver/Inc/stm32g0xx_ll_rcc.h ****   */
 415:Drivers/STM32G0xx_HAL_Driver/Inc/stm32g0xx_ll_rcc.h **** #define LL_RCC_I2C1_CLKSOURCE_PCLK1        ((RCC_CCIPR_I2C1SEL << 16U) | 0x00000000U)          /*!<
 416:Drivers/STM32G0xx_HAL_Driver/Inc/stm32g0xx_ll_rcc.h **** #define LL_RCC_I2C1_CLKSOURCE_SYSCLK       ((RCC_CCIPR_I2C1SEL << 16U) | RCC_CCIPR_I2C1SEL_0)  /*!<
 417:Drivers/STM32G0xx_HAL_Driver/Inc/stm32g0xx_ll_rcc.h **** #define LL_RCC_I2C1_CLKSOURCE_HSI          ((RCC_CCIPR_I2C1SEL << 16U) | RCC_CCIPR_I2C1SEL_1)  /*!<
 418:Drivers/STM32G0xx_HAL_Driver/Inc/stm32g0xx_ll_rcc.h **** #if defined(RCC_CCIPR_I2C2SEL)
 419:Drivers/STM32G0xx_HAL_Driver/Inc/stm32g0xx_ll_rcc.h **** #define LL_RCC_I2C2_CLKSOURCE_PCLK1        ((RCC_CCIPR_I2C2SEL << 16U) | 0x00000000U)          /*!<
 420:Drivers/STM32G0xx_HAL_Driver/Inc/stm32g0xx_ll_rcc.h **** #define LL_RCC_I2C2_CLKSOURCE_SYSCLK       ((RCC_CCIPR_I2C2SEL << 16U) | RCC_CCIPR_I2C2SEL_0)  /*!<
 421:Drivers/STM32G0xx_HAL_Driver/Inc/stm32g0xx_ll_rcc.h **** #define LL_RCC_I2C2_CLKSOURCE_HSI          ((RCC_CCIPR_I2C2SEL << 16U) | RCC_CCIPR_I2C2SEL_1)  /*!<
 422:Drivers/STM32G0xx_HAL_Driver/Inc/stm32g0xx_ll_rcc.h **** #endif /* RCC_CCIPR_I2C2SEL */
 423:Drivers/STM32G0xx_HAL_Driver/Inc/stm32g0xx_ll_rcc.h **** /**
 424:Drivers/STM32G0xx_HAL_Driver/Inc/stm32g0xx_ll_rcc.h ****   * @}
 425:Drivers/STM32G0xx_HAL_Driver/Inc/stm32g0xx_ll_rcc.h ****   */
 426:Drivers/STM32G0xx_HAL_Driver/Inc/stm32g0xx_ll_rcc.h **** 
 427:Drivers/STM32G0xx_HAL_Driver/Inc/stm32g0xx_ll_rcc.h **** /** @defgroup RCC_LL_EC_I2Sx_CLKSOURCE Peripheral I2S clock source selection
 428:Drivers/STM32G0xx_HAL_Driver/Inc/stm32g0xx_ll_rcc.h ****   * @{
 429:Drivers/STM32G0xx_HAL_Driver/Inc/stm32g0xx_ll_rcc.h ****   */
 430:Drivers/STM32G0xx_HAL_Driver/Inc/stm32g0xx_ll_rcc.h **** #if defined(STM32G0C1xx) || defined(STM32G0B1xx) || defined(STM32G0B0xx)
 431:Drivers/STM32G0xx_HAL_Driver/Inc/stm32g0xx_ll_rcc.h **** #define LL_RCC_I2S1_CLKSOURCE_SYSCLK      ((RCC_CCIPR2_I2S1SEL << 16U) | 0x00000000U)          /*!<
 432:Drivers/STM32G0xx_HAL_Driver/Inc/stm32g0xx_ll_rcc.h **** #define LL_RCC_I2S1_CLKSOURCE_PLL         ((RCC_CCIPR2_I2S1SEL << 16U) | RCC_CCIPR2_I2S1SEL_0)  /*!
 433:Drivers/STM32G0xx_HAL_Driver/Inc/stm32g0xx_ll_rcc.h **** #define LL_RCC_I2S1_CLKSOURCE_HSI         ((RCC_CCIPR2_I2S1SEL << 16U) | RCC_CCIPR2_I2S1SEL_1)  /*!
 434:Drivers/STM32G0xx_HAL_Driver/Inc/stm32g0xx_ll_rcc.h **** #define LL_RCC_I2S1_CLKSOURCE_PIN         ((RCC_CCIPR2_I2S1SEL << 16U) | RCC_CCIPR2_I2S1SEL)    /*!
 435:Drivers/STM32G0xx_HAL_Driver/Inc/stm32g0xx_ll_rcc.h **** #define LL_RCC_I2S2_CLKSOURCE_SYSCLK      ((RCC_CCIPR2_I2S2SEL << 16U) | 0x00000000U)          /*!<
 436:Drivers/STM32G0xx_HAL_Driver/Inc/stm32g0xx_ll_rcc.h **** #define LL_RCC_I2S2_CLKSOURCE_PLL         ((RCC_CCIPR2_I2S2SEL << 16U) | RCC_CCIPR2_I2S2SEL_0)  /*!
 437:Drivers/STM32G0xx_HAL_Driver/Inc/stm32g0xx_ll_rcc.h **** #define LL_RCC_I2S2_CLKSOURCE_HSI         ((RCC_CCIPR2_I2S2SEL << 16U) | RCC_CCIPR2_I2S2SEL_1)  /*!
 438:Drivers/STM32G0xx_HAL_Driver/Inc/stm32g0xx_ll_rcc.h **** #define LL_RCC_I2S2_CLKSOURCE_PIN         ((RCC_CCIPR2_I2S2SEL << 16U) | RCC_CCIPR2_I2S2SEL)    /*!
 439:Drivers/STM32G0xx_HAL_Driver/Inc/stm32g0xx_ll_rcc.h **** #else
 440:Drivers/STM32G0xx_HAL_Driver/Inc/stm32g0xx_ll_rcc.h **** #define LL_RCC_I2S1_CLKSOURCE_SYSCLK      0x00000000U                  /*!< SYSCLK clock used as I2
 441:Drivers/STM32G0xx_HAL_Driver/Inc/stm32g0xx_ll_rcc.h **** #define LL_RCC_I2S1_CLKSOURCE_PLL         RCC_CCIPR_I2S1SEL_0          /*!< PLL clock used as I2S1 
 442:Drivers/STM32G0xx_HAL_Driver/Inc/stm32g0xx_ll_rcc.h **** #define LL_RCC_I2S1_CLKSOURCE_HSI         RCC_CCIPR_I2S1SEL_1          /*!< HSI clock used as I2S1 
 443:Drivers/STM32G0xx_HAL_Driver/Inc/stm32g0xx_ll_rcc.h **** #define LL_RCC_I2S1_CLKSOURCE_PIN         RCC_CCIPR_I2S1SEL            /*!< External clock used as 
 444:Drivers/STM32G0xx_HAL_Driver/Inc/stm32g0xx_ll_rcc.h **** #endif /* STM32G0C1xx || STM32G0B1xx || STM32G0B0xx */
 445:Drivers/STM32G0xx_HAL_Driver/Inc/stm32g0xx_ll_rcc.h **** 
 446:Drivers/STM32G0xx_HAL_Driver/Inc/stm32g0xx_ll_rcc.h **** /**
 447:Drivers/STM32G0xx_HAL_Driver/Inc/stm32g0xx_ll_rcc.h ****   * @}
 448:Drivers/STM32G0xx_HAL_Driver/Inc/stm32g0xx_ll_rcc.h ****   */
 449:Drivers/STM32G0xx_HAL_Driver/Inc/stm32g0xx_ll_rcc.h **** 
 450:Drivers/STM32G0xx_HAL_Driver/Inc/stm32g0xx_ll_rcc.h **** #if defined(RCC_CCIPR_TIM1SEL)
 451:Drivers/STM32G0xx_HAL_Driver/Inc/stm32g0xx_ll_rcc.h **** /** @defgroup RCC_LL_EC_TIMx_CLKSOURCE Peripheral TIM clock source selection
 452:Drivers/STM32G0xx_HAL_Driver/Inc/stm32g0xx_ll_rcc.h ****   * @{
 453:Drivers/STM32G0xx_HAL_Driver/Inc/stm32g0xx_ll_rcc.h ****   */
 454:Drivers/STM32G0xx_HAL_Driver/Inc/stm32g0xx_ll_rcc.h **** #define LL_RCC_TIM1_CLKSOURCE_PCLK1        (RCC_CCIPR_TIM1SEL   | (0x00000000U >> 16U))          /*
 455:Drivers/STM32G0xx_HAL_Driver/Inc/stm32g0xx_ll_rcc.h **** #define LL_RCC_TIM1_CLKSOURCE_PLL          (RCC_CCIPR_TIM1SEL   | (RCC_CCIPR_TIM1SEL >> 16U))    /*
ARM GAS  C:\Users\Asus\AppData\Local\Temp\ccaANind.s 			page 72


 456:Drivers/STM32G0xx_HAL_Driver/Inc/stm32g0xx_ll_rcc.h **** /**
 457:Drivers/STM32G0xx_HAL_Driver/Inc/stm32g0xx_ll_rcc.h ****   * @}
 458:Drivers/STM32G0xx_HAL_Driver/Inc/stm32g0xx_ll_rcc.h ****   */
 459:Drivers/STM32G0xx_HAL_Driver/Inc/stm32g0xx_ll_rcc.h **** #endif /* RCC_CCIPR_TIM1SEL */
 460:Drivers/STM32G0xx_HAL_Driver/Inc/stm32g0xx_ll_rcc.h **** 
 461:Drivers/STM32G0xx_HAL_Driver/Inc/stm32g0xx_ll_rcc.h **** #if defined(RCC_CCIPR_TIM15SEL)
 462:Drivers/STM32G0xx_HAL_Driver/Inc/stm32g0xx_ll_rcc.h **** /** @addtogroup RCC_LL_EC_TIMx_CLKSOURCE
 463:Drivers/STM32G0xx_HAL_Driver/Inc/stm32g0xx_ll_rcc.h ****   * @{
 464:Drivers/STM32G0xx_HAL_Driver/Inc/stm32g0xx_ll_rcc.h ****   */
 465:Drivers/STM32G0xx_HAL_Driver/Inc/stm32g0xx_ll_rcc.h **** #define LL_RCC_TIM15_CLKSOURCE_PCLK1       (RCC_CCIPR_TIM15SEL  | (0x00000000U >> 16U))          /*
 466:Drivers/STM32G0xx_HAL_Driver/Inc/stm32g0xx_ll_rcc.h **** #define LL_RCC_TIM15_CLKSOURCE_PLL         (RCC_CCIPR_TIM15SEL  | (RCC_CCIPR_TIM15SEL >> 16U))   /*
 467:Drivers/STM32G0xx_HAL_Driver/Inc/stm32g0xx_ll_rcc.h **** /**
 468:Drivers/STM32G0xx_HAL_Driver/Inc/stm32g0xx_ll_rcc.h ****   * @}
 469:Drivers/STM32G0xx_HAL_Driver/Inc/stm32g0xx_ll_rcc.h ****   */
 470:Drivers/STM32G0xx_HAL_Driver/Inc/stm32g0xx_ll_rcc.h **** #endif /* RCC_CCIPR_TIM15SEL */
 471:Drivers/STM32G0xx_HAL_Driver/Inc/stm32g0xx_ll_rcc.h **** 
 472:Drivers/STM32G0xx_HAL_Driver/Inc/stm32g0xx_ll_rcc.h **** #if defined(LPTIM1) && defined(LPTIM2)
 473:Drivers/STM32G0xx_HAL_Driver/Inc/stm32g0xx_ll_rcc.h **** /** @defgroup RCC_LL_EC_LPTIMx_CLKSOURCE Peripheral LPTIM clock source selection
 474:Drivers/STM32G0xx_HAL_Driver/Inc/stm32g0xx_ll_rcc.h ****   * @{
 475:Drivers/STM32G0xx_HAL_Driver/Inc/stm32g0xx_ll_rcc.h ****   */
 476:Drivers/STM32G0xx_HAL_Driver/Inc/stm32g0xx_ll_rcc.h **** #define LL_RCC_LPTIM1_CLKSOURCE_PCLK1      (RCC_CCIPR_LPTIM1SEL | (0x00000000U >> 16U))           /
 477:Drivers/STM32G0xx_HAL_Driver/Inc/stm32g0xx_ll_rcc.h **** #define LL_RCC_LPTIM1_CLKSOURCE_LSI        (RCC_CCIPR_LPTIM1SEL | (RCC_CCIPR_LPTIM1SEL_0 >> 16U)) /
 478:Drivers/STM32G0xx_HAL_Driver/Inc/stm32g0xx_ll_rcc.h **** #define LL_RCC_LPTIM1_CLKSOURCE_HSI        (RCC_CCIPR_LPTIM1SEL | (RCC_CCIPR_LPTIM1SEL_1 >> 16U)) /
 479:Drivers/STM32G0xx_HAL_Driver/Inc/stm32g0xx_ll_rcc.h **** #define LL_RCC_LPTIM1_CLKSOURCE_LSE        (RCC_CCIPR_LPTIM1SEL | (RCC_CCIPR_LPTIM1SEL >> 16U))   /
 480:Drivers/STM32G0xx_HAL_Driver/Inc/stm32g0xx_ll_rcc.h **** #define LL_RCC_LPTIM2_CLKSOURCE_PCLK1      (RCC_CCIPR_LPTIM2SEL | (0x00000000U >> 16U))           /
 481:Drivers/STM32G0xx_HAL_Driver/Inc/stm32g0xx_ll_rcc.h **** #define LL_RCC_LPTIM2_CLKSOURCE_LSI        (RCC_CCIPR_LPTIM2SEL | (RCC_CCIPR_LPTIM2SEL_0 >> 16U)) /
 482:Drivers/STM32G0xx_HAL_Driver/Inc/stm32g0xx_ll_rcc.h **** #define LL_RCC_LPTIM2_CLKSOURCE_HSI        (RCC_CCIPR_LPTIM2SEL | (RCC_CCIPR_LPTIM2SEL_1 >> 16U)) /
 483:Drivers/STM32G0xx_HAL_Driver/Inc/stm32g0xx_ll_rcc.h **** #define LL_RCC_LPTIM2_CLKSOURCE_LSE        (RCC_CCIPR_LPTIM2SEL | (RCC_CCIPR_LPTIM2SEL >> 16U))   /
 484:Drivers/STM32G0xx_HAL_Driver/Inc/stm32g0xx_ll_rcc.h **** /**
 485:Drivers/STM32G0xx_HAL_Driver/Inc/stm32g0xx_ll_rcc.h ****   * @}
 486:Drivers/STM32G0xx_HAL_Driver/Inc/stm32g0xx_ll_rcc.h ****   */
 487:Drivers/STM32G0xx_HAL_Driver/Inc/stm32g0xx_ll_rcc.h **** #endif /* LPTIM1 && LPTIM2*/
 488:Drivers/STM32G0xx_HAL_Driver/Inc/stm32g0xx_ll_rcc.h **** 
 489:Drivers/STM32G0xx_HAL_Driver/Inc/stm32g0xx_ll_rcc.h **** #if defined(CEC)
 490:Drivers/STM32G0xx_HAL_Driver/Inc/stm32g0xx_ll_rcc.h **** /** @defgroup RCC_LL_EC_CEC_CLKSOURCE_HSI Peripheral CEC clock source selection
 491:Drivers/STM32G0xx_HAL_Driver/Inc/stm32g0xx_ll_rcc.h ****   * @{
 492:Drivers/STM32G0xx_HAL_Driver/Inc/stm32g0xx_ll_rcc.h ****   */
 493:Drivers/STM32G0xx_HAL_Driver/Inc/stm32g0xx_ll_rcc.h **** #define LL_RCC_CEC_CLKSOURCE_HSI_DIV488    0x00000000U                   /*!< HSI oscillator clock 
 494:Drivers/STM32G0xx_HAL_Driver/Inc/stm32g0xx_ll_rcc.h **** #define LL_RCC_CEC_CLKSOURCE_LSE           RCC_CCIPR_CECSEL              /*!< LSE oscillator clock 
 495:Drivers/STM32G0xx_HAL_Driver/Inc/stm32g0xx_ll_rcc.h **** 
 496:Drivers/STM32G0xx_HAL_Driver/Inc/stm32g0xx_ll_rcc.h **** /**
 497:Drivers/STM32G0xx_HAL_Driver/Inc/stm32g0xx_ll_rcc.h ****   * @}
 498:Drivers/STM32G0xx_HAL_Driver/Inc/stm32g0xx_ll_rcc.h ****   */
 499:Drivers/STM32G0xx_HAL_Driver/Inc/stm32g0xx_ll_rcc.h **** #endif /* CEC */
 500:Drivers/STM32G0xx_HAL_Driver/Inc/stm32g0xx_ll_rcc.h **** 
 501:Drivers/STM32G0xx_HAL_Driver/Inc/stm32g0xx_ll_rcc.h **** #if defined(FDCAN1) || defined(FDCAN2)
 502:Drivers/STM32G0xx_HAL_Driver/Inc/stm32g0xx_ll_rcc.h **** /** @defgroup RCC_LL_EC_FDCAN_CLKSOURCE_HSI Peripheral FDCAN clock source selection
 503:Drivers/STM32G0xx_HAL_Driver/Inc/stm32g0xx_ll_rcc.h ****   * @{
 504:Drivers/STM32G0xx_HAL_Driver/Inc/stm32g0xx_ll_rcc.h ****   */
 505:Drivers/STM32G0xx_HAL_Driver/Inc/stm32g0xx_ll_rcc.h **** #define LL_RCC_FDCAN_CLKSOURCE_PCLK1         0x00000000U                   /*!< PCLK1 oscillator cl
 506:Drivers/STM32G0xx_HAL_Driver/Inc/stm32g0xx_ll_rcc.h **** #define LL_RCC_FDCAN_CLKSOURCE_PLL           RCC_CCIPR2_FDCANSEL_0          /*!< PLL "Q"  oscillato
 507:Drivers/STM32G0xx_HAL_Driver/Inc/stm32g0xx_ll_rcc.h **** #define LL_RCC_FDCAN_CLKSOURCE_HSE           RCC_CCIPR2_FDCANSEL_1          /*!< HSE oscillator clo
 508:Drivers/STM32G0xx_HAL_Driver/Inc/stm32g0xx_ll_rcc.h **** 
 509:Drivers/STM32G0xx_HAL_Driver/Inc/stm32g0xx_ll_rcc.h **** /**
 510:Drivers/STM32G0xx_HAL_Driver/Inc/stm32g0xx_ll_rcc.h ****   * @}
 511:Drivers/STM32G0xx_HAL_Driver/Inc/stm32g0xx_ll_rcc.h ****   */
 512:Drivers/STM32G0xx_HAL_Driver/Inc/stm32g0xx_ll_rcc.h **** #endif /* FDCAN1 || FDCAN2 */
ARM GAS  C:\Users\Asus\AppData\Local\Temp\ccaANind.s 			page 73


 513:Drivers/STM32G0xx_HAL_Driver/Inc/stm32g0xx_ll_rcc.h **** 
 514:Drivers/STM32G0xx_HAL_Driver/Inc/stm32g0xx_ll_rcc.h **** #if defined(RNG)
 515:Drivers/STM32G0xx_HAL_Driver/Inc/stm32g0xx_ll_rcc.h **** /** @defgroup RCC_LL_EC_RNG_CLKSOURCE Peripheral RNG clock source selection
 516:Drivers/STM32G0xx_HAL_Driver/Inc/stm32g0xx_ll_rcc.h ****   * @{
 517:Drivers/STM32G0xx_HAL_Driver/Inc/stm32g0xx_ll_rcc.h ****   */
 518:Drivers/STM32G0xx_HAL_Driver/Inc/stm32g0xx_ll_rcc.h **** #define LL_RCC_RNG_CLKSOURCE_NONE          0x00000000U                   /*!< No clock used as RNG 
 519:Drivers/STM32G0xx_HAL_Driver/Inc/stm32g0xx_ll_rcc.h **** #define LL_RCC_RNG_CLKSOURCE_HSI_DIV8      RCC_CCIPR_RNGSEL_0            /*!< HSI oscillator clock 
 520:Drivers/STM32G0xx_HAL_Driver/Inc/stm32g0xx_ll_rcc.h **** #define LL_RCC_RNG_CLKSOURCE_SYSCLK        RCC_CCIPR_RNGSEL_1            /*!< SYSCLK divided by 1 u
 521:Drivers/STM32G0xx_HAL_Driver/Inc/stm32g0xx_ll_rcc.h **** #define LL_RCC_RNG_CLKSOURCE_PLL           RCC_CCIPR_RNGSEL              /*!< PLL used as RNG clock
 522:Drivers/STM32G0xx_HAL_Driver/Inc/stm32g0xx_ll_rcc.h **** /**
 523:Drivers/STM32G0xx_HAL_Driver/Inc/stm32g0xx_ll_rcc.h ****   * @}
 524:Drivers/STM32G0xx_HAL_Driver/Inc/stm32g0xx_ll_rcc.h ****   */
 525:Drivers/STM32G0xx_HAL_Driver/Inc/stm32g0xx_ll_rcc.h **** #endif /* RNG */
 526:Drivers/STM32G0xx_HAL_Driver/Inc/stm32g0xx_ll_rcc.h **** 
 527:Drivers/STM32G0xx_HAL_Driver/Inc/stm32g0xx_ll_rcc.h **** #if defined(RNG)
 528:Drivers/STM32G0xx_HAL_Driver/Inc/stm32g0xx_ll_rcc.h **** /** @defgroup RCC_LL_EC_RNG_CLK_DIV Peripheral RNG clock division factor
 529:Drivers/STM32G0xx_HAL_Driver/Inc/stm32g0xx_ll_rcc.h ****   * @{
 530:Drivers/STM32G0xx_HAL_Driver/Inc/stm32g0xx_ll_rcc.h ****   */
 531:Drivers/STM32G0xx_HAL_Driver/Inc/stm32g0xx_ll_rcc.h **** #define LL_RCC_RNG_CLK_DIV1                0x00000000U                    /*!< RNG clock not divide
 532:Drivers/STM32G0xx_HAL_Driver/Inc/stm32g0xx_ll_rcc.h **** #define LL_RCC_RNG_CLK_DIV2                RCC_CCIPR_RNGDIV_0             /*!< RNG clock divided by
 533:Drivers/STM32G0xx_HAL_Driver/Inc/stm32g0xx_ll_rcc.h **** #define LL_RCC_RNG_CLK_DIV4                RCC_CCIPR_RNGDIV_1             /*!< RNG clock divided by
 534:Drivers/STM32G0xx_HAL_Driver/Inc/stm32g0xx_ll_rcc.h **** #define LL_RCC_RNG_CLK_DIV8                RCC_CCIPR_RNGDIV               /*!< RNG clock divided by
 535:Drivers/STM32G0xx_HAL_Driver/Inc/stm32g0xx_ll_rcc.h **** /**
 536:Drivers/STM32G0xx_HAL_Driver/Inc/stm32g0xx_ll_rcc.h ****   * @}
 537:Drivers/STM32G0xx_HAL_Driver/Inc/stm32g0xx_ll_rcc.h ****   */
 538:Drivers/STM32G0xx_HAL_Driver/Inc/stm32g0xx_ll_rcc.h **** #endif /* RNG */
 539:Drivers/STM32G0xx_HAL_Driver/Inc/stm32g0xx_ll_rcc.h **** 
 540:Drivers/STM32G0xx_HAL_Driver/Inc/stm32g0xx_ll_rcc.h **** #if defined(STM32G0C1xx) || defined(STM32G0B1xx) || defined(STM32G0B0xx)
 541:Drivers/STM32G0xx_HAL_Driver/Inc/stm32g0xx_ll_rcc.h **** /** @defgroup RCC_LL_EC_USB_CLKSOURCE  Peripheral USB clock source selection
 542:Drivers/STM32G0xx_HAL_Driver/Inc/stm32g0xx_ll_rcc.h ****   * @{
 543:Drivers/STM32G0xx_HAL_Driver/Inc/stm32g0xx_ll_rcc.h ****   */
 544:Drivers/STM32G0xx_HAL_Driver/Inc/stm32g0xx_ll_rcc.h **** #if defined(RCC_HSI48_SUPPORT)
 545:Drivers/STM32G0xx_HAL_Driver/Inc/stm32g0xx_ll_rcc.h **** #define LL_RCC_USB_CLKSOURCE_HSI48         0x00000000U            /*!< HSI48 clock used as USB cloc
 546:Drivers/STM32G0xx_HAL_Driver/Inc/stm32g0xx_ll_rcc.h **** #endif /* RCC_HSI48_SUPPORT */
 547:Drivers/STM32G0xx_HAL_Driver/Inc/stm32g0xx_ll_rcc.h **** #define LL_RCC_USB_CLKSOURCE_HSE           RCC_CCIPR2_USBSEL_0  /*!< PLL clock used as USB clock so
 548:Drivers/STM32G0xx_HAL_Driver/Inc/stm32g0xx_ll_rcc.h **** #define LL_RCC_USB_CLKSOURCE_PLL           RCC_CCIPR2_USBSEL_1  /*!< PLL clock used as USB clock so
 549:Drivers/STM32G0xx_HAL_Driver/Inc/stm32g0xx_ll_rcc.h **** /**
 550:Drivers/STM32G0xx_HAL_Driver/Inc/stm32g0xx_ll_rcc.h ****   * @}
 551:Drivers/STM32G0xx_HAL_Driver/Inc/stm32g0xx_ll_rcc.h ****   */
 552:Drivers/STM32G0xx_HAL_Driver/Inc/stm32g0xx_ll_rcc.h **** #endif /* STM32G0C1xx || STM32G0B1xx || STM32G0B0xx */
 553:Drivers/STM32G0xx_HAL_Driver/Inc/stm32g0xx_ll_rcc.h **** 
 554:Drivers/STM32G0xx_HAL_Driver/Inc/stm32g0xx_ll_rcc.h **** /** @defgroup RCC_LL_EC_ADC_CLKSOURCE Peripheral ADC clock source selection
 555:Drivers/STM32G0xx_HAL_Driver/Inc/stm32g0xx_ll_rcc.h ****   * @{
 556:Drivers/STM32G0xx_HAL_Driver/Inc/stm32g0xx_ll_rcc.h ****   */
 557:Drivers/STM32G0xx_HAL_Driver/Inc/stm32g0xx_ll_rcc.h **** #define LL_RCC_ADC_CLKSOURCE_SYSCLK        0x00000000U                   /*!< SYSCLK used as ADC cl
 558:Drivers/STM32G0xx_HAL_Driver/Inc/stm32g0xx_ll_rcc.h **** #define LL_RCC_ADC_CLKSOURCE_PLL           RCC_CCIPR_ADCSEL_0            /*!< PLL used as ADC clock
 559:Drivers/STM32G0xx_HAL_Driver/Inc/stm32g0xx_ll_rcc.h **** #define LL_RCC_ADC_CLKSOURCE_HSI           RCC_CCIPR_ADCSEL_1            /*!< HSI used as ADC clock
 560:Drivers/STM32G0xx_HAL_Driver/Inc/stm32g0xx_ll_rcc.h **** /**
 561:Drivers/STM32G0xx_HAL_Driver/Inc/stm32g0xx_ll_rcc.h ****   * @}
 562:Drivers/STM32G0xx_HAL_Driver/Inc/stm32g0xx_ll_rcc.h ****   */
 563:Drivers/STM32G0xx_HAL_Driver/Inc/stm32g0xx_ll_rcc.h **** 
 564:Drivers/STM32G0xx_HAL_Driver/Inc/stm32g0xx_ll_rcc.h **** /** @defgroup RCC_LL_EC_USARTx Peripheral USARTx get clock source
 565:Drivers/STM32G0xx_HAL_Driver/Inc/stm32g0xx_ll_rcc.h ****   * @{
 566:Drivers/STM32G0xx_HAL_Driver/Inc/stm32g0xx_ll_rcc.h ****   */
 567:Drivers/STM32G0xx_HAL_Driver/Inc/stm32g0xx_ll_rcc.h **** #define LL_RCC_USART1_CLKSOURCE            RCC_CCIPR_USART1SEL /*!< USART1 Clock source selection *
 568:Drivers/STM32G0xx_HAL_Driver/Inc/stm32g0xx_ll_rcc.h **** #if defined(RCC_CCIPR_USART2SEL)
 569:Drivers/STM32G0xx_HAL_Driver/Inc/stm32g0xx_ll_rcc.h **** #define LL_RCC_USART2_CLKSOURCE            RCC_CCIPR_USART2SEL /*!< USART2 Clock source selection *
ARM GAS  C:\Users\Asus\AppData\Local\Temp\ccaANind.s 			page 74


 570:Drivers/STM32G0xx_HAL_Driver/Inc/stm32g0xx_ll_rcc.h **** #endif /* RCC_CCIPR_USART2SEL */
 571:Drivers/STM32G0xx_HAL_Driver/Inc/stm32g0xx_ll_rcc.h **** #if defined(RCC_CCIPR_USART3SEL)
 572:Drivers/STM32G0xx_HAL_Driver/Inc/stm32g0xx_ll_rcc.h **** #define LL_RCC_USART3_CLKSOURCE            RCC_CCIPR_USART3SEL /*!< USART3 Clock source selection *
 573:Drivers/STM32G0xx_HAL_Driver/Inc/stm32g0xx_ll_rcc.h **** #endif /* RCC_CCIPR_USART3SEL */
 574:Drivers/STM32G0xx_HAL_Driver/Inc/stm32g0xx_ll_rcc.h **** /**
 575:Drivers/STM32G0xx_HAL_Driver/Inc/stm32g0xx_ll_rcc.h ****   * @}
 576:Drivers/STM32G0xx_HAL_Driver/Inc/stm32g0xx_ll_rcc.h ****   */
 577:Drivers/STM32G0xx_HAL_Driver/Inc/stm32g0xx_ll_rcc.h **** 
 578:Drivers/STM32G0xx_HAL_Driver/Inc/stm32g0xx_ll_rcc.h **** #if defined(LPUART1)
 579:Drivers/STM32G0xx_HAL_Driver/Inc/stm32g0xx_ll_rcc.h **** /** @defgroup RCC_LL_EC_LPUART1 Peripheral LPUART get clock source
 580:Drivers/STM32G0xx_HAL_Driver/Inc/stm32g0xx_ll_rcc.h ****   * @{
 581:Drivers/STM32G0xx_HAL_Driver/Inc/stm32g0xx_ll_rcc.h ****   */
 582:Drivers/STM32G0xx_HAL_Driver/Inc/stm32g0xx_ll_rcc.h **** #define LL_RCC_LPUART1_CLKSOURCE           RCC_CCIPR_LPUART1SEL /*!< LPUART1 Clock source selection
 583:Drivers/STM32G0xx_HAL_Driver/Inc/stm32g0xx_ll_rcc.h **** #if defined(LPUART2)
 584:Drivers/STM32G0xx_HAL_Driver/Inc/stm32g0xx_ll_rcc.h **** #define LL_RCC_LPUART2_CLKSOURCE           RCC_CCIPR_LPUART2SEL /*!< LPUART2 Clock source selection
 585:Drivers/STM32G0xx_HAL_Driver/Inc/stm32g0xx_ll_rcc.h **** #endif /* LPUART2 */
 586:Drivers/STM32G0xx_HAL_Driver/Inc/stm32g0xx_ll_rcc.h **** /**
 587:Drivers/STM32G0xx_HAL_Driver/Inc/stm32g0xx_ll_rcc.h ****   * @}
 588:Drivers/STM32G0xx_HAL_Driver/Inc/stm32g0xx_ll_rcc.h ****   */
 589:Drivers/STM32G0xx_HAL_Driver/Inc/stm32g0xx_ll_rcc.h **** #endif /* LPUART1 */
 590:Drivers/STM32G0xx_HAL_Driver/Inc/stm32g0xx_ll_rcc.h **** 
 591:Drivers/STM32G0xx_HAL_Driver/Inc/stm32g0xx_ll_rcc.h **** /** @defgroup RCC_LL_EC_I2C1 Peripheral I2C get clock source
 592:Drivers/STM32G0xx_HAL_Driver/Inc/stm32g0xx_ll_rcc.h ****   * @{
 593:Drivers/STM32G0xx_HAL_Driver/Inc/stm32g0xx_ll_rcc.h ****   */
 594:Drivers/STM32G0xx_HAL_Driver/Inc/stm32g0xx_ll_rcc.h **** #define LL_RCC_I2C1_CLKSOURCE              RCC_CCIPR_I2C1SEL /*!< I2C1 Clock source selection */
 595:Drivers/STM32G0xx_HAL_Driver/Inc/stm32g0xx_ll_rcc.h **** #if defined(RCC_CCIPR_I2C2SEL)
 596:Drivers/STM32G0xx_HAL_Driver/Inc/stm32g0xx_ll_rcc.h **** #define LL_RCC_I2C2_CLKSOURCE              RCC_CCIPR_I2C2SEL /*!< I2C2 Clock source selection */
 597:Drivers/STM32G0xx_HAL_Driver/Inc/stm32g0xx_ll_rcc.h **** #endif /* RCC_CCIPR_I2C2SEL */
 598:Drivers/STM32G0xx_HAL_Driver/Inc/stm32g0xx_ll_rcc.h **** /**
 599:Drivers/STM32G0xx_HAL_Driver/Inc/stm32g0xx_ll_rcc.h ****   * @}
 600:Drivers/STM32G0xx_HAL_Driver/Inc/stm32g0xx_ll_rcc.h ****   */
 601:Drivers/STM32G0xx_HAL_Driver/Inc/stm32g0xx_ll_rcc.h **** 
 602:Drivers/STM32G0xx_HAL_Driver/Inc/stm32g0xx_ll_rcc.h **** /** @defgroup RCC_LL_EC_I2S1 Peripheral I2S get clock source
 603:Drivers/STM32G0xx_HAL_Driver/Inc/stm32g0xx_ll_rcc.h ****   * @{
 604:Drivers/STM32G0xx_HAL_Driver/Inc/stm32g0xx_ll_rcc.h ****   */
 605:Drivers/STM32G0xx_HAL_Driver/Inc/stm32g0xx_ll_rcc.h **** #if defined(STM32G0C1xx) || defined(STM32G0B1xx) || defined(STM32G0B0xx)
 606:Drivers/STM32G0xx_HAL_Driver/Inc/stm32g0xx_ll_rcc.h **** #define LL_RCC_I2S1_CLKSOURCE              RCC_CCIPR2_I2S1SEL /*!< I2S1 Clock source selection */
 607:Drivers/STM32G0xx_HAL_Driver/Inc/stm32g0xx_ll_rcc.h **** #define LL_RCC_I2S2_CLKSOURCE              RCC_CCIPR2_I2S2SEL /*!< I2S2 Clock source selection */
 608:Drivers/STM32G0xx_HAL_Driver/Inc/stm32g0xx_ll_rcc.h **** #else
 609:Drivers/STM32G0xx_HAL_Driver/Inc/stm32g0xx_ll_rcc.h **** #define LL_RCC_I2S1_CLKSOURCE              RCC_CCIPR_I2S1SEL /*!< I2S1 Clock source selection */
 610:Drivers/STM32G0xx_HAL_Driver/Inc/stm32g0xx_ll_rcc.h **** #endif /* STM32G0C1xx || STM32G0B1xx || STM32G0B0xx */
 611:Drivers/STM32G0xx_HAL_Driver/Inc/stm32g0xx_ll_rcc.h **** /**
 612:Drivers/STM32G0xx_HAL_Driver/Inc/stm32g0xx_ll_rcc.h ****   * @}
 613:Drivers/STM32G0xx_HAL_Driver/Inc/stm32g0xx_ll_rcc.h ****   */
 614:Drivers/STM32G0xx_HAL_Driver/Inc/stm32g0xx_ll_rcc.h **** 
 615:Drivers/STM32G0xx_HAL_Driver/Inc/stm32g0xx_ll_rcc.h **** #if defined(RCC_CCIPR_TIM1SEL)
 616:Drivers/STM32G0xx_HAL_Driver/Inc/stm32g0xx_ll_rcc.h **** /** @defgroup RCC_LL_EC_TIMx Peripheral TIMx get clock source
 617:Drivers/STM32G0xx_HAL_Driver/Inc/stm32g0xx_ll_rcc.h ****   * @{
 618:Drivers/STM32G0xx_HAL_Driver/Inc/stm32g0xx_ll_rcc.h ****   */
 619:Drivers/STM32G0xx_HAL_Driver/Inc/stm32g0xx_ll_rcc.h **** #define LL_RCC_TIM1_CLKSOURCE              RCC_CCIPR_TIM1SEL   /*!< TIM1 Clock source selection */
 620:Drivers/STM32G0xx_HAL_Driver/Inc/stm32g0xx_ll_rcc.h **** #if defined(RCC_CCIPR_TIM15SEL)
 621:Drivers/STM32G0xx_HAL_Driver/Inc/stm32g0xx_ll_rcc.h **** #define LL_RCC_TIM15_CLKSOURCE             RCC_CCIPR_TIM15SEL  /*!< TIM15 Clock source selection */
 622:Drivers/STM32G0xx_HAL_Driver/Inc/stm32g0xx_ll_rcc.h **** #endif /* RCC_CCIPR_TIM15SEL */
 623:Drivers/STM32G0xx_HAL_Driver/Inc/stm32g0xx_ll_rcc.h **** /**
 624:Drivers/STM32G0xx_HAL_Driver/Inc/stm32g0xx_ll_rcc.h ****   * @}
 625:Drivers/STM32G0xx_HAL_Driver/Inc/stm32g0xx_ll_rcc.h ****   */
 626:Drivers/STM32G0xx_HAL_Driver/Inc/stm32g0xx_ll_rcc.h **** #endif /* RCC_CCIPR_TIM1SEL */
ARM GAS  C:\Users\Asus\AppData\Local\Temp\ccaANind.s 			page 75


 627:Drivers/STM32G0xx_HAL_Driver/Inc/stm32g0xx_ll_rcc.h **** 
 628:Drivers/STM32G0xx_HAL_Driver/Inc/stm32g0xx_ll_rcc.h **** #if defined(LPTIM1) && defined(LPTIM2)
 629:Drivers/STM32G0xx_HAL_Driver/Inc/stm32g0xx_ll_rcc.h **** /** @defgroup RCC_LL_EC_LPTIM1 Peripheral LPTIM get clock source
 630:Drivers/STM32G0xx_HAL_Driver/Inc/stm32g0xx_ll_rcc.h ****   * @{
 631:Drivers/STM32G0xx_HAL_Driver/Inc/stm32g0xx_ll_rcc.h ****   */
 632:Drivers/STM32G0xx_HAL_Driver/Inc/stm32g0xx_ll_rcc.h **** #define LL_RCC_LPTIM1_CLKSOURCE            RCC_CCIPR_LPTIM1SEL /*!< LPTIM2 Clock source selection *
 633:Drivers/STM32G0xx_HAL_Driver/Inc/stm32g0xx_ll_rcc.h **** #define LL_RCC_LPTIM2_CLKSOURCE            RCC_CCIPR_LPTIM2SEL /*!< LPTIM2 Clock source selection *
 634:Drivers/STM32G0xx_HAL_Driver/Inc/stm32g0xx_ll_rcc.h **** /**
 635:Drivers/STM32G0xx_HAL_Driver/Inc/stm32g0xx_ll_rcc.h ****   * @}
 636:Drivers/STM32G0xx_HAL_Driver/Inc/stm32g0xx_ll_rcc.h ****   */
 637:Drivers/STM32G0xx_HAL_Driver/Inc/stm32g0xx_ll_rcc.h **** #endif /* LPTIM1 && LPTIM2 */
 638:Drivers/STM32G0xx_HAL_Driver/Inc/stm32g0xx_ll_rcc.h **** 
 639:Drivers/STM32G0xx_HAL_Driver/Inc/stm32g0xx_ll_rcc.h **** #if defined(CEC)
 640:Drivers/STM32G0xx_HAL_Driver/Inc/stm32g0xx_ll_rcc.h **** /** @defgroup RCC_LL_EC_CEC Peripheral CEC get clock source
 641:Drivers/STM32G0xx_HAL_Driver/Inc/stm32g0xx_ll_rcc.h ****   * @{
 642:Drivers/STM32G0xx_HAL_Driver/Inc/stm32g0xx_ll_rcc.h ****   */
 643:Drivers/STM32G0xx_HAL_Driver/Inc/stm32g0xx_ll_rcc.h **** #define LL_RCC_CEC_CLKSOURCE               RCC_CCIPR_CECSEL        /*!< CEC Clock source selection 
 644:Drivers/STM32G0xx_HAL_Driver/Inc/stm32g0xx_ll_rcc.h **** /**
 645:Drivers/STM32G0xx_HAL_Driver/Inc/stm32g0xx_ll_rcc.h ****   * @}
 646:Drivers/STM32G0xx_HAL_Driver/Inc/stm32g0xx_ll_rcc.h ****   */
 647:Drivers/STM32G0xx_HAL_Driver/Inc/stm32g0xx_ll_rcc.h **** #endif /* CEC */
 648:Drivers/STM32G0xx_HAL_Driver/Inc/stm32g0xx_ll_rcc.h **** 
 649:Drivers/STM32G0xx_HAL_Driver/Inc/stm32g0xx_ll_rcc.h **** #if defined(FDCAN1) || defined(FDCAN2)
 650:Drivers/STM32G0xx_HAL_Driver/Inc/stm32g0xx_ll_rcc.h **** /** @defgroup RCC_LL_EC_FDCAN Peripheral FDCAN get clock source
 651:Drivers/STM32G0xx_HAL_Driver/Inc/stm32g0xx_ll_rcc.h ****   * @{
 652:Drivers/STM32G0xx_HAL_Driver/Inc/stm32g0xx_ll_rcc.h ****   */
 653:Drivers/STM32G0xx_HAL_Driver/Inc/stm32g0xx_ll_rcc.h **** #define LL_RCC_FDCAN_CLKSOURCE               RCC_CCIPR2_FDCANSEL        /*!< FDCAN Clock source sel
 654:Drivers/STM32G0xx_HAL_Driver/Inc/stm32g0xx_ll_rcc.h **** /**
 655:Drivers/STM32G0xx_HAL_Driver/Inc/stm32g0xx_ll_rcc.h ****   * @}
 656:Drivers/STM32G0xx_HAL_Driver/Inc/stm32g0xx_ll_rcc.h ****   */
 657:Drivers/STM32G0xx_HAL_Driver/Inc/stm32g0xx_ll_rcc.h **** #endif /* FDCAN1 */
 658:Drivers/STM32G0xx_HAL_Driver/Inc/stm32g0xx_ll_rcc.h **** 
 659:Drivers/STM32G0xx_HAL_Driver/Inc/stm32g0xx_ll_rcc.h **** #if defined(STM32G0C1xx) || defined(STM32G0B1xx) || defined(STM32G0B0xx)
 660:Drivers/STM32G0xx_HAL_Driver/Inc/stm32g0xx_ll_rcc.h **** /** @defgroup RCC_LL_EC_USB  Peripheral USB get clock source
 661:Drivers/STM32G0xx_HAL_Driver/Inc/stm32g0xx_ll_rcc.h ****   * @{
 662:Drivers/STM32G0xx_HAL_Driver/Inc/stm32g0xx_ll_rcc.h ****   */
 663:Drivers/STM32G0xx_HAL_Driver/Inc/stm32g0xx_ll_rcc.h **** #define LL_RCC_USB_CLKSOURCE               RCC_CCIPR2_USBSEL /*!< USB Clock source selection */
 664:Drivers/STM32G0xx_HAL_Driver/Inc/stm32g0xx_ll_rcc.h **** /**
 665:Drivers/STM32G0xx_HAL_Driver/Inc/stm32g0xx_ll_rcc.h ****   * @}
 666:Drivers/STM32G0xx_HAL_Driver/Inc/stm32g0xx_ll_rcc.h ****   */
 667:Drivers/STM32G0xx_HAL_Driver/Inc/stm32g0xx_ll_rcc.h **** #endif /* STM32G0C1xx || STM32G0B1xx || STM32G0B0xx */
 668:Drivers/STM32G0xx_HAL_Driver/Inc/stm32g0xx_ll_rcc.h **** 
 669:Drivers/STM32G0xx_HAL_Driver/Inc/stm32g0xx_ll_rcc.h **** #if defined(RNG)
 670:Drivers/STM32G0xx_HAL_Driver/Inc/stm32g0xx_ll_rcc.h **** /** @defgroup RCC_LL_EC_RNG Peripheral RNG get clock source
 671:Drivers/STM32G0xx_HAL_Driver/Inc/stm32g0xx_ll_rcc.h ****   * @{
 672:Drivers/STM32G0xx_HAL_Driver/Inc/stm32g0xx_ll_rcc.h ****   */
 673:Drivers/STM32G0xx_HAL_Driver/Inc/stm32g0xx_ll_rcc.h **** #define LL_RCC_RNG_CLKSOURCE               RCC_CCIPR_RNGSEL        /*!< RNG Clock source selection 
 674:Drivers/STM32G0xx_HAL_Driver/Inc/stm32g0xx_ll_rcc.h **** /**
 675:Drivers/STM32G0xx_HAL_Driver/Inc/stm32g0xx_ll_rcc.h ****   * @}
 676:Drivers/STM32G0xx_HAL_Driver/Inc/stm32g0xx_ll_rcc.h ****   */
 677:Drivers/STM32G0xx_HAL_Driver/Inc/stm32g0xx_ll_rcc.h **** 
 678:Drivers/STM32G0xx_HAL_Driver/Inc/stm32g0xx_ll_rcc.h **** /** @defgroup RCC_LL_EC_RNG_DIV Peripheral RNG get clock division factor
 679:Drivers/STM32G0xx_HAL_Driver/Inc/stm32g0xx_ll_rcc.h ****   * @{
 680:Drivers/STM32G0xx_HAL_Driver/Inc/stm32g0xx_ll_rcc.h ****   */
 681:Drivers/STM32G0xx_HAL_Driver/Inc/stm32g0xx_ll_rcc.h **** #define LL_RCC_RNG_CLKDIV                  RCC_CCIPR_RNGDIV        /*!< RNG Clock division factor *
 682:Drivers/STM32G0xx_HAL_Driver/Inc/stm32g0xx_ll_rcc.h **** /**
 683:Drivers/STM32G0xx_HAL_Driver/Inc/stm32g0xx_ll_rcc.h ****   * @}
ARM GAS  C:\Users\Asus\AppData\Local\Temp\ccaANind.s 			page 76


 684:Drivers/STM32G0xx_HAL_Driver/Inc/stm32g0xx_ll_rcc.h ****   */
 685:Drivers/STM32G0xx_HAL_Driver/Inc/stm32g0xx_ll_rcc.h **** #endif /* RNG */
 686:Drivers/STM32G0xx_HAL_Driver/Inc/stm32g0xx_ll_rcc.h **** 
 687:Drivers/STM32G0xx_HAL_Driver/Inc/stm32g0xx_ll_rcc.h **** /** @defgroup RCC_LL_EC_ADC Peripheral ADC get clock source
 688:Drivers/STM32G0xx_HAL_Driver/Inc/stm32g0xx_ll_rcc.h ****   * @{
 689:Drivers/STM32G0xx_HAL_Driver/Inc/stm32g0xx_ll_rcc.h ****   */
 690:Drivers/STM32G0xx_HAL_Driver/Inc/stm32g0xx_ll_rcc.h **** #define LL_RCC_ADC_CLKSOURCE               RCC_CCIPR_ADCSEL        /*!< ADC Clock source selection 
 691:Drivers/STM32G0xx_HAL_Driver/Inc/stm32g0xx_ll_rcc.h **** /**
 692:Drivers/STM32G0xx_HAL_Driver/Inc/stm32g0xx_ll_rcc.h ****   * @}
 693:Drivers/STM32G0xx_HAL_Driver/Inc/stm32g0xx_ll_rcc.h ****   */
 694:Drivers/STM32G0xx_HAL_Driver/Inc/stm32g0xx_ll_rcc.h **** 
 695:Drivers/STM32G0xx_HAL_Driver/Inc/stm32g0xx_ll_rcc.h **** /** @defgroup RCC_LL_EC_RTC_CLKSOURCE  RTC clock source selection
 696:Drivers/STM32G0xx_HAL_Driver/Inc/stm32g0xx_ll_rcc.h ****   * @{
 697:Drivers/STM32G0xx_HAL_Driver/Inc/stm32g0xx_ll_rcc.h ****   */
 698:Drivers/STM32G0xx_HAL_Driver/Inc/stm32g0xx_ll_rcc.h **** #define LL_RCC_RTC_CLKSOURCE_NONE          0x00000000U                   /*!< No clock used as RTC 
 699:Drivers/STM32G0xx_HAL_Driver/Inc/stm32g0xx_ll_rcc.h **** #define LL_RCC_RTC_CLKSOURCE_LSE           RCC_BDCR_RTCSEL_0       /*!< LSE oscillator clock used a
 700:Drivers/STM32G0xx_HAL_Driver/Inc/stm32g0xx_ll_rcc.h **** #define LL_RCC_RTC_CLKSOURCE_LSI           RCC_BDCR_RTCSEL_1       /*!< LSI oscillator clock used a
 701:Drivers/STM32G0xx_HAL_Driver/Inc/stm32g0xx_ll_rcc.h **** #define LL_RCC_RTC_CLKSOURCE_HSE_DIV32     RCC_BDCR_RTCSEL         /*!< HSE oscillator clock divide
 702:Drivers/STM32G0xx_HAL_Driver/Inc/stm32g0xx_ll_rcc.h **** /**
 703:Drivers/STM32G0xx_HAL_Driver/Inc/stm32g0xx_ll_rcc.h ****   * @}
 704:Drivers/STM32G0xx_HAL_Driver/Inc/stm32g0xx_ll_rcc.h ****   */
 705:Drivers/STM32G0xx_HAL_Driver/Inc/stm32g0xx_ll_rcc.h **** 
 706:Drivers/STM32G0xx_HAL_Driver/Inc/stm32g0xx_ll_rcc.h **** 
 707:Drivers/STM32G0xx_HAL_Driver/Inc/stm32g0xx_ll_rcc.h **** /** @defgroup RCC_LL_EC_PLLSOURCE  PLL entry clock source
 708:Drivers/STM32G0xx_HAL_Driver/Inc/stm32g0xx_ll_rcc.h ****   * @{
 709:Drivers/STM32G0xx_HAL_Driver/Inc/stm32g0xx_ll_rcc.h ****   */
 710:Drivers/STM32G0xx_HAL_Driver/Inc/stm32g0xx_ll_rcc.h **** #define LL_RCC_PLLSOURCE_NONE              0x00000000U             /*!< No clock */
 711:Drivers/STM32G0xx_HAL_Driver/Inc/stm32g0xx_ll_rcc.h **** #define LL_RCC_PLLSOURCE_HSI               RCC_PLLCFGR_PLLSRC_HSI  /*!< HSI16 clock selected as PLL
 712:Drivers/STM32G0xx_HAL_Driver/Inc/stm32g0xx_ll_rcc.h **** #define LL_RCC_PLLSOURCE_HSE               RCC_PLLCFGR_PLLSRC_HSE  /*!< HSE clock selected as PLL e
 713:Drivers/STM32G0xx_HAL_Driver/Inc/stm32g0xx_ll_rcc.h **** /**
 714:Drivers/STM32G0xx_HAL_Driver/Inc/stm32g0xx_ll_rcc.h ****   * @}
 715:Drivers/STM32G0xx_HAL_Driver/Inc/stm32g0xx_ll_rcc.h ****   */
 716:Drivers/STM32G0xx_HAL_Driver/Inc/stm32g0xx_ll_rcc.h **** 
 717:Drivers/STM32G0xx_HAL_Driver/Inc/stm32g0xx_ll_rcc.h **** /** @defgroup RCC_LL_EC_PLLM_DIV  PLL division factor (PLLM)
 718:Drivers/STM32G0xx_HAL_Driver/Inc/stm32g0xx_ll_rcc.h ****   * @{
 719:Drivers/STM32G0xx_HAL_Driver/Inc/stm32g0xx_ll_rcc.h ****   */
 720:Drivers/STM32G0xx_HAL_Driver/Inc/stm32g0xx_ll_rcc.h **** #define LL_RCC_PLLM_DIV_1                  0x00000000U                                 /*!< PLL div
 721:Drivers/STM32G0xx_HAL_Driver/Inc/stm32g0xx_ll_rcc.h **** #define LL_RCC_PLLM_DIV_2                  (RCC_PLLCFGR_PLLM_0)                        /*!< PLL div
 722:Drivers/STM32G0xx_HAL_Driver/Inc/stm32g0xx_ll_rcc.h **** #define LL_RCC_PLLM_DIV_3                  (RCC_PLLCFGR_PLLM_1)                        /*!< PLL div
 723:Drivers/STM32G0xx_HAL_Driver/Inc/stm32g0xx_ll_rcc.h **** #define LL_RCC_PLLM_DIV_4                  ((RCC_PLLCFGR_PLLM_1 | RCC_PLLCFGR_PLLM_0)) /*!< PLL div
 724:Drivers/STM32G0xx_HAL_Driver/Inc/stm32g0xx_ll_rcc.h **** #define LL_RCC_PLLM_DIV_5                  (RCC_PLLCFGR_PLLM_2)                        /*!< PLL div
 725:Drivers/STM32G0xx_HAL_Driver/Inc/stm32g0xx_ll_rcc.h **** #define LL_RCC_PLLM_DIV_6                  ((RCC_PLLCFGR_PLLM_2 | RCC_PLLCFGR_PLLM_0)) /*!< PLL div
 726:Drivers/STM32G0xx_HAL_Driver/Inc/stm32g0xx_ll_rcc.h **** #define LL_RCC_PLLM_DIV_7                  ((RCC_PLLCFGR_PLLM_2 | RCC_PLLCFGR_PLLM_1)) /*!< PLL div
 727:Drivers/STM32G0xx_HAL_Driver/Inc/stm32g0xx_ll_rcc.h **** #define LL_RCC_PLLM_DIV_8                  (RCC_PLLCFGR_PLLM)                          /*!< PLL div
 728:Drivers/STM32G0xx_HAL_Driver/Inc/stm32g0xx_ll_rcc.h **** /**
 729:Drivers/STM32G0xx_HAL_Driver/Inc/stm32g0xx_ll_rcc.h ****   * @}
 730:Drivers/STM32G0xx_HAL_Driver/Inc/stm32g0xx_ll_rcc.h ****   */
 731:Drivers/STM32G0xx_HAL_Driver/Inc/stm32g0xx_ll_rcc.h **** 
 732:Drivers/STM32G0xx_HAL_Driver/Inc/stm32g0xx_ll_rcc.h **** /** @defgroup RCC_LL_EC_PLLR_DIV  PLL division factor (PLLR)
 733:Drivers/STM32G0xx_HAL_Driver/Inc/stm32g0xx_ll_rcc.h ****   * @{
 734:Drivers/STM32G0xx_HAL_Driver/Inc/stm32g0xx_ll_rcc.h ****   */
 735:Drivers/STM32G0xx_HAL_Driver/Inc/stm32g0xx_ll_rcc.h **** #define LL_RCC_PLLR_DIV_2                  (RCC_PLLCFGR_PLLR_0)                     /*!< Main PLL d
 736:Drivers/STM32G0xx_HAL_Driver/Inc/stm32g0xx_ll_rcc.h **** #define LL_RCC_PLLR_DIV_3                  (RCC_PLLCFGR_PLLR_1)                     /*!< Main PLL d
 737:Drivers/STM32G0xx_HAL_Driver/Inc/stm32g0xx_ll_rcc.h **** #define LL_RCC_PLLR_DIV_4                  (RCC_PLLCFGR_PLLR_1|RCC_PLLCFGR_PLLR_0)  /*!< Main PLL d
 738:Drivers/STM32G0xx_HAL_Driver/Inc/stm32g0xx_ll_rcc.h **** #define LL_RCC_PLLR_DIV_5                  (RCC_PLLCFGR_PLLR_2)                     /*!< Main PLL d
 739:Drivers/STM32G0xx_HAL_Driver/Inc/stm32g0xx_ll_rcc.h **** #define LL_RCC_PLLR_DIV_6                  (RCC_PLLCFGR_PLLR_2|RCC_PLLCFGR_PLLR_0)  /*!< Main PLL d
 740:Drivers/STM32G0xx_HAL_Driver/Inc/stm32g0xx_ll_rcc.h **** #define LL_RCC_PLLR_DIV_7                  (RCC_PLLCFGR_PLLR_2|RCC_PLLCFGR_PLLR_1)  /*!< Main PLL d
ARM GAS  C:\Users\Asus\AppData\Local\Temp\ccaANind.s 			page 77


 741:Drivers/STM32G0xx_HAL_Driver/Inc/stm32g0xx_ll_rcc.h **** #define LL_RCC_PLLR_DIV_8                  (RCC_PLLCFGR_PLLR)                       /*!< Main PLL d
 742:Drivers/STM32G0xx_HAL_Driver/Inc/stm32g0xx_ll_rcc.h **** /**
 743:Drivers/STM32G0xx_HAL_Driver/Inc/stm32g0xx_ll_rcc.h ****   * @}
 744:Drivers/STM32G0xx_HAL_Driver/Inc/stm32g0xx_ll_rcc.h ****   */
 745:Drivers/STM32G0xx_HAL_Driver/Inc/stm32g0xx_ll_rcc.h **** 
 746:Drivers/STM32G0xx_HAL_Driver/Inc/stm32g0xx_ll_rcc.h **** /** @defgroup RCC_LL_EC_PLLP_DIV  PLL division factor (PLLP)
 747:Drivers/STM32G0xx_HAL_Driver/Inc/stm32g0xx_ll_rcc.h ****   * @{
 748:Drivers/STM32G0xx_HAL_Driver/Inc/stm32g0xx_ll_rcc.h ****   */
 749:Drivers/STM32G0xx_HAL_Driver/Inc/stm32g0xx_ll_rcc.h **** #define LL_RCC_PLLP_DIV_2                  (RCC_PLLCFGR_PLLP_0)                                    
 750:Drivers/STM32G0xx_HAL_Driver/Inc/stm32g0xx_ll_rcc.h **** #define LL_RCC_PLLP_DIV_3                  (RCC_PLLCFGR_PLLP_1)                                    
 751:Drivers/STM32G0xx_HAL_Driver/Inc/stm32g0xx_ll_rcc.h **** #define LL_RCC_PLLP_DIV_4                  (RCC_PLLCFGR_PLLP_0|RCC_PLLCFGR_PLLP_1)                 
 752:Drivers/STM32G0xx_HAL_Driver/Inc/stm32g0xx_ll_rcc.h **** #define LL_RCC_PLLP_DIV_5                  (RCC_PLLCFGR_PLLP_2)                                    
 753:Drivers/STM32G0xx_HAL_Driver/Inc/stm32g0xx_ll_rcc.h **** #define LL_RCC_PLLP_DIV_6                  (RCC_PLLCFGR_PLLP_0|RCC_PLLCFGR_PLLP_2)                 
 754:Drivers/STM32G0xx_HAL_Driver/Inc/stm32g0xx_ll_rcc.h **** #define LL_RCC_PLLP_DIV_7                  (RCC_PLLCFGR_PLLP_1|RCC_PLLCFGR_PLLP_2)                 
 755:Drivers/STM32G0xx_HAL_Driver/Inc/stm32g0xx_ll_rcc.h **** #define LL_RCC_PLLP_DIV_8                  (RCC_PLLCFGR_PLLP_0|RCC_PLLCFGR_PLLP_1|RCC_PLLCFGR_PLLP_
 756:Drivers/STM32G0xx_HAL_Driver/Inc/stm32g0xx_ll_rcc.h **** #define LL_RCC_PLLP_DIV_9                  (RCC_PLLCFGR_PLLP_3)                                    
 757:Drivers/STM32G0xx_HAL_Driver/Inc/stm32g0xx_ll_rcc.h **** #define LL_RCC_PLLP_DIV_10                 (RCC_PLLCFGR_PLLP_0|RCC_PLLCFGR_PLLP_3)                 
 758:Drivers/STM32G0xx_HAL_Driver/Inc/stm32g0xx_ll_rcc.h **** #define LL_RCC_PLLP_DIV_11                 (RCC_PLLCFGR_PLLP_1|RCC_PLLCFGR_PLLP_3)                 
 759:Drivers/STM32G0xx_HAL_Driver/Inc/stm32g0xx_ll_rcc.h **** #define LL_RCC_PLLP_DIV_12                 (RCC_PLLCFGR_PLLP_0|RCC_PLLCFGR_PLLP_1|RCC_PLLCFGR_PLLP_
 760:Drivers/STM32G0xx_HAL_Driver/Inc/stm32g0xx_ll_rcc.h **** #define LL_RCC_PLLP_DIV_13                 (RCC_PLLCFGR_PLLP_2|RCC_PLLCFGR_PLLP_3)                 
 761:Drivers/STM32G0xx_HAL_Driver/Inc/stm32g0xx_ll_rcc.h **** #define LL_RCC_PLLP_DIV_14                 (RCC_PLLCFGR_PLLP_0|RCC_PLLCFGR_PLLP_2|RCC_PLLCFGR_PLLP_
 762:Drivers/STM32G0xx_HAL_Driver/Inc/stm32g0xx_ll_rcc.h **** #define LL_RCC_PLLP_DIV_15                 (RCC_PLLCFGR_PLLP_1|RCC_PLLCFGR_PLLP_2|RCC_PLLCFGR_PLLP_
 763:Drivers/STM32G0xx_HAL_Driver/Inc/stm32g0xx_ll_rcc.h **** #define LL_RCC_PLLP_DIV_16                 (RCC_PLLCFGR_PLLP_0|RCC_PLLCFGR_PLLP_1|RCC_PLLCFGR_PLLP_
 764:Drivers/STM32G0xx_HAL_Driver/Inc/stm32g0xx_ll_rcc.h **** #define LL_RCC_PLLP_DIV_17                 (RCC_PLLCFGR_PLLP_4)                                    
 765:Drivers/STM32G0xx_HAL_Driver/Inc/stm32g0xx_ll_rcc.h **** #define LL_RCC_PLLP_DIV_18                 (RCC_PLLCFGR_PLLP_0|RCC_PLLCFGR_PLLP_4)                 
 766:Drivers/STM32G0xx_HAL_Driver/Inc/stm32g0xx_ll_rcc.h **** #define LL_RCC_PLLP_DIV_19                 (RCC_PLLCFGR_PLLP_1|RCC_PLLCFGR_PLLP_4)                 
 767:Drivers/STM32G0xx_HAL_Driver/Inc/stm32g0xx_ll_rcc.h **** #define LL_RCC_PLLP_DIV_20                 (RCC_PLLCFGR_PLLP_0|RCC_PLLCFGR_PLLP_1|RCC_PLLCFGR_PLLP_
 768:Drivers/STM32G0xx_HAL_Driver/Inc/stm32g0xx_ll_rcc.h **** #define LL_RCC_PLLP_DIV_21                 (RCC_PLLCFGR_PLLP_2|RCC_PLLCFGR_PLLP_4)                 
 769:Drivers/STM32G0xx_HAL_Driver/Inc/stm32g0xx_ll_rcc.h **** #define LL_RCC_PLLP_DIV_22                 (RCC_PLLCFGR_PLLP_0|RCC_PLLCFGR_PLLP_2|RCC_PLLCFGR_PLLP_
 770:Drivers/STM32G0xx_HAL_Driver/Inc/stm32g0xx_ll_rcc.h **** #define LL_RCC_PLLP_DIV_23                 (RCC_PLLCFGR_PLLP_1|RCC_PLLCFGR_PLLP_2|RCC_PLLCFGR_PLLP_
 771:Drivers/STM32G0xx_HAL_Driver/Inc/stm32g0xx_ll_rcc.h **** #define LL_RCC_PLLP_DIV_24                 (RCC_PLLCFGR_PLLP_0|RCC_PLLCFGR_PLLP_1|RCC_PLLCFGR_PLLP_
 772:Drivers/STM32G0xx_HAL_Driver/Inc/stm32g0xx_ll_rcc.h **** #define LL_RCC_PLLP_DIV_25                 (RCC_PLLCFGR_PLLP_3|RCC_PLLCFGR_PLLP_4)                 
 773:Drivers/STM32G0xx_HAL_Driver/Inc/stm32g0xx_ll_rcc.h **** #define LL_RCC_PLLP_DIV_26                 (RCC_PLLCFGR_PLLP_0|RCC_PLLCFGR_PLLP_3|RCC_PLLCFGR_PLLP_
 774:Drivers/STM32G0xx_HAL_Driver/Inc/stm32g0xx_ll_rcc.h **** #define LL_RCC_PLLP_DIV_27                 (RCC_PLLCFGR_PLLP_1|RCC_PLLCFGR_PLLP_3|RCC_PLLCFGR_PLLP_
 775:Drivers/STM32G0xx_HAL_Driver/Inc/stm32g0xx_ll_rcc.h **** #define LL_RCC_PLLP_DIV_28                 (RCC_PLLCFGR_PLLP_0|RCC_PLLCFGR_PLLP_1|RCC_PLLCFGR_PLLP_
 776:Drivers/STM32G0xx_HAL_Driver/Inc/stm32g0xx_ll_rcc.h **** #define LL_RCC_PLLP_DIV_29                 (RCC_PLLCFGR_PLLP_2|RCC_PLLCFGR_PLLP_3|RCC_PLLCFGR_PLLP_
 777:Drivers/STM32G0xx_HAL_Driver/Inc/stm32g0xx_ll_rcc.h **** #define LL_RCC_PLLP_DIV_30                 (RCC_PLLCFGR_PLLP_0|RCC_PLLCFGR_PLLP_2|RCC_PLLCFGR_PLLP_
 778:Drivers/STM32G0xx_HAL_Driver/Inc/stm32g0xx_ll_rcc.h **** #define LL_RCC_PLLP_DIV_31                 (RCC_PLLCFGR_PLLP_1|RCC_PLLCFGR_PLLP_2|RCC_PLLCFGR_PLLP_
 779:Drivers/STM32G0xx_HAL_Driver/Inc/stm32g0xx_ll_rcc.h **** #define LL_RCC_PLLP_DIV_32                 (RCC_PLLCFGR_PLLP_0|RCC_PLLCFGR_PLLP_1|RCC_PLLCFGR_PLLP_
 780:Drivers/STM32G0xx_HAL_Driver/Inc/stm32g0xx_ll_rcc.h **** /**
 781:Drivers/STM32G0xx_HAL_Driver/Inc/stm32g0xx_ll_rcc.h ****   * @}
 782:Drivers/STM32G0xx_HAL_Driver/Inc/stm32g0xx_ll_rcc.h ****   */
 783:Drivers/STM32G0xx_HAL_Driver/Inc/stm32g0xx_ll_rcc.h **** 
 784:Drivers/STM32G0xx_HAL_Driver/Inc/stm32g0xx_ll_rcc.h **** #if defined(RCC_PLLQ_SUPPORT)
 785:Drivers/STM32G0xx_HAL_Driver/Inc/stm32g0xx_ll_rcc.h **** /** @defgroup RCC_LL_EC_PLLQ_DIV  PLL division factor (PLLQ)
 786:Drivers/STM32G0xx_HAL_Driver/Inc/stm32g0xx_ll_rcc.h ****   * @{
 787:Drivers/STM32G0xx_HAL_Driver/Inc/stm32g0xx_ll_rcc.h ****   */
 788:Drivers/STM32G0xx_HAL_Driver/Inc/stm32g0xx_ll_rcc.h **** #define LL_RCC_PLLQ_DIV_2                  (RCC_PLLCFGR_PLLQ_0)                    /*!< Main PLL di
 789:Drivers/STM32G0xx_HAL_Driver/Inc/stm32g0xx_ll_rcc.h **** #define LL_RCC_PLLQ_DIV_3                  (RCC_PLLCFGR_PLLQ_1)                    /*!< Main PLL di
 790:Drivers/STM32G0xx_HAL_Driver/Inc/stm32g0xx_ll_rcc.h **** #define LL_RCC_PLLQ_DIV_4                  (RCC_PLLCFGR_PLLQ_1|RCC_PLLCFGR_PLLQ_0) /*!< Main PLL di
 791:Drivers/STM32G0xx_HAL_Driver/Inc/stm32g0xx_ll_rcc.h **** #define LL_RCC_PLLQ_DIV_5                  (RCC_PLLCFGR_PLLQ_2)                    /*!< Main PLL di
 792:Drivers/STM32G0xx_HAL_Driver/Inc/stm32g0xx_ll_rcc.h **** #define LL_RCC_PLLQ_DIV_6                  (RCC_PLLCFGR_PLLQ_2|RCC_PLLCFGR_PLLQ_0) /*!< Main PLL di
 793:Drivers/STM32G0xx_HAL_Driver/Inc/stm32g0xx_ll_rcc.h **** #define LL_RCC_PLLQ_DIV_7                  (RCC_PLLCFGR_PLLQ_2|RCC_PLLCFGR_PLLQ_1) /*!< Main PLL di
 794:Drivers/STM32G0xx_HAL_Driver/Inc/stm32g0xx_ll_rcc.h **** #define LL_RCC_PLLQ_DIV_8                  (RCC_PLLCFGR_PLLQ)                      /*!< Main PLL di
 795:Drivers/STM32G0xx_HAL_Driver/Inc/stm32g0xx_ll_rcc.h **** /**
 796:Drivers/STM32G0xx_HAL_Driver/Inc/stm32g0xx_ll_rcc.h ****   * @}
 797:Drivers/STM32G0xx_HAL_Driver/Inc/stm32g0xx_ll_rcc.h ****   */
ARM GAS  C:\Users\Asus\AppData\Local\Temp\ccaANind.s 			page 78


 798:Drivers/STM32G0xx_HAL_Driver/Inc/stm32g0xx_ll_rcc.h **** #endif /* RCC_PLLQ_SUPPORT */
 799:Drivers/STM32G0xx_HAL_Driver/Inc/stm32g0xx_ll_rcc.h **** 
 800:Drivers/STM32G0xx_HAL_Driver/Inc/stm32g0xx_ll_rcc.h **** /**
 801:Drivers/STM32G0xx_HAL_Driver/Inc/stm32g0xx_ll_rcc.h ****   * @}
 802:Drivers/STM32G0xx_HAL_Driver/Inc/stm32g0xx_ll_rcc.h ****   */
 803:Drivers/STM32G0xx_HAL_Driver/Inc/stm32g0xx_ll_rcc.h **** 
 804:Drivers/STM32G0xx_HAL_Driver/Inc/stm32g0xx_ll_rcc.h **** /* Exported macro ------------------------------------------------------------*/
 805:Drivers/STM32G0xx_HAL_Driver/Inc/stm32g0xx_ll_rcc.h **** /** @defgroup RCC_LL_Exported_Macros RCC Exported Macros
 806:Drivers/STM32G0xx_HAL_Driver/Inc/stm32g0xx_ll_rcc.h ****   * @{
 807:Drivers/STM32G0xx_HAL_Driver/Inc/stm32g0xx_ll_rcc.h ****   */
 808:Drivers/STM32G0xx_HAL_Driver/Inc/stm32g0xx_ll_rcc.h **** 
 809:Drivers/STM32G0xx_HAL_Driver/Inc/stm32g0xx_ll_rcc.h **** /** @defgroup RCC_LL_EM_WRITE_READ Common Write and read registers Macros
 810:Drivers/STM32G0xx_HAL_Driver/Inc/stm32g0xx_ll_rcc.h ****   * @{
 811:Drivers/STM32G0xx_HAL_Driver/Inc/stm32g0xx_ll_rcc.h ****   */
 812:Drivers/STM32G0xx_HAL_Driver/Inc/stm32g0xx_ll_rcc.h **** 
 813:Drivers/STM32G0xx_HAL_Driver/Inc/stm32g0xx_ll_rcc.h **** /**
 814:Drivers/STM32G0xx_HAL_Driver/Inc/stm32g0xx_ll_rcc.h ****   * @brief  Write a value in RCC register
 815:Drivers/STM32G0xx_HAL_Driver/Inc/stm32g0xx_ll_rcc.h ****   * @param  __REG__ Register to be written
 816:Drivers/STM32G0xx_HAL_Driver/Inc/stm32g0xx_ll_rcc.h ****   * @param  __VALUE__ Value to be written in the register
 817:Drivers/STM32G0xx_HAL_Driver/Inc/stm32g0xx_ll_rcc.h ****   * @retval None
 818:Drivers/STM32G0xx_HAL_Driver/Inc/stm32g0xx_ll_rcc.h ****   */
 819:Drivers/STM32G0xx_HAL_Driver/Inc/stm32g0xx_ll_rcc.h **** #define LL_RCC_WriteReg(__REG__, __VALUE__) WRITE_REG((RCC->__REG__), (__VALUE__))
 820:Drivers/STM32G0xx_HAL_Driver/Inc/stm32g0xx_ll_rcc.h **** 
 821:Drivers/STM32G0xx_HAL_Driver/Inc/stm32g0xx_ll_rcc.h **** /**
 822:Drivers/STM32G0xx_HAL_Driver/Inc/stm32g0xx_ll_rcc.h ****   * @brief  Read a value in RCC register
 823:Drivers/STM32G0xx_HAL_Driver/Inc/stm32g0xx_ll_rcc.h ****   * @param  __REG__ Register to be read
 824:Drivers/STM32G0xx_HAL_Driver/Inc/stm32g0xx_ll_rcc.h ****   * @retval Register value
 825:Drivers/STM32G0xx_HAL_Driver/Inc/stm32g0xx_ll_rcc.h ****   */
 826:Drivers/STM32G0xx_HAL_Driver/Inc/stm32g0xx_ll_rcc.h **** #define LL_RCC_ReadReg(__REG__) READ_REG(RCC->__REG__)
 827:Drivers/STM32G0xx_HAL_Driver/Inc/stm32g0xx_ll_rcc.h **** /**
 828:Drivers/STM32G0xx_HAL_Driver/Inc/stm32g0xx_ll_rcc.h ****   * @}
 829:Drivers/STM32G0xx_HAL_Driver/Inc/stm32g0xx_ll_rcc.h ****   */
 830:Drivers/STM32G0xx_HAL_Driver/Inc/stm32g0xx_ll_rcc.h **** 
 831:Drivers/STM32G0xx_HAL_Driver/Inc/stm32g0xx_ll_rcc.h **** /** @defgroup RCC_LL_EM_CALC_FREQ Calculate frequencies
 832:Drivers/STM32G0xx_HAL_Driver/Inc/stm32g0xx_ll_rcc.h ****   * @{
 833:Drivers/STM32G0xx_HAL_Driver/Inc/stm32g0xx_ll_rcc.h ****   */
 834:Drivers/STM32G0xx_HAL_Driver/Inc/stm32g0xx_ll_rcc.h **** 
 835:Drivers/STM32G0xx_HAL_Driver/Inc/stm32g0xx_ll_rcc.h **** /**
 836:Drivers/STM32G0xx_HAL_Driver/Inc/stm32g0xx_ll_rcc.h ****   * @brief  Helper macro to calculate the PLLCLK frequency on system domain
 837:Drivers/STM32G0xx_HAL_Driver/Inc/stm32g0xx_ll_rcc.h ****   * @note ex: @ref __LL_RCC_CALC_PLLCLK_FREQ (HSE_VALUE,@ref LL_RCC_PLL_GetDivider (),
 838:Drivers/STM32G0xx_HAL_Driver/Inc/stm32g0xx_ll_rcc.h ****   *             @ref LL_RCC_PLL_GetN (), @ref LL_RCC_PLL_GetR ());
 839:Drivers/STM32G0xx_HAL_Driver/Inc/stm32g0xx_ll_rcc.h ****   * @param  __INPUTFREQ__ PLL Input frequency (based on HSE/HSI)
 840:Drivers/STM32G0xx_HAL_Driver/Inc/stm32g0xx_ll_rcc.h ****   * @param  __PLLM__ This parameter can be one of the following values:
 841:Drivers/STM32G0xx_HAL_Driver/Inc/stm32g0xx_ll_rcc.h ****   *         @arg @ref LL_RCC_PLLM_DIV_1
 842:Drivers/STM32G0xx_HAL_Driver/Inc/stm32g0xx_ll_rcc.h ****   *         @arg @ref LL_RCC_PLLM_DIV_2
 843:Drivers/STM32G0xx_HAL_Driver/Inc/stm32g0xx_ll_rcc.h ****   *         @arg @ref LL_RCC_PLLM_DIV_3
 844:Drivers/STM32G0xx_HAL_Driver/Inc/stm32g0xx_ll_rcc.h ****   *         @arg @ref LL_RCC_PLLM_DIV_4
 845:Drivers/STM32G0xx_HAL_Driver/Inc/stm32g0xx_ll_rcc.h ****   *         @arg @ref LL_RCC_PLLM_DIV_5
 846:Drivers/STM32G0xx_HAL_Driver/Inc/stm32g0xx_ll_rcc.h ****   *         @arg @ref LL_RCC_PLLM_DIV_6
 847:Drivers/STM32G0xx_HAL_Driver/Inc/stm32g0xx_ll_rcc.h ****   *         @arg @ref LL_RCC_PLLM_DIV_7
 848:Drivers/STM32G0xx_HAL_Driver/Inc/stm32g0xx_ll_rcc.h ****   *         @arg @ref LL_RCC_PLLM_DIV_8
 849:Drivers/STM32G0xx_HAL_Driver/Inc/stm32g0xx_ll_rcc.h ****   * @param  __PLLN__ Between Min_Data = 8 and Max_Data = 86
 850:Drivers/STM32G0xx_HAL_Driver/Inc/stm32g0xx_ll_rcc.h ****   * @param  __PLLR__ This parameter can be one of the following values:
 851:Drivers/STM32G0xx_HAL_Driver/Inc/stm32g0xx_ll_rcc.h ****   *         @arg @ref LL_RCC_PLLR_DIV_2
 852:Drivers/STM32G0xx_HAL_Driver/Inc/stm32g0xx_ll_rcc.h ****   *         @arg @ref LL_RCC_PLLR_DIV_3
 853:Drivers/STM32G0xx_HAL_Driver/Inc/stm32g0xx_ll_rcc.h ****   *         @arg @ref LL_RCC_PLLR_DIV_4
 854:Drivers/STM32G0xx_HAL_Driver/Inc/stm32g0xx_ll_rcc.h ****   *         @arg @ref LL_RCC_PLLR_DIV_5
ARM GAS  C:\Users\Asus\AppData\Local\Temp\ccaANind.s 			page 79


 855:Drivers/STM32G0xx_HAL_Driver/Inc/stm32g0xx_ll_rcc.h ****   *         @arg @ref LL_RCC_PLLR_DIV_6
 856:Drivers/STM32G0xx_HAL_Driver/Inc/stm32g0xx_ll_rcc.h ****   *         @arg @ref LL_RCC_PLLR_DIV_7
 857:Drivers/STM32G0xx_HAL_Driver/Inc/stm32g0xx_ll_rcc.h ****   *         @arg @ref LL_RCC_PLLR_DIV_8
 858:Drivers/STM32G0xx_HAL_Driver/Inc/stm32g0xx_ll_rcc.h ****   * @retval PLL clock frequency (in Hz)
 859:Drivers/STM32G0xx_HAL_Driver/Inc/stm32g0xx_ll_rcc.h ****   */
 860:Drivers/STM32G0xx_HAL_Driver/Inc/stm32g0xx_ll_rcc.h **** #define __LL_RCC_CALC_PLLCLK_FREQ(__INPUTFREQ__, __PLLM__, __PLLN__, __PLLR__)   \
 861:Drivers/STM32G0xx_HAL_Driver/Inc/stm32g0xx_ll_rcc.h ****   ((__INPUTFREQ__) * (__PLLN__) / ((((__PLLM__)>> RCC_PLLCFGR_PLLM_Pos) + 1U)) / \
 862:Drivers/STM32G0xx_HAL_Driver/Inc/stm32g0xx_ll_rcc.h ****    (((__PLLR__) >> RCC_PLLCFGR_PLLR_Pos) + 1U))
 863:Drivers/STM32G0xx_HAL_Driver/Inc/stm32g0xx_ll_rcc.h **** 
 864:Drivers/STM32G0xx_HAL_Driver/Inc/stm32g0xx_ll_rcc.h **** /**
 865:Drivers/STM32G0xx_HAL_Driver/Inc/stm32g0xx_ll_rcc.h ****   * @brief  Helper macro to calculate the PLLPCLK frequency used on I2S domain
 866:Drivers/STM32G0xx_HAL_Driver/Inc/stm32g0xx_ll_rcc.h ****   * @note ex: @ref __LL_RCC_CALC_PLLCLK_I2S1_FREQ (HSE_VALUE,@ref LL_RCC_PLL_GetDivider (),
 867:Drivers/STM32G0xx_HAL_Driver/Inc/stm32g0xx_ll_rcc.h ****   *             @ref LL_RCC_PLL_GetN (), @ref LL_RCC_PLL_GetP ());
 868:Drivers/STM32G0xx_HAL_Driver/Inc/stm32g0xx_ll_rcc.h ****   * @param  __INPUTFREQ__ PLL Input frequency (based on HSE/HSI)
 869:Drivers/STM32G0xx_HAL_Driver/Inc/stm32g0xx_ll_rcc.h ****   * @param  __PLLM__ This parameter can be one of the following values:
 870:Drivers/STM32G0xx_HAL_Driver/Inc/stm32g0xx_ll_rcc.h ****   *         @arg @ref LL_RCC_PLLM_DIV_1
 871:Drivers/STM32G0xx_HAL_Driver/Inc/stm32g0xx_ll_rcc.h ****   *         @arg @ref LL_RCC_PLLM_DIV_2
 872:Drivers/STM32G0xx_HAL_Driver/Inc/stm32g0xx_ll_rcc.h ****   *         @arg @ref LL_RCC_PLLM_DIV_3
 873:Drivers/STM32G0xx_HAL_Driver/Inc/stm32g0xx_ll_rcc.h ****   *         @arg @ref LL_RCC_PLLM_DIV_4
 874:Drivers/STM32G0xx_HAL_Driver/Inc/stm32g0xx_ll_rcc.h ****   *         @arg @ref LL_RCC_PLLM_DIV_5
 875:Drivers/STM32G0xx_HAL_Driver/Inc/stm32g0xx_ll_rcc.h ****   *         @arg @ref LL_RCC_PLLM_DIV_6
 876:Drivers/STM32G0xx_HAL_Driver/Inc/stm32g0xx_ll_rcc.h ****   *         @arg @ref LL_RCC_PLLM_DIV_7
 877:Drivers/STM32G0xx_HAL_Driver/Inc/stm32g0xx_ll_rcc.h ****   *         @arg @ref LL_RCC_PLLM_DIV_8
 878:Drivers/STM32G0xx_HAL_Driver/Inc/stm32g0xx_ll_rcc.h ****   * @param  __PLLN__ Between Min_Data = 8 and Max_Data = 86
 879:Drivers/STM32G0xx_HAL_Driver/Inc/stm32g0xx_ll_rcc.h ****   * @param  __PLLP__ This parameter can be one of the following values:
 880:Drivers/STM32G0xx_HAL_Driver/Inc/stm32g0xx_ll_rcc.h ****   *         @arg @ref LL_RCC_PLLP_DIV_2
 881:Drivers/STM32G0xx_HAL_Driver/Inc/stm32g0xx_ll_rcc.h ****   *         @arg @ref LL_RCC_PLLP_DIV_3
 882:Drivers/STM32G0xx_HAL_Driver/Inc/stm32g0xx_ll_rcc.h ****   *         @arg @ref LL_RCC_PLLP_DIV_4
 883:Drivers/STM32G0xx_HAL_Driver/Inc/stm32g0xx_ll_rcc.h ****   *         @arg @ref LL_RCC_PLLP_DIV_5
 884:Drivers/STM32G0xx_HAL_Driver/Inc/stm32g0xx_ll_rcc.h ****   *         @arg @ref LL_RCC_PLLP_DIV_6
 885:Drivers/STM32G0xx_HAL_Driver/Inc/stm32g0xx_ll_rcc.h ****   *         @arg @ref LL_RCC_PLLP_DIV_7
 886:Drivers/STM32G0xx_HAL_Driver/Inc/stm32g0xx_ll_rcc.h ****   *         @arg @ref LL_RCC_PLLP_DIV_8
 887:Drivers/STM32G0xx_HAL_Driver/Inc/stm32g0xx_ll_rcc.h ****   *         @arg @ref LL_RCC_PLLP_DIV_9
 888:Drivers/STM32G0xx_HAL_Driver/Inc/stm32g0xx_ll_rcc.h ****   *         @arg @ref LL_RCC_PLLP_DIV_10
 889:Drivers/STM32G0xx_HAL_Driver/Inc/stm32g0xx_ll_rcc.h ****   *         @arg @ref LL_RCC_PLLP_DIV_11
 890:Drivers/STM32G0xx_HAL_Driver/Inc/stm32g0xx_ll_rcc.h ****   *         @arg @ref LL_RCC_PLLP_DIV_12
 891:Drivers/STM32G0xx_HAL_Driver/Inc/stm32g0xx_ll_rcc.h ****   *         @arg @ref LL_RCC_PLLP_DIV_13
 892:Drivers/STM32G0xx_HAL_Driver/Inc/stm32g0xx_ll_rcc.h ****   *         @arg @ref LL_RCC_PLLP_DIV_14
 893:Drivers/STM32G0xx_HAL_Driver/Inc/stm32g0xx_ll_rcc.h ****   *         @arg @ref LL_RCC_PLLP_DIV_15
 894:Drivers/STM32G0xx_HAL_Driver/Inc/stm32g0xx_ll_rcc.h ****   *         @arg @ref LL_RCC_PLLP_DIV_16
 895:Drivers/STM32G0xx_HAL_Driver/Inc/stm32g0xx_ll_rcc.h ****   *         @arg @ref LL_RCC_PLLP_DIV_17
 896:Drivers/STM32G0xx_HAL_Driver/Inc/stm32g0xx_ll_rcc.h ****   *         @arg @ref LL_RCC_PLLP_DIV_18
 897:Drivers/STM32G0xx_HAL_Driver/Inc/stm32g0xx_ll_rcc.h ****   *         @arg @ref LL_RCC_PLLP_DIV_19
 898:Drivers/STM32G0xx_HAL_Driver/Inc/stm32g0xx_ll_rcc.h ****   *         @arg @ref LL_RCC_PLLP_DIV_20
 899:Drivers/STM32G0xx_HAL_Driver/Inc/stm32g0xx_ll_rcc.h ****   *         @arg @ref LL_RCC_PLLP_DIV_21
 900:Drivers/STM32G0xx_HAL_Driver/Inc/stm32g0xx_ll_rcc.h ****   *         @arg @ref LL_RCC_PLLP_DIV_22
 901:Drivers/STM32G0xx_HAL_Driver/Inc/stm32g0xx_ll_rcc.h ****   *         @arg @ref LL_RCC_PLLP_DIV_23
 902:Drivers/STM32G0xx_HAL_Driver/Inc/stm32g0xx_ll_rcc.h ****   *         @arg @ref LL_RCC_PLLP_DIV_24
 903:Drivers/STM32G0xx_HAL_Driver/Inc/stm32g0xx_ll_rcc.h ****   *         @arg @ref LL_RCC_PLLP_DIV_25
 904:Drivers/STM32G0xx_HAL_Driver/Inc/stm32g0xx_ll_rcc.h ****   *         @arg @ref LL_RCC_PLLP_DIV_26
 905:Drivers/STM32G0xx_HAL_Driver/Inc/stm32g0xx_ll_rcc.h ****   *         @arg @ref LL_RCC_PLLP_DIV_27
 906:Drivers/STM32G0xx_HAL_Driver/Inc/stm32g0xx_ll_rcc.h ****   *         @arg @ref LL_RCC_PLLP_DIV_28
 907:Drivers/STM32G0xx_HAL_Driver/Inc/stm32g0xx_ll_rcc.h ****   *         @arg @ref LL_RCC_PLLP_DIV_29
 908:Drivers/STM32G0xx_HAL_Driver/Inc/stm32g0xx_ll_rcc.h ****   *         @arg @ref LL_RCC_PLLP_DIV_30
 909:Drivers/STM32G0xx_HAL_Driver/Inc/stm32g0xx_ll_rcc.h ****   *         @arg @ref LL_RCC_PLLP_DIV_31
 910:Drivers/STM32G0xx_HAL_Driver/Inc/stm32g0xx_ll_rcc.h ****   *         @arg @ref LL_RCC_PLLP_DIV_32
 911:Drivers/STM32G0xx_HAL_Driver/Inc/stm32g0xx_ll_rcc.h ****   * @retval PLL clock frequency (in Hz)
ARM GAS  C:\Users\Asus\AppData\Local\Temp\ccaANind.s 			page 80


 912:Drivers/STM32G0xx_HAL_Driver/Inc/stm32g0xx_ll_rcc.h ****   */
 913:Drivers/STM32G0xx_HAL_Driver/Inc/stm32g0xx_ll_rcc.h **** #define __LL_RCC_CALC_PLLCLK_I2S1_FREQ(__INPUTFREQ__, __PLLM__, __PLLN__, __PLLP__)  \
 914:Drivers/STM32G0xx_HAL_Driver/Inc/stm32g0xx_ll_rcc.h ****   ((__INPUTFREQ__)  * (__PLLN__) / ((((__PLLM__)>> RCC_PLLCFGR_PLLM_Pos) + 1U)) /    \
 915:Drivers/STM32G0xx_HAL_Driver/Inc/stm32g0xx_ll_rcc.h ****    (((__PLLP__) >> RCC_PLLCFGR_PLLP_Pos) + 1U))
 916:Drivers/STM32G0xx_HAL_Driver/Inc/stm32g0xx_ll_rcc.h **** 
 917:Drivers/STM32G0xx_HAL_Driver/Inc/stm32g0xx_ll_rcc.h **** #if defined(RCC_CCIPR2_I2S2SEL)
 918:Drivers/STM32G0xx_HAL_Driver/Inc/stm32g0xx_ll_rcc.h **** /**
 919:Drivers/STM32G0xx_HAL_Driver/Inc/stm32g0xx_ll_rcc.h ****   * @brief  Helper macro to calculate the PLLPCLK frequency used on I2S2 domain
 920:Drivers/STM32G0xx_HAL_Driver/Inc/stm32g0xx_ll_rcc.h ****   * @note ex: @ref __LL_RCC_CALC_PLLCLK_I2S2_FREQ (HSE_VALUE,@ref LL_RCC_PLL_GetDivider (),
 921:Drivers/STM32G0xx_HAL_Driver/Inc/stm32g0xx_ll_rcc.h ****   *             @ref LL_RCC_PLL_GetN (), @ref LL_RCC_PLL_GetP ());
 922:Drivers/STM32G0xx_HAL_Driver/Inc/stm32g0xx_ll_rcc.h ****   * @param  __INPUTFREQ__ PLL Input frequency (based on HSE/HSI)
 923:Drivers/STM32G0xx_HAL_Driver/Inc/stm32g0xx_ll_rcc.h ****   * @param  __PLLM__ This parameter can be one of the following values:
 924:Drivers/STM32G0xx_HAL_Driver/Inc/stm32g0xx_ll_rcc.h ****   *         @arg @ref LL_RCC_PLLM_DIV_1
 925:Drivers/STM32G0xx_HAL_Driver/Inc/stm32g0xx_ll_rcc.h ****   *         @arg @ref LL_RCC_PLLM_DIV_2
 926:Drivers/STM32G0xx_HAL_Driver/Inc/stm32g0xx_ll_rcc.h ****   *         @arg @ref LL_RCC_PLLM_DIV_3
 927:Drivers/STM32G0xx_HAL_Driver/Inc/stm32g0xx_ll_rcc.h ****   *         @arg @ref LL_RCC_PLLM_DIV_4
 928:Drivers/STM32G0xx_HAL_Driver/Inc/stm32g0xx_ll_rcc.h ****   *         @arg @ref LL_RCC_PLLM_DIV_5
 929:Drivers/STM32G0xx_HAL_Driver/Inc/stm32g0xx_ll_rcc.h ****   *         @arg @ref LL_RCC_PLLM_DIV_6
 930:Drivers/STM32G0xx_HAL_Driver/Inc/stm32g0xx_ll_rcc.h ****   *         @arg @ref LL_RCC_PLLM_DIV_7
 931:Drivers/STM32G0xx_HAL_Driver/Inc/stm32g0xx_ll_rcc.h ****   *         @arg @ref LL_RCC_PLLM_DIV_8
 932:Drivers/STM32G0xx_HAL_Driver/Inc/stm32g0xx_ll_rcc.h ****   * @param  __PLLN__ Between Min_Data = 8 and Max_Data = 86
 933:Drivers/STM32G0xx_HAL_Driver/Inc/stm32g0xx_ll_rcc.h ****   * @param  __PLLP__ This parameter can be one of the following values:
 934:Drivers/STM32G0xx_HAL_Driver/Inc/stm32g0xx_ll_rcc.h ****   *         @arg @ref LL_RCC_PLLP_DIV_2
 935:Drivers/STM32G0xx_HAL_Driver/Inc/stm32g0xx_ll_rcc.h ****   *         @arg @ref LL_RCC_PLLP_DIV_3
 936:Drivers/STM32G0xx_HAL_Driver/Inc/stm32g0xx_ll_rcc.h ****   *         @arg @ref LL_RCC_PLLP_DIV_4
 937:Drivers/STM32G0xx_HAL_Driver/Inc/stm32g0xx_ll_rcc.h ****   *         @arg @ref LL_RCC_PLLP_DIV_5
 938:Drivers/STM32G0xx_HAL_Driver/Inc/stm32g0xx_ll_rcc.h ****   *         @arg @ref LL_RCC_PLLP_DIV_6
 939:Drivers/STM32G0xx_HAL_Driver/Inc/stm32g0xx_ll_rcc.h ****   *         @arg @ref LL_RCC_PLLP_DIV_7
 940:Drivers/STM32G0xx_HAL_Driver/Inc/stm32g0xx_ll_rcc.h ****   *         @arg @ref LL_RCC_PLLP_DIV_8
 941:Drivers/STM32G0xx_HAL_Driver/Inc/stm32g0xx_ll_rcc.h ****   *         @arg @ref LL_RCC_PLLP_DIV_9
 942:Drivers/STM32G0xx_HAL_Driver/Inc/stm32g0xx_ll_rcc.h ****   *         @arg @ref LL_RCC_PLLP_DIV_10
 943:Drivers/STM32G0xx_HAL_Driver/Inc/stm32g0xx_ll_rcc.h ****   *         @arg @ref LL_RCC_PLLP_DIV_11
 944:Drivers/STM32G0xx_HAL_Driver/Inc/stm32g0xx_ll_rcc.h ****   *         @arg @ref LL_RCC_PLLP_DIV_12
 945:Drivers/STM32G0xx_HAL_Driver/Inc/stm32g0xx_ll_rcc.h ****   *         @arg @ref LL_RCC_PLLP_DIV_13
 946:Drivers/STM32G0xx_HAL_Driver/Inc/stm32g0xx_ll_rcc.h ****   *         @arg @ref LL_RCC_PLLP_DIV_14
 947:Drivers/STM32G0xx_HAL_Driver/Inc/stm32g0xx_ll_rcc.h ****   *         @arg @ref LL_RCC_PLLP_DIV_15
 948:Drivers/STM32G0xx_HAL_Driver/Inc/stm32g0xx_ll_rcc.h ****   *         @arg @ref LL_RCC_PLLP_DIV_16
 949:Drivers/STM32G0xx_HAL_Driver/Inc/stm32g0xx_ll_rcc.h ****   *         @arg @ref LL_RCC_PLLP_DIV_17
 950:Drivers/STM32G0xx_HAL_Driver/Inc/stm32g0xx_ll_rcc.h ****   *         @arg @ref LL_RCC_PLLP_DIV_18
 951:Drivers/STM32G0xx_HAL_Driver/Inc/stm32g0xx_ll_rcc.h ****   *         @arg @ref LL_RCC_PLLP_DIV_19
 952:Drivers/STM32G0xx_HAL_Driver/Inc/stm32g0xx_ll_rcc.h ****   *         @arg @ref LL_RCC_PLLP_DIV_20
 953:Drivers/STM32G0xx_HAL_Driver/Inc/stm32g0xx_ll_rcc.h ****   *         @arg @ref LL_RCC_PLLP_DIV_21
 954:Drivers/STM32G0xx_HAL_Driver/Inc/stm32g0xx_ll_rcc.h ****   *         @arg @ref LL_RCC_PLLP_DIV_22
 955:Drivers/STM32G0xx_HAL_Driver/Inc/stm32g0xx_ll_rcc.h ****   *         @arg @ref LL_RCC_PLLP_DIV_23
 956:Drivers/STM32G0xx_HAL_Driver/Inc/stm32g0xx_ll_rcc.h ****   *         @arg @ref LL_RCC_PLLP_DIV_24
 957:Drivers/STM32G0xx_HAL_Driver/Inc/stm32g0xx_ll_rcc.h ****   *         @arg @ref LL_RCC_PLLP_DIV_25
 958:Drivers/STM32G0xx_HAL_Driver/Inc/stm32g0xx_ll_rcc.h ****   *         @arg @ref LL_RCC_PLLP_DIV_26
 959:Drivers/STM32G0xx_HAL_Driver/Inc/stm32g0xx_ll_rcc.h ****   *         @arg @ref LL_RCC_PLLP_DIV_27
 960:Drivers/STM32G0xx_HAL_Driver/Inc/stm32g0xx_ll_rcc.h ****   *         @arg @ref LL_RCC_PLLP_DIV_28
 961:Drivers/STM32G0xx_HAL_Driver/Inc/stm32g0xx_ll_rcc.h ****   *         @arg @ref LL_RCC_PLLP_DIV_29
 962:Drivers/STM32G0xx_HAL_Driver/Inc/stm32g0xx_ll_rcc.h ****   *         @arg @ref LL_RCC_PLLP_DIV_30
 963:Drivers/STM32G0xx_HAL_Driver/Inc/stm32g0xx_ll_rcc.h ****   *         @arg @ref LL_RCC_PLLP_DIV_31
 964:Drivers/STM32G0xx_HAL_Driver/Inc/stm32g0xx_ll_rcc.h ****   *         @arg @ref LL_RCC_PLLP_DIV_32
 965:Drivers/STM32G0xx_HAL_Driver/Inc/stm32g0xx_ll_rcc.h ****   * @retval PLL clock frequency (in Hz)
 966:Drivers/STM32G0xx_HAL_Driver/Inc/stm32g0xx_ll_rcc.h ****   */
 967:Drivers/STM32G0xx_HAL_Driver/Inc/stm32g0xx_ll_rcc.h **** #define __LL_RCC_CALC_PLLCLK_I2S2_FREQ(__INPUTFREQ__, __PLLM__, __PLLN__, __PLLP__)  \
 968:Drivers/STM32G0xx_HAL_Driver/Inc/stm32g0xx_ll_rcc.h ****   ((__INPUTFREQ__)  * (__PLLN__) / ((((__PLLM__)>> RCC_PLLCFGR_PLLM_Pos) + 1U)) /    \
ARM GAS  C:\Users\Asus\AppData\Local\Temp\ccaANind.s 			page 81


 969:Drivers/STM32G0xx_HAL_Driver/Inc/stm32g0xx_ll_rcc.h ****    (((__PLLP__) >> RCC_PLLCFGR_PLLP_Pos) + 1U))
 970:Drivers/STM32G0xx_HAL_Driver/Inc/stm32g0xx_ll_rcc.h **** #endif /* RCC_CCIPR2_I2S2SEL */
 971:Drivers/STM32G0xx_HAL_Driver/Inc/stm32g0xx_ll_rcc.h **** 
 972:Drivers/STM32G0xx_HAL_Driver/Inc/stm32g0xx_ll_rcc.h **** /**
 973:Drivers/STM32G0xx_HAL_Driver/Inc/stm32g0xx_ll_rcc.h ****   * @brief  Helper macro to calculate the PLLPCLK frequency used on ADC domain
 974:Drivers/STM32G0xx_HAL_Driver/Inc/stm32g0xx_ll_rcc.h ****   * @note ex: @ref __LL_RCC_CALC_PLLCLK_ADC_FREQ (HSE_VALUE,@ref LL_RCC_PLL_GetDivider (),
 975:Drivers/STM32G0xx_HAL_Driver/Inc/stm32g0xx_ll_rcc.h ****   *             @ref LL_RCC_PLL_GetN (), @ref LL_RCC_PLL_GetP ());
 976:Drivers/STM32G0xx_HAL_Driver/Inc/stm32g0xx_ll_rcc.h ****   * @param  __INPUTFREQ__ PLL Input frequency (based on HSE/HSI)
 977:Drivers/STM32G0xx_HAL_Driver/Inc/stm32g0xx_ll_rcc.h ****   * @param  __PLLM__ This parameter can be one of the following values:
 978:Drivers/STM32G0xx_HAL_Driver/Inc/stm32g0xx_ll_rcc.h ****   *         @arg @ref LL_RCC_PLLM_DIV_1
 979:Drivers/STM32G0xx_HAL_Driver/Inc/stm32g0xx_ll_rcc.h ****   *         @arg @ref LL_RCC_PLLM_DIV_2
 980:Drivers/STM32G0xx_HAL_Driver/Inc/stm32g0xx_ll_rcc.h ****   *         @arg @ref LL_RCC_PLLM_DIV_3
 981:Drivers/STM32G0xx_HAL_Driver/Inc/stm32g0xx_ll_rcc.h ****   *         @arg @ref LL_RCC_PLLM_DIV_4
 982:Drivers/STM32G0xx_HAL_Driver/Inc/stm32g0xx_ll_rcc.h ****   *         @arg @ref LL_RCC_PLLM_DIV_5
 983:Drivers/STM32G0xx_HAL_Driver/Inc/stm32g0xx_ll_rcc.h ****   *         @arg @ref LL_RCC_PLLM_DIV_6
 984:Drivers/STM32G0xx_HAL_Driver/Inc/stm32g0xx_ll_rcc.h ****   *         @arg @ref LL_RCC_PLLM_DIV_7
 985:Drivers/STM32G0xx_HAL_Driver/Inc/stm32g0xx_ll_rcc.h ****   *         @arg @ref LL_RCC_PLLM_DIV_8
 986:Drivers/STM32G0xx_HAL_Driver/Inc/stm32g0xx_ll_rcc.h ****   * @param  __PLLN__ Between Min_Data = 8 and Max_Data = 86
 987:Drivers/STM32G0xx_HAL_Driver/Inc/stm32g0xx_ll_rcc.h ****   * @param  __PLLP__ This parameter can be one of the following values:
 988:Drivers/STM32G0xx_HAL_Driver/Inc/stm32g0xx_ll_rcc.h ****   *         @arg @ref LL_RCC_PLLP_DIV_2
 989:Drivers/STM32G0xx_HAL_Driver/Inc/stm32g0xx_ll_rcc.h ****   *         @arg @ref LL_RCC_PLLP_DIV_3
 990:Drivers/STM32G0xx_HAL_Driver/Inc/stm32g0xx_ll_rcc.h ****   *         @arg @ref LL_RCC_PLLP_DIV_4
 991:Drivers/STM32G0xx_HAL_Driver/Inc/stm32g0xx_ll_rcc.h ****   *         @arg @ref LL_RCC_PLLP_DIV_5
 992:Drivers/STM32G0xx_HAL_Driver/Inc/stm32g0xx_ll_rcc.h ****   *         @arg @ref LL_RCC_PLLP_DIV_6
 993:Drivers/STM32G0xx_HAL_Driver/Inc/stm32g0xx_ll_rcc.h ****   *         @arg @ref LL_RCC_PLLP_DIV_7
 994:Drivers/STM32G0xx_HAL_Driver/Inc/stm32g0xx_ll_rcc.h ****   *         @arg @ref LL_RCC_PLLP_DIV_8
 995:Drivers/STM32G0xx_HAL_Driver/Inc/stm32g0xx_ll_rcc.h ****   *         @arg @ref LL_RCC_PLLP_DIV_9
 996:Drivers/STM32G0xx_HAL_Driver/Inc/stm32g0xx_ll_rcc.h ****   *         @arg @ref LL_RCC_PLLP_DIV_10
 997:Drivers/STM32G0xx_HAL_Driver/Inc/stm32g0xx_ll_rcc.h ****   *         @arg @ref LL_RCC_PLLP_DIV_11
 998:Drivers/STM32G0xx_HAL_Driver/Inc/stm32g0xx_ll_rcc.h ****   *         @arg @ref LL_RCC_PLLP_DIV_12
 999:Drivers/STM32G0xx_HAL_Driver/Inc/stm32g0xx_ll_rcc.h ****   *         @arg @ref LL_RCC_PLLP_DIV_13
1000:Drivers/STM32G0xx_HAL_Driver/Inc/stm32g0xx_ll_rcc.h ****   *         @arg @ref LL_RCC_PLLP_DIV_14
1001:Drivers/STM32G0xx_HAL_Driver/Inc/stm32g0xx_ll_rcc.h ****   *         @arg @ref LL_RCC_PLLP_DIV_15
1002:Drivers/STM32G0xx_HAL_Driver/Inc/stm32g0xx_ll_rcc.h ****   *         @arg @ref LL_RCC_PLLP_DIV_16
1003:Drivers/STM32G0xx_HAL_Driver/Inc/stm32g0xx_ll_rcc.h ****   *         @arg @ref LL_RCC_PLLP_DIV_17
1004:Drivers/STM32G0xx_HAL_Driver/Inc/stm32g0xx_ll_rcc.h ****   *         @arg @ref LL_RCC_PLLP_DIV_18
1005:Drivers/STM32G0xx_HAL_Driver/Inc/stm32g0xx_ll_rcc.h ****   *         @arg @ref LL_RCC_PLLP_DIV_19
1006:Drivers/STM32G0xx_HAL_Driver/Inc/stm32g0xx_ll_rcc.h ****   *         @arg @ref LL_RCC_PLLP_DIV_20
1007:Drivers/STM32G0xx_HAL_Driver/Inc/stm32g0xx_ll_rcc.h ****   *         @arg @ref LL_RCC_PLLP_DIV_21
1008:Drivers/STM32G0xx_HAL_Driver/Inc/stm32g0xx_ll_rcc.h ****   *         @arg @ref LL_RCC_PLLP_DIV_22
1009:Drivers/STM32G0xx_HAL_Driver/Inc/stm32g0xx_ll_rcc.h ****   *         @arg @ref LL_RCC_PLLP_DIV_23
1010:Drivers/STM32G0xx_HAL_Driver/Inc/stm32g0xx_ll_rcc.h ****   *         @arg @ref LL_RCC_PLLP_DIV_24
1011:Drivers/STM32G0xx_HAL_Driver/Inc/stm32g0xx_ll_rcc.h ****   *         @arg @ref LL_RCC_PLLP_DIV_25
1012:Drivers/STM32G0xx_HAL_Driver/Inc/stm32g0xx_ll_rcc.h ****   *         @arg @ref LL_RCC_PLLP_DIV_26
1013:Drivers/STM32G0xx_HAL_Driver/Inc/stm32g0xx_ll_rcc.h ****   *         @arg @ref LL_RCC_PLLP_DIV_27
1014:Drivers/STM32G0xx_HAL_Driver/Inc/stm32g0xx_ll_rcc.h ****   *         @arg @ref LL_RCC_PLLP_DIV_28
1015:Drivers/STM32G0xx_HAL_Driver/Inc/stm32g0xx_ll_rcc.h ****   *         @arg @ref LL_RCC_PLLP_DIV_29
1016:Drivers/STM32G0xx_HAL_Driver/Inc/stm32g0xx_ll_rcc.h ****   *         @arg @ref LL_RCC_PLLP_DIV_30
1017:Drivers/STM32G0xx_HAL_Driver/Inc/stm32g0xx_ll_rcc.h ****   *         @arg @ref LL_RCC_PLLP_DIV_31
1018:Drivers/STM32G0xx_HAL_Driver/Inc/stm32g0xx_ll_rcc.h ****   *         @arg @ref LL_RCC_PLLP_DIV_32
1019:Drivers/STM32G0xx_HAL_Driver/Inc/stm32g0xx_ll_rcc.h ****   * @retval PLL clock frequency (in Hz)
1020:Drivers/STM32G0xx_HAL_Driver/Inc/stm32g0xx_ll_rcc.h ****   */
1021:Drivers/STM32G0xx_HAL_Driver/Inc/stm32g0xx_ll_rcc.h **** #define __LL_RCC_CALC_PLLCLK_ADC_FREQ(__INPUTFREQ__, __PLLM__, __PLLN__, __PLLP__)  \
1022:Drivers/STM32G0xx_HAL_Driver/Inc/stm32g0xx_ll_rcc.h ****   ((__INPUTFREQ__) * (__PLLN__) / ((((__PLLM__)>> RCC_PLLCFGR_PLLM_Pos) + 1U)) /    \
1023:Drivers/STM32G0xx_HAL_Driver/Inc/stm32g0xx_ll_rcc.h ****    (((__PLLP__) >> RCC_PLLCFGR_PLLP_Pos) + 1U))
1024:Drivers/STM32G0xx_HAL_Driver/Inc/stm32g0xx_ll_rcc.h **** 
1025:Drivers/STM32G0xx_HAL_Driver/Inc/stm32g0xx_ll_rcc.h **** #if defined(RNG)
ARM GAS  C:\Users\Asus\AppData\Local\Temp\ccaANind.s 			page 82


1026:Drivers/STM32G0xx_HAL_Driver/Inc/stm32g0xx_ll_rcc.h **** /**
1027:Drivers/STM32G0xx_HAL_Driver/Inc/stm32g0xx_ll_rcc.h ****   * @brief  Helper macro to calculate the PLLQCLK frequency used on RNG domain
1028:Drivers/STM32G0xx_HAL_Driver/Inc/stm32g0xx_ll_rcc.h ****   * @note ex: @ref __LL_RCC_CALC_PLLCLK_RNG_FREQ (HSE_VALUE,@ref LL_RCC_PLL_GetDivider (),
1029:Drivers/STM32G0xx_HAL_Driver/Inc/stm32g0xx_ll_rcc.h ****   *             @ref LL_RCC_PLL_GetN (), @ref LL_RCC_PLL_GetQ ());
1030:Drivers/STM32G0xx_HAL_Driver/Inc/stm32g0xx_ll_rcc.h ****   * @param  __INPUTFREQ__ PLL Input frequency (based on HSE/HSI)
1031:Drivers/STM32G0xx_HAL_Driver/Inc/stm32g0xx_ll_rcc.h ****   * @param  __PLLM__ This parameter can be one of the following values:
1032:Drivers/STM32G0xx_HAL_Driver/Inc/stm32g0xx_ll_rcc.h ****   *         @arg @ref LL_RCC_PLLM_DIV_1
1033:Drivers/STM32G0xx_HAL_Driver/Inc/stm32g0xx_ll_rcc.h ****   *         @arg @ref LL_RCC_PLLM_DIV_2
1034:Drivers/STM32G0xx_HAL_Driver/Inc/stm32g0xx_ll_rcc.h ****   *         @arg @ref LL_RCC_PLLM_DIV_3
1035:Drivers/STM32G0xx_HAL_Driver/Inc/stm32g0xx_ll_rcc.h ****   *         @arg @ref LL_RCC_PLLM_DIV_4
1036:Drivers/STM32G0xx_HAL_Driver/Inc/stm32g0xx_ll_rcc.h ****   *         @arg @ref LL_RCC_PLLM_DIV_5
1037:Drivers/STM32G0xx_HAL_Driver/Inc/stm32g0xx_ll_rcc.h ****   *         @arg @ref LL_RCC_PLLM_DIV_6
1038:Drivers/STM32G0xx_HAL_Driver/Inc/stm32g0xx_ll_rcc.h ****   *         @arg @ref LL_RCC_PLLM_DIV_7
1039:Drivers/STM32G0xx_HAL_Driver/Inc/stm32g0xx_ll_rcc.h ****   *         @arg @ref LL_RCC_PLLM_DIV_8
1040:Drivers/STM32G0xx_HAL_Driver/Inc/stm32g0xx_ll_rcc.h ****   * @param  __PLLN__ Between Min_Data = 8 and Max_Data = 86
1041:Drivers/STM32G0xx_HAL_Driver/Inc/stm32g0xx_ll_rcc.h ****   * @param  __PLLQ__ This parameter can be one of the following values:
1042:Drivers/STM32G0xx_HAL_Driver/Inc/stm32g0xx_ll_rcc.h ****   *         @arg @ref LL_RCC_PLLQ_DIV_2
1043:Drivers/STM32G0xx_HAL_Driver/Inc/stm32g0xx_ll_rcc.h ****   *         @arg @ref LL_RCC_PLLQ_DIV_3
1044:Drivers/STM32G0xx_HAL_Driver/Inc/stm32g0xx_ll_rcc.h ****   *         @arg @ref LL_RCC_PLLQ_DIV_4
1045:Drivers/STM32G0xx_HAL_Driver/Inc/stm32g0xx_ll_rcc.h ****   *         @arg @ref LL_RCC_PLLQ_DIV_5
1046:Drivers/STM32G0xx_HAL_Driver/Inc/stm32g0xx_ll_rcc.h ****   *         @arg @ref LL_RCC_PLLQ_DIV_6
1047:Drivers/STM32G0xx_HAL_Driver/Inc/stm32g0xx_ll_rcc.h ****   *         @arg @ref LL_RCC_PLLQ_DIV_7
1048:Drivers/STM32G0xx_HAL_Driver/Inc/stm32g0xx_ll_rcc.h ****   *         @arg @ref LL_RCC_PLLQ_DIV_8
1049:Drivers/STM32G0xx_HAL_Driver/Inc/stm32g0xx_ll_rcc.h ****   * @retval PLL clock frequency (in Hz)
1050:Drivers/STM32G0xx_HAL_Driver/Inc/stm32g0xx_ll_rcc.h ****   */
1051:Drivers/STM32G0xx_HAL_Driver/Inc/stm32g0xx_ll_rcc.h **** #define __LL_RCC_CALC_PLLCLK_RNG_FREQ(__INPUTFREQ__, __PLLM__, __PLLN__, __PLLQ__)   \
1052:Drivers/STM32G0xx_HAL_Driver/Inc/stm32g0xx_ll_rcc.h ****   ((__INPUTFREQ__) * (__PLLN__) / ((((__PLLM__)>> RCC_PLLCFGR_PLLM_Pos) + 1U)) /     \
1053:Drivers/STM32G0xx_HAL_Driver/Inc/stm32g0xx_ll_rcc.h ****    (((__PLLQ__) >> RCC_PLLCFGR_PLLQ_Pos) + 1U))
1054:Drivers/STM32G0xx_HAL_Driver/Inc/stm32g0xx_ll_rcc.h **** #endif /* RNG */
1055:Drivers/STM32G0xx_HAL_Driver/Inc/stm32g0xx_ll_rcc.h **** 
1056:Drivers/STM32G0xx_HAL_Driver/Inc/stm32g0xx_ll_rcc.h **** #if defined(RCC_PLLQ_SUPPORT)
1057:Drivers/STM32G0xx_HAL_Driver/Inc/stm32g0xx_ll_rcc.h **** /**
1058:Drivers/STM32G0xx_HAL_Driver/Inc/stm32g0xx_ll_rcc.h ****   * @brief  Helper macro to calculate the PLLQCLK frequency used on TIM1 domain
1059:Drivers/STM32G0xx_HAL_Driver/Inc/stm32g0xx_ll_rcc.h ****   * @note ex: @ref __LL_RCC_CALC_PLLCLK_TIM1_FREQ (HSE_VALUE,@ref LL_RCC_PLL_GetDivider (),
1060:Drivers/STM32G0xx_HAL_Driver/Inc/stm32g0xx_ll_rcc.h ****   *             @ref LL_RCC_PLL_GetN (), @ref LL_RCC_PLL_GetQ ());
1061:Drivers/STM32G0xx_HAL_Driver/Inc/stm32g0xx_ll_rcc.h ****   * @param  __INPUTFREQ__ PLL Input frequency (based on HSE/HSI)
1062:Drivers/STM32G0xx_HAL_Driver/Inc/stm32g0xx_ll_rcc.h ****   * @param  __PLLM__ This parameter can be one of the following values:
1063:Drivers/STM32G0xx_HAL_Driver/Inc/stm32g0xx_ll_rcc.h ****   *         @arg @ref LL_RCC_PLLM_DIV_1
1064:Drivers/STM32G0xx_HAL_Driver/Inc/stm32g0xx_ll_rcc.h ****   *         @arg @ref LL_RCC_PLLM_DIV_2
1065:Drivers/STM32G0xx_HAL_Driver/Inc/stm32g0xx_ll_rcc.h ****   *         @arg @ref LL_RCC_PLLM_DIV_3
1066:Drivers/STM32G0xx_HAL_Driver/Inc/stm32g0xx_ll_rcc.h ****   *         @arg @ref LL_RCC_PLLM_DIV_4
1067:Drivers/STM32G0xx_HAL_Driver/Inc/stm32g0xx_ll_rcc.h ****   *         @arg @ref LL_RCC_PLLM_DIV_5
1068:Drivers/STM32G0xx_HAL_Driver/Inc/stm32g0xx_ll_rcc.h ****   *         @arg @ref LL_RCC_PLLM_DIV_6
1069:Drivers/STM32G0xx_HAL_Driver/Inc/stm32g0xx_ll_rcc.h ****   *         @arg @ref LL_RCC_PLLM_DIV_7
1070:Drivers/STM32G0xx_HAL_Driver/Inc/stm32g0xx_ll_rcc.h ****   *         @arg @ref LL_RCC_PLLM_DIV_8
1071:Drivers/STM32G0xx_HAL_Driver/Inc/stm32g0xx_ll_rcc.h ****   * @param  __PLLN__ Between Min_Data = 8 and Max_Data = 86
1072:Drivers/STM32G0xx_HAL_Driver/Inc/stm32g0xx_ll_rcc.h ****   * @param  __PLLQ__ This parameter can be one of the following values:
1073:Drivers/STM32G0xx_HAL_Driver/Inc/stm32g0xx_ll_rcc.h ****   *         @arg @ref LL_RCC_PLLQ_DIV_2
1074:Drivers/STM32G0xx_HAL_Driver/Inc/stm32g0xx_ll_rcc.h ****   *         @arg @ref LL_RCC_PLLQ_DIV_3
1075:Drivers/STM32G0xx_HAL_Driver/Inc/stm32g0xx_ll_rcc.h ****   *         @arg @ref LL_RCC_PLLQ_DIV_4
1076:Drivers/STM32G0xx_HAL_Driver/Inc/stm32g0xx_ll_rcc.h ****   *         @arg @ref LL_RCC_PLLQ_DIV_5
1077:Drivers/STM32G0xx_HAL_Driver/Inc/stm32g0xx_ll_rcc.h ****   *         @arg @ref LL_RCC_PLLQ_DIV_6
1078:Drivers/STM32G0xx_HAL_Driver/Inc/stm32g0xx_ll_rcc.h ****   *         @arg @ref LL_RCC_PLLQ_DIV_7
1079:Drivers/STM32G0xx_HAL_Driver/Inc/stm32g0xx_ll_rcc.h ****   *         @arg @ref LL_RCC_PLLQ_DIV_8
1080:Drivers/STM32G0xx_HAL_Driver/Inc/stm32g0xx_ll_rcc.h ****   * @retval PLL clock frequency (in Hz)
1081:Drivers/STM32G0xx_HAL_Driver/Inc/stm32g0xx_ll_rcc.h ****   */
1082:Drivers/STM32G0xx_HAL_Driver/Inc/stm32g0xx_ll_rcc.h **** #define __LL_RCC_CALC_PLLCLK_TIM1_FREQ(__INPUTFREQ__, __PLLM__, __PLLN__, __PLLQ__) \
ARM GAS  C:\Users\Asus\AppData\Local\Temp\ccaANind.s 			page 83


1083:Drivers/STM32G0xx_HAL_Driver/Inc/stm32g0xx_ll_rcc.h ****   ((__INPUTFREQ__) * (__PLLN__) / ((((__PLLM__)>> RCC_PLLCFGR_PLLM_Pos) + 1U)) /    \
1084:Drivers/STM32G0xx_HAL_Driver/Inc/stm32g0xx_ll_rcc.h ****    (((__PLLQ__) >> RCC_PLLCFGR_PLLQ_Pos) + 1U))
1085:Drivers/STM32G0xx_HAL_Driver/Inc/stm32g0xx_ll_rcc.h **** #if defined(TIM15)
1086:Drivers/STM32G0xx_HAL_Driver/Inc/stm32g0xx_ll_rcc.h **** /**
1087:Drivers/STM32G0xx_HAL_Driver/Inc/stm32g0xx_ll_rcc.h ****   * @brief  Helper macro to calculate the PLLQCLK frequency used on TIM15 domain
1088:Drivers/STM32G0xx_HAL_Driver/Inc/stm32g0xx_ll_rcc.h ****   * @note ex: @ref __LL_RCC_CALC_PLLCLK_TIM15_FREQ (HSE_VALUE,@ref LL_RCC_PLL_GetDivider (),
1089:Drivers/STM32G0xx_HAL_Driver/Inc/stm32g0xx_ll_rcc.h ****   *             @ref LL_RCC_PLL_GetN (), @ref LL_RCC_PLL_GetQ ());
1090:Drivers/STM32G0xx_HAL_Driver/Inc/stm32g0xx_ll_rcc.h ****   * @param  __INPUTFREQ__ PLL Input frequency (based on HSE/HSI)
1091:Drivers/STM32G0xx_HAL_Driver/Inc/stm32g0xx_ll_rcc.h ****   * @param  __PLLM__ This parameter can be one of the following values:
1092:Drivers/STM32G0xx_HAL_Driver/Inc/stm32g0xx_ll_rcc.h ****   *         @arg @ref LL_RCC_PLLM_DIV_1
1093:Drivers/STM32G0xx_HAL_Driver/Inc/stm32g0xx_ll_rcc.h ****   *         @arg @ref LL_RCC_PLLM_DIV_2
1094:Drivers/STM32G0xx_HAL_Driver/Inc/stm32g0xx_ll_rcc.h ****   *         @arg @ref LL_RCC_PLLM_DIV_3
1095:Drivers/STM32G0xx_HAL_Driver/Inc/stm32g0xx_ll_rcc.h ****   *         @arg @ref LL_RCC_PLLM_DIV_4
1096:Drivers/STM32G0xx_HAL_Driver/Inc/stm32g0xx_ll_rcc.h ****   *         @arg @ref LL_RCC_PLLM_DIV_5
1097:Drivers/STM32G0xx_HAL_Driver/Inc/stm32g0xx_ll_rcc.h ****   *         @arg @ref LL_RCC_PLLM_DIV_6
1098:Drivers/STM32G0xx_HAL_Driver/Inc/stm32g0xx_ll_rcc.h ****   *         @arg @ref LL_RCC_PLLM_DIV_7
1099:Drivers/STM32G0xx_HAL_Driver/Inc/stm32g0xx_ll_rcc.h ****   *         @arg @ref LL_RCC_PLLM_DIV_8
1100:Drivers/STM32G0xx_HAL_Driver/Inc/stm32g0xx_ll_rcc.h ****   * @param  __PLLN__ Between Min_Data = 8 and Max_Data = 86
1101:Drivers/STM32G0xx_HAL_Driver/Inc/stm32g0xx_ll_rcc.h ****   * @param  __PLLQ__ This parameter can be one of the following values:
1102:Drivers/STM32G0xx_HAL_Driver/Inc/stm32g0xx_ll_rcc.h ****   *         @arg @ref LL_RCC_PLLQ_DIV_2
1103:Drivers/STM32G0xx_HAL_Driver/Inc/stm32g0xx_ll_rcc.h ****   *         @arg @ref LL_RCC_PLLQ_DIV_3
1104:Drivers/STM32G0xx_HAL_Driver/Inc/stm32g0xx_ll_rcc.h ****   *         @arg @ref LL_RCC_PLLQ_DIV_4
1105:Drivers/STM32G0xx_HAL_Driver/Inc/stm32g0xx_ll_rcc.h ****   *         @arg @ref LL_RCC_PLLQ_DIV_5
1106:Drivers/STM32G0xx_HAL_Driver/Inc/stm32g0xx_ll_rcc.h ****   *         @arg @ref LL_RCC_PLLQ_DIV_6
1107:Drivers/STM32G0xx_HAL_Driver/Inc/stm32g0xx_ll_rcc.h ****   *         @arg @ref LL_RCC_PLLQ_DIV_7
1108:Drivers/STM32G0xx_HAL_Driver/Inc/stm32g0xx_ll_rcc.h ****   *         @arg @ref LL_RCC_PLLQ_DIV_8
1109:Drivers/STM32G0xx_HAL_Driver/Inc/stm32g0xx_ll_rcc.h ****   * @retval PLL clock frequency (in Hz)
1110:Drivers/STM32G0xx_HAL_Driver/Inc/stm32g0xx_ll_rcc.h ****   */
1111:Drivers/STM32G0xx_HAL_Driver/Inc/stm32g0xx_ll_rcc.h **** #define __LL_RCC_CALC_PLLCLK_TIM15_FREQ(__INPUTFREQ__, __PLLM__, __PLLN__, __PLLQ__)  \
1112:Drivers/STM32G0xx_HAL_Driver/Inc/stm32g0xx_ll_rcc.h ****   ((__INPUTFREQ__) * (__PLLN__) / ((((__PLLM__)>> RCC_PLLCFGR_PLLM_Pos) + 1U)) /      \
1113:Drivers/STM32G0xx_HAL_Driver/Inc/stm32g0xx_ll_rcc.h ****    (((__PLLQ__) >> RCC_PLLCFGR_PLLQ_Pos) + 1U))
1114:Drivers/STM32G0xx_HAL_Driver/Inc/stm32g0xx_ll_rcc.h **** #endif /* TIM15 */
1115:Drivers/STM32G0xx_HAL_Driver/Inc/stm32g0xx_ll_rcc.h **** #endif /* RCC_PLLQ_SUPPORT */
1116:Drivers/STM32G0xx_HAL_Driver/Inc/stm32g0xx_ll_rcc.h **** 
1117:Drivers/STM32G0xx_HAL_Driver/Inc/stm32g0xx_ll_rcc.h **** #if defined(FDCAN1) || defined(FDCAN2)
1118:Drivers/STM32G0xx_HAL_Driver/Inc/stm32g0xx_ll_rcc.h **** /**
1119:Drivers/STM32G0xx_HAL_Driver/Inc/stm32g0xx_ll_rcc.h ****   * @brief  Helper macro to calculate the PLLQCLK frequency used on FDCAN domain
1120:Drivers/STM32G0xx_HAL_Driver/Inc/stm32g0xx_ll_rcc.h ****   * @note ex: @ref __LL_RCC_CALC_PLLCLK_FDCAN_FREQ (HSE_VALUE,@ref LL_RCC_PLL_GetDivider (),
1121:Drivers/STM32G0xx_HAL_Driver/Inc/stm32g0xx_ll_rcc.h ****   *             @ref LL_RCC_PLL_GetN (), @ref LL_RCC_PLL_GetQ ());
1122:Drivers/STM32G0xx_HAL_Driver/Inc/stm32g0xx_ll_rcc.h ****   * @param  __INPUTFREQ__ PLL Input frequency (based on HSE/HSI)
1123:Drivers/STM32G0xx_HAL_Driver/Inc/stm32g0xx_ll_rcc.h ****   * @param  __PLLM__ This parameter can be one of the following values:
1124:Drivers/STM32G0xx_HAL_Driver/Inc/stm32g0xx_ll_rcc.h ****   *         @arg @ref LL_RCC_PLLM_DIV_1
1125:Drivers/STM32G0xx_HAL_Driver/Inc/stm32g0xx_ll_rcc.h ****   *         @arg @ref LL_RCC_PLLM_DIV_2
1126:Drivers/STM32G0xx_HAL_Driver/Inc/stm32g0xx_ll_rcc.h ****   *         @arg @ref LL_RCC_PLLM_DIV_3
1127:Drivers/STM32G0xx_HAL_Driver/Inc/stm32g0xx_ll_rcc.h ****   *         @arg @ref LL_RCC_PLLM_DIV_4
1128:Drivers/STM32G0xx_HAL_Driver/Inc/stm32g0xx_ll_rcc.h ****   *         @arg @ref LL_RCC_PLLM_DIV_5
1129:Drivers/STM32G0xx_HAL_Driver/Inc/stm32g0xx_ll_rcc.h ****   *         @arg @ref LL_RCC_PLLM_DIV_6
1130:Drivers/STM32G0xx_HAL_Driver/Inc/stm32g0xx_ll_rcc.h ****   *         @arg @ref LL_RCC_PLLM_DIV_7
1131:Drivers/STM32G0xx_HAL_Driver/Inc/stm32g0xx_ll_rcc.h ****   *         @arg @ref LL_RCC_PLLM_DIV_8
1132:Drivers/STM32G0xx_HAL_Driver/Inc/stm32g0xx_ll_rcc.h ****   * @param  __PLLN__ Between Min_Data = 8 and Max_Data = 86
1133:Drivers/STM32G0xx_HAL_Driver/Inc/stm32g0xx_ll_rcc.h ****   * @param  __PLLQ__ This parameter can be one of the following values:
1134:Drivers/STM32G0xx_HAL_Driver/Inc/stm32g0xx_ll_rcc.h ****   *         @arg @ref LL_RCC_PLLQ_DIV_2
1135:Drivers/STM32G0xx_HAL_Driver/Inc/stm32g0xx_ll_rcc.h ****   *         @arg @ref LL_RCC_PLLQ_DIV_3
1136:Drivers/STM32G0xx_HAL_Driver/Inc/stm32g0xx_ll_rcc.h ****   *         @arg @ref LL_RCC_PLLQ_DIV_4
1137:Drivers/STM32G0xx_HAL_Driver/Inc/stm32g0xx_ll_rcc.h ****   *         @arg @ref LL_RCC_PLLQ_DIV_5
1138:Drivers/STM32G0xx_HAL_Driver/Inc/stm32g0xx_ll_rcc.h ****   *         @arg @ref LL_RCC_PLLQ_DIV_6
1139:Drivers/STM32G0xx_HAL_Driver/Inc/stm32g0xx_ll_rcc.h ****   *         @arg @ref LL_RCC_PLLQ_DIV_7
ARM GAS  C:\Users\Asus\AppData\Local\Temp\ccaANind.s 			page 84


1140:Drivers/STM32G0xx_HAL_Driver/Inc/stm32g0xx_ll_rcc.h ****   *         @arg @ref LL_RCC_PLLQ_DIV_8
1141:Drivers/STM32G0xx_HAL_Driver/Inc/stm32g0xx_ll_rcc.h ****   * @retval PLL clock frequency (in Hz)
1142:Drivers/STM32G0xx_HAL_Driver/Inc/stm32g0xx_ll_rcc.h ****   */
1143:Drivers/STM32G0xx_HAL_Driver/Inc/stm32g0xx_ll_rcc.h **** #define __LL_RCC_CALC_PLLCLK_FDCAN_FREQ(__INPUTFREQ__, __PLLM__, __PLLN__, __PLLQ__) \
1144:Drivers/STM32G0xx_HAL_Driver/Inc/stm32g0xx_ll_rcc.h ****   ((__INPUTFREQ__) * (__PLLN__) / ((((__PLLM__)>> RCC_PLLCFGR_PLLM_Pos) + 1U)) /     \
1145:Drivers/STM32G0xx_HAL_Driver/Inc/stm32g0xx_ll_rcc.h ****    (((__PLLQ__) >> RCC_PLLCFGR_PLLQ_Pos) + 1U))
1146:Drivers/STM32G0xx_HAL_Driver/Inc/stm32g0xx_ll_rcc.h **** #endif /* FDCAN1 || FDCAN2 */
1147:Drivers/STM32G0xx_HAL_Driver/Inc/stm32g0xx_ll_rcc.h **** 
1148:Drivers/STM32G0xx_HAL_Driver/Inc/stm32g0xx_ll_rcc.h **** #if defined(STM32G0C1xx) || defined(STM32G0B1xx) || defined(STM32G0B0xx)
1149:Drivers/STM32G0xx_HAL_Driver/Inc/stm32g0xx_ll_rcc.h **** /**
1150:Drivers/STM32G0xx_HAL_Driver/Inc/stm32g0xx_ll_rcc.h ****   * @brief  Helper macro to calculate the PLLQCLK frequency used on USB domain
1151:Drivers/STM32G0xx_HAL_Driver/Inc/stm32g0xx_ll_rcc.h ****   * @note ex: @ref __LL_RCC_CALC_PLLCLK_USB_FREQ (HSE_VALUE,@ref LL_RCC_PLL_GetDivider (),
1152:Drivers/STM32G0xx_HAL_Driver/Inc/stm32g0xx_ll_rcc.h ****   *             @ref LL_RCC_PLL_GetN (), @ref LL_RCC_PLL_GetQ ());
1153:Drivers/STM32G0xx_HAL_Driver/Inc/stm32g0xx_ll_rcc.h ****   * @param  __INPUTFREQ__ PLL Input frequency (based on HSE/HSI)
1154:Drivers/STM32G0xx_HAL_Driver/Inc/stm32g0xx_ll_rcc.h ****   * @param  __PLLM__ This parameter can be one of the following values:
1155:Drivers/STM32G0xx_HAL_Driver/Inc/stm32g0xx_ll_rcc.h ****   *         @arg @ref LL_RCC_PLLM_DIV_1
1156:Drivers/STM32G0xx_HAL_Driver/Inc/stm32g0xx_ll_rcc.h ****   *         @arg @ref LL_RCC_PLLM_DIV_2
1157:Drivers/STM32G0xx_HAL_Driver/Inc/stm32g0xx_ll_rcc.h ****   *         @arg @ref LL_RCC_PLLM_DIV_3
1158:Drivers/STM32G0xx_HAL_Driver/Inc/stm32g0xx_ll_rcc.h ****   *         @arg @ref LL_RCC_PLLM_DIV_4
1159:Drivers/STM32G0xx_HAL_Driver/Inc/stm32g0xx_ll_rcc.h ****   *         @arg @ref LL_RCC_PLLM_DIV_5
1160:Drivers/STM32G0xx_HAL_Driver/Inc/stm32g0xx_ll_rcc.h ****   *         @arg @ref LL_RCC_PLLM_DIV_6
1161:Drivers/STM32G0xx_HAL_Driver/Inc/stm32g0xx_ll_rcc.h ****   *         @arg @ref LL_RCC_PLLM_DIV_7
1162:Drivers/STM32G0xx_HAL_Driver/Inc/stm32g0xx_ll_rcc.h ****   *         @arg @ref LL_RCC_PLLM_DIV_8
1163:Drivers/STM32G0xx_HAL_Driver/Inc/stm32g0xx_ll_rcc.h ****   * @param  __PLLN__ Between Min_Data = 8 and Max_Data = 86
1164:Drivers/STM32G0xx_HAL_Driver/Inc/stm32g0xx_ll_rcc.h ****   * @param  __PLLQ__ This parameter can be one of the following values:
1165:Drivers/STM32G0xx_HAL_Driver/Inc/stm32g0xx_ll_rcc.h ****   *         @arg @ref LL_RCC_PLLQ_DIV_2
1166:Drivers/STM32G0xx_HAL_Driver/Inc/stm32g0xx_ll_rcc.h ****   *         @arg @ref LL_RCC_PLLQ_DIV_3
1167:Drivers/STM32G0xx_HAL_Driver/Inc/stm32g0xx_ll_rcc.h ****   *         @arg @ref LL_RCC_PLLQ_DIV_4
1168:Drivers/STM32G0xx_HAL_Driver/Inc/stm32g0xx_ll_rcc.h ****   *         @arg @ref LL_RCC_PLLQ_DIV_5
1169:Drivers/STM32G0xx_HAL_Driver/Inc/stm32g0xx_ll_rcc.h ****   *         @arg @ref LL_RCC_PLLQ_DIV_6
1170:Drivers/STM32G0xx_HAL_Driver/Inc/stm32g0xx_ll_rcc.h ****   *         @arg @ref LL_RCC_PLLQ_DIV_7
1171:Drivers/STM32G0xx_HAL_Driver/Inc/stm32g0xx_ll_rcc.h ****   *         @arg @ref LL_RCC_PLLQ_DIV_8
1172:Drivers/STM32G0xx_HAL_Driver/Inc/stm32g0xx_ll_rcc.h ****   * @retval PLL clock frequency (in Hz)
1173:Drivers/STM32G0xx_HAL_Driver/Inc/stm32g0xx_ll_rcc.h ****   */
1174:Drivers/STM32G0xx_HAL_Driver/Inc/stm32g0xx_ll_rcc.h **** #define __LL_RCC_CALC_PLLCLK_USB_FREQ(__INPUTFREQ__, __PLLM__, __PLLN__, __PLLQ__) \
1175:Drivers/STM32G0xx_HAL_Driver/Inc/stm32g0xx_ll_rcc.h ****   ((__INPUTFREQ__) * (__PLLN__) / ((((__PLLM__)>> RCC_PLLCFGR_PLLM_Pos) + 1U)) /   \
1176:Drivers/STM32G0xx_HAL_Driver/Inc/stm32g0xx_ll_rcc.h ****    (((__PLLQ__) >> RCC_PLLCFGR_PLLQ_Pos) + 1U))
1177:Drivers/STM32G0xx_HAL_Driver/Inc/stm32g0xx_ll_rcc.h **** #endif /* STM32G0C1xx || STM32G0B1xx || STM32G0B0xx */
1178:Drivers/STM32G0xx_HAL_Driver/Inc/stm32g0xx_ll_rcc.h **** 
1179:Drivers/STM32G0xx_HAL_Driver/Inc/stm32g0xx_ll_rcc.h **** /**
1180:Drivers/STM32G0xx_HAL_Driver/Inc/stm32g0xx_ll_rcc.h ****   * @brief  Helper macro to calculate the HCLK frequency
1181:Drivers/STM32G0xx_HAL_Driver/Inc/stm32g0xx_ll_rcc.h ****   * @param  __SYSCLKFREQ__ SYSCLK frequency (based on HSE/HSI/PLLCLK)
1182:Drivers/STM32G0xx_HAL_Driver/Inc/stm32g0xx_ll_rcc.h ****   * @param  __AHBPRESCALER__ This parameter can be one of the following values:
1183:Drivers/STM32G0xx_HAL_Driver/Inc/stm32g0xx_ll_rcc.h ****   *         @arg @ref LL_RCC_SYSCLK_DIV_1
1184:Drivers/STM32G0xx_HAL_Driver/Inc/stm32g0xx_ll_rcc.h ****   *         @arg @ref LL_RCC_SYSCLK_DIV_2
1185:Drivers/STM32G0xx_HAL_Driver/Inc/stm32g0xx_ll_rcc.h ****   *         @arg @ref LL_RCC_SYSCLK_DIV_4
1186:Drivers/STM32G0xx_HAL_Driver/Inc/stm32g0xx_ll_rcc.h ****   *         @arg @ref LL_RCC_SYSCLK_DIV_8
1187:Drivers/STM32G0xx_HAL_Driver/Inc/stm32g0xx_ll_rcc.h ****   *         @arg @ref LL_RCC_SYSCLK_DIV_16
1188:Drivers/STM32G0xx_HAL_Driver/Inc/stm32g0xx_ll_rcc.h ****   *         @arg @ref LL_RCC_SYSCLK_DIV_64
1189:Drivers/STM32G0xx_HAL_Driver/Inc/stm32g0xx_ll_rcc.h ****   *         @arg @ref LL_RCC_SYSCLK_DIV_128
1190:Drivers/STM32G0xx_HAL_Driver/Inc/stm32g0xx_ll_rcc.h ****   *         @arg @ref LL_RCC_SYSCLK_DIV_256
1191:Drivers/STM32G0xx_HAL_Driver/Inc/stm32g0xx_ll_rcc.h ****   *         @arg @ref LL_RCC_SYSCLK_DIV_512
1192:Drivers/STM32G0xx_HAL_Driver/Inc/stm32g0xx_ll_rcc.h ****   * @retval HCLK clock frequency (in Hz)
1193:Drivers/STM32G0xx_HAL_Driver/Inc/stm32g0xx_ll_rcc.h ****   */
1194:Drivers/STM32G0xx_HAL_Driver/Inc/stm32g0xx_ll_rcc.h **** #define __LL_RCC_CALC_HCLK_FREQ(__SYSCLKFREQ__,__AHBPRESCALER__)  \
1195:Drivers/STM32G0xx_HAL_Driver/Inc/stm32g0xx_ll_rcc.h ****   ((__SYSCLKFREQ__) >> (AHBPrescTable[((__AHBPRESCALER__) & RCC_CFGR_HPRE) >>  RCC_CFGR_HPRE_Pos] &
1196:Drivers/STM32G0xx_HAL_Driver/Inc/stm32g0xx_ll_rcc.h **** 
ARM GAS  C:\Users\Asus\AppData\Local\Temp\ccaANind.s 			page 85


1197:Drivers/STM32G0xx_HAL_Driver/Inc/stm32g0xx_ll_rcc.h **** /**
1198:Drivers/STM32G0xx_HAL_Driver/Inc/stm32g0xx_ll_rcc.h ****   * @brief  Helper macro to calculate the PCLK1 frequency (ABP1)
1199:Drivers/STM32G0xx_HAL_Driver/Inc/stm32g0xx_ll_rcc.h ****   * @param  __HCLKFREQ__ HCLK frequency
1200:Drivers/STM32G0xx_HAL_Driver/Inc/stm32g0xx_ll_rcc.h ****   * @param  __APB1PRESCALER__ This parameter can be one of the following values:
1201:Drivers/STM32G0xx_HAL_Driver/Inc/stm32g0xx_ll_rcc.h ****   *         @arg @ref LL_RCC_APB1_DIV_1
1202:Drivers/STM32G0xx_HAL_Driver/Inc/stm32g0xx_ll_rcc.h ****   *         @arg @ref LL_RCC_APB1_DIV_2
1203:Drivers/STM32G0xx_HAL_Driver/Inc/stm32g0xx_ll_rcc.h ****   *         @arg @ref LL_RCC_APB1_DIV_4
1204:Drivers/STM32G0xx_HAL_Driver/Inc/stm32g0xx_ll_rcc.h ****   *         @arg @ref LL_RCC_APB1_DIV_8
1205:Drivers/STM32G0xx_HAL_Driver/Inc/stm32g0xx_ll_rcc.h ****   *         @arg @ref LL_RCC_APB1_DIV_16
1206:Drivers/STM32G0xx_HAL_Driver/Inc/stm32g0xx_ll_rcc.h ****   * @retval PCLK1 clock frequency (in Hz)
1207:Drivers/STM32G0xx_HAL_Driver/Inc/stm32g0xx_ll_rcc.h ****   */
1208:Drivers/STM32G0xx_HAL_Driver/Inc/stm32g0xx_ll_rcc.h **** #define __LL_RCC_CALC_PCLK1_FREQ(__HCLKFREQ__, __APB1PRESCALER__)  \
1209:Drivers/STM32G0xx_HAL_Driver/Inc/stm32g0xx_ll_rcc.h ****   ((__HCLKFREQ__) >> (APBPrescTable[(__APB1PRESCALER__) >>  RCC_CFGR_PPRE_Pos] & 0x1FU))
1210:Drivers/STM32G0xx_HAL_Driver/Inc/stm32g0xx_ll_rcc.h **** 
1211:Drivers/STM32G0xx_HAL_Driver/Inc/stm32g0xx_ll_rcc.h **** /**
1212:Drivers/STM32G0xx_HAL_Driver/Inc/stm32g0xx_ll_rcc.h ****   * @brief  Helper macro to calculate the HSISYS frequency
1213:Drivers/STM32G0xx_HAL_Driver/Inc/stm32g0xx_ll_rcc.h ****   * @param  __HSIDIV__ This parameter can be one of the following values:
1214:Drivers/STM32G0xx_HAL_Driver/Inc/stm32g0xx_ll_rcc.h ****   *         @arg @ref LL_RCC_HSI_DIV_1
1215:Drivers/STM32G0xx_HAL_Driver/Inc/stm32g0xx_ll_rcc.h ****   *         @arg @ref LL_RCC_HSI_DIV_2
1216:Drivers/STM32G0xx_HAL_Driver/Inc/stm32g0xx_ll_rcc.h ****   *         @arg @ref LL_RCC_HSI_DIV_4
1217:Drivers/STM32G0xx_HAL_Driver/Inc/stm32g0xx_ll_rcc.h ****   *         @arg @ref LL_RCC_HSI_DIV_8
1218:Drivers/STM32G0xx_HAL_Driver/Inc/stm32g0xx_ll_rcc.h ****   *         @arg @ref LL_RCC_HSI_DIV_16
1219:Drivers/STM32G0xx_HAL_Driver/Inc/stm32g0xx_ll_rcc.h ****   *         @arg @ref LL_RCC_HSI_DIV_32
1220:Drivers/STM32G0xx_HAL_Driver/Inc/stm32g0xx_ll_rcc.h ****   *         @arg @ref LL_RCC_HSI_DIV_64
1221:Drivers/STM32G0xx_HAL_Driver/Inc/stm32g0xx_ll_rcc.h ****   *         @arg @ref LL_RCC_HSI_DIV_128
1222:Drivers/STM32G0xx_HAL_Driver/Inc/stm32g0xx_ll_rcc.h ****   * @retval HSISYS clock frequency (in Hz)
1223:Drivers/STM32G0xx_HAL_Driver/Inc/stm32g0xx_ll_rcc.h ****   */
1224:Drivers/STM32G0xx_HAL_Driver/Inc/stm32g0xx_ll_rcc.h **** #define __LL_RCC_CALC_HSI_FREQ(__HSIDIV__) (HSI_VALUE / (1U << ((__HSIDIV__)>> RCC_CR_HSIDIV_Pos)))
1225:Drivers/STM32G0xx_HAL_Driver/Inc/stm32g0xx_ll_rcc.h **** 
1226:Drivers/STM32G0xx_HAL_Driver/Inc/stm32g0xx_ll_rcc.h **** /**
1227:Drivers/STM32G0xx_HAL_Driver/Inc/stm32g0xx_ll_rcc.h ****   * @}
1228:Drivers/STM32G0xx_HAL_Driver/Inc/stm32g0xx_ll_rcc.h ****   */
1229:Drivers/STM32G0xx_HAL_Driver/Inc/stm32g0xx_ll_rcc.h **** 
1230:Drivers/STM32G0xx_HAL_Driver/Inc/stm32g0xx_ll_rcc.h **** /**
1231:Drivers/STM32G0xx_HAL_Driver/Inc/stm32g0xx_ll_rcc.h ****   * @}
1232:Drivers/STM32G0xx_HAL_Driver/Inc/stm32g0xx_ll_rcc.h ****   */
1233:Drivers/STM32G0xx_HAL_Driver/Inc/stm32g0xx_ll_rcc.h **** 
1234:Drivers/STM32G0xx_HAL_Driver/Inc/stm32g0xx_ll_rcc.h **** /* Exported functions --------------------------------------------------------*/
1235:Drivers/STM32G0xx_HAL_Driver/Inc/stm32g0xx_ll_rcc.h **** /** @defgroup RCC_LL_Exported_Functions RCC Exported Functions
1236:Drivers/STM32G0xx_HAL_Driver/Inc/stm32g0xx_ll_rcc.h ****   * @{
1237:Drivers/STM32G0xx_HAL_Driver/Inc/stm32g0xx_ll_rcc.h ****   */
1238:Drivers/STM32G0xx_HAL_Driver/Inc/stm32g0xx_ll_rcc.h **** 
1239:Drivers/STM32G0xx_HAL_Driver/Inc/stm32g0xx_ll_rcc.h **** /** @defgroup RCC_LL_EF_HSE HSE
1240:Drivers/STM32G0xx_HAL_Driver/Inc/stm32g0xx_ll_rcc.h ****   * @{
1241:Drivers/STM32G0xx_HAL_Driver/Inc/stm32g0xx_ll_rcc.h ****   */
1242:Drivers/STM32G0xx_HAL_Driver/Inc/stm32g0xx_ll_rcc.h **** 
1243:Drivers/STM32G0xx_HAL_Driver/Inc/stm32g0xx_ll_rcc.h **** /**
1244:Drivers/STM32G0xx_HAL_Driver/Inc/stm32g0xx_ll_rcc.h ****   * @brief  Enable the Clock Security System.
1245:Drivers/STM32G0xx_HAL_Driver/Inc/stm32g0xx_ll_rcc.h ****   * @rmtoll CR           CSSON         LL_RCC_HSE_EnableCSS
1246:Drivers/STM32G0xx_HAL_Driver/Inc/stm32g0xx_ll_rcc.h ****   * @retval None
1247:Drivers/STM32G0xx_HAL_Driver/Inc/stm32g0xx_ll_rcc.h ****   */
1248:Drivers/STM32G0xx_HAL_Driver/Inc/stm32g0xx_ll_rcc.h **** __STATIC_INLINE void LL_RCC_HSE_EnableCSS(void)
1249:Drivers/STM32G0xx_HAL_Driver/Inc/stm32g0xx_ll_rcc.h **** {
1250:Drivers/STM32G0xx_HAL_Driver/Inc/stm32g0xx_ll_rcc.h ****   SET_BIT(RCC->CR, RCC_CR_CSSON);
1251:Drivers/STM32G0xx_HAL_Driver/Inc/stm32g0xx_ll_rcc.h **** }
1252:Drivers/STM32G0xx_HAL_Driver/Inc/stm32g0xx_ll_rcc.h **** 
1253:Drivers/STM32G0xx_HAL_Driver/Inc/stm32g0xx_ll_rcc.h **** /**
ARM GAS  C:\Users\Asus\AppData\Local\Temp\ccaANind.s 			page 86


1254:Drivers/STM32G0xx_HAL_Driver/Inc/stm32g0xx_ll_rcc.h ****   * @brief  Enable HSE external oscillator (HSE Bypass)
1255:Drivers/STM32G0xx_HAL_Driver/Inc/stm32g0xx_ll_rcc.h ****   * @rmtoll CR           HSEBYP        LL_RCC_HSE_EnableBypass
1256:Drivers/STM32G0xx_HAL_Driver/Inc/stm32g0xx_ll_rcc.h ****   * @retval None
1257:Drivers/STM32G0xx_HAL_Driver/Inc/stm32g0xx_ll_rcc.h ****   */
1258:Drivers/STM32G0xx_HAL_Driver/Inc/stm32g0xx_ll_rcc.h **** __STATIC_INLINE void LL_RCC_HSE_EnableBypass(void)
1259:Drivers/STM32G0xx_HAL_Driver/Inc/stm32g0xx_ll_rcc.h **** {
1260:Drivers/STM32G0xx_HAL_Driver/Inc/stm32g0xx_ll_rcc.h ****   SET_BIT(RCC->CR, RCC_CR_HSEBYP);
1261:Drivers/STM32G0xx_HAL_Driver/Inc/stm32g0xx_ll_rcc.h **** }
1262:Drivers/STM32G0xx_HAL_Driver/Inc/stm32g0xx_ll_rcc.h **** 
1263:Drivers/STM32G0xx_HAL_Driver/Inc/stm32g0xx_ll_rcc.h **** /**
1264:Drivers/STM32G0xx_HAL_Driver/Inc/stm32g0xx_ll_rcc.h ****   * @brief  Disable HSE external oscillator (HSE Bypass)
1265:Drivers/STM32G0xx_HAL_Driver/Inc/stm32g0xx_ll_rcc.h ****   * @rmtoll CR           HSEBYP        LL_RCC_HSE_DisableBypass
1266:Drivers/STM32G0xx_HAL_Driver/Inc/stm32g0xx_ll_rcc.h ****   * @retval None
1267:Drivers/STM32G0xx_HAL_Driver/Inc/stm32g0xx_ll_rcc.h ****   */
1268:Drivers/STM32G0xx_HAL_Driver/Inc/stm32g0xx_ll_rcc.h **** __STATIC_INLINE void LL_RCC_HSE_DisableBypass(void)
1269:Drivers/STM32G0xx_HAL_Driver/Inc/stm32g0xx_ll_rcc.h **** {
1270:Drivers/STM32G0xx_HAL_Driver/Inc/stm32g0xx_ll_rcc.h ****   CLEAR_BIT(RCC->CR, RCC_CR_HSEBYP);
1271:Drivers/STM32G0xx_HAL_Driver/Inc/stm32g0xx_ll_rcc.h **** }
1272:Drivers/STM32G0xx_HAL_Driver/Inc/stm32g0xx_ll_rcc.h **** 
1273:Drivers/STM32G0xx_HAL_Driver/Inc/stm32g0xx_ll_rcc.h **** /**
1274:Drivers/STM32G0xx_HAL_Driver/Inc/stm32g0xx_ll_rcc.h ****   * @brief  Enable HSE crystal oscillator (HSE ON)
1275:Drivers/STM32G0xx_HAL_Driver/Inc/stm32g0xx_ll_rcc.h ****   * @rmtoll CR           HSEON         LL_RCC_HSE_Enable
1276:Drivers/STM32G0xx_HAL_Driver/Inc/stm32g0xx_ll_rcc.h ****   * @retval None
1277:Drivers/STM32G0xx_HAL_Driver/Inc/stm32g0xx_ll_rcc.h ****   */
1278:Drivers/STM32G0xx_HAL_Driver/Inc/stm32g0xx_ll_rcc.h **** __STATIC_INLINE void LL_RCC_HSE_Enable(void)
1279:Drivers/STM32G0xx_HAL_Driver/Inc/stm32g0xx_ll_rcc.h **** {
1280:Drivers/STM32G0xx_HAL_Driver/Inc/stm32g0xx_ll_rcc.h ****   SET_BIT(RCC->CR, RCC_CR_HSEON);
1281:Drivers/STM32G0xx_HAL_Driver/Inc/stm32g0xx_ll_rcc.h **** }
1282:Drivers/STM32G0xx_HAL_Driver/Inc/stm32g0xx_ll_rcc.h **** 
1283:Drivers/STM32G0xx_HAL_Driver/Inc/stm32g0xx_ll_rcc.h **** /**
1284:Drivers/STM32G0xx_HAL_Driver/Inc/stm32g0xx_ll_rcc.h ****   * @brief  Disable HSE crystal oscillator (HSE ON)
1285:Drivers/STM32G0xx_HAL_Driver/Inc/stm32g0xx_ll_rcc.h ****   * @rmtoll CR           HSEON         LL_RCC_HSE_Disable
1286:Drivers/STM32G0xx_HAL_Driver/Inc/stm32g0xx_ll_rcc.h ****   * @retval None
1287:Drivers/STM32G0xx_HAL_Driver/Inc/stm32g0xx_ll_rcc.h ****   */
1288:Drivers/STM32G0xx_HAL_Driver/Inc/stm32g0xx_ll_rcc.h **** __STATIC_INLINE void LL_RCC_HSE_Disable(void)
1289:Drivers/STM32G0xx_HAL_Driver/Inc/stm32g0xx_ll_rcc.h **** {
1290:Drivers/STM32G0xx_HAL_Driver/Inc/stm32g0xx_ll_rcc.h ****   CLEAR_BIT(RCC->CR, RCC_CR_HSEON);
1291:Drivers/STM32G0xx_HAL_Driver/Inc/stm32g0xx_ll_rcc.h **** }
1292:Drivers/STM32G0xx_HAL_Driver/Inc/stm32g0xx_ll_rcc.h **** 
1293:Drivers/STM32G0xx_HAL_Driver/Inc/stm32g0xx_ll_rcc.h **** /**
1294:Drivers/STM32G0xx_HAL_Driver/Inc/stm32g0xx_ll_rcc.h ****   * @brief  Check if HSE oscillator Ready
1295:Drivers/STM32G0xx_HAL_Driver/Inc/stm32g0xx_ll_rcc.h ****   * @rmtoll CR           HSERDY        LL_RCC_HSE_IsReady
1296:Drivers/STM32G0xx_HAL_Driver/Inc/stm32g0xx_ll_rcc.h ****   * @retval State of bit (1 or 0).
1297:Drivers/STM32G0xx_HAL_Driver/Inc/stm32g0xx_ll_rcc.h ****   */
1298:Drivers/STM32G0xx_HAL_Driver/Inc/stm32g0xx_ll_rcc.h **** __STATIC_INLINE uint32_t LL_RCC_HSE_IsReady(void)
1299:Drivers/STM32G0xx_HAL_Driver/Inc/stm32g0xx_ll_rcc.h **** {
1300:Drivers/STM32G0xx_HAL_Driver/Inc/stm32g0xx_ll_rcc.h ****   return ((READ_BIT(RCC->CR, RCC_CR_HSERDY) == (RCC_CR_HSERDY)) ? 1UL : 0UL);
1301:Drivers/STM32G0xx_HAL_Driver/Inc/stm32g0xx_ll_rcc.h **** }
1302:Drivers/STM32G0xx_HAL_Driver/Inc/stm32g0xx_ll_rcc.h **** 
1303:Drivers/STM32G0xx_HAL_Driver/Inc/stm32g0xx_ll_rcc.h **** /**
1304:Drivers/STM32G0xx_HAL_Driver/Inc/stm32g0xx_ll_rcc.h ****   * @}
1305:Drivers/STM32G0xx_HAL_Driver/Inc/stm32g0xx_ll_rcc.h ****   */
1306:Drivers/STM32G0xx_HAL_Driver/Inc/stm32g0xx_ll_rcc.h **** 
1307:Drivers/STM32G0xx_HAL_Driver/Inc/stm32g0xx_ll_rcc.h **** /** @defgroup RCC_LL_EF_HSI HSI
1308:Drivers/STM32G0xx_HAL_Driver/Inc/stm32g0xx_ll_rcc.h ****   * @{
1309:Drivers/STM32G0xx_HAL_Driver/Inc/stm32g0xx_ll_rcc.h ****   */
1310:Drivers/STM32G0xx_HAL_Driver/Inc/stm32g0xx_ll_rcc.h **** 
ARM GAS  C:\Users\Asus\AppData\Local\Temp\ccaANind.s 			page 87


1311:Drivers/STM32G0xx_HAL_Driver/Inc/stm32g0xx_ll_rcc.h **** /**
1312:Drivers/STM32G0xx_HAL_Driver/Inc/stm32g0xx_ll_rcc.h ****   * @brief  Enable HSI even in stop mode
1313:Drivers/STM32G0xx_HAL_Driver/Inc/stm32g0xx_ll_rcc.h ****   * @note HSI oscillator is forced ON even in Stop mode
1314:Drivers/STM32G0xx_HAL_Driver/Inc/stm32g0xx_ll_rcc.h ****   * @rmtoll CR           HSIKERON      LL_RCC_HSI_EnableInStopMode
1315:Drivers/STM32G0xx_HAL_Driver/Inc/stm32g0xx_ll_rcc.h ****   * @retval None
1316:Drivers/STM32G0xx_HAL_Driver/Inc/stm32g0xx_ll_rcc.h ****   */
1317:Drivers/STM32G0xx_HAL_Driver/Inc/stm32g0xx_ll_rcc.h **** __STATIC_INLINE void LL_RCC_HSI_EnableInStopMode(void)
1318:Drivers/STM32G0xx_HAL_Driver/Inc/stm32g0xx_ll_rcc.h **** {
1319:Drivers/STM32G0xx_HAL_Driver/Inc/stm32g0xx_ll_rcc.h ****   SET_BIT(RCC->CR, RCC_CR_HSIKERON);
1320:Drivers/STM32G0xx_HAL_Driver/Inc/stm32g0xx_ll_rcc.h **** }
1321:Drivers/STM32G0xx_HAL_Driver/Inc/stm32g0xx_ll_rcc.h **** 
1322:Drivers/STM32G0xx_HAL_Driver/Inc/stm32g0xx_ll_rcc.h **** /**
1323:Drivers/STM32G0xx_HAL_Driver/Inc/stm32g0xx_ll_rcc.h ****   * @brief  Disable HSI in stop mode
1324:Drivers/STM32G0xx_HAL_Driver/Inc/stm32g0xx_ll_rcc.h ****   * @rmtoll CR           HSIKERON      LL_RCC_HSI_DisableInStopMode
1325:Drivers/STM32G0xx_HAL_Driver/Inc/stm32g0xx_ll_rcc.h ****   * @retval None
1326:Drivers/STM32G0xx_HAL_Driver/Inc/stm32g0xx_ll_rcc.h ****   */
1327:Drivers/STM32G0xx_HAL_Driver/Inc/stm32g0xx_ll_rcc.h **** __STATIC_INLINE void LL_RCC_HSI_DisableInStopMode(void)
1328:Drivers/STM32G0xx_HAL_Driver/Inc/stm32g0xx_ll_rcc.h **** {
1329:Drivers/STM32G0xx_HAL_Driver/Inc/stm32g0xx_ll_rcc.h ****   CLEAR_BIT(RCC->CR, RCC_CR_HSIKERON);
1330:Drivers/STM32G0xx_HAL_Driver/Inc/stm32g0xx_ll_rcc.h **** }
1331:Drivers/STM32G0xx_HAL_Driver/Inc/stm32g0xx_ll_rcc.h **** 
1332:Drivers/STM32G0xx_HAL_Driver/Inc/stm32g0xx_ll_rcc.h **** /**
1333:Drivers/STM32G0xx_HAL_Driver/Inc/stm32g0xx_ll_rcc.h ****   * @brief  Check if HSI in stop mode is enabled
1334:Drivers/STM32G0xx_HAL_Driver/Inc/stm32g0xx_ll_rcc.h ****   * @rmtoll CR           HSIKERON        LL_RCC_HSI_IsEnabledInStopMode
1335:Drivers/STM32G0xx_HAL_Driver/Inc/stm32g0xx_ll_rcc.h ****   * @retval State of bit (1 or 0).
1336:Drivers/STM32G0xx_HAL_Driver/Inc/stm32g0xx_ll_rcc.h ****   */
1337:Drivers/STM32G0xx_HAL_Driver/Inc/stm32g0xx_ll_rcc.h **** __STATIC_INLINE uint32_t LL_RCC_HSI_IsEnabledInStopMode(void)
1338:Drivers/STM32G0xx_HAL_Driver/Inc/stm32g0xx_ll_rcc.h **** {
1339:Drivers/STM32G0xx_HAL_Driver/Inc/stm32g0xx_ll_rcc.h ****   return ((READ_BIT(RCC->CR, RCC_CR_HSIKERON) == (RCC_CR_HSIKERON)) ? 1UL : 0UL);
1340:Drivers/STM32G0xx_HAL_Driver/Inc/stm32g0xx_ll_rcc.h **** }
1341:Drivers/STM32G0xx_HAL_Driver/Inc/stm32g0xx_ll_rcc.h **** 
1342:Drivers/STM32G0xx_HAL_Driver/Inc/stm32g0xx_ll_rcc.h **** /**
1343:Drivers/STM32G0xx_HAL_Driver/Inc/stm32g0xx_ll_rcc.h ****   * @brief  Enable HSI oscillator
1344:Drivers/STM32G0xx_HAL_Driver/Inc/stm32g0xx_ll_rcc.h ****   * @rmtoll CR           HSION         LL_RCC_HSI_Enable
1345:Drivers/STM32G0xx_HAL_Driver/Inc/stm32g0xx_ll_rcc.h ****   * @retval None
1346:Drivers/STM32G0xx_HAL_Driver/Inc/stm32g0xx_ll_rcc.h ****   */
1347:Drivers/STM32G0xx_HAL_Driver/Inc/stm32g0xx_ll_rcc.h **** __STATIC_INLINE void LL_RCC_HSI_Enable(void)
1348:Drivers/STM32G0xx_HAL_Driver/Inc/stm32g0xx_ll_rcc.h **** {
1349:Drivers/STM32G0xx_HAL_Driver/Inc/stm32g0xx_ll_rcc.h ****   SET_BIT(RCC->CR, RCC_CR_HSION);
1350:Drivers/STM32G0xx_HAL_Driver/Inc/stm32g0xx_ll_rcc.h **** }
1351:Drivers/STM32G0xx_HAL_Driver/Inc/stm32g0xx_ll_rcc.h **** 
1352:Drivers/STM32G0xx_HAL_Driver/Inc/stm32g0xx_ll_rcc.h **** /**
1353:Drivers/STM32G0xx_HAL_Driver/Inc/stm32g0xx_ll_rcc.h ****   * @brief  Disable HSI oscillator
1354:Drivers/STM32G0xx_HAL_Driver/Inc/stm32g0xx_ll_rcc.h ****   * @rmtoll CR           HSION         LL_RCC_HSI_Disable
1355:Drivers/STM32G0xx_HAL_Driver/Inc/stm32g0xx_ll_rcc.h ****   * @retval None
1356:Drivers/STM32G0xx_HAL_Driver/Inc/stm32g0xx_ll_rcc.h ****   */
1357:Drivers/STM32G0xx_HAL_Driver/Inc/stm32g0xx_ll_rcc.h **** __STATIC_INLINE void LL_RCC_HSI_Disable(void)
1358:Drivers/STM32G0xx_HAL_Driver/Inc/stm32g0xx_ll_rcc.h **** {
1359:Drivers/STM32G0xx_HAL_Driver/Inc/stm32g0xx_ll_rcc.h ****   CLEAR_BIT(RCC->CR, RCC_CR_HSION);
1360:Drivers/STM32G0xx_HAL_Driver/Inc/stm32g0xx_ll_rcc.h **** }
1361:Drivers/STM32G0xx_HAL_Driver/Inc/stm32g0xx_ll_rcc.h **** 
1362:Drivers/STM32G0xx_HAL_Driver/Inc/stm32g0xx_ll_rcc.h **** /**
1363:Drivers/STM32G0xx_HAL_Driver/Inc/stm32g0xx_ll_rcc.h ****   * @brief  Check if HSI clock is ready
1364:Drivers/STM32G0xx_HAL_Driver/Inc/stm32g0xx_ll_rcc.h ****   * @rmtoll CR           HSIRDY        LL_RCC_HSI_IsReady
1365:Drivers/STM32G0xx_HAL_Driver/Inc/stm32g0xx_ll_rcc.h ****   * @retval State of bit (1 or 0).
1366:Drivers/STM32G0xx_HAL_Driver/Inc/stm32g0xx_ll_rcc.h ****   */
1367:Drivers/STM32G0xx_HAL_Driver/Inc/stm32g0xx_ll_rcc.h **** __STATIC_INLINE uint32_t LL_RCC_HSI_IsReady(void)
ARM GAS  C:\Users\Asus\AppData\Local\Temp\ccaANind.s 			page 88


1368:Drivers/STM32G0xx_HAL_Driver/Inc/stm32g0xx_ll_rcc.h **** {
1369:Drivers/STM32G0xx_HAL_Driver/Inc/stm32g0xx_ll_rcc.h ****   return ((READ_BIT(RCC->CR, RCC_CR_HSIRDY) == (RCC_CR_HSIRDY)) ? 1UL : 0UL);
1370:Drivers/STM32G0xx_HAL_Driver/Inc/stm32g0xx_ll_rcc.h **** }
1371:Drivers/STM32G0xx_HAL_Driver/Inc/stm32g0xx_ll_rcc.h **** 
1372:Drivers/STM32G0xx_HAL_Driver/Inc/stm32g0xx_ll_rcc.h **** /**
1373:Drivers/STM32G0xx_HAL_Driver/Inc/stm32g0xx_ll_rcc.h ****   * @brief  Get HSI Calibration value
1374:Drivers/STM32G0xx_HAL_Driver/Inc/stm32g0xx_ll_rcc.h ****   * @note When HSITRIM is written, HSICAL is updated with the sum of
1375:Drivers/STM32G0xx_HAL_Driver/Inc/stm32g0xx_ll_rcc.h ****   *       HSITRIM and the factory trim value
1376:Drivers/STM32G0xx_HAL_Driver/Inc/stm32g0xx_ll_rcc.h ****   * @rmtoll ICSCR        HSICAL        LL_RCC_HSI_GetCalibration
1377:Drivers/STM32G0xx_HAL_Driver/Inc/stm32g0xx_ll_rcc.h ****   * @retval Between Min_Data = 0x00 and Max_Data = 0xFF
1378:Drivers/STM32G0xx_HAL_Driver/Inc/stm32g0xx_ll_rcc.h ****   */
1379:Drivers/STM32G0xx_HAL_Driver/Inc/stm32g0xx_ll_rcc.h **** __STATIC_INLINE uint32_t LL_RCC_HSI_GetCalibration(void)
1380:Drivers/STM32G0xx_HAL_Driver/Inc/stm32g0xx_ll_rcc.h **** {
1381:Drivers/STM32G0xx_HAL_Driver/Inc/stm32g0xx_ll_rcc.h ****   return (uint32_t)(READ_BIT(RCC->ICSCR, RCC_ICSCR_HSICAL) >> RCC_ICSCR_HSICAL_Pos);
1382:Drivers/STM32G0xx_HAL_Driver/Inc/stm32g0xx_ll_rcc.h **** }
1383:Drivers/STM32G0xx_HAL_Driver/Inc/stm32g0xx_ll_rcc.h **** 
1384:Drivers/STM32G0xx_HAL_Driver/Inc/stm32g0xx_ll_rcc.h **** /**
1385:Drivers/STM32G0xx_HAL_Driver/Inc/stm32g0xx_ll_rcc.h ****   * @brief  Set HSI Calibration trimming
1386:Drivers/STM32G0xx_HAL_Driver/Inc/stm32g0xx_ll_rcc.h ****   * @note user-programmable trimming value that is added to the HSICAL
1387:Drivers/STM32G0xx_HAL_Driver/Inc/stm32g0xx_ll_rcc.h ****   * @note Default value is 64, which, when added to the HSICAL value,
1388:Drivers/STM32G0xx_HAL_Driver/Inc/stm32g0xx_ll_rcc.h ****   *       should trim the HSI to 16 MHz +/- 1 %
1389:Drivers/STM32G0xx_HAL_Driver/Inc/stm32g0xx_ll_rcc.h ****   * @rmtoll ICSCR        HSITRIM       LL_RCC_HSI_SetCalibTrimming
1390:Drivers/STM32G0xx_HAL_Driver/Inc/stm32g0xx_ll_rcc.h ****   * @param  Value Between Min_Data = 0 and Max_Data = 127
1391:Drivers/STM32G0xx_HAL_Driver/Inc/stm32g0xx_ll_rcc.h ****   * @retval None
1392:Drivers/STM32G0xx_HAL_Driver/Inc/stm32g0xx_ll_rcc.h ****   */
1393:Drivers/STM32G0xx_HAL_Driver/Inc/stm32g0xx_ll_rcc.h **** __STATIC_INLINE void LL_RCC_HSI_SetCalibTrimming(uint32_t Value)
1394:Drivers/STM32G0xx_HAL_Driver/Inc/stm32g0xx_ll_rcc.h **** {
1395:Drivers/STM32G0xx_HAL_Driver/Inc/stm32g0xx_ll_rcc.h ****   MODIFY_REG(RCC->ICSCR, RCC_ICSCR_HSITRIM, Value << RCC_ICSCR_HSITRIM_Pos);
1396:Drivers/STM32G0xx_HAL_Driver/Inc/stm32g0xx_ll_rcc.h **** }
1397:Drivers/STM32G0xx_HAL_Driver/Inc/stm32g0xx_ll_rcc.h **** 
1398:Drivers/STM32G0xx_HAL_Driver/Inc/stm32g0xx_ll_rcc.h **** /**
1399:Drivers/STM32G0xx_HAL_Driver/Inc/stm32g0xx_ll_rcc.h ****   * @brief  Get HSI Calibration trimming
1400:Drivers/STM32G0xx_HAL_Driver/Inc/stm32g0xx_ll_rcc.h ****   * @rmtoll ICSCR        HSITRIM       LL_RCC_HSI_GetCalibTrimming
1401:Drivers/STM32G0xx_HAL_Driver/Inc/stm32g0xx_ll_rcc.h ****   * @retval Between Min_Data = 0 and Max_Data = 127
1402:Drivers/STM32G0xx_HAL_Driver/Inc/stm32g0xx_ll_rcc.h ****   */
1403:Drivers/STM32G0xx_HAL_Driver/Inc/stm32g0xx_ll_rcc.h **** __STATIC_INLINE uint32_t LL_RCC_HSI_GetCalibTrimming(void)
1404:Drivers/STM32G0xx_HAL_Driver/Inc/stm32g0xx_ll_rcc.h **** {
1405:Drivers/STM32G0xx_HAL_Driver/Inc/stm32g0xx_ll_rcc.h ****   return (uint32_t)(READ_BIT(RCC->ICSCR, RCC_ICSCR_HSITRIM) >> RCC_ICSCR_HSITRIM_Pos);
1406:Drivers/STM32G0xx_HAL_Driver/Inc/stm32g0xx_ll_rcc.h **** }
1407:Drivers/STM32G0xx_HAL_Driver/Inc/stm32g0xx_ll_rcc.h **** 
1408:Drivers/STM32G0xx_HAL_Driver/Inc/stm32g0xx_ll_rcc.h **** /**
1409:Drivers/STM32G0xx_HAL_Driver/Inc/stm32g0xx_ll_rcc.h ****   * @}
1410:Drivers/STM32G0xx_HAL_Driver/Inc/stm32g0xx_ll_rcc.h ****   */
1411:Drivers/STM32G0xx_HAL_Driver/Inc/stm32g0xx_ll_rcc.h **** 
1412:Drivers/STM32G0xx_HAL_Driver/Inc/stm32g0xx_ll_rcc.h **** #if defined(RCC_HSI48_SUPPORT)
1413:Drivers/STM32G0xx_HAL_Driver/Inc/stm32g0xx_ll_rcc.h **** /** @defgroup RCC_LL_EF_HSI48 HSI48
1414:Drivers/STM32G0xx_HAL_Driver/Inc/stm32g0xx_ll_rcc.h ****   * @{
1415:Drivers/STM32G0xx_HAL_Driver/Inc/stm32g0xx_ll_rcc.h ****   */
1416:Drivers/STM32G0xx_HAL_Driver/Inc/stm32g0xx_ll_rcc.h **** 
1417:Drivers/STM32G0xx_HAL_Driver/Inc/stm32g0xx_ll_rcc.h **** /**
1418:Drivers/STM32G0xx_HAL_Driver/Inc/stm32g0xx_ll_rcc.h ****   * @brief  Enable HSI48
1419:Drivers/STM32G0xx_HAL_Driver/Inc/stm32g0xx_ll_rcc.h ****   * @rmtoll CR         HSI48ON       LL_RCC_HSI48_Enable
1420:Drivers/STM32G0xx_HAL_Driver/Inc/stm32g0xx_ll_rcc.h ****   * @retval None
1421:Drivers/STM32G0xx_HAL_Driver/Inc/stm32g0xx_ll_rcc.h ****   */
1422:Drivers/STM32G0xx_HAL_Driver/Inc/stm32g0xx_ll_rcc.h **** __STATIC_INLINE void LL_RCC_HSI48_Enable(void)
1423:Drivers/STM32G0xx_HAL_Driver/Inc/stm32g0xx_ll_rcc.h **** {
1424:Drivers/STM32G0xx_HAL_Driver/Inc/stm32g0xx_ll_rcc.h ****   SET_BIT(RCC->CR, RCC_CR_HSI48ON);
ARM GAS  C:\Users\Asus\AppData\Local\Temp\ccaANind.s 			page 89


1425:Drivers/STM32G0xx_HAL_Driver/Inc/stm32g0xx_ll_rcc.h **** }
1426:Drivers/STM32G0xx_HAL_Driver/Inc/stm32g0xx_ll_rcc.h **** 
1427:Drivers/STM32G0xx_HAL_Driver/Inc/stm32g0xx_ll_rcc.h **** /**
1428:Drivers/STM32G0xx_HAL_Driver/Inc/stm32g0xx_ll_rcc.h ****   * @brief  Disable HSI48
1429:Drivers/STM32G0xx_HAL_Driver/Inc/stm32g0xx_ll_rcc.h ****   * @rmtoll CR          HSI48ON       LL_RCC_HSI48_Disable
1430:Drivers/STM32G0xx_HAL_Driver/Inc/stm32g0xx_ll_rcc.h ****   * @retval None
1431:Drivers/STM32G0xx_HAL_Driver/Inc/stm32g0xx_ll_rcc.h ****   */
1432:Drivers/STM32G0xx_HAL_Driver/Inc/stm32g0xx_ll_rcc.h **** __STATIC_INLINE void LL_RCC_HSI48_Disable(void)
1433:Drivers/STM32G0xx_HAL_Driver/Inc/stm32g0xx_ll_rcc.h **** {
1434:Drivers/STM32G0xx_HAL_Driver/Inc/stm32g0xx_ll_rcc.h ****   CLEAR_BIT(RCC->CR, RCC_CR_HSI48ON);
1435:Drivers/STM32G0xx_HAL_Driver/Inc/stm32g0xx_ll_rcc.h **** }
1436:Drivers/STM32G0xx_HAL_Driver/Inc/stm32g0xx_ll_rcc.h **** 
1437:Drivers/STM32G0xx_HAL_Driver/Inc/stm32g0xx_ll_rcc.h **** /**
1438:Drivers/STM32G0xx_HAL_Driver/Inc/stm32g0xx_ll_rcc.h ****   * @brief  Check if HSI48 oscillator Ready
1439:Drivers/STM32G0xx_HAL_Driver/Inc/stm32g0xx_ll_rcc.h ****   * @rmtoll CR          HSI48RDY      LL_RCC_HSI48_IsReady
1440:Drivers/STM32G0xx_HAL_Driver/Inc/stm32g0xx_ll_rcc.h ****   * @retval State of bit (1 or 0).
1441:Drivers/STM32G0xx_HAL_Driver/Inc/stm32g0xx_ll_rcc.h ****   */
1442:Drivers/STM32G0xx_HAL_Driver/Inc/stm32g0xx_ll_rcc.h **** __STATIC_INLINE uint32_t LL_RCC_HSI48_IsReady(void)
1443:Drivers/STM32G0xx_HAL_Driver/Inc/stm32g0xx_ll_rcc.h **** {
1444:Drivers/STM32G0xx_HAL_Driver/Inc/stm32g0xx_ll_rcc.h ****   return ((READ_BIT(RCC->CR, RCC_CR_HSI48RDY) == RCC_CR_HSI48RDY) ? 1UL : 0UL);
1445:Drivers/STM32G0xx_HAL_Driver/Inc/stm32g0xx_ll_rcc.h **** }
1446:Drivers/STM32G0xx_HAL_Driver/Inc/stm32g0xx_ll_rcc.h **** 
1447:Drivers/STM32G0xx_HAL_Driver/Inc/stm32g0xx_ll_rcc.h **** /**
1448:Drivers/STM32G0xx_HAL_Driver/Inc/stm32g0xx_ll_rcc.h ****   * @brief  Get HSI48 Calibration value
1449:Drivers/STM32G0xx_HAL_Driver/Inc/stm32g0xx_ll_rcc.h ****   * @rmtoll CRRCR          HSI48CAL      LL_RCC_HSI48_GetCalibration
1450:Drivers/STM32G0xx_HAL_Driver/Inc/stm32g0xx_ll_rcc.h ****   * @retval Between Min_Data = 0x00 and Max_Data = 0x1FF
1451:Drivers/STM32G0xx_HAL_Driver/Inc/stm32g0xx_ll_rcc.h ****   */
1452:Drivers/STM32G0xx_HAL_Driver/Inc/stm32g0xx_ll_rcc.h **** __STATIC_INLINE uint32_t LL_RCC_HSI48_GetCalibration(void)
1453:Drivers/STM32G0xx_HAL_Driver/Inc/stm32g0xx_ll_rcc.h **** {
1454:Drivers/STM32G0xx_HAL_Driver/Inc/stm32g0xx_ll_rcc.h ****   return (uint32_t)(READ_BIT(RCC->CRRCR, RCC_CRRCR_HSI48CAL) >> RCC_CRRCR_HSI48CAL_Pos);
1455:Drivers/STM32G0xx_HAL_Driver/Inc/stm32g0xx_ll_rcc.h **** }
1456:Drivers/STM32G0xx_HAL_Driver/Inc/stm32g0xx_ll_rcc.h **** 
1457:Drivers/STM32G0xx_HAL_Driver/Inc/stm32g0xx_ll_rcc.h **** /**
1458:Drivers/STM32G0xx_HAL_Driver/Inc/stm32g0xx_ll_rcc.h ****   * @}
1459:Drivers/STM32G0xx_HAL_Driver/Inc/stm32g0xx_ll_rcc.h ****   */
1460:Drivers/STM32G0xx_HAL_Driver/Inc/stm32g0xx_ll_rcc.h **** #endif /* RCC_HSI48_SUPPORT */
1461:Drivers/STM32G0xx_HAL_Driver/Inc/stm32g0xx_ll_rcc.h **** 
1462:Drivers/STM32G0xx_HAL_Driver/Inc/stm32g0xx_ll_rcc.h **** /** @defgroup RCC_LL_EF_LSE LSE
1463:Drivers/STM32G0xx_HAL_Driver/Inc/stm32g0xx_ll_rcc.h ****   * @{
1464:Drivers/STM32G0xx_HAL_Driver/Inc/stm32g0xx_ll_rcc.h ****   */
1465:Drivers/STM32G0xx_HAL_Driver/Inc/stm32g0xx_ll_rcc.h **** 
1466:Drivers/STM32G0xx_HAL_Driver/Inc/stm32g0xx_ll_rcc.h **** /**
1467:Drivers/STM32G0xx_HAL_Driver/Inc/stm32g0xx_ll_rcc.h ****   * @brief  Enable  Low Speed External (LSE) crystal.
1468:Drivers/STM32G0xx_HAL_Driver/Inc/stm32g0xx_ll_rcc.h ****   * @rmtoll BDCR         LSEON         LL_RCC_LSE_Enable
1469:Drivers/STM32G0xx_HAL_Driver/Inc/stm32g0xx_ll_rcc.h ****   * @retval None
1470:Drivers/STM32G0xx_HAL_Driver/Inc/stm32g0xx_ll_rcc.h ****   */
1471:Drivers/STM32G0xx_HAL_Driver/Inc/stm32g0xx_ll_rcc.h **** __STATIC_INLINE void LL_RCC_LSE_Enable(void)
1472:Drivers/STM32G0xx_HAL_Driver/Inc/stm32g0xx_ll_rcc.h **** {
1473:Drivers/STM32G0xx_HAL_Driver/Inc/stm32g0xx_ll_rcc.h ****   SET_BIT(RCC->BDCR, RCC_BDCR_LSEON);
1474:Drivers/STM32G0xx_HAL_Driver/Inc/stm32g0xx_ll_rcc.h **** }
1475:Drivers/STM32G0xx_HAL_Driver/Inc/stm32g0xx_ll_rcc.h **** 
1476:Drivers/STM32G0xx_HAL_Driver/Inc/stm32g0xx_ll_rcc.h **** /**
1477:Drivers/STM32G0xx_HAL_Driver/Inc/stm32g0xx_ll_rcc.h ****   * @brief  Disable  Low Speed External (LSE) crystal.
1478:Drivers/STM32G0xx_HAL_Driver/Inc/stm32g0xx_ll_rcc.h ****   * @rmtoll BDCR         LSEON         LL_RCC_LSE_Disable
1479:Drivers/STM32G0xx_HAL_Driver/Inc/stm32g0xx_ll_rcc.h ****   * @retval None
1480:Drivers/STM32G0xx_HAL_Driver/Inc/stm32g0xx_ll_rcc.h ****   */
1481:Drivers/STM32G0xx_HAL_Driver/Inc/stm32g0xx_ll_rcc.h **** __STATIC_INLINE void LL_RCC_LSE_Disable(void)
ARM GAS  C:\Users\Asus\AppData\Local\Temp\ccaANind.s 			page 90


1482:Drivers/STM32G0xx_HAL_Driver/Inc/stm32g0xx_ll_rcc.h **** {
1483:Drivers/STM32G0xx_HAL_Driver/Inc/stm32g0xx_ll_rcc.h ****   CLEAR_BIT(RCC->BDCR, RCC_BDCR_LSEON);
1484:Drivers/STM32G0xx_HAL_Driver/Inc/stm32g0xx_ll_rcc.h **** }
1485:Drivers/STM32G0xx_HAL_Driver/Inc/stm32g0xx_ll_rcc.h **** 
1486:Drivers/STM32G0xx_HAL_Driver/Inc/stm32g0xx_ll_rcc.h **** /**
1487:Drivers/STM32G0xx_HAL_Driver/Inc/stm32g0xx_ll_rcc.h ****   * @brief  Enable external clock source (LSE bypass).
1488:Drivers/STM32G0xx_HAL_Driver/Inc/stm32g0xx_ll_rcc.h ****   * @rmtoll BDCR         LSEBYP        LL_RCC_LSE_EnableBypass
1489:Drivers/STM32G0xx_HAL_Driver/Inc/stm32g0xx_ll_rcc.h ****   * @retval None
1490:Drivers/STM32G0xx_HAL_Driver/Inc/stm32g0xx_ll_rcc.h ****   */
1491:Drivers/STM32G0xx_HAL_Driver/Inc/stm32g0xx_ll_rcc.h **** __STATIC_INLINE void LL_RCC_LSE_EnableBypass(void)
1492:Drivers/STM32G0xx_HAL_Driver/Inc/stm32g0xx_ll_rcc.h **** {
1493:Drivers/STM32G0xx_HAL_Driver/Inc/stm32g0xx_ll_rcc.h ****   SET_BIT(RCC->BDCR, RCC_BDCR_LSEBYP);
1494:Drivers/STM32G0xx_HAL_Driver/Inc/stm32g0xx_ll_rcc.h **** }
1495:Drivers/STM32G0xx_HAL_Driver/Inc/stm32g0xx_ll_rcc.h **** 
1496:Drivers/STM32G0xx_HAL_Driver/Inc/stm32g0xx_ll_rcc.h **** /**
1497:Drivers/STM32G0xx_HAL_Driver/Inc/stm32g0xx_ll_rcc.h ****   * @brief  Disable external clock source (LSE bypass).
1498:Drivers/STM32G0xx_HAL_Driver/Inc/stm32g0xx_ll_rcc.h ****   * @rmtoll BDCR         LSEBYP        LL_RCC_LSE_DisableBypass
1499:Drivers/STM32G0xx_HAL_Driver/Inc/stm32g0xx_ll_rcc.h ****   * @retval None
1500:Drivers/STM32G0xx_HAL_Driver/Inc/stm32g0xx_ll_rcc.h ****   */
1501:Drivers/STM32G0xx_HAL_Driver/Inc/stm32g0xx_ll_rcc.h **** __STATIC_INLINE void LL_RCC_LSE_DisableBypass(void)
1502:Drivers/STM32G0xx_HAL_Driver/Inc/stm32g0xx_ll_rcc.h **** {
1503:Drivers/STM32G0xx_HAL_Driver/Inc/stm32g0xx_ll_rcc.h ****   CLEAR_BIT(RCC->BDCR, RCC_BDCR_LSEBYP);
1504:Drivers/STM32G0xx_HAL_Driver/Inc/stm32g0xx_ll_rcc.h **** }
1505:Drivers/STM32G0xx_HAL_Driver/Inc/stm32g0xx_ll_rcc.h **** 
1506:Drivers/STM32G0xx_HAL_Driver/Inc/stm32g0xx_ll_rcc.h **** /**
1507:Drivers/STM32G0xx_HAL_Driver/Inc/stm32g0xx_ll_rcc.h ****   * @brief  Set LSE oscillator drive capability
1508:Drivers/STM32G0xx_HAL_Driver/Inc/stm32g0xx_ll_rcc.h ****   * @note The oscillator is in Xtal mode when it is not in bypass mode.
1509:Drivers/STM32G0xx_HAL_Driver/Inc/stm32g0xx_ll_rcc.h ****   * @rmtoll BDCR         LSEDRV        LL_RCC_LSE_SetDriveCapability
1510:Drivers/STM32G0xx_HAL_Driver/Inc/stm32g0xx_ll_rcc.h ****   * @param  LSEDrive This parameter can be one of the following values:
1511:Drivers/STM32G0xx_HAL_Driver/Inc/stm32g0xx_ll_rcc.h ****   *         @arg @ref LL_RCC_LSEDRIVE_LOW
1512:Drivers/STM32G0xx_HAL_Driver/Inc/stm32g0xx_ll_rcc.h ****   *         @arg @ref LL_RCC_LSEDRIVE_MEDIUMLOW
1513:Drivers/STM32G0xx_HAL_Driver/Inc/stm32g0xx_ll_rcc.h ****   *         @arg @ref LL_RCC_LSEDRIVE_MEDIUMHIGH
1514:Drivers/STM32G0xx_HAL_Driver/Inc/stm32g0xx_ll_rcc.h ****   *         @arg @ref LL_RCC_LSEDRIVE_HIGH
1515:Drivers/STM32G0xx_HAL_Driver/Inc/stm32g0xx_ll_rcc.h ****   * @retval None
1516:Drivers/STM32G0xx_HAL_Driver/Inc/stm32g0xx_ll_rcc.h ****   */
1517:Drivers/STM32G0xx_HAL_Driver/Inc/stm32g0xx_ll_rcc.h **** __STATIC_INLINE void LL_RCC_LSE_SetDriveCapability(uint32_t LSEDrive)
1518:Drivers/STM32G0xx_HAL_Driver/Inc/stm32g0xx_ll_rcc.h **** {
1519:Drivers/STM32G0xx_HAL_Driver/Inc/stm32g0xx_ll_rcc.h ****   MODIFY_REG(RCC->BDCR, RCC_BDCR_LSEDRV, LSEDrive);
1520:Drivers/STM32G0xx_HAL_Driver/Inc/stm32g0xx_ll_rcc.h **** }
1521:Drivers/STM32G0xx_HAL_Driver/Inc/stm32g0xx_ll_rcc.h **** 
1522:Drivers/STM32G0xx_HAL_Driver/Inc/stm32g0xx_ll_rcc.h **** /**
1523:Drivers/STM32G0xx_HAL_Driver/Inc/stm32g0xx_ll_rcc.h ****   * @brief  Get LSE oscillator drive capability
1524:Drivers/STM32G0xx_HAL_Driver/Inc/stm32g0xx_ll_rcc.h ****   * @rmtoll BDCR         LSEDRV        LL_RCC_LSE_GetDriveCapability
1525:Drivers/STM32G0xx_HAL_Driver/Inc/stm32g0xx_ll_rcc.h ****   * @retval Returned value can be one of the following values:
1526:Drivers/STM32G0xx_HAL_Driver/Inc/stm32g0xx_ll_rcc.h ****   *         @arg @ref LL_RCC_LSEDRIVE_LOW
1527:Drivers/STM32G0xx_HAL_Driver/Inc/stm32g0xx_ll_rcc.h ****   *         @arg @ref LL_RCC_LSEDRIVE_MEDIUMLOW
1528:Drivers/STM32G0xx_HAL_Driver/Inc/stm32g0xx_ll_rcc.h ****   *         @arg @ref LL_RCC_LSEDRIVE_MEDIUMHIGH
1529:Drivers/STM32G0xx_HAL_Driver/Inc/stm32g0xx_ll_rcc.h ****   *         @arg @ref LL_RCC_LSEDRIVE_HIGH
1530:Drivers/STM32G0xx_HAL_Driver/Inc/stm32g0xx_ll_rcc.h ****   */
1531:Drivers/STM32G0xx_HAL_Driver/Inc/stm32g0xx_ll_rcc.h **** __STATIC_INLINE uint32_t LL_RCC_LSE_GetDriveCapability(void)
1532:Drivers/STM32G0xx_HAL_Driver/Inc/stm32g0xx_ll_rcc.h **** {
1533:Drivers/STM32G0xx_HAL_Driver/Inc/stm32g0xx_ll_rcc.h ****   return (uint32_t)(READ_BIT(RCC->BDCR, RCC_BDCR_LSEDRV));
1534:Drivers/STM32G0xx_HAL_Driver/Inc/stm32g0xx_ll_rcc.h **** }
1535:Drivers/STM32G0xx_HAL_Driver/Inc/stm32g0xx_ll_rcc.h **** 
1536:Drivers/STM32G0xx_HAL_Driver/Inc/stm32g0xx_ll_rcc.h **** /**
1537:Drivers/STM32G0xx_HAL_Driver/Inc/stm32g0xx_ll_rcc.h ****   * @brief  Enable Clock security system on LSE.
1538:Drivers/STM32G0xx_HAL_Driver/Inc/stm32g0xx_ll_rcc.h ****   * @rmtoll BDCR         LSECSSON      LL_RCC_LSE_EnableCSS
ARM GAS  C:\Users\Asus\AppData\Local\Temp\ccaANind.s 			page 91


1539:Drivers/STM32G0xx_HAL_Driver/Inc/stm32g0xx_ll_rcc.h ****   * @retval None
1540:Drivers/STM32G0xx_HAL_Driver/Inc/stm32g0xx_ll_rcc.h ****   */
1541:Drivers/STM32G0xx_HAL_Driver/Inc/stm32g0xx_ll_rcc.h **** __STATIC_INLINE void LL_RCC_LSE_EnableCSS(void)
1542:Drivers/STM32G0xx_HAL_Driver/Inc/stm32g0xx_ll_rcc.h **** {
1543:Drivers/STM32G0xx_HAL_Driver/Inc/stm32g0xx_ll_rcc.h ****   SET_BIT(RCC->BDCR, RCC_BDCR_LSECSSON);
1544:Drivers/STM32G0xx_HAL_Driver/Inc/stm32g0xx_ll_rcc.h **** }
1545:Drivers/STM32G0xx_HAL_Driver/Inc/stm32g0xx_ll_rcc.h **** 
1546:Drivers/STM32G0xx_HAL_Driver/Inc/stm32g0xx_ll_rcc.h **** /**
1547:Drivers/STM32G0xx_HAL_Driver/Inc/stm32g0xx_ll_rcc.h ****   * @brief  Disable Clock security system on LSE.
1548:Drivers/STM32G0xx_HAL_Driver/Inc/stm32g0xx_ll_rcc.h ****   * @note Clock security system can be disabled only after a LSE
1549:Drivers/STM32G0xx_HAL_Driver/Inc/stm32g0xx_ll_rcc.h ****   *       failure detection. In that case it MUST be disabled by software.
1550:Drivers/STM32G0xx_HAL_Driver/Inc/stm32g0xx_ll_rcc.h ****   * @rmtoll BDCR         LSECSSON      LL_RCC_LSE_DisableCSS
1551:Drivers/STM32G0xx_HAL_Driver/Inc/stm32g0xx_ll_rcc.h ****   * @retval None
1552:Drivers/STM32G0xx_HAL_Driver/Inc/stm32g0xx_ll_rcc.h ****   */
1553:Drivers/STM32G0xx_HAL_Driver/Inc/stm32g0xx_ll_rcc.h **** __STATIC_INLINE void LL_RCC_LSE_DisableCSS(void)
1554:Drivers/STM32G0xx_HAL_Driver/Inc/stm32g0xx_ll_rcc.h **** {
1555:Drivers/STM32G0xx_HAL_Driver/Inc/stm32g0xx_ll_rcc.h ****   CLEAR_BIT(RCC->BDCR, RCC_BDCR_LSECSSON);
1556:Drivers/STM32G0xx_HAL_Driver/Inc/stm32g0xx_ll_rcc.h **** }
1557:Drivers/STM32G0xx_HAL_Driver/Inc/stm32g0xx_ll_rcc.h **** 
1558:Drivers/STM32G0xx_HAL_Driver/Inc/stm32g0xx_ll_rcc.h **** /**
1559:Drivers/STM32G0xx_HAL_Driver/Inc/stm32g0xx_ll_rcc.h ****   * @brief  Check if LSE oscillator Ready
1560:Drivers/STM32G0xx_HAL_Driver/Inc/stm32g0xx_ll_rcc.h ****   * @rmtoll BDCR         LSERDY        LL_RCC_LSE_IsReady
1561:Drivers/STM32G0xx_HAL_Driver/Inc/stm32g0xx_ll_rcc.h ****   * @retval State of bit (1 or 0).
1562:Drivers/STM32G0xx_HAL_Driver/Inc/stm32g0xx_ll_rcc.h ****   */
1563:Drivers/STM32G0xx_HAL_Driver/Inc/stm32g0xx_ll_rcc.h **** __STATIC_INLINE uint32_t LL_RCC_LSE_IsReady(void)
1564:Drivers/STM32G0xx_HAL_Driver/Inc/stm32g0xx_ll_rcc.h **** {
1565:Drivers/STM32G0xx_HAL_Driver/Inc/stm32g0xx_ll_rcc.h ****   return ((READ_BIT(RCC->BDCR, RCC_BDCR_LSERDY) == (RCC_BDCR_LSERDY)) ? 1UL : 0UL);
1566:Drivers/STM32G0xx_HAL_Driver/Inc/stm32g0xx_ll_rcc.h **** }
1567:Drivers/STM32G0xx_HAL_Driver/Inc/stm32g0xx_ll_rcc.h **** 
1568:Drivers/STM32G0xx_HAL_Driver/Inc/stm32g0xx_ll_rcc.h **** /**
1569:Drivers/STM32G0xx_HAL_Driver/Inc/stm32g0xx_ll_rcc.h ****   * @brief  Check if CSS on LSE failure Detection
1570:Drivers/STM32G0xx_HAL_Driver/Inc/stm32g0xx_ll_rcc.h ****   * @rmtoll BDCR         LSECSSD       LL_RCC_LSE_IsCSSDetected
1571:Drivers/STM32G0xx_HAL_Driver/Inc/stm32g0xx_ll_rcc.h ****   * @retval State of bit (1 or 0).
1572:Drivers/STM32G0xx_HAL_Driver/Inc/stm32g0xx_ll_rcc.h ****   */
1573:Drivers/STM32G0xx_HAL_Driver/Inc/stm32g0xx_ll_rcc.h **** __STATIC_INLINE uint32_t LL_RCC_LSE_IsCSSDetected(void)
1574:Drivers/STM32G0xx_HAL_Driver/Inc/stm32g0xx_ll_rcc.h **** {
1575:Drivers/STM32G0xx_HAL_Driver/Inc/stm32g0xx_ll_rcc.h ****   return ((READ_BIT(RCC->BDCR, RCC_BDCR_LSECSSD) == (RCC_BDCR_LSECSSD)) ? 1UL : 0UL);
1576:Drivers/STM32G0xx_HAL_Driver/Inc/stm32g0xx_ll_rcc.h **** }
1577:Drivers/STM32G0xx_HAL_Driver/Inc/stm32g0xx_ll_rcc.h **** 
1578:Drivers/STM32G0xx_HAL_Driver/Inc/stm32g0xx_ll_rcc.h **** /**
1579:Drivers/STM32G0xx_HAL_Driver/Inc/stm32g0xx_ll_rcc.h ****   * @}
1580:Drivers/STM32G0xx_HAL_Driver/Inc/stm32g0xx_ll_rcc.h ****   */
1581:Drivers/STM32G0xx_HAL_Driver/Inc/stm32g0xx_ll_rcc.h **** 
1582:Drivers/STM32G0xx_HAL_Driver/Inc/stm32g0xx_ll_rcc.h **** /** @defgroup RCC_LL_EF_LSI LSI
1583:Drivers/STM32G0xx_HAL_Driver/Inc/stm32g0xx_ll_rcc.h ****   * @{
1584:Drivers/STM32G0xx_HAL_Driver/Inc/stm32g0xx_ll_rcc.h ****   */
1585:Drivers/STM32G0xx_HAL_Driver/Inc/stm32g0xx_ll_rcc.h **** 
1586:Drivers/STM32G0xx_HAL_Driver/Inc/stm32g0xx_ll_rcc.h **** /**
1587:Drivers/STM32G0xx_HAL_Driver/Inc/stm32g0xx_ll_rcc.h ****   * @brief  Enable LSI Oscillator
1588:Drivers/STM32G0xx_HAL_Driver/Inc/stm32g0xx_ll_rcc.h ****   * @rmtoll CSR          LSION         LL_RCC_LSI_Enable
1589:Drivers/STM32G0xx_HAL_Driver/Inc/stm32g0xx_ll_rcc.h ****   * @retval None
1590:Drivers/STM32G0xx_HAL_Driver/Inc/stm32g0xx_ll_rcc.h ****   */
1591:Drivers/STM32G0xx_HAL_Driver/Inc/stm32g0xx_ll_rcc.h **** __STATIC_INLINE void LL_RCC_LSI_Enable(void)
1592:Drivers/STM32G0xx_HAL_Driver/Inc/stm32g0xx_ll_rcc.h **** {
1593:Drivers/STM32G0xx_HAL_Driver/Inc/stm32g0xx_ll_rcc.h ****   SET_BIT(RCC->CSR, RCC_CSR_LSION);
1594:Drivers/STM32G0xx_HAL_Driver/Inc/stm32g0xx_ll_rcc.h **** }
1595:Drivers/STM32G0xx_HAL_Driver/Inc/stm32g0xx_ll_rcc.h **** 
ARM GAS  C:\Users\Asus\AppData\Local\Temp\ccaANind.s 			page 92


1596:Drivers/STM32G0xx_HAL_Driver/Inc/stm32g0xx_ll_rcc.h **** /**
1597:Drivers/STM32G0xx_HAL_Driver/Inc/stm32g0xx_ll_rcc.h ****   * @brief  Disable LSI Oscillator
1598:Drivers/STM32G0xx_HAL_Driver/Inc/stm32g0xx_ll_rcc.h ****   * @rmtoll CSR          LSION         LL_RCC_LSI_Disable
1599:Drivers/STM32G0xx_HAL_Driver/Inc/stm32g0xx_ll_rcc.h ****   * @retval None
1600:Drivers/STM32G0xx_HAL_Driver/Inc/stm32g0xx_ll_rcc.h ****   */
1601:Drivers/STM32G0xx_HAL_Driver/Inc/stm32g0xx_ll_rcc.h **** __STATIC_INLINE void LL_RCC_LSI_Disable(void)
1602:Drivers/STM32G0xx_HAL_Driver/Inc/stm32g0xx_ll_rcc.h **** {
1603:Drivers/STM32G0xx_HAL_Driver/Inc/stm32g0xx_ll_rcc.h ****   CLEAR_BIT(RCC->CSR, RCC_CSR_LSION);
1604:Drivers/STM32G0xx_HAL_Driver/Inc/stm32g0xx_ll_rcc.h **** }
1605:Drivers/STM32G0xx_HAL_Driver/Inc/stm32g0xx_ll_rcc.h **** 
1606:Drivers/STM32G0xx_HAL_Driver/Inc/stm32g0xx_ll_rcc.h **** /**
1607:Drivers/STM32G0xx_HAL_Driver/Inc/stm32g0xx_ll_rcc.h ****   * @brief  Check if LSI is Ready
1608:Drivers/STM32G0xx_HAL_Driver/Inc/stm32g0xx_ll_rcc.h ****   * @rmtoll CSR          LSIRDY        LL_RCC_LSI_IsReady
1609:Drivers/STM32G0xx_HAL_Driver/Inc/stm32g0xx_ll_rcc.h ****   * @retval State of bit (1 or 0).
1610:Drivers/STM32G0xx_HAL_Driver/Inc/stm32g0xx_ll_rcc.h ****   */
1611:Drivers/STM32G0xx_HAL_Driver/Inc/stm32g0xx_ll_rcc.h **** __STATIC_INLINE uint32_t LL_RCC_LSI_IsReady(void)
1612:Drivers/STM32G0xx_HAL_Driver/Inc/stm32g0xx_ll_rcc.h **** {
1613:Drivers/STM32G0xx_HAL_Driver/Inc/stm32g0xx_ll_rcc.h ****   return ((READ_BIT(RCC->CSR, RCC_CSR_LSIRDY) == (RCC_CSR_LSIRDY)) ? 1UL : 0UL);
1614:Drivers/STM32G0xx_HAL_Driver/Inc/stm32g0xx_ll_rcc.h **** }
1615:Drivers/STM32G0xx_HAL_Driver/Inc/stm32g0xx_ll_rcc.h **** 
1616:Drivers/STM32G0xx_HAL_Driver/Inc/stm32g0xx_ll_rcc.h **** /**
1617:Drivers/STM32G0xx_HAL_Driver/Inc/stm32g0xx_ll_rcc.h ****   * @}
1618:Drivers/STM32G0xx_HAL_Driver/Inc/stm32g0xx_ll_rcc.h ****   */
1619:Drivers/STM32G0xx_HAL_Driver/Inc/stm32g0xx_ll_rcc.h **** 
1620:Drivers/STM32G0xx_HAL_Driver/Inc/stm32g0xx_ll_rcc.h **** /** @defgroup RCC_LL_EF_LSCO LSCO
1621:Drivers/STM32G0xx_HAL_Driver/Inc/stm32g0xx_ll_rcc.h ****   * @{
1622:Drivers/STM32G0xx_HAL_Driver/Inc/stm32g0xx_ll_rcc.h ****   */
1623:Drivers/STM32G0xx_HAL_Driver/Inc/stm32g0xx_ll_rcc.h **** 
1624:Drivers/STM32G0xx_HAL_Driver/Inc/stm32g0xx_ll_rcc.h **** /**
1625:Drivers/STM32G0xx_HAL_Driver/Inc/stm32g0xx_ll_rcc.h ****   * @brief  Enable Low speed clock
1626:Drivers/STM32G0xx_HAL_Driver/Inc/stm32g0xx_ll_rcc.h ****   * @rmtoll BDCR         LSCOEN        LL_RCC_LSCO_Enable
1627:Drivers/STM32G0xx_HAL_Driver/Inc/stm32g0xx_ll_rcc.h ****   * @retval None
1628:Drivers/STM32G0xx_HAL_Driver/Inc/stm32g0xx_ll_rcc.h ****   */
1629:Drivers/STM32G0xx_HAL_Driver/Inc/stm32g0xx_ll_rcc.h **** __STATIC_INLINE void LL_RCC_LSCO_Enable(void)
1630:Drivers/STM32G0xx_HAL_Driver/Inc/stm32g0xx_ll_rcc.h **** {
1631:Drivers/STM32G0xx_HAL_Driver/Inc/stm32g0xx_ll_rcc.h ****   SET_BIT(RCC->BDCR, RCC_BDCR_LSCOEN);
1632:Drivers/STM32G0xx_HAL_Driver/Inc/stm32g0xx_ll_rcc.h **** }
1633:Drivers/STM32G0xx_HAL_Driver/Inc/stm32g0xx_ll_rcc.h **** 
1634:Drivers/STM32G0xx_HAL_Driver/Inc/stm32g0xx_ll_rcc.h **** /**
1635:Drivers/STM32G0xx_HAL_Driver/Inc/stm32g0xx_ll_rcc.h ****   * @brief  Disable Low speed clock
1636:Drivers/STM32G0xx_HAL_Driver/Inc/stm32g0xx_ll_rcc.h ****   * @rmtoll BDCR         LSCOEN        LL_RCC_LSCO_Disable
1637:Drivers/STM32G0xx_HAL_Driver/Inc/stm32g0xx_ll_rcc.h ****   * @retval None
1638:Drivers/STM32G0xx_HAL_Driver/Inc/stm32g0xx_ll_rcc.h ****   */
1639:Drivers/STM32G0xx_HAL_Driver/Inc/stm32g0xx_ll_rcc.h **** __STATIC_INLINE void LL_RCC_LSCO_Disable(void)
1640:Drivers/STM32G0xx_HAL_Driver/Inc/stm32g0xx_ll_rcc.h **** {
1641:Drivers/STM32G0xx_HAL_Driver/Inc/stm32g0xx_ll_rcc.h ****   CLEAR_BIT(RCC->BDCR, RCC_BDCR_LSCOEN);
1642:Drivers/STM32G0xx_HAL_Driver/Inc/stm32g0xx_ll_rcc.h **** }
1643:Drivers/STM32G0xx_HAL_Driver/Inc/stm32g0xx_ll_rcc.h **** 
1644:Drivers/STM32G0xx_HAL_Driver/Inc/stm32g0xx_ll_rcc.h **** /**
1645:Drivers/STM32G0xx_HAL_Driver/Inc/stm32g0xx_ll_rcc.h ****   * @brief  Configure Low speed clock selection
1646:Drivers/STM32G0xx_HAL_Driver/Inc/stm32g0xx_ll_rcc.h ****   * @rmtoll BDCR         LSCOSEL       LL_RCC_LSCO_SetSource
1647:Drivers/STM32G0xx_HAL_Driver/Inc/stm32g0xx_ll_rcc.h ****   * @param  Source This parameter can be one of the following values:
1648:Drivers/STM32G0xx_HAL_Driver/Inc/stm32g0xx_ll_rcc.h ****   *         @arg @ref LL_RCC_LSCO_CLKSOURCE_LSI
1649:Drivers/STM32G0xx_HAL_Driver/Inc/stm32g0xx_ll_rcc.h ****   *         @arg @ref LL_RCC_LSCO_CLKSOURCE_LSE
1650:Drivers/STM32G0xx_HAL_Driver/Inc/stm32g0xx_ll_rcc.h ****   * @retval None
1651:Drivers/STM32G0xx_HAL_Driver/Inc/stm32g0xx_ll_rcc.h ****   */
1652:Drivers/STM32G0xx_HAL_Driver/Inc/stm32g0xx_ll_rcc.h **** __STATIC_INLINE void LL_RCC_LSCO_SetSource(uint32_t Source)
ARM GAS  C:\Users\Asus\AppData\Local\Temp\ccaANind.s 			page 93


1653:Drivers/STM32G0xx_HAL_Driver/Inc/stm32g0xx_ll_rcc.h **** {
1654:Drivers/STM32G0xx_HAL_Driver/Inc/stm32g0xx_ll_rcc.h ****   MODIFY_REG(RCC->BDCR, RCC_BDCR_LSCOSEL, Source);
1655:Drivers/STM32G0xx_HAL_Driver/Inc/stm32g0xx_ll_rcc.h **** }
1656:Drivers/STM32G0xx_HAL_Driver/Inc/stm32g0xx_ll_rcc.h **** 
1657:Drivers/STM32G0xx_HAL_Driver/Inc/stm32g0xx_ll_rcc.h **** /**
1658:Drivers/STM32G0xx_HAL_Driver/Inc/stm32g0xx_ll_rcc.h ****   * @brief  Get Low speed clock selection
1659:Drivers/STM32G0xx_HAL_Driver/Inc/stm32g0xx_ll_rcc.h ****   * @rmtoll BDCR         LSCOSEL       LL_RCC_LSCO_GetSource
1660:Drivers/STM32G0xx_HAL_Driver/Inc/stm32g0xx_ll_rcc.h ****   * @retval Returned value can be one of the following values:
1661:Drivers/STM32G0xx_HAL_Driver/Inc/stm32g0xx_ll_rcc.h ****   *         @arg @ref LL_RCC_LSCO_CLKSOURCE_LSI
1662:Drivers/STM32G0xx_HAL_Driver/Inc/stm32g0xx_ll_rcc.h ****   *         @arg @ref LL_RCC_LSCO_CLKSOURCE_LSE
1663:Drivers/STM32G0xx_HAL_Driver/Inc/stm32g0xx_ll_rcc.h ****   */
1664:Drivers/STM32G0xx_HAL_Driver/Inc/stm32g0xx_ll_rcc.h **** __STATIC_INLINE uint32_t LL_RCC_LSCO_GetSource(void)
1665:Drivers/STM32G0xx_HAL_Driver/Inc/stm32g0xx_ll_rcc.h **** {
1666:Drivers/STM32G0xx_HAL_Driver/Inc/stm32g0xx_ll_rcc.h ****   return (uint32_t)(READ_BIT(RCC->BDCR, RCC_BDCR_LSCOSEL));
1667:Drivers/STM32G0xx_HAL_Driver/Inc/stm32g0xx_ll_rcc.h **** }
1668:Drivers/STM32G0xx_HAL_Driver/Inc/stm32g0xx_ll_rcc.h **** 
1669:Drivers/STM32G0xx_HAL_Driver/Inc/stm32g0xx_ll_rcc.h **** /**
1670:Drivers/STM32G0xx_HAL_Driver/Inc/stm32g0xx_ll_rcc.h ****   * @}
1671:Drivers/STM32G0xx_HAL_Driver/Inc/stm32g0xx_ll_rcc.h ****   */
1672:Drivers/STM32G0xx_HAL_Driver/Inc/stm32g0xx_ll_rcc.h **** 
1673:Drivers/STM32G0xx_HAL_Driver/Inc/stm32g0xx_ll_rcc.h **** /** @defgroup RCC_LL_EF_System System
1674:Drivers/STM32G0xx_HAL_Driver/Inc/stm32g0xx_ll_rcc.h ****   * @{
1675:Drivers/STM32G0xx_HAL_Driver/Inc/stm32g0xx_ll_rcc.h ****   */
1676:Drivers/STM32G0xx_HAL_Driver/Inc/stm32g0xx_ll_rcc.h **** 
1677:Drivers/STM32G0xx_HAL_Driver/Inc/stm32g0xx_ll_rcc.h **** /**
1678:Drivers/STM32G0xx_HAL_Driver/Inc/stm32g0xx_ll_rcc.h ****   * @brief  Configure the system clock source
1679:Drivers/STM32G0xx_HAL_Driver/Inc/stm32g0xx_ll_rcc.h ****   * @rmtoll CFGR         SW            LL_RCC_SetSysClkSource
1680:Drivers/STM32G0xx_HAL_Driver/Inc/stm32g0xx_ll_rcc.h ****   * @param  Source This parameter can be one of the following values:
1681:Drivers/STM32G0xx_HAL_Driver/Inc/stm32g0xx_ll_rcc.h ****   *         @arg @ref LL_RCC_SYS_CLKSOURCE_HSI
1682:Drivers/STM32G0xx_HAL_Driver/Inc/stm32g0xx_ll_rcc.h ****   *         @arg @ref LL_RCC_SYS_CLKSOURCE_HSE
1683:Drivers/STM32G0xx_HAL_Driver/Inc/stm32g0xx_ll_rcc.h ****   *         @arg @ref LL_RCC_SYS_CLKSOURCE_PLL
1684:Drivers/STM32G0xx_HAL_Driver/Inc/stm32g0xx_ll_rcc.h ****   *         @arg @ref LL_RCC_SYS_CLKSOURCE_LSI
1685:Drivers/STM32G0xx_HAL_Driver/Inc/stm32g0xx_ll_rcc.h ****   *         @arg @ref LL_RCC_SYS_CLKSOURCE_LSE
1686:Drivers/STM32G0xx_HAL_Driver/Inc/stm32g0xx_ll_rcc.h ****   * @retval None
1687:Drivers/STM32G0xx_HAL_Driver/Inc/stm32g0xx_ll_rcc.h ****   */
1688:Drivers/STM32G0xx_HAL_Driver/Inc/stm32g0xx_ll_rcc.h **** __STATIC_INLINE void LL_RCC_SetSysClkSource(uint32_t Source)
1689:Drivers/STM32G0xx_HAL_Driver/Inc/stm32g0xx_ll_rcc.h **** {
1690:Drivers/STM32G0xx_HAL_Driver/Inc/stm32g0xx_ll_rcc.h ****   MODIFY_REG(RCC->CFGR, RCC_CFGR_SW, Source);
1691:Drivers/STM32G0xx_HAL_Driver/Inc/stm32g0xx_ll_rcc.h **** }
1692:Drivers/STM32G0xx_HAL_Driver/Inc/stm32g0xx_ll_rcc.h **** 
1693:Drivers/STM32G0xx_HAL_Driver/Inc/stm32g0xx_ll_rcc.h **** /**
1694:Drivers/STM32G0xx_HAL_Driver/Inc/stm32g0xx_ll_rcc.h ****   * @brief  Get the system clock source
1695:Drivers/STM32G0xx_HAL_Driver/Inc/stm32g0xx_ll_rcc.h ****   * @rmtoll CFGR         SWS           LL_RCC_GetSysClkSource
1696:Drivers/STM32G0xx_HAL_Driver/Inc/stm32g0xx_ll_rcc.h ****   * @retval Returned value can be one of the following values:
1697:Drivers/STM32G0xx_HAL_Driver/Inc/stm32g0xx_ll_rcc.h ****   *         @arg @ref LL_RCC_SYS_CLKSOURCE_STATUS_HSI
1698:Drivers/STM32G0xx_HAL_Driver/Inc/stm32g0xx_ll_rcc.h ****   *         @arg @ref LL_RCC_SYS_CLKSOURCE_STATUS_HSE
1699:Drivers/STM32G0xx_HAL_Driver/Inc/stm32g0xx_ll_rcc.h ****   *         @arg @ref LL_RCC_SYS_CLKSOURCE_STATUS_PLL
1700:Drivers/STM32G0xx_HAL_Driver/Inc/stm32g0xx_ll_rcc.h ****   *         @arg @ref LL_RCC_SYS_CLKSOURCE_STATUS_LSI
1701:Drivers/STM32G0xx_HAL_Driver/Inc/stm32g0xx_ll_rcc.h ****   *         @arg @ref LL_RCC_SYS_CLKSOURCE_STATUS_LSE
1702:Drivers/STM32G0xx_HAL_Driver/Inc/stm32g0xx_ll_rcc.h ****   */
1703:Drivers/STM32G0xx_HAL_Driver/Inc/stm32g0xx_ll_rcc.h **** __STATIC_INLINE uint32_t LL_RCC_GetSysClkSource(void)
1704:Drivers/STM32G0xx_HAL_Driver/Inc/stm32g0xx_ll_rcc.h **** {
1705:Drivers/STM32G0xx_HAL_Driver/Inc/stm32g0xx_ll_rcc.h ****   return (uint32_t)(READ_BIT(RCC->CFGR, RCC_CFGR_SWS));
1706:Drivers/STM32G0xx_HAL_Driver/Inc/stm32g0xx_ll_rcc.h **** }
1707:Drivers/STM32G0xx_HAL_Driver/Inc/stm32g0xx_ll_rcc.h **** 
1708:Drivers/STM32G0xx_HAL_Driver/Inc/stm32g0xx_ll_rcc.h **** /**
1709:Drivers/STM32G0xx_HAL_Driver/Inc/stm32g0xx_ll_rcc.h ****   * @brief  Set AHB prescaler
ARM GAS  C:\Users\Asus\AppData\Local\Temp\ccaANind.s 			page 94


1710:Drivers/STM32G0xx_HAL_Driver/Inc/stm32g0xx_ll_rcc.h ****   * @rmtoll CFGR         HPRE          LL_RCC_SetAHBPrescaler
1711:Drivers/STM32G0xx_HAL_Driver/Inc/stm32g0xx_ll_rcc.h ****   * @param  Prescaler This parameter can be one of the following values:
1712:Drivers/STM32G0xx_HAL_Driver/Inc/stm32g0xx_ll_rcc.h ****   *         @arg @ref LL_RCC_SYSCLK_DIV_1
1713:Drivers/STM32G0xx_HAL_Driver/Inc/stm32g0xx_ll_rcc.h ****   *         @arg @ref LL_RCC_SYSCLK_DIV_2
1714:Drivers/STM32G0xx_HAL_Driver/Inc/stm32g0xx_ll_rcc.h ****   *         @arg @ref LL_RCC_SYSCLK_DIV_4
1715:Drivers/STM32G0xx_HAL_Driver/Inc/stm32g0xx_ll_rcc.h ****   *         @arg @ref LL_RCC_SYSCLK_DIV_8
1716:Drivers/STM32G0xx_HAL_Driver/Inc/stm32g0xx_ll_rcc.h ****   *         @arg @ref LL_RCC_SYSCLK_DIV_16
1717:Drivers/STM32G0xx_HAL_Driver/Inc/stm32g0xx_ll_rcc.h ****   *         @arg @ref LL_RCC_SYSCLK_DIV_64
1718:Drivers/STM32G0xx_HAL_Driver/Inc/stm32g0xx_ll_rcc.h ****   *         @arg @ref LL_RCC_SYSCLK_DIV_128
1719:Drivers/STM32G0xx_HAL_Driver/Inc/stm32g0xx_ll_rcc.h ****   *         @arg @ref LL_RCC_SYSCLK_DIV_256
1720:Drivers/STM32G0xx_HAL_Driver/Inc/stm32g0xx_ll_rcc.h ****   *         @arg @ref LL_RCC_SYSCLK_DIV_512
1721:Drivers/STM32G0xx_HAL_Driver/Inc/stm32g0xx_ll_rcc.h ****   * @retval None
1722:Drivers/STM32G0xx_HAL_Driver/Inc/stm32g0xx_ll_rcc.h ****   */
1723:Drivers/STM32G0xx_HAL_Driver/Inc/stm32g0xx_ll_rcc.h **** __STATIC_INLINE void LL_RCC_SetAHBPrescaler(uint32_t Prescaler)
1724:Drivers/STM32G0xx_HAL_Driver/Inc/stm32g0xx_ll_rcc.h **** {
1725:Drivers/STM32G0xx_HAL_Driver/Inc/stm32g0xx_ll_rcc.h ****   MODIFY_REG(RCC->CFGR, RCC_CFGR_HPRE, Prescaler);
1726:Drivers/STM32G0xx_HAL_Driver/Inc/stm32g0xx_ll_rcc.h **** }
1727:Drivers/STM32G0xx_HAL_Driver/Inc/stm32g0xx_ll_rcc.h **** 
1728:Drivers/STM32G0xx_HAL_Driver/Inc/stm32g0xx_ll_rcc.h **** /**
1729:Drivers/STM32G0xx_HAL_Driver/Inc/stm32g0xx_ll_rcc.h ****   * @brief  Set APB1 prescaler
1730:Drivers/STM32G0xx_HAL_Driver/Inc/stm32g0xx_ll_rcc.h ****   * @rmtoll CFGR         PPRE         LL_RCC_SetAPB1Prescaler
1731:Drivers/STM32G0xx_HAL_Driver/Inc/stm32g0xx_ll_rcc.h ****   * @param  Prescaler This parameter can be one of the following values:
1732:Drivers/STM32G0xx_HAL_Driver/Inc/stm32g0xx_ll_rcc.h ****   *         @arg @ref LL_RCC_APB1_DIV_1
1733:Drivers/STM32G0xx_HAL_Driver/Inc/stm32g0xx_ll_rcc.h ****   *         @arg @ref LL_RCC_APB1_DIV_2
1734:Drivers/STM32G0xx_HAL_Driver/Inc/stm32g0xx_ll_rcc.h ****   *         @arg @ref LL_RCC_APB1_DIV_4
1735:Drivers/STM32G0xx_HAL_Driver/Inc/stm32g0xx_ll_rcc.h ****   *         @arg @ref LL_RCC_APB1_DIV_8
1736:Drivers/STM32G0xx_HAL_Driver/Inc/stm32g0xx_ll_rcc.h ****   *         @arg @ref LL_RCC_APB1_DIV_16
1737:Drivers/STM32G0xx_HAL_Driver/Inc/stm32g0xx_ll_rcc.h ****   * @retval None
1738:Drivers/STM32G0xx_HAL_Driver/Inc/stm32g0xx_ll_rcc.h ****   */
1739:Drivers/STM32G0xx_HAL_Driver/Inc/stm32g0xx_ll_rcc.h **** __STATIC_INLINE void LL_RCC_SetAPB1Prescaler(uint32_t Prescaler)
1740:Drivers/STM32G0xx_HAL_Driver/Inc/stm32g0xx_ll_rcc.h **** {
1741:Drivers/STM32G0xx_HAL_Driver/Inc/stm32g0xx_ll_rcc.h ****   MODIFY_REG(RCC->CFGR, RCC_CFGR_PPRE, Prescaler);
1742:Drivers/STM32G0xx_HAL_Driver/Inc/stm32g0xx_ll_rcc.h **** }
1743:Drivers/STM32G0xx_HAL_Driver/Inc/stm32g0xx_ll_rcc.h **** 
1744:Drivers/STM32G0xx_HAL_Driver/Inc/stm32g0xx_ll_rcc.h **** /**
1745:Drivers/STM32G0xx_HAL_Driver/Inc/stm32g0xx_ll_rcc.h ****   * @brief  Set HSI16 division factor
1746:Drivers/STM32G0xx_HAL_Driver/Inc/stm32g0xx_ll_rcc.h ****   * @rmtoll CR         HSIDIV          LL_RCC_SetHSIDiv
1747:Drivers/STM32G0xx_HAL_Driver/Inc/stm32g0xx_ll_rcc.h ****   * @note  HSIDIV parameter is only applied to SYSCLK_Frequency when HSI is used as
1748:Drivers/STM32G0xx_HAL_Driver/Inc/stm32g0xx_ll_rcc.h ****   * system clock source.
1749:Drivers/STM32G0xx_HAL_Driver/Inc/stm32g0xx_ll_rcc.h ****   * @param  HSIDiv  This parameter can be one of the following values:
1750:Drivers/STM32G0xx_HAL_Driver/Inc/stm32g0xx_ll_rcc.h ****   *         @arg @ref LL_RCC_HSI_DIV_1
1751:Drivers/STM32G0xx_HAL_Driver/Inc/stm32g0xx_ll_rcc.h ****   *         @arg @ref LL_RCC_HSI_DIV_2
1752:Drivers/STM32G0xx_HAL_Driver/Inc/stm32g0xx_ll_rcc.h ****   *         @arg @ref LL_RCC_HSI_DIV_4
1753:Drivers/STM32G0xx_HAL_Driver/Inc/stm32g0xx_ll_rcc.h ****   *         @arg @ref LL_RCC_HSI_DIV_8
1754:Drivers/STM32G0xx_HAL_Driver/Inc/stm32g0xx_ll_rcc.h ****   *         @arg @ref LL_RCC_HSI_DIV_16
1755:Drivers/STM32G0xx_HAL_Driver/Inc/stm32g0xx_ll_rcc.h ****   *         @arg @ref LL_RCC_HSI_DIV_32
1756:Drivers/STM32G0xx_HAL_Driver/Inc/stm32g0xx_ll_rcc.h ****   *         @arg @ref LL_RCC_HSI_DIV_64
1757:Drivers/STM32G0xx_HAL_Driver/Inc/stm32g0xx_ll_rcc.h ****   *         @arg @ref LL_RCC_HSI_DIV_128
1758:Drivers/STM32G0xx_HAL_Driver/Inc/stm32g0xx_ll_rcc.h ****   * @retval None
1759:Drivers/STM32G0xx_HAL_Driver/Inc/stm32g0xx_ll_rcc.h ****   */
1760:Drivers/STM32G0xx_HAL_Driver/Inc/stm32g0xx_ll_rcc.h **** __STATIC_INLINE void LL_RCC_SetHSIDiv(uint32_t HSIDiv)
1761:Drivers/STM32G0xx_HAL_Driver/Inc/stm32g0xx_ll_rcc.h **** {
1762:Drivers/STM32G0xx_HAL_Driver/Inc/stm32g0xx_ll_rcc.h ****   MODIFY_REG(RCC->CR, RCC_CR_HSIDIV, HSIDiv);
1763:Drivers/STM32G0xx_HAL_Driver/Inc/stm32g0xx_ll_rcc.h **** }
1764:Drivers/STM32G0xx_HAL_Driver/Inc/stm32g0xx_ll_rcc.h **** /**
1765:Drivers/STM32G0xx_HAL_Driver/Inc/stm32g0xx_ll_rcc.h ****   * @brief  Get AHB prescaler
1766:Drivers/STM32G0xx_HAL_Driver/Inc/stm32g0xx_ll_rcc.h ****   * @rmtoll CFGR         HPRE          LL_RCC_GetAHBPrescaler
ARM GAS  C:\Users\Asus\AppData\Local\Temp\ccaANind.s 			page 95


1767:Drivers/STM32G0xx_HAL_Driver/Inc/stm32g0xx_ll_rcc.h ****   * @retval Returned value can be one of the following values:
1768:Drivers/STM32G0xx_HAL_Driver/Inc/stm32g0xx_ll_rcc.h ****   *         @arg @ref LL_RCC_SYSCLK_DIV_1
1769:Drivers/STM32G0xx_HAL_Driver/Inc/stm32g0xx_ll_rcc.h ****   *         @arg @ref LL_RCC_SYSCLK_DIV_2
1770:Drivers/STM32G0xx_HAL_Driver/Inc/stm32g0xx_ll_rcc.h ****   *         @arg @ref LL_RCC_SYSCLK_DIV_4
1771:Drivers/STM32G0xx_HAL_Driver/Inc/stm32g0xx_ll_rcc.h ****   *         @arg @ref LL_RCC_SYSCLK_DIV_8
1772:Drivers/STM32G0xx_HAL_Driver/Inc/stm32g0xx_ll_rcc.h ****   *         @arg @ref LL_RCC_SYSCLK_DIV_16
1773:Drivers/STM32G0xx_HAL_Driver/Inc/stm32g0xx_ll_rcc.h ****   *         @arg @ref LL_RCC_SYSCLK_DIV_64
1774:Drivers/STM32G0xx_HAL_Driver/Inc/stm32g0xx_ll_rcc.h ****   *         @arg @ref LL_RCC_SYSCLK_DIV_128
1775:Drivers/STM32G0xx_HAL_Driver/Inc/stm32g0xx_ll_rcc.h ****   *         @arg @ref LL_RCC_SYSCLK_DIV_256
1776:Drivers/STM32G0xx_HAL_Driver/Inc/stm32g0xx_ll_rcc.h ****   *         @arg @ref LL_RCC_SYSCLK_DIV_512
1777:Drivers/STM32G0xx_HAL_Driver/Inc/stm32g0xx_ll_rcc.h ****   */
1778:Drivers/STM32G0xx_HAL_Driver/Inc/stm32g0xx_ll_rcc.h **** __STATIC_INLINE uint32_t LL_RCC_GetAHBPrescaler(void)
1779:Drivers/STM32G0xx_HAL_Driver/Inc/stm32g0xx_ll_rcc.h **** {
1780:Drivers/STM32G0xx_HAL_Driver/Inc/stm32g0xx_ll_rcc.h ****   return (uint32_t)(READ_BIT(RCC->CFGR, RCC_CFGR_HPRE));
1781:Drivers/STM32G0xx_HAL_Driver/Inc/stm32g0xx_ll_rcc.h **** }
1782:Drivers/STM32G0xx_HAL_Driver/Inc/stm32g0xx_ll_rcc.h **** 
1783:Drivers/STM32G0xx_HAL_Driver/Inc/stm32g0xx_ll_rcc.h **** /**
1784:Drivers/STM32G0xx_HAL_Driver/Inc/stm32g0xx_ll_rcc.h ****   * @brief  Get APB1 prescaler
1785:Drivers/STM32G0xx_HAL_Driver/Inc/stm32g0xx_ll_rcc.h ****   * @rmtoll CFGR         PPRE         LL_RCC_GetAPB1Prescaler
1786:Drivers/STM32G0xx_HAL_Driver/Inc/stm32g0xx_ll_rcc.h ****   * @retval Returned value can be one of the following values:
1787:Drivers/STM32G0xx_HAL_Driver/Inc/stm32g0xx_ll_rcc.h ****   *         @arg @ref LL_RCC_APB1_DIV_1
1788:Drivers/STM32G0xx_HAL_Driver/Inc/stm32g0xx_ll_rcc.h ****   *         @arg @ref LL_RCC_APB1_DIV_2
1789:Drivers/STM32G0xx_HAL_Driver/Inc/stm32g0xx_ll_rcc.h ****   *         @arg @ref LL_RCC_APB1_DIV_4
1790:Drivers/STM32G0xx_HAL_Driver/Inc/stm32g0xx_ll_rcc.h ****   *         @arg @ref LL_RCC_APB1_DIV_8
1791:Drivers/STM32G0xx_HAL_Driver/Inc/stm32g0xx_ll_rcc.h ****   *         @arg @ref LL_RCC_APB1_DIV_16
1792:Drivers/STM32G0xx_HAL_Driver/Inc/stm32g0xx_ll_rcc.h ****   */
1793:Drivers/STM32G0xx_HAL_Driver/Inc/stm32g0xx_ll_rcc.h **** __STATIC_INLINE uint32_t LL_RCC_GetAPB1Prescaler(void)
 2028              		.loc 2 1793 26 is_stmt 1 view .LVU628
 2029              	.LBB9:
1794:Drivers/STM32G0xx_HAL_Driver/Inc/stm32g0xx_ll_rcc.h **** {
1795:Drivers/STM32G0xx_HAL_Driver/Inc/stm32g0xx_ll_rcc.h ****   return (uint32_t)(READ_BIT(RCC->CFGR, RCC_CFGR_PPRE));
 2030              		.loc 2 1795 3 view .LVU629
 2031              		.loc 2 1795 21 is_stmt 0 view .LVU630
 2032 0006 064B     		ldr	r3, .L195
 2033 0008 9A68     		ldr	r2, [r3, #8]
 2034              	.LBE9:
 2035              	.LBE8:
 2036              		.loc 1 1210 22 view .LVU631
 2037 000a 120B     		lsrs	r2, r2, #12
 2038 000c 0723     		movs	r3, #7
 2039 000e 1340     		ands	r3, r2
 2040 0010 044A     		ldr	r2, .L195+4
 2041 0012 9B00     		lsls	r3, r3, #2
 2042 0014 9A58     		ldr	r2, [r3, r2]
 2043 0016 1F23     		movs	r3, #31
 2044 0018 1340     		ands	r3, r2
 2045              		.loc 1 1210 11 view .LVU632
 2046 001a D840     		lsrs	r0, r0, r3
1211:Drivers/STM32G0xx_HAL_Driver/Src/stm32g0xx_hal_rcc.c **** }
 2047              		.loc 1 1211 1 view .LVU633
 2048              		@ sp needed
 2049 001c 10BD     		pop	{r4, pc}
 2050              	.L196:
 2051 001e C046     		.align	2
 2052              	.L195:
 2053 0020 00100240 		.word	1073876992
 2054 0024 00000000 		.word	APBPrescTable
ARM GAS  C:\Users\Asus\AppData\Local\Temp\ccaANind.s 			page 96


 2055              		.cfi_endproc
 2056              	.LFE316:
 2058              		.section	.text.HAL_RCC_GetOscConfig,"ax",%progbits
 2059              		.align	1
 2060              		.global	HAL_RCC_GetOscConfig
 2061              		.syntax unified
 2062              		.code	16
 2063              		.thumb_func
 2065              	HAL_RCC_GetOscConfig:
 2066              	.LVL150:
 2067              	.LFB317:
1212:Drivers/STM32G0xx_HAL_Driver/Src/stm32g0xx_hal_rcc.c **** 
1213:Drivers/STM32G0xx_HAL_Driver/Src/stm32g0xx_hal_rcc.c **** /**
1214:Drivers/STM32G0xx_HAL_Driver/Src/stm32g0xx_hal_rcc.c ****   * @brief  Configure the RCC_OscInitStruct according to the internal
1215:Drivers/STM32G0xx_HAL_Driver/Src/stm32g0xx_hal_rcc.c ****   *         RCC configuration registers.
1216:Drivers/STM32G0xx_HAL_Driver/Src/stm32g0xx_hal_rcc.c ****   * @param  RCC_OscInitStruct  pointer to an RCC_OscInitTypeDef structure that
1217:Drivers/STM32G0xx_HAL_Driver/Src/stm32g0xx_hal_rcc.c ****   *         will be configured.
1218:Drivers/STM32G0xx_HAL_Driver/Src/stm32g0xx_hal_rcc.c ****   * @retval None
1219:Drivers/STM32G0xx_HAL_Driver/Src/stm32g0xx_hal_rcc.c ****   */
1220:Drivers/STM32G0xx_HAL_Driver/Src/stm32g0xx_hal_rcc.c **** void HAL_RCC_GetOscConfig(RCC_OscInitTypeDef  *RCC_OscInitStruct)
1221:Drivers/STM32G0xx_HAL_Driver/Src/stm32g0xx_hal_rcc.c **** {
 2068              		.loc 1 1221 1 is_stmt 1 view -0
 2069              		.cfi_startproc
 2070              		@ args = 0, pretend = 0, frame = 0
 2071              		@ frame_needed = 0, uses_anonymous_args = 0
 2072              		@ link register save eliminated.
1222:Drivers/STM32G0xx_HAL_Driver/Src/stm32g0xx_hal_rcc.c ****   /* Check the parameters */
1223:Drivers/STM32G0xx_HAL_Driver/Src/stm32g0xx_hal_rcc.c ****   assert_param(RCC_OscInitStruct != (void *)NULL);
 2073              		.loc 1 1223 3 view .LVU635
1224:Drivers/STM32G0xx_HAL_Driver/Src/stm32g0xx_hal_rcc.c **** 
1225:Drivers/STM32G0xx_HAL_Driver/Src/stm32g0xx_hal_rcc.c ****   /* Set all possible values for the Oscillator type parameter ---------------*/
1226:Drivers/STM32G0xx_HAL_Driver/Src/stm32g0xx_hal_rcc.c **** #if defined(RCC_HSI48_SUPPORT)
1227:Drivers/STM32G0xx_HAL_Driver/Src/stm32g0xx_hal_rcc.c ****   RCC_OscInitStruct->OscillatorType = RCC_OSCILLATORTYPE_HSE | RCC_OSCILLATORTYPE_HSI | \
1228:Drivers/STM32G0xx_HAL_Driver/Src/stm32g0xx_hal_rcc.c ****                                       RCC_OSCILLATORTYPE_LSE | RCC_OSCILLATORTYPE_LSI | RCC_OSCILLA
1229:Drivers/STM32G0xx_HAL_Driver/Src/stm32g0xx_hal_rcc.c **** #else
1230:Drivers/STM32G0xx_HAL_Driver/Src/stm32g0xx_hal_rcc.c ****   RCC_OscInitStruct->OscillatorType = RCC_OSCILLATORTYPE_HSE | RCC_OSCILLATORTYPE_HSI | \
 2074              		.loc 1 1230 3 view .LVU636
 2075              		.loc 1 1230 37 is_stmt 0 view .LVU637
 2076 0000 0F23     		movs	r3, #15
 2077 0002 0360     		str	r3, [r0]
1231:Drivers/STM32G0xx_HAL_Driver/Src/stm32g0xx_hal_rcc.c ****                                       RCC_OSCILLATORTYPE_LSE | RCC_OSCILLATORTYPE_LSI;
1232:Drivers/STM32G0xx_HAL_Driver/Src/stm32g0xx_hal_rcc.c **** #endif /* RCC_HSI48_SUPPORT */
1233:Drivers/STM32G0xx_HAL_Driver/Src/stm32g0xx_hal_rcc.c **** 
1234:Drivers/STM32G0xx_HAL_Driver/Src/stm32g0xx_hal_rcc.c ****   /* Get the HSE configuration -----------------------------------------------*/
1235:Drivers/STM32G0xx_HAL_Driver/Src/stm32g0xx_hal_rcc.c ****   if ((RCC->CR & RCC_CR_HSEBYP) == RCC_CR_HSEBYP)
 2078              		.loc 1 1235 3 is_stmt 1 view .LVU638
 2079              		.loc 1 1235 11 is_stmt 0 view .LVU639
 2080 0004 2F4B     		ldr	r3, .L210
 2081 0006 1B68     		ldr	r3, [r3]
 2082              		.loc 1 1235 6 view .LVU640
 2083 0008 5B03     		lsls	r3, r3, #13
 2084 000a 3DD5     		bpl	.L198
1236:Drivers/STM32G0xx_HAL_Driver/Src/stm32g0xx_hal_rcc.c ****   {
1237:Drivers/STM32G0xx_HAL_Driver/Src/stm32g0xx_hal_rcc.c ****     RCC_OscInitStruct->HSEState = RCC_HSE_BYPASS;
 2085              		.loc 1 1237 5 is_stmt 1 view .LVU641
 2086              		.loc 1 1237 33 is_stmt 0 view .LVU642
 2087 000c A023     		movs	r3, #160
ARM GAS  C:\Users\Asus\AppData\Local\Temp\ccaANind.s 			page 97


 2088 000e DB02     		lsls	r3, r3, #11
 2089 0010 4360     		str	r3, [r0, #4]
 2090              	.L199:
1238:Drivers/STM32G0xx_HAL_Driver/Src/stm32g0xx_hal_rcc.c ****   }
1239:Drivers/STM32G0xx_HAL_Driver/Src/stm32g0xx_hal_rcc.c ****   else if ((RCC->CR & RCC_CR_HSEON) == RCC_CR_HSEON)
1240:Drivers/STM32G0xx_HAL_Driver/Src/stm32g0xx_hal_rcc.c ****   {
1241:Drivers/STM32G0xx_HAL_Driver/Src/stm32g0xx_hal_rcc.c ****     RCC_OscInitStruct->HSEState = RCC_HSE_ON;
1242:Drivers/STM32G0xx_HAL_Driver/Src/stm32g0xx_hal_rcc.c ****   }
1243:Drivers/STM32G0xx_HAL_Driver/Src/stm32g0xx_hal_rcc.c ****   else
1244:Drivers/STM32G0xx_HAL_Driver/Src/stm32g0xx_hal_rcc.c ****   {
1245:Drivers/STM32G0xx_HAL_Driver/Src/stm32g0xx_hal_rcc.c ****     RCC_OscInitStruct->HSEState = RCC_HSE_OFF;
1246:Drivers/STM32G0xx_HAL_Driver/Src/stm32g0xx_hal_rcc.c ****   }
1247:Drivers/STM32G0xx_HAL_Driver/Src/stm32g0xx_hal_rcc.c **** 
1248:Drivers/STM32G0xx_HAL_Driver/Src/stm32g0xx_hal_rcc.c ****   /* Get the HSI configuration -----------------------------------------------*/
1249:Drivers/STM32G0xx_HAL_Driver/Src/stm32g0xx_hal_rcc.c ****   if ((RCC->CR & RCC_CR_HSION) == RCC_CR_HSION)
 2091              		.loc 1 1249 3 is_stmt 1 view .LVU643
 2092              		.loc 1 1249 11 is_stmt 0 view .LVU644
 2093 0012 2C4B     		ldr	r3, .L210
 2094 0014 1B68     		ldr	r3, [r3]
 2095              		.loc 1 1249 6 view .LVU645
 2096 0016 DB05     		lsls	r3, r3, #23
 2097 0018 41D5     		bpl	.L201
1250:Drivers/STM32G0xx_HAL_Driver/Src/stm32g0xx_hal_rcc.c ****   {
1251:Drivers/STM32G0xx_HAL_Driver/Src/stm32g0xx_hal_rcc.c ****     RCC_OscInitStruct->HSIState = RCC_HSI_ON;
 2098              		.loc 1 1251 5 is_stmt 1 view .LVU646
 2099              		.loc 1 1251 33 is_stmt 0 view .LVU647
 2100 001a 8023     		movs	r3, #128
 2101 001c 5B00     		lsls	r3, r3, #1
 2102 001e C360     		str	r3, [r0, #12]
 2103              	.L202:
1252:Drivers/STM32G0xx_HAL_Driver/Src/stm32g0xx_hal_rcc.c ****   }
1253:Drivers/STM32G0xx_HAL_Driver/Src/stm32g0xx_hal_rcc.c ****   else
1254:Drivers/STM32G0xx_HAL_Driver/Src/stm32g0xx_hal_rcc.c ****   {
1255:Drivers/STM32G0xx_HAL_Driver/Src/stm32g0xx_hal_rcc.c ****     RCC_OscInitStruct->HSIState = RCC_HSI_OFF;
1256:Drivers/STM32G0xx_HAL_Driver/Src/stm32g0xx_hal_rcc.c ****   }
1257:Drivers/STM32G0xx_HAL_Driver/Src/stm32g0xx_hal_rcc.c ****   RCC_OscInitStruct->HSICalibrationValue = ((RCC->ICSCR & RCC_ICSCR_HSITRIM) >> RCC_ICSCR_HSITRIM_P
 2104              		.loc 1 1257 3 is_stmt 1 view .LVU648
 2105              		.loc 1 1257 49 is_stmt 0 view .LVU649
 2106 0020 284B     		ldr	r3, .L210
 2107 0022 5968     		ldr	r1, [r3, #4]
 2108              		.loc 1 1257 78 view .LVU650
 2109 0024 090A     		lsrs	r1, r1, #8
 2110 0026 7F22     		movs	r2, #127
 2111 0028 0A40     		ands	r2, r1
 2112              		.loc 1 1257 42 view .LVU651
 2113 002a 4261     		str	r2, [r0, #20]
1258:Drivers/STM32G0xx_HAL_Driver/Src/stm32g0xx_hal_rcc.c ****   RCC_OscInitStruct->HSIDiv = (RCC->CR & RCC_CR_HSIDIV);
 2114              		.loc 1 1258 3 is_stmt 1 view .LVU652
 2115              		.loc 1 1258 35 is_stmt 0 view .LVU653
 2116 002c 1A68     		ldr	r2, [r3]
 2117              		.loc 1 1258 40 view .LVU654
 2118 002e E021     		movs	r1, #224
 2119 0030 8901     		lsls	r1, r1, #6
 2120 0032 0A40     		ands	r2, r1
 2121              		.loc 1 1258 29 view .LVU655
 2122 0034 0261     		str	r2, [r0, #16]
1259:Drivers/STM32G0xx_HAL_Driver/Src/stm32g0xx_hal_rcc.c **** 
ARM GAS  C:\Users\Asus\AppData\Local\Temp\ccaANind.s 			page 98


1260:Drivers/STM32G0xx_HAL_Driver/Src/stm32g0xx_hal_rcc.c ****   /* Get the LSE configuration -----------------------------------------------*/
1261:Drivers/STM32G0xx_HAL_Driver/Src/stm32g0xx_hal_rcc.c ****   if ((RCC->BDCR & RCC_BDCR_LSEBYP) == RCC_BDCR_LSEBYP)
 2123              		.loc 1 1261 3 is_stmt 1 view .LVU656
 2124              		.loc 1 1261 11 is_stmt 0 view .LVU657
 2125 0036 DB6D     		ldr	r3, [r3, #92]
 2126              		.loc 1 1261 6 view .LVU658
 2127 0038 5B07     		lsls	r3, r3, #29
 2128 003a 33D5     		bpl	.L203
1262:Drivers/STM32G0xx_HAL_Driver/Src/stm32g0xx_hal_rcc.c ****   {
1263:Drivers/STM32G0xx_HAL_Driver/Src/stm32g0xx_hal_rcc.c ****     RCC_OscInitStruct->LSEState = RCC_LSE_BYPASS;
 2129              		.loc 1 1263 5 is_stmt 1 view .LVU659
 2130              		.loc 1 1263 33 is_stmt 0 view .LVU660
 2131 003c 0523     		movs	r3, #5
 2132 003e 8360     		str	r3, [r0, #8]
 2133              	.L204:
1264:Drivers/STM32G0xx_HAL_Driver/Src/stm32g0xx_hal_rcc.c ****   }
1265:Drivers/STM32G0xx_HAL_Driver/Src/stm32g0xx_hal_rcc.c ****   else if ((RCC->BDCR & RCC_BDCR_LSEON) == RCC_BDCR_LSEON)
1266:Drivers/STM32G0xx_HAL_Driver/Src/stm32g0xx_hal_rcc.c ****   {
1267:Drivers/STM32G0xx_HAL_Driver/Src/stm32g0xx_hal_rcc.c ****     RCC_OscInitStruct->LSEState = RCC_LSE_ON;
1268:Drivers/STM32G0xx_HAL_Driver/Src/stm32g0xx_hal_rcc.c ****   }
1269:Drivers/STM32G0xx_HAL_Driver/Src/stm32g0xx_hal_rcc.c ****   else
1270:Drivers/STM32G0xx_HAL_Driver/Src/stm32g0xx_hal_rcc.c ****   {
1271:Drivers/STM32G0xx_HAL_Driver/Src/stm32g0xx_hal_rcc.c ****     RCC_OscInitStruct->LSEState = RCC_LSE_OFF;
1272:Drivers/STM32G0xx_HAL_Driver/Src/stm32g0xx_hal_rcc.c ****   }
1273:Drivers/STM32G0xx_HAL_Driver/Src/stm32g0xx_hal_rcc.c **** 
1274:Drivers/STM32G0xx_HAL_Driver/Src/stm32g0xx_hal_rcc.c ****   /* Get the LSI configuration -----------------------------------------------*/
1275:Drivers/STM32G0xx_HAL_Driver/Src/stm32g0xx_hal_rcc.c ****   if ((RCC->CSR & RCC_CSR_LSION) == RCC_CSR_LSION)
 2134              		.loc 1 1275 3 is_stmt 1 view .LVU661
 2135              		.loc 1 1275 11 is_stmt 0 view .LVU662
 2136 0040 204B     		ldr	r3, .L210
 2137 0042 1B6E     		ldr	r3, [r3, #96]
 2138              		.loc 1 1275 6 view .LVU663
 2139 0044 DB07     		lsls	r3, r3, #31
 2140 0046 37D5     		bpl	.L206
1276:Drivers/STM32G0xx_HAL_Driver/Src/stm32g0xx_hal_rcc.c ****   {
1277:Drivers/STM32G0xx_HAL_Driver/Src/stm32g0xx_hal_rcc.c ****     RCC_OscInitStruct->LSIState = RCC_LSI_ON;
 2141              		.loc 1 1277 5 is_stmt 1 view .LVU664
 2142              		.loc 1 1277 33 is_stmt 0 view .LVU665
 2143 0048 0123     		movs	r3, #1
 2144 004a 8361     		str	r3, [r0, #24]
 2145              	.L207:
1278:Drivers/STM32G0xx_HAL_Driver/Src/stm32g0xx_hal_rcc.c ****   }
1279:Drivers/STM32G0xx_HAL_Driver/Src/stm32g0xx_hal_rcc.c ****   else
1280:Drivers/STM32G0xx_HAL_Driver/Src/stm32g0xx_hal_rcc.c ****   {
1281:Drivers/STM32G0xx_HAL_Driver/Src/stm32g0xx_hal_rcc.c ****     RCC_OscInitStruct->LSIState = RCC_LSI_OFF;
1282:Drivers/STM32G0xx_HAL_Driver/Src/stm32g0xx_hal_rcc.c ****   }
1283:Drivers/STM32G0xx_HAL_Driver/Src/stm32g0xx_hal_rcc.c **** 
1284:Drivers/STM32G0xx_HAL_Driver/Src/stm32g0xx_hal_rcc.c **** #if defined(RCC_HSI48_SUPPORT)
1285:Drivers/STM32G0xx_HAL_Driver/Src/stm32g0xx_hal_rcc.c ****   /* Get the HSI48 configuration ---------------------------------------------*/
1286:Drivers/STM32G0xx_HAL_Driver/Src/stm32g0xx_hal_rcc.c ****   if (READ_BIT(RCC->CR, RCC_CR_HSI48ON) == RCC_CR_HSI48ON)
1287:Drivers/STM32G0xx_HAL_Driver/Src/stm32g0xx_hal_rcc.c ****   {
1288:Drivers/STM32G0xx_HAL_Driver/Src/stm32g0xx_hal_rcc.c ****     RCC_OscInitStruct->HSI48State = RCC_HSI48_ON;
1289:Drivers/STM32G0xx_HAL_Driver/Src/stm32g0xx_hal_rcc.c ****   }
1290:Drivers/STM32G0xx_HAL_Driver/Src/stm32g0xx_hal_rcc.c ****   else
1291:Drivers/STM32G0xx_HAL_Driver/Src/stm32g0xx_hal_rcc.c ****   {
1292:Drivers/STM32G0xx_HAL_Driver/Src/stm32g0xx_hal_rcc.c ****     RCC_OscInitStruct->HSI48State = RCC_HSI48_OFF;
1293:Drivers/STM32G0xx_HAL_Driver/Src/stm32g0xx_hal_rcc.c ****   }
ARM GAS  C:\Users\Asus\AppData\Local\Temp\ccaANind.s 			page 99


1294:Drivers/STM32G0xx_HAL_Driver/Src/stm32g0xx_hal_rcc.c **** #endif /* RCC_HSI48_SUPPORT */
1295:Drivers/STM32G0xx_HAL_Driver/Src/stm32g0xx_hal_rcc.c **** 
1296:Drivers/STM32G0xx_HAL_Driver/Src/stm32g0xx_hal_rcc.c ****   /* Get the PLL configuration -----------------------------------------------*/
1297:Drivers/STM32G0xx_HAL_Driver/Src/stm32g0xx_hal_rcc.c ****   if ((RCC->CR & RCC_CR_PLLON) == RCC_CR_PLLON)
 2146              		.loc 1 1297 3 is_stmt 1 view .LVU666
 2147              		.loc 1 1297 11 is_stmt 0 view .LVU667
 2148 004c 1D4B     		ldr	r3, .L210
 2149 004e 1B68     		ldr	r3, [r3]
 2150              		.loc 1 1297 6 view .LVU668
 2151 0050 DB01     		lsls	r3, r3, #7
 2152 0052 34D5     		bpl	.L208
1298:Drivers/STM32G0xx_HAL_Driver/Src/stm32g0xx_hal_rcc.c ****   {
1299:Drivers/STM32G0xx_HAL_Driver/Src/stm32g0xx_hal_rcc.c ****     RCC_OscInitStruct->PLL.PLLState = RCC_PLL_ON;
 2153              		.loc 1 1299 5 is_stmt 1 view .LVU669
 2154              		.loc 1 1299 37 is_stmt 0 view .LVU670
 2155 0054 0223     		movs	r3, #2
 2156 0056 C361     		str	r3, [r0, #28]
 2157              	.L209:
1300:Drivers/STM32G0xx_HAL_Driver/Src/stm32g0xx_hal_rcc.c ****   }
1301:Drivers/STM32G0xx_HAL_Driver/Src/stm32g0xx_hal_rcc.c ****   else
1302:Drivers/STM32G0xx_HAL_Driver/Src/stm32g0xx_hal_rcc.c ****   {
1303:Drivers/STM32G0xx_HAL_Driver/Src/stm32g0xx_hal_rcc.c ****     RCC_OscInitStruct->PLL.PLLState = RCC_PLL_OFF;
1304:Drivers/STM32G0xx_HAL_Driver/Src/stm32g0xx_hal_rcc.c ****   }
1305:Drivers/STM32G0xx_HAL_Driver/Src/stm32g0xx_hal_rcc.c ****   RCC_OscInitStruct->PLL.PLLSource = (RCC->PLLCFGR & RCC_PLLCFGR_PLLSRC);
 2158              		.loc 1 1305 3 is_stmt 1 view .LVU671
 2159              		.loc 1 1305 42 is_stmt 0 view .LVU672
 2160 0058 1A4B     		ldr	r3, .L210
 2161 005a D968     		ldr	r1, [r3, #12]
 2162              		.loc 1 1305 52 view .LVU673
 2163 005c 0322     		movs	r2, #3
 2164 005e 0A40     		ands	r2, r1
 2165              		.loc 1 1305 36 view .LVU674
 2166 0060 0262     		str	r2, [r0, #32]
1306:Drivers/STM32G0xx_HAL_Driver/Src/stm32g0xx_hal_rcc.c ****   RCC_OscInitStruct->PLL.PLLM = (RCC->PLLCFGR & RCC_PLLCFGR_PLLM);
 2167              		.loc 1 1306 3 is_stmt 1 view .LVU675
 2168              		.loc 1 1306 37 is_stmt 0 view .LVU676
 2169 0062 D968     		ldr	r1, [r3, #12]
 2170              		.loc 1 1306 47 view .LVU677
 2171 0064 7022     		movs	r2, #112
 2172 0066 0A40     		ands	r2, r1
 2173              		.loc 1 1306 31 view .LVU678
 2174 0068 4262     		str	r2, [r0, #36]
1307:Drivers/STM32G0xx_HAL_Driver/Src/stm32g0xx_hal_rcc.c ****   RCC_OscInitStruct->PLL.PLLN = ((RCC->PLLCFGR & RCC_PLLCFGR_PLLN) >> RCC_PLLCFGR_PLLN_Pos);
 2175              		.loc 1 1307 3 is_stmt 1 view .LVU679
 2176              		.loc 1 1307 38 is_stmt 0 view .LVU680
 2177 006a D968     		ldr	r1, [r3, #12]
 2178              		.loc 1 1307 68 view .LVU681
 2179 006c 090A     		lsrs	r1, r1, #8
 2180 006e 7F22     		movs	r2, #127
 2181 0070 0A40     		ands	r2, r1
 2182              		.loc 1 1307 31 view .LVU682
 2183 0072 8262     		str	r2, [r0, #40]
1308:Drivers/STM32G0xx_HAL_Driver/Src/stm32g0xx_hal_rcc.c ****   RCC_OscInitStruct->PLL.PLLP = (RCC->PLLCFGR & RCC_PLLCFGR_PLLP);
 2184              		.loc 1 1308 3 is_stmt 1 view .LVU683
 2185              		.loc 1 1308 37 is_stmt 0 view .LVU684
 2186 0074 DA68     		ldr	r2, [r3, #12]
 2187              		.loc 1 1308 47 view .LVU685
ARM GAS  C:\Users\Asus\AppData\Local\Temp\ccaANind.s 			page 100


 2188 0076 F821     		movs	r1, #248
 2189 0078 8903     		lsls	r1, r1, #14
 2190 007a 0A40     		ands	r2, r1
 2191              		.loc 1 1308 31 view .LVU686
 2192 007c C262     		str	r2, [r0, #44]
1309:Drivers/STM32G0xx_HAL_Driver/Src/stm32g0xx_hal_rcc.c **** #if defined(RCC_PLLQ_SUPPORT)
1310:Drivers/STM32G0xx_HAL_Driver/Src/stm32g0xx_hal_rcc.c ****   RCC_OscInitStruct->PLL.PLLQ = (RCC->PLLCFGR & RCC_PLLCFGR_PLLQ);
1311:Drivers/STM32G0xx_HAL_Driver/Src/stm32g0xx_hal_rcc.c **** #endif /* RCC_PLLQ_SUPPORT */
1312:Drivers/STM32G0xx_HAL_Driver/Src/stm32g0xx_hal_rcc.c ****   RCC_OscInitStruct->PLL.PLLR = (RCC->PLLCFGR & RCC_PLLCFGR_PLLR);
 2193              		.loc 1 1312 3 is_stmt 1 view .LVU687
 2194              		.loc 1 1312 37 is_stmt 0 view .LVU688
 2195 007e DB68     		ldr	r3, [r3, #12]
 2196              		.loc 1 1312 47 view .LVU689
 2197 0080 5B0F     		lsrs	r3, r3, #29
 2198 0082 5B07     		lsls	r3, r3, #29
 2199              		.loc 1 1312 31 view .LVU690
 2200 0084 0363     		str	r3, [r0, #48]
1313:Drivers/STM32G0xx_HAL_Driver/Src/stm32g0xx_hal_rcc.c **** }
 2201              		.loc 1 1313 1 view .LVU691
 2202              		@ sp needed
 2203 0086 7047     		bx	lr
 2204              	.L198:
1239:Drivers/STM32G0xx_HAL_Driver/Src/stm32g0xx_hal_rcc.c ****   {
 2205              		.loc 1 1239 8 is_stmt 1 view .LVU692
1239:Drivers/STM32G0xx_HAL_Driver/Src/stm32g0xx_hal_rcc.c ****   {
 2206              		.loc 1 1239 16 is_stmt 0 view .LVU693
 2207 0088 0E4B     		ldr	r3, .L210
 2208 008a 1B68     		ldr	r3, [r3]
1239:Drivers/STM32G0xx_HAL_Driver/Src/stm32g0xx_hal_rcc.c ****   {
 2209              		.loc 1 1239 11 view .LVU694
 2210 008c DB03     		lsls	r3, r3, #15
 2211 008e 03D5     		bpl	.L200
1241:Drivers/STM32G0xx_HAL_Driver/Src/stm32g0xx_hal_rcc.c ****   }
 2212              		.loc 1 1241 5 is_stmt 1 view .LVU695
1241:Drivers/STM32G0xx_HAL_Driver/Src/stm32g0xx_hal_rcc.c ****   }
 2213              		.loc 1 1241 33 is_stmt 0 view .LVU696
 2214 0090 8023     		movs	r3, #128
 2215 0092 5B02     		lsls	r3, r3, #9
 2216 0094 4360     		str	r3, [r0, #4]
 2217 0096 BCE7     		b	.L199
 2218              	.L200:
1245:Drivers/STM32G0xx_HAL_Driver/Src/stm32g0xx_hal_rcc.c ****   }
 2219              		.loc 1 1245 5 is_stmt 1 view .LVU697
1245:Drivers/STM32G0xx_HAL_Driver/Src/stm32g0xx_hal_rcc.c ****   }
 2220              		.loc 1 1245 33 is_stmt 0 view .LVU698
 2221 0098 0023     		movs	r3, #0
 2222 009a 4360     		str	r3, [r0, #4]
 2223 009c B9E7     		b	.L199
 2224              	.L201:
1255:Drivers/STM32G0xx_HAL_Driver/Src/stm32g0xx_hal_rcc.c ****   }
 2225              		.loc 1 1255 5 is_stmt 1 view .LVU699
1255:Drivers/STM32G0xx_HAL_Driver/Src/stm32g0xx_hal_rcc.c ****   }
 2226              		.loc 1 1255 33 is_stmt 0 view .LVU700
 2227 009e 0023     		movs	r3, #0
 2228 00a0 C360     		str	r3, [r0, #12]
 2229 00a2 BDE7     		b	.L202
 2230              	.L203:
ARM GAS  C:\Users\Asus\AppData\Local\Temp\ccaANind.s 			page 101


1265:Drivers/STM32G0xx_HAL_Driver/Src/stm32g0xx_hal_rcc.c ****   {
 2231              		.loc 1 1265 8 is_stmt 1 view .LVU701
1265:Drivers/STM32G0xx_HAL_Driver/Src/stm32g0xx_hal_rcc.c ****   {
 2232              		.loc 1 1265 16 is_stmt 0 view .LVU702
 2233 00a4 074B     		ldr	r3, .L210
 2234 00a6 DB6D     		ldr	r3, [r3, #92]
1265:Drivers/STM32G0xx_HAL_Driver/Src/stm32g0xx_hal_rcc.c ****   {
 2235              		.loc 1 1265 11 view .LVU703
 2236 00a8 DB07     		lsls	r3, r3, #31
 2237 00aa 02D5     		bpl	.L205
1267:Drivers/STM32G0xx_HAL_Driver/Src/stm32g0xx_hal_rcc.c ****   }
 2238              		.loc 1 1267 5 is_stmt 1 view .LVU704
1267:Drivers/STM32G0xx_HAL_Driver/Src/stm32g0xx_hal_rcc.c ****   }
 2239              		.loc 1 1267 33 is_stmt 0 view .LVU705
 2240 00ac 0123     		movs	r3, #1
 2241 00ae 8360     		str	r3, [r0, #8]
 2242 00b0 C6E7     		b	.L204
 2243              	.L205:
1271:Drivers/STM32G0xx_HAL_Driver/Src/stm32g0xx_hal_rcc.c ****   }
 2244              		.loc 1 1271 5 is_stmt 1 view .LVU706
1271:Drivers/STM32G0xx_HAL_Driver/Src/stm32g0xx_hal_rcc.c ****   }
 2245              		.loc 1 1271 33 is_stmt 0 view .LVU707
 2246 00b2 0023     		movs	r3, #0
 2247 00b4 8360     		str	r3, [r0, #8]
 2248 00b6 C3E7     		b	.L204
 2249              	.L206:
1281:Drivers/STM32G0xx_HAL_Driver/Src/stm32g0xx_hal_rcc.c ****   }
 2250              		.loc 1 1281 5 is_stmt 1 view .LVU708
1281:Drivers/STM32G0xx_HAL_Driver/Src/stm32g0xx_hal_rcc.c ****   }
 2251              		.loc 1 1281 33 is_stmt 0 view .LVU709
 2252 00b8 0023     		movs	r3, #0
 2253 00ba 8361     		str	r3, [r0, #24]
 2254 00bc C6E7     		b	.L207
 2255              	.L208:
1303:Drivers/STM32G0xx_HAL_Driver/Src/stm32g0xx_hal_rcc.c ****   }
 2256              		.loc 1 1303 5 is_stmt 1 view .LVU710
1303:Drivers/STM32G0xx_HAL_Driver/Src/stm32g0xx_hal_rcc.c ****   }
 2257              		.loc 1 1303 37 is_stmt 0 view .LVU711
 2258 00be 0123     		movs	r3, #1
 2259 00c0 C361     		str	r3, [r0, #28]
 2260 00c2 C9E7     		b	.L209
 2261              	.L211:
 2262              		.align	2
 2263              	.L210:
 2264 00c4 00100240 		.word	1073876992
 2265              		.cfi_endproc
 2266              	.LFE317:
 2268              		.section	.text.HAL_RCC_GetClockConfig,"ax",%progbits
 2269              		.align	1
 2270              		.global	HAL_RCC_GetClockConfig
 2271              		.syntax unified
 2272              		.code	16
 2273              		.thumb_func
 2275              	HAL_RCC_GetClockConfig:
 2276              	.LVL151:
 2277              	.LFB318:
1314:Drivers/STM32G0xx_HAL_Driver/Src/stm32g0xx_hal_rcc.c **** 
ARM GAS  C:\Users\Asus\AppData\Local\Temp\ccaANind.s 			page 102


1315:Drivers/STM32G0xx_HAL_Driver/Src/stm32g0xx_hal_rcc.c **** /**
1316:Drivers/STM32G0xx_HAL_Driver/Src/stm32g0xx_hal_rcc.c ****   * @brief  Configure the RCC_ClkInitStruct according to the internal
1317:Drivers/STM32G0xx_HAL_Driver/Src/stm32g0xx_hal_rcc.c ****   *         RCC configuration registers.
1318:Drivers/STM32G0xx_HAL_Driver/Src/stm32g0xx_hal_rcc.c ****   * @param  RCC_ClkInitStruct Pointer to a @ref RCC_ClkInitTypeDef structure that
1319:Drivers/STM32G0xx_HAL_Driver/Src/stm32g0xx_hal_rcc.c ****   *                           will be configured.
1320:Drivers/STM32G0xx_HAL_Driver/Src/stm32g0xx_hal_rcc.c ****   * @param  pFLatency         Pointer on the Flash Latency.
1321:Drivers/STM32G0xx_HAL_Driver/Src/stm32g0xx_hal_rcc.c ****   * @retval None
1322:Drivers/STM32G0xx_HAL_Driver/Src/stm32g0xx_hal_rcc.c ****   */
1323:Drivers/STM32G0xx_HAL_Driver/Src/stm32g0xx_hal_rcc.c **** void HAL_RCC_GetClockConfig(RCC_ClkInitTypeDef  *RCC_ClkInitStruct, uint32_t *pFLatency)
1324:Drivers/STM32G0xx_HAL_Driver/Src/stm32g0xx_hal_rcc.c **** {
 2278              		.loc 1 1324 1 is_stmt 1 view -0
 2279              		.cfi_startproc
 2280              		@ args = 0, pretend = 0, frame = 0
 2281              		@ frame_needed = 0, uses_anonymous_args = 0
 2282              		.loc 1 1324 1 is_stmt 0 view .LVU713
 2283 0000 30B5     		push	{r4, r5, lr}
 2284              		.cfi_def_cfa_offset 12
 2285              		.cfi_offset 4, -12
 2286              		.cfi_offset 5, -8
 2287              		.cfi_offset 14, -4
1325:Drivers/STM32G0xx_HAL_Driver/Src/stm32g0xx_hal_rcc.c ****   /* Check the parameters */
1326:Drivers/STM32G0xx_HAL_Driver/Src/stm32g0xx_hal_rcc.c ****   assert_param(RCC_ClkInitStruct != (void *)NULL);
 2288              		.loc 1 1326 3 is_stmt 1 view .LVU714
1327:Drivers/STM32G0xx_HAL_Driver/Src/stm32g0xx_hal_rcc.c ****   assert_param(pFLatency != (void *)NULL);
 2289              		.loc 1 1327 3 view .LVU715
1328:Drivers/STM32G0xx_HAL_Driver/Src/stm32g0xx_hal_rcc.c **** 
1329:Drivers/STM32G0xx_HAL_Driver/Src/stm32g0xx_hal_rcc.c ****   /* Set all possible values for the Clock type parameter --------------------*/
1330:Drivers/STM32G0xx_HAL_Driver/Src/stm32g0xx_hal_rcc.c ****   RCC_ClkInitStruct->ClockType = RCC_CLOCKTYPE_SYSCLK | RCC_CLOCKTYPE_HCLK | RCC_CLOCKTYPE_PCLK1;
 2290              		.loc 1 1330 3 view .LVU716
 2291              		.loc 1 1330 32 is_stmt 0 view .LVU717
 2292 0002 0723     		movs	r3, #7
 2293 0004 0360     		str	r3, [r0]
1331:Drivers/STM32G0xx_HAL_Driver/Src/stm32g0xx_hal_rcc.c **** 
1332:Drivers/STM32G0xx_HAL_Driver/Src/stm32g0xx_hal_rcc.c ****   /* Get the SYSCLK configuration --------------------------------------------*/
1333:Drivers/STM32G0xx_HAL_Driver/Src/stm32g0xx_hal_rcc.c ****   RCC_ClkInitStruct->SYSCLKSource = (uint32_t)(RCC->CFGR & RCC_CFGR_SW);
 2294              		.loc 1 1333 3 is_stmt 1 view .LVU718
 2295              		.loc 1 1333 51 is_stmt 0 view .LVU719
 2296 0006 094A     		ldr	r2, .L213
 2297 0008 9468     		ldr	r4, [r2, #8]
 2298              		.loc 1 1333 37 view .LVU720
 2299 000a 1C40     		ands	r4, r3
 2300              		.loc 1 1333 35 view .LVU721
 2301 000c 4460     		str	r4, [r0, #4]
1334:Drivers/STM32G0xx_HAL_Driver/Src/stm32g0xx_hal_rcc.c **** 
1335:Drivers/STM32G0xx_HAL_Driver/Src/stm32g0xx_hal_rcc.c ****   /* Get the HCLK configuration ----------------------------------------------*/
1336:Drivers/STM32G0xx_HAL_Driver/Src/stm32g0xx_hal_rcc.c ****   RCC_ClkInitStruct->AHBCLKDivider = (uint32_t)(RCC->CFGR & RCC_CFGR_HPRE);
 2302              		.loc 1 1336 3 is_stmt 1 view .LVU722
 2303              		.loc 1 1336 52 is_stmt 0 view .LVU723
 2304 000e 9468     		ldr	r4, [r2, #8]
 2305              		.loc 1 1336 38 view .LVU724
 2306 0010 F025     		movs	r5, #240
 2307 0012 2D01     		lsls	r5, r5, #4
 2308 0014 2C40     		ands	r4, r5
 2309              		.loc 1 1336 36 view .LVU725
 2310 0016 8460     		str	r4, [r0, #8]
1337:Drivers/STM32G0xx_HAL_Driver/Src/stm32g0xx_hal_rcc.c **** 
1338:Drivers/STM32G0xx_HAL_Driver/Src/stm32g0xx_hal_rcc.c ****   /* Get the APB1 configuration ----------------------------------------------*/
ARM GAS  C:\Users\Asus\AppData\Local\Temp\ccaANind.s 			page 103


1339:Drivers/STM32G0xx_HAL_Driver/Src/stm32g0xx_hal_rcc.c ****   RCC_ClkInitStruct->APB1CLKDivider = (uint32_t)(RCC->CFGR & RCC_CFGR_PPRE);
 2311              		.loc 1 1339 3 is_stmt 1 view .LVU726
 2312              		.loc 1 1339 53 is_stmt 0 view .LVU727
 2313 0018 9268     		ldr	r2, [r2, #8]
 2314              		.loc 1 1339 39 view .LVU728
 2315 001a E024     		movs	r4, #224
 2316 001c E401     		lsls	r4, r4, #7
 2317 001e 2240     		ands	r2, r4
 2318              		.loc 1 1339 37 view .LVU729
 2319 0020 C260     		str	r2, [r0, #12]
1340:Drivers/STM32G0xx_HAL_Driver/Src/stm32g0xx_hal_rcc.c **** 
1341:Drivers/STM32G0xx_HAL_Driver/Src/stm32g0xx_hal_rcc.c **** 
1342:Drivers/STM32G0xx_HAL_Driver/Src/stm32g0xx_hal_rcc.c ****   /* Get the Flash Wait State (Latency) configuration ------------------------*/
1343:Drivers/STM32G0xx_HAL_Driver/Src/stm32g0xx_hal_rcc.c ****   *pFLatency = (uint32_t)(FLASH->ACR & FLASH_ACR_LATENCY);
 2320              		.loc 1 1343 3 is_stmt 1 view .LVU730
 2321              		.loc 1 1343 32 is_stmt 0 view .LVU731
 2322 0022 034A     		ldr	r2, .L213+4
 2323 0024 1268     		ldr	r2, [r2]
 2324              		.loc 1 1343 16 view .LVU732
 2325 0026 1340     		ands	r3, r2
 2326              		.loc 1 1343 14 view .LVU733
 2327 0028 0B60     		str	r3, [r1]
1344:Drivers/STM32G0xx_HAL_Driver/Src/stm32g0xx_hal_rcc.c **** }
 2328              		.loc 1 1344 1 view .LVU734
 2329              		@ sp needed
 2330 002a 30BD     		pop	{r4, r5, pc}
 2331              	.L214:
 2332              		.align	2
 2333              	.L213:
 2334 002c 00100240 		.word	1073876992
 2335 0030 00200240 		.word	1073881088
 2336              		.cfi_endproc
 2337              	.LFE318:
 2339              		.section	.text.HAL_RCC_EnableCSS,"ax",%progbits
 2340              		.align	1
 2341              		.global	HAL_RCC_EnableCSS
 2342              		.syntax unified
 2343              		.code	16
 2344              		.thumb_func
 2346              	HAL_RCC_EnableCSS:
 2347              	.LFB319:
1345:Drivers/STM32G0xx_HAL_Driver/Src/stm32g0xx_hal_rcc.c **** 
1346:Drivers/STM32G0xx_HAL_Driver/Src/stm32g0xx_hal_rcc.c **** /**
1347:Drivers/STM32G0xx_HAL_Driver/Src/stm32g0xx_hal_rcc.c ****   * @brief  Enable the Clock Security System.
1348:Drivers/STM32G0xx_HAL_Driver/Src/stm32g0xx_hal_rcc.c ****   * @note   If a failure is detected on the HSE oscillator clock, this oscillator
1349:Drivers/STM32G0xx_HAL_Driver/Src/stm32g0xx_hal_rcc.c ****   *         is automatically disabled and an interrupt is generated to inform the
1350:Drivers/STM32G0xx_HAL_Driver/Src/stm32g0xx_hal_rcc.c ****   *         software about the failure (Clock Security System Interrupt, CSSI),
1351:Drivers/STM32G0xx_HAL_Driver/Src/stm32g0xx_hal_rcc.c ****   *         allowing the MCU to perform rescue operations. The CSSI is linked to
1352:Drivers/STM32G0xx_HAL_Driver/Src/stm32g0xx_hal_rcc.c ****   *         the Cortex-M0+ NMI (Non-Maskable Interrupt) exception vector.
1353:Drivers/STM32G0xx_HAL_Driver/Src/stm32g0xx_hal_rcc.c ****   * @note   The Clock Security System can only be cleared by reset.
1354:Drivers/STM32G0xx_HAL_Driver/Src/stm32g0xx_hal_rcc.c ****   * @retval None
1355:Drivers/STM32G0xx_HAL_Driver/Src/stm32g0xx_hal_rcc.c ****   */
1356:Drivers/STM32G0xx_HAL_Driver/Src/stm32g0xx_hal_rcc.c **** void HAL_RCC_EnableCSS(void)
1357:Drivers/STM32G0xx_HAL_Driver/Src/stm32g0xx_hal_rcc.c **** {
 2348              		.loc 1 1357 1 is_stmt 1 view -0
 2349              		.cfi_startproc
 2350              		@ args = 0, pretend = 0, frame = 0
ARM GAS  C:\Users\Asus\AppData\Local\Temp\ccaANind.s 			page 104


 2351              		@ frame_needed = 0, uses_anonymous_args = 0
 2352              		@ link register save eliminated.
1358:Drivers/STM32G0xx_HAL_Driver/Src/stm32g0xx_hal_rcc.c ****   SET_BIT(RCC->CR, RCC_CR_CSSON) ;
 2353              		.loc 1 1358 3 view .LVU736
 2354 0000 034A     		ldr	r2, .L216
 2355 0002 1168     		ldr	r1, [r2]
 2356 0004 8023     		movs	r3, #128
 2357 0006 1B03     		lsls	r3, r3, #12
 2358 0008 0B43     		orrs	r3, r1
 2359 000a 1360     		str	r3, [r2]
1359:Drivers/STM32G0xx_HAL_Driver/Src/stm32g0xx_hal_rcc.c **** }
 2360              		.loc 1 1359 1 is_stmt 0 view .LVU737
 2361              		@ sp needed
 2362 000c 7047     		bx	lr
 2363              	.L217:
 2364 000e C046     		.align	2
 2365              	.L216:
 2366 0010 00100240 		.word	1073876992
 2367              		.cfi_endproc
 2368              	.LFE319:
 2370              		.section	.text.HAL_RCC_EnableLSECSS,"ax",%progbits
 2371              		.align	1
 2372              		.global	HAL_RCC_EnableLSECSS
 2373              		.syntax unified
 2374              		.code	16
 2375              		.thumb_func
 2377              	HAL_RCC_EnableLSECSS:
 2378              	.LFB320:
1360:Drivers/STM32G0xx_HAL_Driver/Src/stm32g0xx_hal_rcc.c **** 
1361:Drivers/STM32G0xx_HAL_Driver/Src/stm32g0xx_hal_rcc.c **** /**
1362:Drivers/STM32G0xx_HAL_Driver/Src/stm32g0xx_hal_rcc.c ****   * @brief  Enable the LSE Clock Security System.
1363:Drivers/STM32G0xx_HAL_Driver/Src/stm32g0xx_hal_rcc.c ****   * @note   If a failure is detected on the LSE oscillator clock, this oscillator
1364:Drivers/STM32G0xx_HAL_Driver/Src/stm32g0xx_hal_rcc.c ****   *         is automatically disabled and an interrupt is generated to inform the
1365:Drivers/STM32G0xx_HAL_Driver/Src/stm32g0xx_hal_rcc.c ****   *         software about the failure (Clock Security System Interrupt, CSSI),
1366:Drivers/STM32G0xx_HAL_Driver/Src/stm32g0xx_hal_rcc.c ****   *         allowing the MCU to perform rescue operations. The CSSI is linked to
1367:Drivers/STM32G0xx_HAL_Driver/Src/stm32g0xx_hal_rcc.c ****   *         the Cortex-M0+ NMI (Non-Maskable Interrupt) exception vector.
1368:Drivers/STM32G0xx_HAL_Driver/Src/stm32g0xx_hal_rcc.c ****   * @note   The LSE Clock Security System Detection bit (LSECSSD in BDCR) can only be
1369:Drivers/STM32G0xx_HAL_Driver/Src/stm32g0xx_hal_rcc.c ****   *         cleared by a backup domain reset.
1370:Drivers/STM32G0xx_HAL_Driver/Src/stm32g0xx_hal_rcc.c ****   * @retval None
1371:Drivers/STM32G0xx_HAL_Driver/Src/stm32g0xx_hal_rcc.c ****   */
1372:Drivers/STM32G0xx_HAL_Driver/Src/stm32g0xx_hal_rcc.c **** void HAL_RCC_EnableLSECSS(void)
1373:Drivers/STM32G0xx_HAL_Driver/Src/stm32g0xx_hal_rcc.c **** {
 2379              		.loc 1 1373 1 is_stmt 1 view -0
 2380              		.cfi_startproc
 2381              		@ args = 0, pretend = 0, frame = 0
 2382              		@ frame_needed = 0, uses_anonymous_args = 0
 2383              		@ link register save eliminated.
1374:Drivers/STM32G0xx_HAL_Driver/Src/stm32g0xx_hal_rcc.c ****   SET_BIT(RCC->BDCR, RCC_BDCR_LSECSSON) ;
 2384              		.loc 1 1374 3 view .LVU739
 2385 0000 024A     		ldr	r2, .L219
 2386 0002 D36D     		ldr	r3, [r2, #92]
 2387 0004 2021     		movs	r1, #32
 2388 0006 0B43     		orrs	r3, r1
 2389 0008 D365     		str	r3, [r2, #92]
1375:Drivers/STM32G0xx_HAL_Driver/Src/stm32g0xx_hal_rcc.c **** }
 2390              		.loc 1 1375 1 is_stmt 0 view .LVU740
 2391              		@ sp needed
ARM GAS  C:\Users\Asus\AppData\Local\Temp\ccaANind.s 			page 105


 2392 000a 7047     		bx	lr
 2393              	.L220:
 2394              		.align	2
 2395              	.L219:
 2396 000c 00100240 		.word	1073876992
 2397              		.cfi_endproc
 2398              	.LFE320:
 2400              		.section	.text.HAL_RCC_DisableLSECSS,"ax",%progbits
 2401              		.align	1
 2402              		.global	HAL_RCC_DisableLSECSS
 2403              		.syntax unified
 2404              		.code	16
 2405              		.thumb_func
 2407              	HAL_RCC_DisableLSECSS:
 2408              	.LFB321:
1376:Drivers/STM32G0xx_HAL_Driver/Src/stm32g0xx_hal_rcc.c **** 
1377:Drivers/STM32G0xx_HAL_Driver/Src/stm32g0xx_hal_rcc.c **** /**
1378:Drivers/STM32G0xx_HAL_Driver/Src/stm32g0xx_hal_rcc.c ****   * @brief  Disable the LSE Clock Security System.
1379:Drivers/STM32G0xx_HAL_Driver/Src/stm32g0xx_hal_rcc.c ****   * @note   After LSE failure detection, the software must disable LSECSSON
1380:Drivers/STM32G0xx_HAL_Driver/Src/stm32g0xx_hal_rcc.c ****   * @note   The Clock Security System can only be cleared by reset otherwise.
1381:Drivers/STM32G0xx_HAL_Driver/Src/stm32g0xx_hal_rcc.c ****   * @retval None
1382:Drivers/STM32G0xx_HAL_Driver/Src/stm32g0xx_hal_rcc.c ****   */
1383:Drivers/STM32G0xx_HAL_Driver/Src/stm32g0xx_hal_rcc.c **** void HAL_RCC_DisableLSECSS(void)
1384:Drivers/STM32G0xx_HAL_Driver/Src/stm32g0xx_hal_rcc.c **** {
 2409              		.loc 1 1384 1 is_stmt 1 view -0
 2410              		.cfi_startproc
 2411              		@ args = 0, pretend = 0, frame = 0
 2412              		@ frame_needed = 0, uses_anonymous_args = 0
 2413              		@ link register save eliminated.
1385:Drivers/STM32G0xx_HAL_Driver/Src/stm32g0xx_hal_rcc.c ****   CLEAR_BIT(RCC->BDCR, RCC_BDCR_LSECSSON) ;
 2414              		.loc 1 1385 3 view .LVU742
 2415 0000 024A     		ldr	r2, .L222
 2416 0002 D36D     		ldr	r3, [r2, #92]
 2417 0004 2021     		movs	r1, #32
 2418 0006 8B43     		bics	r3, r1
 2419 0008 D365     		str	r3, [r2, #92]
1386:Drivers/STM32G0xx_HAL_Driver/Src/stm32g0xx_hal_rcc.c **** }
 2420              		.loc 1 1386 1 is_stmt 0 view .LVU743
 2421              		@ sp needed
 2422 000a 7047     		bx	lr
 2423              	.L223:
 2424              		.align	2
 2425              	.L222:
 2426 000c 00100240 		.word	1073876992
 2427              		.cfi_endproc
 2428              	.LFE321:
 2430              		.section	.text.HAL_RCC_CSSCallback,"ax",%progbits
 2431              		.align	1
 2432              		.weak	HAL_RCC_CSSCallback
 2433              		.syntax unified
 2434              		.code	16
 2435              		.thumb_func
 2437              	HAL_RCC_CSSCallback:
 2438              	.LFB323:
1387:Drivers/STM32G0xx_HAL_Driver/Src/stm32g0xx_hal_rcc.c **** 
1388:Drivers/STM32G0xx_HAL_Driver/Src/stm32g0xx_hal_rcc.c **** /**
1389:Drivers/STM32G0xx_HAL_Driver/Src/stm32g0xx_hal_rcc.c ****   * @brief Handle the RCC Clock Security System interrupt request.
ARM GAS  C:\Users\Asus\AppData\Local\Temp\ccaANind.s 			page 106


1390:Drivers/STM32G0xx_HAL_Driver/Src/stm32g0xx_hal_rcc.c ****   * @note  This API should be called under the NMI_Handler().
1391:Drivers/STM32G0xx_HAL_Driver/Src/stm32g0xx_hal_rcc.c ****   * @retval None
1392:Drivers/STM32G0xx_HAL_Driver/Src/stm32g0xx_hal_rcc.c ****   */
1393:Drivers/STM32G0xx_HAL_Driver/Src/stm32g0xx_hal_rcc.c **** void HAL_RCC_NMI_IRQHandler(void)
1394:Drivers/STM32G0xx_HAL_Driver/Src/stm32g0xx_hal_rcc.c **** {
1395:Drivers/STM32G0xx_HAL_Driver/Src/stm32g0xx_hal_rcc.c ****   uint32_t itflag = RCC->CIFR;
1396:Drivers/STM32G0xx_HAL_Driver/Src/stm32g0xx_hal_rcc.c **** 
1397:Drivers/STM32G0xx_HAL_Driver/Src/stm32g0xx_hal_rcc.c ****   /* Clear interrupt flags related to CSS */
1398:Drivers/STM32G0xx_HAL_Driver/Src/stm32g0xx_hal_rcc.c ****   RCC->CICR = (itflag & (RCC_CIFR_CSSF | RCC_CIFR_LSECSSF));
1399:Drivers/STM32G0xx_HAL_Driver/Src/stm32g0xx_hal_rcc.c **** 
1400:Drivers/STM32G0xx_HAL_Driver/Src/stm32g0xx_hal_rcc.c ****   /* Check RCC CSSF interrupt flag  */
1401:Drivers/STM32G0xx_HAL_Driver/Src/stm32g0xx_hal_rcc.c ****   if ((itflag & RCC_CIFR_CSSF) != 0x00u)
1402:Drivers/STM32G0xx_HAL_Driver/Src/stm32g0xx_hal_rcc.c ****   {
1403:Drivers/STM32G0xx_HAL_Driver/Src/stm32g0xx_hal_rcc.c ****     /* RCC Clock Security System interrupt user callback */
1404:Drivers/STM32G0xx_HAL_Driver/Src/stm32g0xx_hal_rcc.c ****     HAL_RCC_CSSCallback();
1405:Drivers/STM32G0xx_HAL_Driver/Src/stm32g0xx_hal_rcc.c ****   }
1406:Drivers/STM32G0xx_HAL_Driver/Src/stm32g0xx_hal_rcc.c **** 
1407:Drivers/STM32G0xx_HAL_Driver/Src/stm32g0xx_hal_rcc.c ****   /* Check RCC LSECSSF interrupt flag  */
1408:Drivers/STM32G0xx_HAL_Driver/Src/stm32g0xx_hal_rcc.c ****   if ((itflag & RCC_CIFR_LSECSSF) != 0x00u)
1409:Drivers/STM32G0xx_HAL_Driver/Src/stm32g0xx_hal_rcc.c ****   {
1410:Drivers/STM32G0xx_HAL_Driver/Src/stm32g0xx_hal_rcc.c ****     /* RCC Clock Security System interrupt user callback */
1411:Drivers/STM32G0xx_HAL_Driver/Src/stm32g0xx_hal_rcc.c ****     HAL_RCC_LSECSSCallback();
1412:Drivers/STM32G0xx_HAL_Driver/Src/stm32g0xx_hal_rcc.c ****   }
1413:Drivers/STM32G0xx_HAL_Driver/Src/stm32g0xx_hal_rcc.c **** }
1414:Drivers/STM32G0xx_HAL_Driver/Src/stm32g0xx_hal_rcc.c **** 
1415:Drivers/STM32G0xx_HAL_Driver/Src/stm32g0xx_hal_rcc.c **** /**
1416:Drivers/STM32G0xx_HAL_Driver/Src/stm32g0xx_hal_rcc.c ****   * @brief Handle the RCC HSE Clock Security System interrupt callback.
1417:Drivers/STM32G0xx_HAL_Driver/Src/stm32g0xx_hal_rcc.c ****   * @retval none
1418:Drivers/STM32G0xx_HAL_Driver/Src/stm32g0xx_hal_rcc.c ****   */
1419:Drivers/STM32G0xx_HAL_Driver/Src/stm32g0xx_hal_rcc.c **** __weak void HAL_RCC_CSSCallback(void)
1420:Drivers/STM32G0xx_HAL_Driver/Src/stm32g0xx_hal_rcc.c **** {
 2439              		.loc 1 1420 1 is_stmt 1 view -0
 2440              		.cfi_startproc
 2441              		@ args = 0, pretend = 0, frame = 0
 2442              		@ frame_needed = 0, uses_anonymous_args = 0
 2443              		@ link register save eliminated.
1421:Drivers/STM32G0xx_HAL_Driver/Src/stm32g0xx_hal_rcc.c ****   /* NOTE : This function should not be modified, when the callback is needed,
1422:Drivers/STM32G0xx_HAL_Driver/Src/stm32g0xx_hal_rcc.c ****             the @ref HAL_RCC_CSSCallback should be implemented in the user file
1423:Drivers/STM32G0xx_HAL_Driver/Src/stm32g0xx_hal_rcc.c ****    */
1424:Drivers/STM32G0xx_HAL_Driver/Src/stm32g0xx_hal_rcc.c **** }
 2444              		.loc 1 1424 1 view .LVU745
 2445              		@ sp needed
 2446 0000 7047     		bx	lr
 2447              		.cfi_endproc
 2448              	.LFE323:
 2450              		.section	.text.HAL_RCC_LSECSSCallback,"ax",%progbits
 2451              		.align	1
 2452              		.weak	HAL_RCC_LSECSSCallback
 2453              		.syntax unified
 2454              		.code	16
 2455              		.thumb_func
 2457              	HAL_RCC_LSECSSCallback:
 2458              	.LFB324:
1425:Drivers/STM32G0xx_HAL_Driver/Src/stm32g0xx_hal_rcc.c **** 
1426:Drivers/STM32G0xx_HAL_Driver/Src/stm32g0xx_hal_rcc.c **** /**
1427:Drivers/STM32G0xx_HAL_Driver/Src/stm32g0xx_hal_rcc.c ****   * @brief  RCC LSE Clock Security System interrupt callback.
1428:Drivers/STM32G0xx_HAL_Driver/Src/stm32g0xx_hal_rcc.c ****   * @retval none
ARM GAS  C:\Users\Asus\AppData\Local\Temp\ccaANind.s 			page 107


1429:Drivers/STM32G0xx_HAL_Driver/Src/stm32g0xx_hal_rcc.c ****   */
1430:Drivers/STM32G0xx_HAL_Driver/Src/stm32g0xx_hal_rcc.c **** __weak void HAL_RCC_LSECSSCallback(void)
1431:Drivers/STM32G0xx_HAL_Driver/Src/stm32g0xx_hal_rcc.c **** {
 2459              		.loc 1 1431 1 view -0
 2460              		.cfi_startproc
 2461              		@ args = 0, pretend = 0, frame = 0
 2462              		@ frame_needed = 0, uses_anonymous_args = 0
 2463              		@ link register save eliminated.
1432:Drivers/STM32G0xx_HAL_Driver/Src/stm32g0xx_hal_rcc.c ****   /* NOTE : This function should not be modified, when the callback is needed,
1433:Drivers/STM32G0xx_HAL_Driver/Src/stm32g0xx_hal_rcc.c ****             the HAL_RCC_LSECSSCallback should be implemented in the user file
1434:Drivers/STM32G0xx_HAL_Driver/Src/stm32g0xx_hal_rcc.c ****    */
1435:Drivers/STM32G0xx_HAL_Driver/Src/stm32g0xx_hal_rcc.c **** }
 2464              		.loc 1 1435 1 view .LVU747
 2465              		@ sp needed
 2466 0000 7047     		bx	lr
 2467              		.cfi_endproc
 2468              	.LFE324:
 2470              		.section	.text.HAL_RCC_NMI_IRQHandler,"ax",%progbits
 2471              		.align	1
 2472              		.global	HAL_RCC_NMI_IRQHandler
 2473              		.syntax unified
 2474              		.code	16
 2475              		.thumb_func
 2477              	HAL_RCC_NMI_IRQHandler:
 2478              	.LFB322:
1394:Drivers/STM32G0xx_HAL_Driver/Src/stm32g0xx_hal_rcc.c ****   uint32_t itflag = RCC->CIFR;
 2479              		.loc 1 1394 1 view -0
 2480              		.cfi_startproc
 2481              		@ args = 0, pretend = 0, frame = 0
 2482              		@ frame_needed = 0, uses_anonymous_args = 0
 2483 0000 10B5     		push	{r4, lr}
 2484              		.cfi_def_cfa_offset 8
 2485              		.cfi_offset 4, -8
 2486              		.cfi_offset 14, -4
1395:Drivers/STM32G0xx_HAL_Driver/Src/stm32g0xx_hal_rcc.c **** 
 2487              		.loc 1 1395 3 view .LVU749
1395:Drivers/STM32G0xx_HAL_Driver/Src/stm32g0xx_hal_rcc.c **** 
 2488              		.loc 1 1395 12 is_stmt 0 view .LVU750
 2489 0002 084A     		ldr	r2, .L233
 2490 0004 D469     		ldr	r4, [r2, #28]
 2491              	.LVL152:
1398:Drivers/STM32G0xx_HAL_Driver/Src/stm32g0xx_hal_rcc.c **** 
 2492              		.loc 1 1398 3 is_stmt 1 view .LVU751
1398:Drivers/STM32G0xx_HAL_Driver/Src/stm32g0xx_hal_rcc.c **** 
 2493              		.loc 1 1398 23 is_stmt 0 view .LVU752
 2494 0006 C023     		movs	r3, #192
 2495 0008 9B00     		lsls	r3, r3, #2
 2496 000a 2340     		ands	r3, r4
1398:Drivers/STM32G0xx_HAL_Driver/Src/stm32g0xx_hal_rcc.c **** 
 2497              		.loc 1 1398 13 view .LVU753
 2498 000c 1362     		str	r3, [r2, #32]
1401:Drivers/STM32G0xx_HAL_Driver/Src/stm32g0xx_hal_rcc.c ****   {
 2499              		.loc 1 1401 3 is_stmt 1 view .LVU754
1401:Drivers/STM32G0xx_HAL_Driver/Src/stm32g0xx_hal_rcc.c ****   {
 2500              		.loc 1 1401 6 is_stmt 0 view .LVU755
 2501 000e E305     		lsls	r3, r4, #23
 2502 0010 02D4     		bmi	.L231
ARM GAS  C:\Users\Asus\AppData\Local\Temp\ccaANind.s 			page 108


 2503              	.L227:
1408:Drivers/STM32G0xx_HAL_Driver/Src/stm32g0xx_hal_rcc.c ****   {
 2504              		.loc 1 1408 3 is_stmt 1 view .LVU756
1408:Drivers/STM32G0xx_HAL_Driver/Src/stm32g0xx_hal_rcc.c ****   {
 2505              		.loc 1 1408 6 is_stmt 0 view .LVU757
 2506 0012 A405     		lsls	r4, r4, #22
 2507 0014 03D4     		bmi	.L232
 2508              	.LVL153:
 2509              	.L226:
1413:Drivers/STM32G0xx_HAL_Driver/Src/stm32g0xx_hal_rcc.c **** 
 2510              		.loc 1 1413 1 view .LVU758
 2511              		@ sp needed
 2512 0016 10BD     		pop	{r4, pc}
 2513              	.LVL154:
 2514              	.L231:
1404:Drivers/STM32G0xx_HAL_Driver/Src/stm32g0xx_hal_rcc.c ****   }
 2515              		.loc 1 1404 5 is_stmt 1 view .LVU759
 2516 0018 FFF7FEFF 		bl	HAL_RCC_CSSCallback
 2517              	.LVL155:
 2518 001c F9E7     		b	.L227
 2519              	.LVL156:
 2520              	.L232:
1411:Drivers/STM32G0xx_HAL_Driver/Src/stm32g0xx_hal_rcc.c ****   }
 2521              		.loc 1 1411 5 view .LVU760
 2522 001e FFF7FEFF 		bl	HAL_RCC_LSECSSCallback
 2523              	.LVL157:
1413:Drivers/STM32G0xx_HAL_Driver/Src/stm32g0xx_hal_rcc.c **** 
 2524              		.loc 1 1413 1 is_stmt 0 view .LVU761
 2525 0022 F8E7     		b	.L226
 2526              	.L234:
 2527              		.align	2
 2528              	.L233:
 2529 0024 00100240 		.word	1073876992
 2530              		.cfi_endproc
 2531              	.LFE322:
 2533              		.section	.text.HAL_RCC_GetResetSource,"ax",%progbits
 2534              		.align	1
 2535              		.global	HAL_RCC_GetResetSource
 2536              		.syntax unified
 2537              		.code	16
 2538              		.thumb_func
 2540              	HAL_RCC_GetResetSource:
 2541              	.LFB325:
1436:Drivers/STM32G0xx_HAL_Driver/Src/stm32g0xx_hal_rcc.c **** 
1437:Drivers/STM32G0xx_HAL_Driver/Src/stm32g0xx_hal_rcc.c **** /**
1438:Drivers/STM32G0xx_HAL_Driver/Src/stm32g0xx_hal_rcc.c ****   * @brief  Get and clear reset flags
1439:Drivers/STM32G0xx_HAL_Driver/Src/stm32g0xx_hal_rcc.c ****   * @note   Once reset flags are retrieved, this API is clearing them in order
1440:Drivers/STM32G0xx_HAL_Driver/Src/stm32g0xx_hal_rcc.c ****   *         to isolate next reset reason.
1441:Drivers/STM32G0xx_HAL_Driver/Src/stm32g0xx_hal_rcc.c ****   * @retval can be a combination of @ref RCC_Reset_Flag
1442:Drivers/STM32G0xx_HAL_Driver/Src/stm32g0xx_hal_rcc.c ****   */
1443:Drivers/STM32G0xx_HAL_Driver/Src/stm32g0xx_hal_rcc.c **** uint32_t HAL_RCC_GetResetSource(void)
1444:Drivers/STM32G0xx_HAL_Driver/Src/stm32g0xx_hal_rcc.c **** {
 2542              		.loc 1 1444 1 is_stmt 1 view -0
 2543              		.cfi_startproc
 2544              		@ args = 0, pretend = 0, frame = 0
 2545              		@ frame_needed = 0, uses_anonymous_args = 0
 2546              		@ link register save eliminated.
ARM GAS  C:\Users\Asus\AppData\Local\Temp\ccaANind.s 			page 109


1445:Drivers/STM32G0xx_HAL_Driver/Src/stm32g0xx_hal_rcc.c ****   uint32_t reset;
 2547              		.loc 1 1445 3 view .LVU763
1446:Drivers/STM32G0xx_HAL_Driver/Src/stm32g0xx_hal_rcc.c **** 
1447:Drivers/STM32G0xx_HAL_Driver/Src/stm32g0xx_hal_rcc.c ****   /* Get all reset flags */
1448:Drivers/STM32G0xx_HAL_Driver/Src/stm32g0xx_hal_rcc.c ****   reset = RCC->CSR & RCC_RESET_FLAG_ALL;
 2548              		.loc 1 1448 3 view .LVU764
 2549              		.loc 1 1448 14 is_stmt 0 view .LVU765
 2550 0000 044B     		ldr	r3, .L236
 2551 0002 186E     		ldr	r0, [r3, #96]
 2552              		.loc 1 1448 9 view .LVU766
 2553 0004 400E     		lsrs	r0, r0, #25
 2554 0006 4006     		lsls	r0, r0, #25
 2555              	.LVL158:
1449:Drivers/STM32G0xx_HAL_Driver/Src/stm32g0xx_hal_rcc.c **** 
1450:Drivers/STM32G0xx_HAL_Driver/Src/stm32g0xx_hal_rcc.c ****   /* Clear Reset flags */
1451:Drivers/STM32G0xx_HAL_Driver/Src/stm32g0xx_hal_rcc.c ****   RCC->CSR |= RCC_CSR_RMVF;
 2556              		.loc 1 1451 3 is_stmt 1 view .LVU767
 2557              		.loc 1 1451 6 is_stmt 0 view .LVU768
 2558 0008 196E     		ldr	r1, [r3, #96]
 2559              		.loc 1 1451 12 view .LVU769
 2560 000a 8022     		movs	r2, #128
 2561 000c 1204     		lsls	r2, r2, #16
 2562 000e 0A43     		orrs	r2, r1
 2563 0010 1A66     		str	r2, [r3, #96]
1452:Drivers/STM32G0xx_HAL_Driver/Src/stm32g0xx_hal_rcc.c **** 
1453:Drivers/STM32G0xx_HAL_Driver/Src/stm32g0xx_hal_rcc.c ****   return reset;
 2564              		.loc 1 1453 3 is_stmt 1 view .LVU770
1454:Drivers/STM32G0xx_HAL_Driver/Src/stm32g0xx_hal_rcc.c **** }
 2565              		.loc 1 1454 1 is_stmt 0 view .LVU771
 2566              		@ sp needed
 2567 0012 7047     		bx	lr
 2568              	.L237:
 2569              		.align	2
 2570              	.L236:
 2571 0014 00100240 		.word	1073876992
 2572              		.cfi_endproc
 2573              	.LFE325:
 2575              		.text
 2576              	.Letext0:
 2577              		.file 3 "c:\\msys64\\mingw64\\arm-none-eabi\\include\\machine\\_default_types.h"
 2578              		.file 4 "c:\\msys64\\mingw64\\arm-none-eabi\\include\\sys\\_stdint.h"
 2579              		.file 5 "Drivers/CMSIS/Device/ST/STM32G0xx/Include/system_stm32g0xx.h"
 2580              		.file 6 "Drivers/CMSIS/Device/ST/STM32G0xx/Include/stm32g070xx.h"
 2581              		.file 7 "Drivers/CMSIS/Device/ST/STM32G0xx/Include/stm32g0xx.h"
 2582              		.file 8 "Drivers/STM32G0xx_HAL_Driver/Inc/stm32g0xx_hal_def.h"
 2583              		.file 9 "Drivers/STM32G0xx_HAL_Driver/Inc/stm32g0xx_hal_rcc.h"
 2584              		.file 10 "Drivers/STM32G0xx_HAL_Driver/Inc/stm32g0xx_hal_gpio.h"
 2585              		.file 11 "Drivers/STM32G0xx_HAL_Driver/Inc/stm32g0xx_hal.h"
 2586              		.file 12 "Drivers/STM32G0xx_HAL_Driver/Inc/stm32g0xx_ll_dma.h"
ARM GAS  C:\Users\Asus\AppData\Local\Temp\ccaANind.s 			page 110


DEFINED SYMBOLS
                            *ABS*:00000000 stm32g0xx_hal_rcc.c
C:\Users\Asus\AppData\Local\Temp\ccaANind.s:19     .text.HAL_RCC_DeInit:00000000 $t
C:\Users\Asus\AppData\Local\Temp\ccaANind.s:25     .text.HAL_RCC_DeInit:00000000 HAL_RCC_DeInit
C:\Users\Asus\AppData\Local\Temp\ccaANind.s:191    .text.HAL_RCC_DeInit:000000a0 $d
C:\Users\Asus\AppData\Local\Temp\ccaANind.s:200    .text.HAL_RCC_OscConfig:00000000 $t
C:\Users\Asus\AppData\Local\Temp\ccaANind.s:206    .text.HAL_RCC_OscConfig:00000000 HAL_RCC_OscConfig
C:\Users\Asus\AppData\Local\Temp\ccaANind.s:966    .text.HAL_RCC_OscConfig:00000318 $d
C:\Users\Asus\AppData\Local\Temp\ccaANind.s:980    .text.HAL_RCC_OscConfig:00000344 $t
C:\Users\Asus\AppData\Local\Temp\ccaANind.s:1289   .text.HAL_RCC_OscConfig:00000490 $d
C:\Users\Asus\AppData\Local\Temp\ccaANind.s:1298   .text.HAL_RCC_MCOConfig:00000000 $t
C:\Users\Asus\AppData\Local\Temp\ccaANind.s:1304   .text.HAL_RCC_MCOConfig:00000000 HAL_RCC_MCOConfig
C:\Users\Asus\AppData\Local\Temp\ccaANind.s:1421   .text.HAL_RCC_MCOConfig:00000064 $d
C:\Users\Asus\AppData\Local\Temp\ccaANind.s:1428   .text.HAL_RCC_GetSysClockFreq:00000000 $t
C:\Users\Asus\AppData\Local\Temp\ccaANind.s:1434   .text.HAL_RCC_GetSysClockFreq:00000000 HAL_RCC_GetSysClockFreq
C:\Users\Asus\AppData\Local\Temp\ccaANind.s:1607   .text.HAL_RCC_GetSysClockFreq:000000ac $d
C:\Users\Asus\AppData\Local\Temp\ccaANind.s:1614   .text.HAL_RCC_ClockConfig:00000000 $t
C:\Users\Asus\AppData\Local\Temp\ccaANind.s:1620   .text.HAL_RCC_ClockConfig:00000000 HAL_RCC_ClockConfig
C:\Users\Asus\AppData\Local\Temp\ccaANind.s:1965   .text.HAL_RCC_ClockConfig:0000016c $d
C:\Users\Asus\AppData\Local\Temp\ccaANind.s:1977   .text.HAL_RCC_GetHCLKFreq:00000000 $t
C:\Users\Asus\AppData\Local\Temp\ccaANind.s:1983   .text.HAL_RCC_GetHCLKFreq:00000000 HAL_RCC_GetHCLKFreq
C:\Users\Asus\AppData\Local\Temp\ccaANind.s:2000   .text.HAL_RCC_GetHCLKFreq:00000008 $d
C:\Users\Asus\AppData\Local\Temp\ccaANind.s:2005   .text.HAL_RCC_GetPCLK1Freq:00000000 $t
C:\Users\Asus\AppData\Local\Temp\ccaANind.s:2011   .text.HAL_RCC_GetPCLK1Freq:00000000 HAL_RCC_GetPCLK1Freq
C:\Users\Asus\AppData\Local\Temp\ccaANind.s:2053   .text.HAL_RCC_GetPCLK1Freq:00000020 $d
C:\Users\Asus\AppData\Local\Temp\ccaANind.s:2059   .text.HAL_RCC_GetOscConfig:00000000 $t
C:\Users\Asus\AppData\Local\Temp\ccaANind.s:2065   .text.HAL_RCC_GetOscConfig:00000000 HAL_RCC_GetOscConfig
C:\Users\Asus\AppData\Local\Temp\ccaANind.s:2264   .text.HAL_RCC_GetOscConfig:000000c4 $d
C:\Users\Asus\AppData\Local\Temp\ccaANind.s:2269   .text.HAL_RCC_GetClockConfig:00000000 $t
C:\Users\Asus\AppData\Local\Temp\ccaANind.s:2275   .text.HAL_RCC_GetClockConfig:00000000 HAL_RCC_GetClockConfig
C:\Users\Asus\AppData\Local\Temp\ccaANind.s:2334   .text.HAL_RCC_GetClockConfig:0000002c $d
C:\Users\Asus\AppData\Local\Temp\ccaANind.s:2340   .text.HAL_RCC_EnableCSS:00000000 $t
C:\Users\Asus\AppData\Local\Temp\ccaANind.s:2346   .text.HAL_RCC_EnableCSS:00000000 HAL_RCC_EnableCSS
C:\Users\Asus\AppData\Local\Temp\ccaANind.s:2366   .text.HAL_RCC_EnableCSS:00000010 $d
C:\Users\Asus\AppData\Local\Temp\ccaANind.s:2371   .text.HAL_RCC_EnableLSECSS:00000000 $t
C:\Users\Asus\AppData\Local\Temp\ccaANind.s:2377   .text.HAL_RCC_EnableLSECSS:00000000 HAL_RCC_EnableLSECSS
C:\Users\Asus\AppData\Local\Temp\ccaANind.s:2396   .text.HAL_RCC_EnableLSECSS:0000000c $d
C:\Users\Asus\AppData\Local\Temp\ccaANind.s:2401   .text.HAL_RCC_DisableLSECSS:00000000 $t
C:\Users\Asus\AppData\Local\Temp\ccaANind.s:2407   .text.HAL_RCC_DisableLSECSS:00000000 HAL_RCC_DisableLSECSS
C:\Users\Asus\AppData\Local\Temp\ccaANind.s:2426   .text.HAL_RCC_DisableLSECSS:0000000c $d
C:\Users\Asus\AppData\Local\Temp\ccaANind.s:2431   .text.HAL_RCC_CSSCallback:00000000 $t
C:\Users\Asus\AppData\Local\Temp\ccaANind.s:2437   .text.HAL_RCC_CSSCallback:00000000 HAL_RCC_CSSCallback
C:\Users\Asus\AppData\Local\Temp\ccaANind.s:2451   .text.HAL_RCC_LSECSSCallback:00000000 $t
C:\Users\Asus\AppData\Local\Temp\ccaANind.s:2457   .text.HAL_RCC_LSECSSCallback:00000000 HAL_RCC_LSECSSCallback
C:\Users\Asus\AppData\Local\Temp\ccaANind.s:2471   .text.HAL_RCC_NMI_IRQHandler:00000000 $t
C:\Users\Asus\AppData\Local\Temp\ccaANind.s:2477   .text.HAL_RCC_NMI_IRQHandler:00000000 HAL_RCC_NMI_IRQHandler
C:\Users\Asus\AppData\Local\Temp\ccaANind.s:2529   .text.HAL_RCC_NMI_IRQHandler:00000024 $d
C:\Users\Asus\AppData\Local\Temp\ccaANind.s:2534   .text.HAL_RCC_GetResetSource:00000000 $t
C:\Users\Asus\AppData\Local\Temp\ccaANind.s:2540   .text.HAL_RCC_GetResetSource:00000000 HAL_RCC_GetResetSource
C:\Users\Asus\AppData\Local\Temp\ccaANind.s:2571   .text.HAL_RCC_GetResetSource:00000014 $d

UNDEFINED SYMBOLS
HAL_GetTick
HAL_InitTick
SystemCoreClock
uwTickPrio
HAL_GPIO_Init
ARM GAS  C:\Users\Asus\AppData\Local\Temp\ccaANind.s 			page 111


__aeabi_uidiv
AHBPrescTable
APBPrescTable
