ARM GAS  C:\Users\Asus\AppData\Local\Temp\ccCYPacf.s 			page 1


   1              		.cpu cortex-m0plus
   2              		.arch armv6s-m
   3              		.fpu softvfp
   4              		.eabi_attribute 20, 1
   5              		.eabi_attribute 21, 1
   6              		.eabi_attribute 23, 3
   7              		.eabi_attribute 24, 1
   8              		.eabi_attribute 25, 1
   9              		.eabi_attribute 26, 1
  10              		.eabi_attribute 30, 1
  11              		.eabi_attribute 34, 0
  12              		.eabi_attribute 18, 4
  13              		.file	"stm32g0xx_hal_rcc_ex.c"
  14              		.text
  15              	.Ltext0:
  16              		.cfi_sections	.debug_frame
  17              		.file 1 "Drivers/STM32G0xx_HAL_Driver/Src/stm32g0xx_hal_rcc_ex.c"
  18              		.section	.text.HAL_RCCEx_PeriphCLKConfig,"ax",%progbits
  19              		.align	1
  20              		.global	HAL_RCCEx_PeriphCLKConfig
  21              		.syntax unified
  22              		.code	16
  23              		.thumb_func
  25              	HAL_RCCEx_PeriphCLKConfig:
  26              	.LVL0:
  27              	.LFB310:
   1:Drivers/STM32G0xx_HAL_Driver/Src/stm32g0xx_hal_rcc_ex.c **** /**
   2:Drivers/STM32G0xx_HAL_Driver/Src/stm32g0xx_hal_rcc_ex.c ****   ******************************************************************************
   3:Drivers/STM32G0xx_HAL_Driver/Src/stm32g0xx_hal_rcc_ex.c ****   * @file    stm32g0xx_hal_rcc_ex.c
   4:Drivers/STM32G0xx_HAL_Driver/Src/stm32g0xx_hal_rcc_ex.c ****   * @author  MCD Application Team
   5:Drivers/STM32G0xx_HAL_Driver/Src/stm32g0xx_hal_rcc_ex.c ****   * @brief   Extended RCC HAL module driver.
   6:Drivers/STM32G0xx_HAL_Driver/Src/stm32g0xx_hal_rcc_ex.c ****   *          This file provides firmware functions to manage the following
   7:Drivers/STM32G0xx_HAL_Driver/Src/stm32g0xx_hal_rcc_ex.c ****   *          functionalities RCC extended peripheral:
   8:Drivers/STM32G0xx_HAL_Driver/Src/stm32g0xx_hal_rcc_ex.c ****   *           + Extended Peripheral Control functions
   9:Drivers/STM32G0xx_HAL_Driver/Src/stm32g0xx_hal_rcc_ex.c ****   *           + Extended Clock management functions
  10:Drivers/STM32G0xx_HAL_Driver/Src/stm32g0xx_hal_rcc_ex.c ****   *           + Extended Clock Recovery System Control functions
  11:Drivers/STM32G0xx_HAL_Driver/Src/stm32g0xx_hal_rcc_ex.c ****   *
  12:Drivers/STM32G0xx_HAL_Driver/Src/stm32g0xx_hal_rcc_ex.c ****   ******************************************************************************
  13:Drivers/STM32G0xx_HAL_Driver/Src/stm32g0xx_hal_rcc_ex.c ****   * @attention
  14:Drivers/STM32G0xx_HAL_Driver/Src/stm32g0xx_hal_rcc_ex.c ****   *
  15:Drivers/STM32G0xx_HAL_Driver/Src/stm32g0xx_hal_rcc_ex.c ****   * Copyright (c) 2018 STMicroelectronics.
  16:Drivers/STM32G0xx_HAL_Driver/Src/stm32g0xx_hal_rcc_ex.c ****   * All rights reserved.
  17:Drivers/STM32G0xx_HAL_Driver/Src/stm32g0xx_hal_rcc_ex.c ****   *
  18:Drivers/STM32G0xx_HAL_Driver/Src/stm32g0xx_hal_rcc_ex.c ****   * This software is licensed under terms that can be found in the LICENSE file in
  19:Drivers/STM32G0xx_HAL_Driver/Src/stm32g0xx_hal_rcc_ex.c ****   * the root directory of this software component.
  20:Drivers/STM32G0xx_HAL_Driver/Src/stm32g0xx_hal_rcc_ex.c ****   * If no LICENSE file comes with this software, it is provided AS-IS.
  21:Drivers/STM32G0xx_HAL_Driver/Src/stm32g0xx_hal_rcc_ex.c ****   ******************************************************************************
  22:Drivers/STM32G0xx_HAL_Driver/Src/stm32g0xx_hal_rcc_ex.c ****   */
  23:Drivers/STM32G0xx_HAL_Driver/Src/stm32g0xx_hal_rcc_ex.c **** 
  24:Drivers/STM32G0xx_HAL_Driver/Src/stm32g0xx_hal_rcc_ex.c **** /* Includes ------------------------------------------------------------------*/
  25:Drivers/STM32G0xx_HAL_Driver/Src/stm32g0xx_hal_rcc_ex.c **** #include "stm32g0xx_hal.h"
  26:Drivers/STM32G0xx_HAL_Driver/Src/stm32g0xx_hal_rcc_ex.c **** 
  27:Drivers/STM32G0xx_HAL_Driver/Src/stm32g0xx_hal_rcc_ex.c **** /** @addtogroup STM32G0xx_HAL_Driver
  28:Drivers/STM32G0xx_HAL_Driver/Src/stm32g0xx_hal_rcc_ex.c ****   * @{
  29:Drivers/STM32G0xx_HAL_Driver/Src/stm32g0xx_hal_rcc_ex.c ****   */
  30:Drivers/STM32G0xx_HAL_Driver/Src/stm32g0xx_hal_rcc_ex.c **** 
  31:Drivers/STM32G0xx_HAL_Driver/Src/stm32g0xx_hal_rcc_ex.c **** /** @defgroup RCCEx RCCEx
ARM GAS  C:\Users\Asus\AppData\Local\Temp\ccCYPacf.s 			page 2


  32:Drivers/STM32G0xx_HAL_Driver/Src/stm32g0xx_hal_rcc_ex.c ****   * @brief RCC Extended HAL module driver
  33:Drivers/STM32G0xx_HAL_Driver/Src/stm32g0xx_hal_rcc_ex.c ****   * @{
  34:Drivers/STM32G0xx_HAL_Driver/Src/stm32g0xx_hal_rcc_ex.c ****   */
  35:Drivers/STM32G0xx_HAL_Driver/Src/stm32g0xx_hal_rcc_ex.c **** 
  36:Drivers/STM32G0xx_HAL_Driver/Src/stm32g0xx_hal_rcc_ex.c **** #ifdef HAL_RCC_MODULE_ENABLED
  37:Drivers/STM32G0xx_HAL_Driver/Src/stm32g0xx_hal_rcc_ex.c **** 
  38:Drivers/STM32G0xx_HAL_Driver/Src/stm32g0xx_hal_rcc_ex.c **** /* Private typedef -----------------------------------------------------------*/
  39:Drivers/STM32G0xx_HAL_Driver/Src/stm32g0xx_hal_rcc_ex.c **** /* Private defines -----------------------------------------------------------*/
  40:Drivers/STM32G0xx_HAL_Driver/Src/stm32g0xx_hal_rcc_ex.c **** /** @defgroup RCCEx_Private_Constants RCCEx Private Constants
  41:Drivers/STM32G0xx_HAL_Driver/Src/stm32g0xx_hal_rcc_ex.c ****   * @{
  42:Drivers/STM32G0xx_HAL_Driver/Src/stm32g0xx_hal_rcc_ex.c ****   */
  43:Drivers/STM32G0xx_HAL_Driver/Src/stm32g0xx_hal_rcc_ex.c **** #define PLL_TIMEOUT_VALUE        100U /* 100 ms (minimum Tick + 1)  */
  44:Drivers/STM32G0xx_HAL_Driver/Src/stm32g0xx_hal_rcc_ex.c **** 
  45:Drivers/STM32G0xx_HAL_Driver/Src/stm32g0xx_hal_rcc_ex.c **** #define LSCO_CLK_ENABLE()     __HAL_RCC_GPIOA_CLK_ENABLE()
  46:Drivers/STM32G0xx_HAL_Driver/Src/stm32g0xx_hal_rcc_ex.c **** #define LSCO_GPIO_PORT        GPIOA
  47:Drivers/STM32G0xx_HAL_Driver/Src/stm32g0xx_hal_rcc_ex.c **** #define LSCO_PIN              GPIO_PIN_2
  48:Drivers/STM32G0xx_HAL_Driver/Src/stm32g0xx_hal_rcc_ex.c **** /**
  49:Drivers/STM32G0xx_HAL_Driver/Src/stm32g0xx_hal_rcc_ex.c ****   * @}
  50:Drivers/STM32G0xx_HAL_Driver/Src/stm32g0xx_hal_rcc_ex.c ****   */
  51:Drivers/STM32G0xx_HAL_Driver/Src/stm32g0xx_hal_rcc_ex.c **** 
  52:Drivers/STM32G0xx_HAL_Driver/Src/stm32g0xx_hal_rcc_ex.c **** /* Private macros ------------------------------------------------------------*/
  53:Drivers/STM32G0xx_HAL_Driver/Src/stm32g0xx_hal_rcc_ex.c **** /* Private variables ---------------------------------------------------------*/
  54:Drivers/STM32G0xx_HAL_Driver/Src/stm32g0xx_hal_rcc_ex.c **** /* Private function prototypes -----------------------------------------------*/
  55:Drivers/STM32G0xx_HAL_Driver/Src/stm32g0xx_hal_rcc_ex.c **** /* Exported functions --------------------------------------------------------*/
  56:Drivers/STM32G0xx_HAL_Driver/Src/stm32g0xx_hal_rcc_ex.c **** 
  57:Drivers/STM32G0xx_HAL_Driver/Src/stm32g0xx_hal_rcc_ex.c **** /** @defgroup RCCEx_Exported_Functions RCCEx Exported Functions
  58:Drivers/STM32G0xx_HAL_Driver/Src/stm32g0xx_hal_rcc_ex.c ****   * @{
  59:Drivers/STM32G0xx_HAL_Driver/Src/stm32g0xx_hal_rcc_ex.c ****   */
  60:Drivers/STM32G0xx_HAL_Driver/Src/stm32g0xx_hal_rcc_ex.c **** 
  61:Drivers/STM32G0xx_HAL_Driver/Src/stm32g0xx_hal_rcc_ex.c **** /** @defgroup RCCEx_Exported_Functions_Group1 Extended Peripheral Control functions
  62:Drivers/STM32G0xx_HAL_Driver/Src/stm32g0xx_hal_rcc_ex.c ****   * @brief  Extended Peripheral Control functions
  63:Drivers/STM32G0xx_HAL_Driver/Src/stm32g0xx_hal_rcc_ex.c ****   *
  64:Drivers/STM32G0xx_HAL_Driver/Src/stm32g0xx_hal_rcc_ex.c **** @verbatim
  65:Drivers/STM32G0xx_HAL_Driver/Src/stm32g0xx_hal_rcc_ex.c ****  ===============================================================================
  66:Drivers/STM32G0xx_HAL_Driver/Src/stm32g0xx_hal_rcc_ex.c ****                 ##### Extended Peripheral Control functions  #####
  67:Drivers/STM32G0xx_HAL_Driver/Src/stm32g0xx_hal_rcc_ex.c ****  ===============================================================================
  68:Drivers/STM32G0xx_HAL_Driver/Src/stm32g0xx_hal_rcc_ex.c ****     [..]
  69:Drivers/STM32G0xx_HAL_Driver/Src/stm32g0xx_hal_rcc_ex.c ****     This subsection provides a set of functions allowing to control the RCC Clocks
  70:Drivers/STM32G0xx_HAL_Driver/Src/stm32g0xx_hal_rcc_ex.c ****     frequencies.
  71:Drivers/STM32G0xx_HAL_Driver/Src/stm32g0xx_hal_rcc_ex.c ****     [..]
  72:Drivers/STM32G0xx_HAL_Driver/Src/stm32g0xx_hal_rcc_ex.c ****     (@) Important note: Care must be taken when HAL_RCCEx_PeriphCLKConfig() is used to
  73:Drivers/STM32G0xx_HAL_Driver/Src/stm32g0xx_hal_rcc_ex.c ****         select the RTC clock source; in this case the Backup domain will be reset in
  74:Drivers/STM32G0xx_HAL_Driver/Src/stm32g0xx_hal_rcc_ex.c ****         order to modify the RTC Clock source, as consequence RTC registers (including
  75:Drivers/STM32G0xx_HAL_Driver/Src/stm32g0xx_hal_rcc_ex.c ****         the backup registers) and RCC_BDCR register are set to their reset values.
  76:Drivers/STM32G0xx_HAL_Driver/Src/stm32g0xx_hal_rcc_ex.c **** 
  77:Drivers/STM32G0xx_HAL_Driver/Src/stm32g0xx_hal_rcc_ex.c **** @endverbatim
  78:Drivers/STM32G0xx_HAL_Driver/Src/stm32g0xx_hal_rcc_ex.c ****   * @{
  79:Drivers/STM32G0xx_HAL_Driver/Src/stm32g0xx_hal_rcc_ex.c ****   */
  80:Drivers/STM32G0xx_HAL_Driver/Src/stm32g0xx_hal_rcc_ex.c **** /**
  81:Drivers/STM32G0xx_HAL_Driver/Src/stm32g0xx_hal_rcc_ex.c ****   * @brief  Initialize the RCC extended peripherals clocks according to the specified
  82:Drivers/STM32G0xx_HAL_Driver/Src/stm32g0xx_hal_rcc_ex.c ****   *         parameters in the @ref RCC_PeriphCLKInitTypeDef.
  83:Drivers/STM32G0xx_HAL_Driver/Src/stm32g0xx_hal_rcc_ex.c ****   * @param  PeriphClkInit  pointer to a @ref RCC_PeriphCLKInitTypeDef structure that
  84:Drivers/STM32G0xx_HAL_Driver/Src/stm32g0xx_hal_rcc_ex.c ****   *         contains a field PeriphClockSelection which can be a combination of the following value
  85:Drivers/STM32G0xx_HAL_Driver/Src/stm32g0xx_hal_rcc_ex.c ****   *            @arg @ref RCC_PERIPHCLK_RTC     RTC peripheral clock
  86:Drivers/STM32G0xx_HAL_Driver/Src/stm32g0xx_hal_rcc_ex.c ****   *            @arg @ref RCC_PERIPHCLK_ADC     ADC peripheral clock
  87:Drivers/STM32G0xx_HAL_Driver/Src/stm32g0xx_hal_rcc_ex.c ****   *            @arg @ref RCC_PERIPHCLK_I2C1    I2C1 peripheral clock
  88:Drivers/STM32G0xx_HAL_Driver/Src/stm32g0xx_hal_rcc_ex.c ****   *            @arg @ref RCC_PERIPHCLK_I2C2    I2C2 peripheral clock (2)
ARM GAS  C:\Users\Asus\AppData\Local\Temp\ccCYPacf.s 			page 3


  89:Drivers/STM32G0xx_HAL_Driver/Src/stm32g0xx_hal_rcc_ex.c ****   *            @arg @ref RCC_PERIPHCLK_I2S1    I2S1 peripheral clock
  90:Drivers/STM32G0xx_HAL_Driver/Src/stm32g0xx_hal_rcc_ex.c ****   *            @arg @ref RCC_PERIPHCLK_I2S2    I2S2 peripheral clock (1)
  91:Drivers/STM32G0xx_HAL_Driver/Src/stm32g0xx_hal_rcc_ex.c ****   *            @arg @ref RCC_PERIPHCLK_USART1  USART1 peripheral clock
  92:Drivers/STM32G0xx_HAL_Driver/Src/stm32g0xx_hal_rcc_ex.c ****   *            @arg @ref RCC_PERIPHCLK_CEC     CEC peripheral clock     (1)
  93:Drivers/STM32G0xx_HAL_Driver/Src/stm32g0xx_hal_rcc_ex.c ****   *            @arg @ref RCC_PERIPHCLK_LPTIM1  LPTIM1 peripheral clock  (1)
  94:Drivers/STM32G0xx_HAL_Driver/Src/stm32g0xx_hal_rcc_ex.c ****   *            @arg @ref RCC_PERIPHCLK_LPTIM2  LPTIM2 peripheral clock  (1)
  95:Drivers/STM32G0xx_HAL_Driver/Src/stm32g0xx_hal_rcc_ex.c ****   *            @arg @ref RCC_PERIPHCLK_LPUART1 LPUART1 peripheral clock (1)
  96:Drivers/STM32G0xx_HAL_Driver/Src/stm32g0xx_hal_rcc_ex.c ****   *            @arg @ref RCC_PERIPHCLK_LPUART2 LPUART2 peripheral clock (1)
  97:Drivers/STM32G0xx_HAL_Driver/Src/stm32g0xx_hal_rcc_ex.c ****   *            @arg @ref RCC_PERIPHCLK_RNG     RNG peripheral clock     (1)
  98:Drivers/STM32G0xx_HAL_Driver/Src/stm32g0xx_hal_rcc_ex.c ****   *            @arg @ref RCC_PERIPHCLK_TIM1    TIM1 peripheral clock    (1)(2)
  99:Drivers/STM32G0xx_HAL_Driver/Src/stm32g0xx_hal_rcc_ex.c ****   *            @arg @ref RCC_PERIPHCLK_TIM15   TIM15 peripheral clock   (1)(2)
 100:Drivers/STM32G0xx_HAL_Driver/Src/stm32g0xx_hal_rcc_ex.c ****   *            @arg @ref RCC_PERIPHCLK_USART2  USART2 peripheral clock     (2)
 101:Drivers/STM32G0xx_HAL_Driver/Src/stm32g0xx_hal_rcc_ex.c ****   *            @arg @ref RCC_PERIPHCLK_USART3  USART3 peripheral clock     (2)
 102:Drivers/STM32G0xx_HAL_Driver/Src/stm32g0xx_hal_rcc_ex.c ****   *            @arg @ref RCC_PERIPHCLK_FDCAN   FDCAN peripheral clock   (1)
 103:Drivers/STM32G0xx_HAL_Driver/Src/stm32g0xx_hal_rcc_ex.c ****   *            @arg @ref RCC_PERIPHCLK_USB     USB peripheral clock     (1)
 104:Drivers/STM32G0xx_HAL_Driver/Src/stm32g0xx_hal_rcc_ex.c ****   *
 105:Drivers/STM32G0xx_HAL_Driver/Src/stm32g0xx_hal_rcc_ex.c ****   * @note   (1) Peripherals are not available on all devices
 106:Drivers/STM32G0xx_HAL_Driver/Src/stm32g0xx_hal_rcc_ex.c ****   * @note   (2) Peripherals clock selection is not available on all devices
 107:Drivers/STM32G0xx_HAL_Driver/Src/stm32g0xx_hal_rcc_ex.c ****   * @note   Care must be taken when @ref HAL_RCCEx_PeriphCLKConfig() is used to select
 108:Drivers/STM32G0xx_HAL_Driver/Src/stm32g0xx_hal_rcc_ex.c ****   *         the RTC clock source: in this case the access to Backup domain is enabled.
 109:Drivers/STM32G0xx_HAL_Driver/Src/stm32g0xx_hal_rcc_ex.c ****   *
 110:Drivers/STM32G0xx_HAL_Driver/Src/stm32g0xx_hal_rcc_ex.c ****   * @retval HAL status
 111:Drivers/STM32G0xx_HAL_Driver/Src/stm32g0xx_hal_rcc_ex.c ****   */
 112:Drivers/STM32G0xx_HAL_Driver/Src/stm32g0xx_hal_rcc_ex.c **** HAL_StatusTypeDef HAL_RCCEx_PeriphCLKConfig(RCC_PeriphCLKInitTypeDef  *PeriphClkInit)
 113:Drivers/STM32G0xx_HAL_Driver/Src/stm32g0xx_hal_rcc_ex.c **** {
  28              		.loc 1 113 1 view -0
  29              		.cfi_startproc
  30              		@ args = 0, pretend = 0, frame = 8
  31              		@ frame_needed = 0, uses_anonymous_args = 0
  32              		.loc 1 113 1 is_stmt 0 view .LVU1
  33 0000 F0B5     		push	{r4, r5, r6, r7, lr}
  34              		.cfi_def_cfa_offset 20
  35              		.cfi_offset 4, -20
  36              		.cfi_offset 5, -16
  37              		.cfi_offset 6, -12
  38              		.cfi_offset 7, -8
  39              		.cfi_offset 14, -4
  40 0002 83B0     		sub	sp, sp, #12
  41              		.cfi_def_cfa_offset 32
  42 0004 0400     		movs	r4, r0
 114:Drivers/STM32G0xx_HAL_Driver/Src/stm32g0xx_hal_rcc_ex.c ****   uint32_t tmpregister;
  43              		.loc 1 114 3 is_stmt 1 view .LVU2
 115:Drivers/STM32G0xx_HAL_Driver/Src/stm32g0xx_hal_rcc_ex.c ****   uint32_t tickstart;
  44              		.loc 1 115 3 view .LVU3
 116:Drivers/STM32G0xx_HAL_Driver/Src/stm32g0xx_hal_rcc_ex.c ****   HAL_StatusTypeDef ret    = HAL_OK;   /* Intermediate status */
  45              		.loc 1 116 3 view .LVU4
  46              	.LVL1:
 117:Drivers/STM32G0xx_HAL_Driver/Src/stm32g0xx_hal_rcc_ex.c ****   HAL_StatusTypeDef status = HAL_OK;   /* Final status */
  47              		.loc 1 117 3 view .LVU5
 118:Drivers/STM32G0xx_HAL_Driver/Src/stm32g0xx_hal_rcc_ex.c **** 
 119:Drivers/STM32G0xx_HAL_Driver/Src/stm32g0xx_hal_rcc_ex.c ****   /* Check the parameters */
 120:Drivers/STM32G0xx_HAL_Driver/Src/stm32g0xx_hal_rcc_ex.c ****   assert_param(IS_RCC_PERIPHCLOCK(PeriphClkInit->PeriphClockSelection));
  48              		.loc 1 120 3 view .LVU6
 121:Drivers/STM32G0xx_HAL_Driver/Src/stm32g0xx_hal_rcc_ex.c **** 
 122:Drivers/STM32G0xx_HAL_Driver/Src/stm32g0xx_hal_rcc_ex.c ****   /*-------------------------- RTC clock source configuration ----------------------*/
 123:Drivers/STM32G0xx_HAL_Driver/Src/stm32g0xx_hal_rcc_ex.c ****   if ((PeriphClkInit->PeriphClockSelection & RCC_PERIPHCLK_RTC) == RCC_PERIPHCLK_RTC)
  49              		.loc 1 123 3 view .LVU7
ARM GAS  C:\Users\Asus\AppData\Local\Temp\ccCYPacf.s 			page 4


  50              		.loc 1 123 21 is_stmt 0 view .LVU8
  51 0006 0368     		ldr	r3, [r0]
  52              		.loc 1 123 6 view .LVU9
  53 0008 9B03     		lsls	r3, r3, #14
  54 000a 62D5     		bpl	.L17
  55              	.LBB2:
 124:Drivers/STM32G0xx_HAL_Driver/Src/stm32g0xx_hal_rcc_ex.c ****   {
 125:Drivers/STM32G0xx_HAL_Driver/Src/stm32g0xx_hal_rcc_ex.c ****     FlagStatus       pwrclkchanged = RESET;
  56              		.loc 1 125 5 is_stmt 1 view .LVU10
  57              	.LVL2:
 126:Drivers/STM32G0xx_HAL_Driver/Src/stm32g0xx_hal_rcc_ex.c **** 
 127:Drivers/STM32G0xx_HAL_Driver/Src/stm32g0xx_hal_rcc_ex.c ****     /* Check for RTC Parameters used to output RTCCLK */
 128:Drivers/STM32G0xx_HAL_Driver/Src/stm32g0xx_hal_rcc_ex.c ****     assert_param(IS_RCC_RTCCLKSOURCE(PeriphClkInit->RTCClockSelection));
  58              		.loc 1 128 5 view .LVU11
 129:Drivers/STM32G0xx_HAL_Driver/Src/stm32g0xx_hal_rcc_ex.c **** 
 130:Drivers/STM32G0xx_HAL_Driver/Src/stm32g0xx_hal_rcc_ex.c ****     /* Enable Power Clock */
 131:Drivers/STM32G0xx_HAL_Driver/Src/stm32g0xx_hal_rcc_ex.c ****     if (__HAL_RCC_PWR_IS_CLK_DISABLED())
  59              		.loc 1 131 5 view .LVU12
  60              		.loc 1 131 9 is_stmt 0 view .LVU13
  61 000c 584B     		ldr	r3, .L31
  62 000e DB6B     		ldr	r3, [r3, #60]
  63              		.loc 1 131 8 view .LVU14
  64 0010 DB00     		lsls	r3, r3, #3
  65 0012 1ED4     		bmi	.L18
 132:Drivers/STM32G0xx_HAL_Driver/Src/stm32g0xx_hal_rcc_ex.c ****     {
 133:Drivers/STM32G0xx_HAL_Driver/Src/stm32g0xx_hal_rcc_ex.c ****       __HAL_RCC_PWR_CLK_ENABLE();
  66              		.loc 1 133 7 is_stmt 1 view .LVU15
  67              	.LBB3:
  68              		.loc 1 133 7 view .LVU16
  69              		.loc 1 133 7 view .LVU17
  70 0014 564B     		ldr	r3, .L31
  71 0016 DA6B     		ldr	r2, [r3, #60]
  72 0018 8021     		movs	r1, #128
  73 001a 4905     		lsls	r1, r1, #21
  74 001c 0A43     		orrs	r2, r1
  75 001e DA63     		str	r2, [r3, #60]
  76              		.loc 1 133 7 view .LVU18
  77 0020 DB6B     		ldr	r3, [r3, #60]
  78 0022 0B40     		ands	r3, r1
  79 0024 0193     		str	r3, [sp, #4]
  80              		.loc 1 133 7 view .LVU19
  81 0026 019B     		ldr	r3, [sp, #4]
  82              	.LBE3:
  83              		.loc 1 133 7 view .LVU20
 134:Drivers/STM32G0xx_HAL_Driver/Src/stm32g0xx_hal_rcc_ex.c ****       pwrclkchanged = SET;
  84              		.loc 1 134 7 view .LVU21
  85              	.LVL3:
  86              		.loc 1 134 21 is_stmt 0 view .LVU22
  87 0028 0126     		movs	r6, #1
  88              	.LVL4:
  89              	.L3:
 135:Drivers/STM32G0xx_HAL_Driver/Src/stm32g0xx_hal_rcc_ex.c ****     }
 136:Drivers/STM32G0xx_HAL_Driver/Src/stm32g0xx_hal_rcc_ex.c **** 
 137:Drivers/STM32G0xx_HAL_Driver/Src/stm32g0xx_hal_rcc_ex.c ****     /* Enable write access to Backup domain */
 138:Drivers/STM32G0xx_HAL_Driver/Src/stm32g0xx_hal_rcc_ex.c ****     SET_BIT(PWR->CR1, PWR_CR1_DBP);
  90              		.loc 1 138 5 is_stmt 1 view .LVU23
  91 002a 524A     		ldr	r2, .L31+4
ARM GAS  C:\Users\Asus\AppData\Local\Temp\ccCYPacf.s 			page 5


  92 002c 1168     		ldr	r1, [r2]
  93 002e 8023     		movs	r3, #128
  94 0030 5B00     		lsls	r3, r3, #1
  95 0032 0B43     		orrs	r3, r1
  96 0034 1360     		str	r3, [r2]
 139:Drivers/STM32G0xx_HAL_Driver/Src/stm32g0xx_hal_rcc_ex.c **** 
 140:Drivers/STM32G0xx_HAL_Driver/Src/stm32g0xx_hal_rcc_ex.c ****     /* Wait for Backup domain Write protection disable */
 141:Drivers/STM32G0xx_HAL_Driver/Src/stm32g0xx_hal_rcc_ex.c ****     tickstart = HAL_GetTick();
  97              		.loc 1 141 5 view .LVU24
  98              		.loc 1 141 17 is_stmt 0 view .LVU25
  99 0036 FFF7FEFF 		bl	HAL_GetTick
 100              	.LVL5:
 101              		.loc 1 141 17 view .LVU26
 102 003a 0500     		movs	r5, r0
 103              	.LVL6:
 142:Drivers/STM32G0xx_HAL_Driver/Src/stm32g0xx_hal_rcc_ex.c **** 
 143:Drivers/STM32G0xx_HAL_Driver/Src/stm32g0xx_hal_rcc_ex.c ****     while ((PWR->CR1 & PWR_CR1_DBP) == 0U)
 104              		.loc 1 143 5 is_stmt 1 view .LVU27
 105              	.L4:
 106              		.loc 1 143 37 view .LVU28
 107              		.loc 1 143 16 is_stmt 0 view .LVU29
 108 003c 4D4B     		ldr	r3, .L31+4
 109 003e 1B68     		ldr	r3, [r3]
 110              		.loc 1 143 37 view .LVU30
 111 0040 DB05     		lsls	r3, r3, #23
 112 0042 08D4     		bmi	.L27
 144:Drivers/STM32G0xx_HAL_Driver/Src/stm32g0xx_hal_rcc_ex.c ****     {
 145:Drivers/STM32G0xx_HAL_Driver/Src/stm32g0xx_hal_rcc_ex.c ****       if ((HAL_GetTick() - tickstart) > RCC_DBP_TIMEOUT_VALUE)
 113              		.loc 1 145 7 is_stmt 1 view .LVU31
 114              		.loc 1 145 12 is_stmt 0 view .LVU32
 115 0044 FFF7FEFF 		bl	HAL_GetTick
 116              	.LVL7:
 117              		.loc 1 145 26 view .LVU33
 118 0048 401B     		subs	r0, r0, r5
 119              		.loc 1 145 10 view .LVU34
 120 004a 0228     		cmp	r0, #2
 121 004c F6D9     		bls	.L4
 146:Drivers/STM32G0xx_HAL_Driver/Src/stm32g0xx_hal_rcc_ex.c ****       {
 147:Drivers/STM32G0xx_HAL_Driver/Src/stm32g0xx_hal_rcc_ex.c ****         ret = HAL_TIMEOUT;
 122              		.loc 1 147 13 view .LVU35
 123 004e 0325     		movs	r5, #3
 124              	.LVL8:
 125              		.loc 1 147 13 view .LVU36
 126 0050 02E0     		b	.L5
 127              	.LVL9:
 128              	.L18:
 125:Drivers/STM32G0xx_HAL_Driver/Src/stm32g0xx_hal_rcc_ex.c **** 
 129              		.loc 1 125 22 view .LVU37
 130 0052 0026     		movs	r6, #0
 131 0054 E9E7     		b	.L3
 132              	.LVL10:
 133              	.L27:
 125:Drivers/STM32G0xx_HAL_Driver/Src/stm32g0xx_hal_rcc_ex.c **** 
 134              		.loc 1 125 22 view .LVU38
 135              	.LBE2:
 116:Drivers/STM32G0xx_HAL_Driver/Src/stm32g0xx_hal_rcc_ex.c ****   HAL_StatusTypeDef status = HAL_OK;   /* Final status */
 136              		.loc 1 116 21 view .LVU39
ARM GAS  C:\Users\Asus\AppData\Local\Temp\ccCYPacf.s 			page 6


 137 0056 0025     		movs	r5, #0
 138              	.LVL11:
 139              	.L5:
 140              	.LBB4:
 148:Drivers/STM32G0xx_HAL_Driver/Src/stm32g0xx_hal_rcc_ex.c ****         break;
 149:Drivers/STM32G0xx_HAL_Driver/Src/stm32g0xx_hal_rcc_ex.c ****       }
 150:Drivers/STM32G0xx_HAL_Driver/Src/stm32g0xx_hal_rcc_ex.c ****     }
 151:Drivers/STM32G0xx_HAL_Driver/Src/stm32g0xx_hal_rcc_ex.c **** 
 152:Drivers/STM32G0xx_HAL_Driver/Src/stm32g0xx_hal_rcc_ex.c ****     if (ret == HAL_OK)
 141              		.loc 1 152 5 is_stmt 1 view .LVU40
 142              		.loc 1 152 8 is_stmt 0 view .LVU41
 143 0058 002D     		cmp	r5, #0
 144 005a 23D1     		bne	.L7
 153:Drivers/STM32G0xx_HAL_Driver/Src/stm32g0xx_hal_rcc_ex.c ****     {
 154:Drivers/STM32G0xx_HAL_Driver/Src/stm32g0xx_hal_rcc_ex.c ****       /* Reset the Backup domain only if the RTC Clock source selection is modified from default */
 155:Drivers/STM32G0xx_HAL_Driver/Src/stm32g0xx_hal_rcc_ex.c ****       tmpregister = READ_BIT(RCC->BDCR, RCC_BDCR_RTCSEL);
 145              		.loc 1 155 7 is_stmt 1 view .LVU42
 146              		.loc 1 155 21 is_stmt 0 view .LVU43
 147 005c 444B     		ldr	r3, .L31
 148 005e D96D     		ldr	r1, [r3, #92]
 149              		.loc 1 155 19 view .LVU44
 150 0060 C022     		movs	r2, #192
 151 0062 9200     		lsls	r2, r2, #2
 152 0064 0B00     		movs	r3, r1
 153 0066 1340     		ands	r3, r2
 154              	.LVL12:
 156:Drivers/STM32G0xx_HAL_Driver/Src/stm32g0xx_hal_rcc_ex.c **** 
 157:Drivers/STM32G0xx_HAL_Driver/Src/stm32g0xx_hal_rcc_ex.c ****       /* Reset the Backup domain only if the RTC Clock source selection is modified */
 158:Drivers/STM32G0xx_HAL_Driver/Src/stm32g0xx_hal_rcc_ex.c ****       if ((tmpregister != RCC_RTCCLKSOURCE_NONE) && (tmpregister != PeriphClkInit->RTCClockSelectio
 155              		.loc 1 158 7 is_stmt 1 view .LVU45
 156              		.loc 1 158 10 is_stmt 0 view .LVU46
 157 0068 1142     		tst	r1, r2
 158 006a 10D0     		beq	.L8
 159              		.loc 1 158 82 discriminator 1 view .LVU47
 160 006c A269     		ldr	r2, [r4, #24]
 161              		.loc 1 158 50 discriminator 1 view .LVU48
 162 006e 9A42     		cmp	r2, r3
 163 0070 0DD0     		beq	.L8
 159:Drivers/STM32G0xx_HAL_Driver/Src/stm32g0xx_hal_rcc_ex.c ****       {
 160:Drivers/STM32G0xx_HAL_Driver/Src/stm32g0xx_hal_rcc_ex.c ****         /* Store the content of BDCR register before the reset of Backup Domain */
 161:Drivers/STM32G0xx_HAL_Driver/Src/stm32g0xx_hal_rcc_ex.c ****         tmpregister = READ_BIT(RCC->BDCR, ~(RCC_BDCR_RTCSEL));
 164              		.loc 1 161 9 is_stmt 1 view .LVU49
 165              		.loc 1 161 23 is_stmt 0 view .LVU50
 166 0072 3F4A     		ldr	r2, .L31
 167 0074 D36D     		ldr	r3, [r2, #92]
 168              	.LVL13:
 169              		.loc 1 161 21 view .LVU51
 170 0076 4049     		ldr	r1, .L31+8
 171              	.LVL14:
 172              		.loc 1 161 21 view .LVU52
 173 0078 0B40     		ands	r3, r1
 174              	.LVL15:
 162:Drivers/STM32G0xx_HAL_Driver/Src/stm32g0xx_hal_rcc_ex.c ****         /* RTC Clock selection can be changed only if the Backup Domain is reset */
 163:Drivers/STM32G0xx_HAL_Driver/Src/stm32g0xx_hal_rcc_ex.c ****         __HAL_RCC_BACKUPRESET_FORCE();
 175              		.loc 1 163 9 is_stmt 1 view .LVU53
 176 007a D06D     		ldr	r0, [r2, #92]
 177 007c 8021     		movs	r1, #128
ARM GAS  C:\Users\Asus\AppData\Local\Temp\ccCYPacf.s 			page 7


 178 007e 4902     		lsls	r1, r1, #9
 179 0080 0143     		orrs	r1, r0
 180 0082 D165     		str	r1, [r2, #92]
 164:Drivers/STM32G0xx_HAL_Driver/Src/stm32g0xx_hal_rcc_ex.c ****         __HAL_RCC_BACKUPRESET_RELEASE();
 181              		.loc 1 164 9 view .LVU54
 182 0084 D16D     		ldr	r1, [r2, #92]
 183 0086 3D48     		ldr	r0, .L31+12
 184 0088 0140     		ands	r1, r0
 185 008a D165     		str	r1, [r2, #92]
 165:Drivers/STM32G0xx_HAL_Driver/Src/stm32g0xx_hal_rcc_ex.c ****         /* Restore the Content of BDCR register */
 166:Drivers/STM32G0xx_HAL_Driver/Src/stm32g0xx_hal_rcc_ex.c ****         RCC->BDCR = tmpregister;
 186              		.loc 1 166 9 view .LVU55
 187              		.loc 1 166 19 is_stmt 0 view .LVU56
 188 008c D365     		str	r3, [r2, #92]
 189              	.L8:
 167:Drivers/STM32G0xx_HAL_Driver/Src/stm32g0xx_hal_rcc_ex.c ****       }
 168:Drivers/STM32G0xx_HAL_Driver/Src/stm32g0xx_hal_rcc_ex.c **** 
 169:Drivers/STM32G0xx_HAL_Driver/Src/stm32g0xx_hal_rcc_ex.c ****       /* Wait for LSE reactivation if LSE was enable prior to Backup Domain reset */
 170:Drivers/STM32G0xx_HAL_Driver/Src/stm32g0xx_hal_rcc_ex.c ****       if (HAL_IS_BIT_SET(tmpregister, RCC_BDCR_LSEON))
 190              		.loc 1 170 7 is_stmt 1 view .LVU57
 191              		.loc 1 170 10 is_stmt 0 view .LVU58
 192 008e DB07     		lsls	r3, r3, #31
 193 0090 10D4     		bmi	.L28
 194              	.LVL16:
 195              	.L9:
 171:Drivers/STM32G0xx_HAL_Driver/Src/stm32g0xx_hal_rcc_ex.c ****       {
 172:Drivers/STM32G0xx_HAL_Driver/Src/stm32g0xx_hal_rcc_ex.c ****         /* Get Start Tick*/
 173:Drivers/STM32G0xx_HAL_Driver/Src/stm32g0xx_hal_rcc_ex.c ****         tickstart = HAL_GetTick();
 174:Drivers/STM32G0xx_HAL_Driver/Src/stm32g0xx_hal_rcc_ex.c **** 
 175:Drivers/STM32G0xx_HAL_Driver/Src/stm32g0xx_hal_rcc_ex.c ****         /* Wait till LSE is ready */
 176:Drivers/STM32G0xx_HAL_Driver/Src/stm32g0xx_hal_rcc_ex.c ****         while (READ_BIT(RCC->BDCR, RCC_BDCR_LSERDY) == 0U)
 177:Drivers/STM32G0xx_HAL_Driver/Src/stm32g0xx_hal_rcc_ex.c ****         {
 178:Drivers/STM32G0xx_HAL_Driver/Src/stm32g0xx_hal_rcc_ex.c ****           if ((HAL_GetTick() - tickstart) > RCC_LSE_TIMEOUT_VALUE)
 179:Drivers/STM32G0xx_HAL_Driver/Src/stm32g0xx_hal_rcc_ex.c ****           {
 180:Drivers/STM32G0xx_HAL_Driver/Src/stm32g0xx_hal_rcc_ex.c ****             ret = HAL_TIMEOUT;
 181:Drivers/STM32G0xx_HAL_Driver/Src/stm32g0xx_hal_rcc_ex.c ****             break;
 182:Drivers/STM32G0xx_HAL_Driver/Src/stm32g0xx_hal_rcc_ex.c ****           }
 183:Drivers/STM32G0xx_HAL_Driver/Src/stm32g0xx_hal_rcc_ex.c ****         }
 184:Drivers/STM32G0xx_HAL_Driver/Src/stm32g0xx_hal_rcc_ex.c ****       }
 185:Drivers/STM32G0xx_HAL_Driver/Src/stm32g0xx_hal_rcc_ex.c **** 
 186:Drivers/STM32G0xx_HAL_Driver/Src/stm32g0xx_hal_rcc_ex.c ****       if (ret == HAL_OK)
 196              		.loc 1 186 7 is_stmt 1 view .LVU59
 197              		.loc 1 186 10 is_stmt 0 view .LVU60
 198 0092 002D     		cmp	r5, #0
 199 0094 06D1     		bne	.L7
 187:Drivers/STM32G0xx_HAL_Driver/Src/stm32g0xx_hal_rcc_ex.c ****       {
 188:Drivers/STM32G0xx_HAL_Driver/Src/stm32g0xx_hal_rcc_ex.c ****         /* Apply new RTC clock source selection */
 189:Drivers/STM32G0xx_HAL_Driver/Src/stm32g0xx_hal_rcc_ex.c ****         __HAL_RCC_RTC_CONFIG(PeriphClkInit->RTCClockSelection);
 200              		.loc 1 189 9 is_stmt 1 view .LVU61
 201 0096 364A     		ldr	r2, .L31
 202 0098 D36D     		ldr	r3, [r2, #92]
 203 009a 3749     		ldr	r1, .L31+8
 204 009c 0B40     		ands	r3, r1
 205 009e A169     		ldr	r1, [r4, #24]
 206 00a0 0B43     		orrs	r3, r1
 207 00a2 D365     		str	r3, [r2, #92]
 208              	.LVL17:
ARM GAS  C:\Users\Asus\AppData\Local\Temp\ccCYPacf.s 			page 8


 209              	.L7:
 190:Drivers/STM32G0xx_HAL_Driver/Src/stm32g0xx_hal_rcc_ex.c ****       }
 191:Drivers/STM32G0xx_HAL_Driver/Src/stm32g0xx_hal_rcc_ex.c ****       else
 192:Drivers/STM32G0xx_HAL_Driver/Src/stm32g0xx_hal_rcc_ex.c ****       {
 193:Drivers/STM32G0xx_HAL_Driver/Src/stm32g0xx_hal_rcc_ex.c ****         /* set overall return value */
 194:Drivers/STM32G0xx_HAL_Driver/Src/stm32g0xx_hal_rcc_ex.c ****         status = ret;
 195:Drivers/STM32G0xx_HAL_Driver/Src/stm32g0xx_hal_rcc_ex.c ****       }
 196:Drivers/STM32G0xx_HAL_Driver/Src/stm32g0xx_hal_rcc_ex.c ****     }
 197:Drivers/STM32G0xx_HAL_Driver/Src/stm32g0xx_hal_rcc_ex.c ****     else
 198:Drivers/STM32G0xx_HAL_Driver/Src/stm32g0xx_hal_rcc_ex.c ****     {
 199:Drivers/STM32G0xx_HAL_Driver/Src/stm32g0xx_hal_rcc_ex.c ****       /* set overall return value */
 200:Drivers/STM32G0xx_HAL_Driver/Src/stm32g0xx_hal_rcc_ex.c ****       status = ret;
 201:Drivers/STM32G0xx_HAL_Driver/Src/stm32g0xx_hal_rcc_ex.c ****     }
 202:Drivers/STM32G0xx_HAL_Driver/Src/stm32g0xx_hal_rcc_ex.c **** 
 203:Drivers/STM32G0xx_HAL_Driver/Src/stm32g0xx_hal_rcc_ex.c ****     /* Restore clock configuration if changed */
 204:Drivers/STM32G0xx_HAL_Driver/Src/stm32g0xx_hal_rcc_ex.c ****     if (pwrclkchanged == SET)
 210              		.loc 1 204 5 view .LVU62
 211              		.loc 1 204 8 is_stmt 0 view .LVU63
 212 00a4 012E     		cmp	r6, #1
 213 00a6 15D1     		bne	.L2
 205:Drivers/STM32G0xx_HAL_Driver/Src/stm32g0xx_hal_rcc_ex.c ****     {
 206:Drivers/STM32G0xx_HAL_Driver/Src/stm32g0xx_hal_rcc_ex.c ****       __HAL_RCC_PWR_CLK_DISABLE();
 214              		.loc 1 206 7 is_stmt 1 view .LVU64
 215 00a8 314A     		ldr	r2, .L31
 216 00aa D36B     		ldr	r3, [r2, #60]
 217 00ac 3449     		ldr	r1, .L31+16
 218 00ae 0B40     		ands	r3, r1
 219 00b0 D363     		str	r3, [r2, #60]
 220 00b2 0FE0     		b	.L2
 221              	.LVL18:
 222              	.L28:
 173:Drivers/STM32G0xx_HAL_Driver/Src/stm32g0xx_hal_rcc_ex.c **** 
 223              		.loc 1 173 9 view .LVU65
 173:Drivers/STM32G0xx_HAL_Driver/Src/stm32g0xx_hal_rcc_ex.c **** 
 224              		.loc 1 173 21 is_stmt 0 view .LVU66
 225 00b4 FFF7FEFF 		bl	HAL_GetTick
 226              	.LVL19:
 227 00b8 0700     		movs	r7, r0
 228              	.LVL20:
 176:Drivers/STM32G0xx_HAL_Driver/Src/stm32g0xx_hal_rcc_ex.c ****         {
 229              		.loc 1 176 9 is_stmt 1 view .LVU67
 230              	.L10:
 176:Drivers/STM32G0xx_HAL_Driver/Src/stm32g0xx_hal_rcc_ex.c ****         {
 231              		.loc 1 176 53 view .LVU68
 176:Drivers/STM32G0xx_HAL_Driver/Src/stm32g0xx_hal_rcc_ex.c ****         {
 232              		.loc 1 176 16 is_stmt 0 view .LVU69
 233 00ba 2D4B     		ldr	r3, .L31
 234 00bc DB6D     		ldr	r3, [r3, #92]
 176:Drivers/STM32G0xx_HAL_Driver/Src/stm32g0xx_hal_rcc_ex.c ****         {
 235              		.loc 1 176 53 view .LVU70
 236 00be 9B07     		lsls	r3, r3, #30
 237 00c0 E7D4     		bmi	.L9
 178:Drivers/STM32G0xx_HAL_Driver/Src/stm32g0xx_hal_rcc_ex.c ****           {
 238              		.loc 1 178 11 is_stmt 1 view .LVU71
 178:Drivers/STM32G0xx_HAL_Driver/Src/stm32g0xx_hal_rcc_ex.c ****           {
 239              		.loc 1 178 16 is_stmt 0 view .LVU72
 240 00c2 FFF7FEFF 		bl	HAL_GetTick
ARM GAS  C:\Users\Asus\AppData\Local\Temp\ccCYPacf.s 			page 9


 241              	.LVL21:
 178:Drivers/STM32G0xx_HAL_Driver/Src/stm32g0xx_hal_rcc_ex.c ****           {
 242              		.loc 1 178 30 view .LVU73
 243 00c6 C01B     		subs	r0, r0, r7
 178:Drivers/STM32G0xx_HAL_Driver/Src/stm32g0xx_hal_rcc_ex.c ****           {
 244              		.loc 1 178 14 view .LVU74
 245 00c8 2E4B     		ldr	r3, .L31+20
 246 00ca 9842     		cmp	r0, r3
 247 00cc F5D9     		bls	.L10
 180:Drivers/STM32G0xx_HAL_Driver/Src/stm32g0xx_hal_rcc_ex.c ****             break;
 248              		.loc 1 180 17 view .LVU75
 249 00ce 0325     		movs	r5, #3
 250              	.LVL22:
 180:Drivers/STM32G0xx_HAL_Driver/Src/stm32g0xx_hal_rcc_ex.c ****             break;
 251              		.loc 1 180 17 view .LVU76
 252 00d0 DFE7     		b	.L9
 253              	.LVL23:
 254              	.L17:
 180:Drivers/STM32G0xx_HAL_Driver/Src/stm32g0xx_hal_rcc_ex.c ****             break;
 255              		.loc 1 180 17 view .LVU77
 256              	.LBE4:
 117:Drivers/STM32G0xx_HAL_Driver/Src/stm32g0xx_hal_rcc_ex.c **** 
 257              		.loc 1 117 21 view .LVU78
 258 00d2 0025     		movs	r5, #0
 259              	.LVL24:
 260              	.L2:
 207:Drivers/STM32G0xx_HAL_Driver/Src/stm32g0xx_hal_rcc_ex.c ****     }
 208:Drivers/STM32G0xx_HAL_Driver/Src/stm32g0xx_hal_rcc_ex.c ****   }
 209:Drivers/STM32G0xx_HAL_Driver/Src/stm32g0xx_hal_rcc_ex.c **** 
 210:Drivers/STM32G0xx_HAL_Driver/Src/stm32g0xx_hal_rcc_ex.c ****   /*-------------------------- USART1 clock source configuration -------------------*/
 211:Drivers/STM32G0xx_HAL_Driver/Src/stm32g0xx_hal_rcc_ex.c ****   if (((PeriphClkInit->PeriphClockSelection) & RCC_PERIPHCLK_USART1) == RCC_PERIPHCLK_USART1)
 261              		.loc 1 211 3 is_stmt 1 view .LVU79
 262              		.loc 1 211 22 is_stmt 0 view .LVU80
 263 00d4 2368     		ldr	r3, [r4]
 264              		.loc 1 211 6 view .LVU81
 265 00d6 DB07     		lsls	r3, r3, #31
 266 00d8 06D5     		bpl	.L12
 212:Drivers/STM32G0xx_HAL_Driver/Src/stm32g0xx_hal_rcc_ex.c ****   {
 213:Drivers/STM32G0xx_HAL_Driver/Src/stm32g0xx_hal_rcc_ex.c ****     /* Check the parameters */
 214:Drivers/STM32G0xx_HAL_Driver/Src/stm32g0xx_hal_rcc_ex.c ****     assert_param(IS_RCC_USART1CLKSOURCE(PeriphClkInit->Usart1ClockSelection));
 267              		.loc 1 214 5 is_stmt 1 view .LVU82
 215:Drivers/STM32G0xx_HAL_Driver/Src/stm32g0xx_hal_rcc_ex.c **** 
 216:Drivers/STM32G0xx_HAL_Driver/Src/stm32g0xx_hal_rcc_ex.c ****     /* Configure the USART1 clock source */
 217:Drivers/STM32G0xx_HAL_Driver/Src/stm32g0xx_hal_rcc_ex.c ****     __HAL_RCC_USART1_CONFIG(PeriphClkInit->Usart1ClockSelection);
 268              		.loc 1 217 5 view .LVU83
 269 00da 254A     		ldr	r2, .L31
 270 00dc 536D     		ldr	r3, [r2, #84]
 271 00de 0321     		movs	r1, #3
 272 00e0 8B43     		bics	r3, r1
 273 00e2 6168     		ldr	r1, [r4, #4]
 274 00e4 0B43     		orrs	r3, r1
 275 00e6 5365     		str	r3, [r2, #84]
 276              	.L12:
 218:Drivers/STM32G0xx_HAL_Driver/Src/stm32g0xx_hal_rcc_ex.c ****   }
 219:Drivers/STM32G0xx_HAL_Driver/Src/stm32g0xx_hal_rcc_ex.c **** 
 220:Drivers/STM32G0xx_HAL_Driver/Src/stm32g0xx_hal_rcc_ex.c **** #if defined(RCC_CCIPR_USART2SEL)
 221:Drivers/STM32G0xx_HAL_Driver/Src/stm32g0xx_hal_rcc_ex.c ****   /*-------------------------- USART2 clock source configuration -------------------*/
ARM GAS  C:\Users\Asus\AppData\Local\Temp\ccCYPacf.s 			page 10


 222:Drivers/STM32G0xx_HAL_Driver/Src/stm32g0xx_hal_rcc_ex.c ****   if (((PeriphClkInit->PeriphClockSelection) & RCC_PERIPHCLK_USART2) == RCC_PERIPHCLK_USART2)
 277              		.loc 1 222 3 view .LVU84
 278              		.loc 1 222 22 is_stmt 0 view .LVU85
 279 00e8 2368     		ldr	r3, [r4]
 280              		.loc 1 222 6 view .LVU86
 281 00ea 9B07     		lsls	r3, r3, #30
 282 00ec 06D5     		bpl	.L13
 223:Drivers/STM32G0xx_HAL_Driver/Src/stm32g0xx_hal_rcc_ex.c ****   {
 224:Drivers/STM32G0xx_HAL_Driver/Src/stm32g0xx_hal_rcc_ex.c ****     /* Check the parameters */
 225:Drivers/STM32G0xx_HAL_Driver/Src/stm32g0xx_hal_rcc_ex.c ****     assert_param(IS_RCC_USART2CLKSOURCE(PeriphClkInit->Usart2ClockSelection));
 283              		.loc 1 225 5 is_stmt 1 view .LVU87
 226:Drivers/STM32G0xx_HAL_Driver/Src/stm32g0xx_hal_rcc_ex.c **** 
 227:Drivers/STM32G0xx_HAL_Driver/Src/stm32g0xx_hal_rcc_ex.c ****     /* Configure the USART2 clock source */
 228:Drivers/STM32G0xx_HAL_Driver/Src/stm32g0xx_hal_rcc_ex.c ****     __HAL_RCC_USART2_CONFIG(PeriphClkInit->Usart2ClockSelection);
 284              		.loc 1 228 5 view .LVU88
 285 00ee 204A     		ldr	r2, .L31
 286 00f0 536D     		ldr	r3, [r2, #84]
 287 00f2 0C21     		movs	r1, #12
 288 00f4 8B43     		bics	r3, r1
 289 00f6 A168     		ldr	r1, [r4, #8]
 290 00f8 0B43     		orrs	r3, r1
 291 00fa 5365     		str	r3, [r2, #84]
 292              	.L13:
 229:Drivers/STM32G0xx_HAL_Driver/Src/stm32g0xx_hal_rcc_ex.c ****   }
 230:Drivers/STM32G0xx_HAL_Driver/Src/stm32g0xx_hal_rcc_ex.c **** #endif /* RCC_CCIPR_USART2SEL */
 231:Drivers/STM32G0xx_HAL_Driver/Src/stm32g0xx_hal_rcc_ex.c **** 
 232:Drivers/STM32G0xx_HAL_Driver/Src/stm32g0xx_hal_rcc_ex.c **** #if defined(RCC_CCIPR_USART3SEL)
 233:Drivers/STM32G0xx_HAL_Driver/Src/stm32g0xx_hal_rcc_ex.c ****   /*-------------------------- USART3 clock source configuration -------------------*/
 234:Drivers/STM32G0xx_HAL_Driver/Src/stm32g0xx_hal_rcc_ex.c ****   if (((PeriphClkInit->PeriphClockSelection) & RCC_PERIPHCLK_USART3) == RCC_PERIPHCLK_USART3)
 235:Drivers/STM32G0xx_HAL_Driver/Src/stm32g0xx_hal_rcc_ex.c ****   {
 236:Drivers/STM32G0xx_HAL_Driver/Src/stm32g0xx_hal_rcc_ex.c ****     /* Check the parameters */
 237:Drivers/STM32G0xx_HAL_Driver/Src/stm32g0xx_hal_rcc_ex.c ****     assert_param(IS_RCC_USART3CLKSOURCE(PeriphClkInit->Usart3ClockSelection));
 238:Drivers/STM32G0xx_HAL_Driver/Src/stm32g0xx_hal_rcc_ex.c **** 
 239:Drivers/STM32G0xx_HAL_Driver/Src/stm32g0xx_hal_rcc_ex.c ****     /* Configure the USART3 clock source */
 240:Drivers/STM32G0xx_HAL_Driver/Src/stm32g0xx_hal_rcc_ex.c ****     __HAL_RCC_USART3_CONFIG(PeriphClkInit->Usart3ClockSelection);
 241:Drivers/STM32G0xx_HAL_Driver/Src/stm32g0xx_hal_rcc_ex.c ****   }
 242:Drivers/STM32G0xx_HAL_Driver/Src/stm32g0xx_hal_rcc_ex.c **** #endif /* RCC_CCIPR_USART3SEL */
 243:Drivers/STM32G0xx_HAL_Driver/Src/stm32g0xx_hal_rcc_ex.c **** 
 244:Drivers/STM32G0xx_HAL_Driver/Src/stm32g0xx_hal_rcc_ex.c **** #if defined(LPUART1)
 245:Drivers/STM32G0xx_HAL_Driver/Src/stm32g0xx_hal_rcc_ex.c ****   /*-------------------------- LPUART1 clock source configuration ------------------*/
 246:Drivers/STM32G0xx_HAL_Driver/Src/stm32g0xx_hal_rcc_ex.c ****   if (((PeriphClkInit->PeriphClockSelection) & RCC_PERIPHCLK_LPUART1) == RCC_PERIPHCLK_LPUART1)
 247:Drivers/STM32G0xx_HAL_Driver/Src/stm32g0xx_hal_rcc_ex.c ****   {
 248:Drivers/STM32G0xx_HAL_Driver/Src/stm32g0xx_hal_rcc_ex.c ****     /* Check the parameters */
 249:Drivers/STM32G0xx_HAL_Driver/Src/stm32g0xx_hal_rcc_ex.c ****     assert_param(IS_RCC_LPUART1CLKSOURCE(PeriphClkInit->Lpuart1ClockSelection));
 250:Drivers/STM32G0xx_HAL_Driver/Src/stm32g0xx_hal_rcc_ex.c **** 
 251:Drivers/STM32G0xx_HAL_Driver/Src/stm32g0xx_hal_rcc_ex.c ****     /* Configure the LPUART1 clock source */
 252:Drivers/STM32G0xx_HAL_Driver/Src/stm32g0xx_hal_rcc_ex.c ****     __HAL_RCC_LPUART1_CONFIG(PeriphClkInit->Lpuart1ClockSelection);
 253:Drivers/STM32G0xx_HAL_Driver/Src/stm32g0xx_hal_rcc_ex.c ****   }
 254:Drivers/STM32G0xx_HAL_Driver/Src/stm32g0xx_hal_rcc_ex.c **** #endif /* LPUART1 */
 255:Drivers/STM32G0xx_HAL_Driver/Src/stm32g0xx_hal_rcc_ex.c **** 
 256:Drivers/STM32G0xx_HAL_Driver/Src/stm32g0xx_hal_rcc_ex.c **** #if defined(LPUART2)
 257:Drivers/STM32G0xx_HAL_Driver/Src/stm32g0xx_hal_rcc_ex.c ****   /*-------------------------- LPUART2 clock source configuration ------------------*/
 258:Drivers/STM32G0xx_HAL_Driver/Src/stm32g0xx_hal_rcc_ex.c ****   if (((PeriphClkInit->PeriphClockSelection) & RCC_PERIPHCLK_LPUART2) == RCC_PERIPHCLK_LPUART2)
 259:Drivers/STM32G0xx_HAL_Driver/Src/stm32g0xx_hal_rcc_ex.c ****   {
 260:Drivers/STM32G0xx_HAL_Driver/Src/stm32g0xx_hal_rcc_ex.c ****     /* Check the parameters */
 261:Drivers/STM32G0xx_HAL_Driver/Src/stm32g0xx_hal_rcc_ex.c ****     assert_param(IS_RCC_LPUART2CLKSOURCE(PeriphClkInit->Lpuart2ClockSelection));
 262:Drivers/STM32G0xx_HAL_Driver/Src/stm32g0xx_hal_rcc_ex.c **** 
ARM GAS  C:\Users\Asus\AppData\Local\Temp\ccCYPacf.s 			page 11


 263:Drivers/STM32G0xx_HAL_Driver/Src/stm32g0xx_hal_rcc_ex.c ****     /* Configure the LPUART clock source */
 264:Drivers/STM32G0xx_HAL_Driver/Src/stm32g0xx_hal_rcc_ex.c ****     __HAL_RCC_LPUART2_CONFIG(PeriphClkInit->Lpuart2ClockSelection);
 265:Drivers/STM32G0xx_HAL_Driver/Src/stm32g0xx_hal_rcc_ex.c ****   }
 266:Drivers/STM32G0xx_HAL_Driver/Src/stm32g0xx_hal_rcc_ex.c **** #endif /* LPUART2 */
 267:Drivers/STM32G0xx_HAL_Driver/Src/stm32g0xx_hal_rcc_ex.c **** 
 268:Drivers/STM32G0xx_HAL_Driver/Src/stm32g0xx_hal_rcc_ex.c **** #if defined(RCC_CCIPR_LPTIM1SEL)
 269:Drivers/STM32G0xx_HAL_Driver/Src/stm32g0xx_hal_rcc_ex.c ****   /*-------------------------- LPTIM1 clock source configuration -------------------*/
 270:Drivers/STM32G0xx_HAL_Driver/Src/stm32g0xx_hal_rcc_ex.c ****   if (((PeriphClkInit->PeriphClockSelection) & RCC_PERIPHCLK_LPTIM1) == (RCC_PERIPHCLK_LPTIM1))
 271:Drivers/STM32G0xx_HAL_Driver/Src/stm32g0xx_hal_rcc_ex.c ****   {
 272:Drivers/STM32G0xx_HAL_Driver/Src/stm32g0xx_hal_rcc_ex.c ****     assert_param(IS_RCC_LPTIM1CLKSOURCE(PeriphClkInit->Lptim1ClockSelection));
 273:Drivers/STM32G0xx_HAL_Driver/Src/stm32g0xx_hal_rcc_ex.c ****     __HAL_RCC_LPTIM1_CONFIG(PeriphClkInit->Lptim1ClockSelection);
 274:Drivers/STM32G0xx_HAL_Driver/Src/stm32g0xx_hal_rcc_ex.c ****   }
 275:Drivers/STM32G0xx_HAL_Driver/Src/stm32g0xx_hal_rcc_ex.c **** #endif /* RCC_CCIPR_LPTIM1SEL */
 276:Drivers/STM32G0xx_HAL_Driver/Src/stm32g0xx_hal_rcc_ex.c **** 
 277:Drivers/STM32G0xx_HAL_Driver/Src/stm32g0xx_hal_rcc_ex.c **** #if defined(RCC_CCIPR_LPTIM2SEL)
 278:Drivers/STM32G0xx_HAL_Driver/Src/stm32g0xx_hal_rcc_ex.c ****   /*-------------------------- LPTIM2 clock source configuration -------------------*/
 279:Drivers/STM32G0xx_HAL_Driver/Src/stm32g0xx_hal_rcc_ex.c ****   if (((PeriphClkInit->PeriphClockSelection) & RCC_PERIPHCLK_LPTIM2) == (RCC_PERIPHCLK_LPTIM2))
 280:Drivers/STM32G0xx_HAL_Driver/Src/stm32g0xx_hal_rcc_ex.c ****   {
 281:Drivers/STM32G0xx_HAL_Driver/Src/stm32g0xx_hal_rcc_ex.c ****     assert_param(IS_RCC_LPTIM2CLKSOURCE(PeriphClkInit->Lptim2ClockSelection));
 282:Drivers/STM32G0xx_HAL_Driver/Src/stm32g0xx_hal_rcc_ex.c ****     __HAL_RCC_LPTIM2_CONFIG(PeriphClkInit->Lptim2ClockSelection);
 283:Drivers/STM32G0xx_HAL_Driver/Src/stm32g0xx_hal_rcc_ex.c ****   }
 284:Drivers/STM32G0xx_HAL_Driver/Src/stm32g0xx_hal_rcc_ex.c **** #endif /* RCC_CCIPR_LPTIM2SEL */
 285:Drivers/STM32G0xx_HAL_Driver/Src/stm32g0xx_hal_rcc_ex.c **** 
 286:Drivers/STM32G0xx_HAL_Driver/Src/stm32g0xx_hal_rcc_ex.c ****   /*-------------------------- I2C1 clock source configuration ---------------------*/
 287:Drivers/STM32G0xx_HAL_Driver/Src/stm32g0xx_hal_rcc_ex.c ****   if (((PeriphClkInit->PeriphClockSelection) & RCC_PERIPHCLK_I2C1) == RCC_PERIPHCLK_I2C1)
 293              		.loc 1 287 3 view .LVU89
 294              		.loc 1 287 22 is_stmt 0 view .LVU90
 295 00fc 2368     		ldr	r3, [r4]
 296              		.loc 1 287 6 view .LVU91
 297 00fe 9B06     		lsls	r3, r3, #26
 298 0100 06D5     		bpl	.L14
 288:Drivers/STM32G0xx_HAL_Driver/Src/stm32g0xx_hal_rcc_ex.c ****   {
 289:Drivers/STM32G0xx_HAL_Driver/Src/stm32g0xx_hal_rcc_ex.c ****     /* Check the parameters */
 290:Drivers/STM32G0xx_HAL_Driver/Src/stm32g0xx_hal_rcc_ex.c ****     assert_param(IS_RCC_I2C1CLKSOURCE(PeriphClkInit->I2c1ClockSelection));
 299              		.loc 1 290 5 is_stmt 1 view .LVU92
 291:Drivers/STM32G0xx_HAL_Driver/Src/stm32g0xx_hal_rcc_ex.c **** 
 292:Drivers/STM32G0xx_HAL_Driver/Src/stm32g0xx_hal_rcc_ex.c ****     /* Configure the I2C1 clock source */
 293:Drivers/STM32G0xx_HAL_Driver/Src/stm32g0xx_hal_rcc_ex.c ****     __HAL_RCC_I2C1_CONFIG(PeriphClkInit->I2c1ClockSelection);
 300              		.loc 1 293 5 view .LVU93
 301 0102 1B4A     		ldr	r2, .L31
 302 0104 536D     		ldr	r3, [r2, #84]
 303 0106 2049     		ldr	r1, .L31+24
 304 0108 0B40     		ands	r3, r1
 305 010a E168     		ldr	r1, [r4, #12]
 306 010c 0B43     		orrs	r3, r1
 307 010e 5365     		str	r3, [r2, #84]
 308              	.L14:
 294:Drivers/STM32G0xx_HAL_Driver/Src/stm32g0xx_hal_rcc_ex.c ****   }
 295:Drivers/STM32G0xx_HAL_Driver/Src/stm32g0xx_hal_rcc_ex.c **** 
 296:Drivers/STM32G0xx_HAL_Driver/Src/stm32g0xx_hal_rcc_ex.c **** #if defined(RCC_CCIPR_I2C2SEL)
 297:Drivers/STM32G0xx_HAL_Driver/Src/stm32g0xx_hal_rcc_ex.c ****   /*-------------------------- I2C2 clock source configuration ---------------------*/
 298:Drivers/STM32G0xx_HAL_Driver/Src/stm32g0xx_hal_rcc_ex.c ****   if (((PeriphClkInit->PeriphClockSelection) & RCC_PERIPHCLK_I2C2) == RCC_PERIPHCLK_I2C2)
 299:Drivers/STM32G0xx_HAL_Driver/Src/stm32g0xx_hal_rcc_ex.c ****   {
 300:Drivers/STM32G0xx_HAL_Driver/Src/stm32g0xx_hal_rcc_ex.c ****     /* Check the parameters */
 301:Drivers/STM32G0xx_HAL_Driver/Src/stm32g0xx_hal_rcc_ex.c ****     assert_param(IS_RCC_I2C2CLKSOURCE(PeriphClkInit->I2c2ClockSelection));
 302:Drivers/STM32G0xx_HAL_Driver/Src/stm32g0xx_hal_rcc_ex.c **** 
 303:Drivers/STM32G0xx_HAL_Driver/Src/stm32g0xx_hal_rcc_ex.c ****     /* Configure the I2C2 clock source */
ARM GAS  C:\Users\Asus\AppData\Local\Temp\ccCYPacf.s 			page 12


 304:Drivers/STM32G0xx_HAL_Driver/Src/stm32g0xx_hal_rcc_ex.c ****     __HAL_RCC_I2C2_CONFIG(PeriphClkInit->I2c2ClockSelection);
 305:Drivers/STM32G0xx_HAL_Driver/Src/stm32g0xx_hal_rcc_ex.c ****   }
 306:Drivers/STM32G0xx_HAL_Driver/Src/stm32g0xx_hal_rcc_ex.c **** #endif /* (RCC_CCIPR_I2C2SEL */
 307:Drivers/STM32G0xx_HAL_Driver/Src/stm32g0xx_hal_rcc_ex.c **** 
 308:Drivers/STM32G0xx_HAL_Driver/Src/stm32g0xx_hal_rcc_ex.c **** #if defined(RNG)
 309:Drivers/STM32G0xx_HAL_Driver/Src/stm32g0xx_hal_rcc_ex.c ****   /*-------------------------- RNG clock source configuration ----------------------*/
 310:Drivers/STM32G0xx_HAL_Driver/Src/stm32g0xx_hal_rcc_ex.c ****   if (((PeriphClkInit->PeriphClockSelection) & RCC_PERIPHCLK_RNG) == (RCC_PERIPHCLK_RNG))
 311:Drivers/STM32G0xx_HAL_Driver/Src/stm32g0xx_hal_rcc_ex.c ****   {
 312:Drivers/STM32G0xx_HAL_Driver/Src/stm32g0xx_hal_rcc_ex.c ****     assert_param(IS_RCC_RNGCLKSOURCE(PeriphClkInit->RngClockSelection));
 313:Drivers/STM32G0xx_HAL_Driver/Src/stm32g0xx_hal_rcc_ex.c ****     __HAL_RCC_RNG_CONFIG(PeriphClkInit->RngClockSelection);
 314:Drivers/STM32G0xx_HAL_Driver/Src/stm32g0xx_hal_rcc_ex.c **** 
 315:Drivers/STM32G0xx_HAL_Driver/Src/stm32g0xx_hal_rcc_ex.c ****     if (PeriphClkInit->RngClockSelection == RCC_RNGCLKSOURCE_PLL)
 316:Drivers/STM32G0xx_HAL_Driver/Src/stm32g0xx_hal_rcc_ex.c ****     {
 317:Drivers/STM32G0xx_HAL_Driver/Src/stm32g0xx_hal_rcc_ex.c ****       /* Enable PLLQCLK output */
 318:Drivers/STM32G0xx_HAL_Driver/Src/stm32g0xx_hal_rcc_ex.c ****       __HAL_RCC_PLLCLKOUT_ENABLE(RCC_PLLQCLK);
 319:Drivers/STM32G0xx_HAL_Driver/Src/stm32g0xx_hal_rcc_ex.c ****     }
 320:Drivers/STM32G0xx_HAL_Driver/Src/stm32g0xx_hal_rcc_ex.c ****   }
 321:Drivers/STM32G0xx_HAL_Driver/Src/stm32g0xx_hal_rcc_ex.c **** #endif /* RNG */
 322:Drivers/STM32G0xx_HAL_Driver/Src/stm32g0xx_hal_rcc_ex.c ****   /*-------------------------- ADC clock source configuration ----------------------*/
 323:Drivers/STM32G0xx_HAL_Driver/Src/stm32g0xx_hal_rcc_ex.c ****   if (((PeriphClkInit->PeriphClockSelection) & RCC_PERIPHCLK_ADC) == RCC_PERIPHCLK_ADC)
 309              		.loc 1 323 3 view .LVU94
 310              		.loc 1 323 22 is_stmt 0 view .LVU95
 311 0110 2368     		ldr	r3, [r4]
 312              		.loc 1 323 6 view .LVU96
 313 0112 5B04     		lsls	r3, r3, #17
 314 0114 0BD5     		bpl	.L15
 324:Drivers/STM32G0xx_HAL_Driver/Src/stm32g0xx_hal_rcc_ex.c ****   {
 325:Drivers/STM32G0xx_HAL_Driver/Src/stm32g0xx_hal_rcc_ex.c ****     /* Check the parameters */
 326:Drivers/STM32G0xx_HAL_Driver/Src/stm32g0xx_hal_rcc_ex.c ****     assert_param(IS_RCC_ADCCLKSOURCE(PeriphClkInit->AdcClockSelection));
 315              		.loc 1 326 5 is_stmt 1 view .LVU97
 327:Drivers/STM32G0xx_HAL_Driver/Src/stm32g0xx_hal_rcc_ex.c **** 
 328:Drivers/STM32G0xx_HAL_Driver/Src/stm32g0xx_hal_rcc_ex.c ****     /* Configure the ADC interface clock source */
 329:Drivers/STM32G0xx_HAL_Driver/Src/stm32g0xx_hal_rcc_ex.c ****     __HAL_RCC_ADC_CONFIG(PeriphClkInit->AdcClockSelection);
 316              		.loc 1 329 5 view .LVU98
 317 0116 164A     		ldr	r2, .L31
 318 0118 536D     		ldr	r3, [r2, #84]
 319 011a 9B00     		lsls	r3, r3, #2
 320 011c 9B08     		lsrs	r3, r3, #2
 321 011e 6169     		ldr	r1, [r4, #20]
 322 0120 0B43     		orrs	r3, r1
 323 0122 5365     		str	r3, [r2, #84]
 330:Drivers/STM32G0xx_HAL_Driver/Src/stm32g0xx_hal_rcc_ex.c **** 
 331:Drivers/STM32G0xx_HAL_Driver/Src/stm32g0xx_hal_rcc_ex.c ****     if (PeriphClkInit->AdcClockSelection == RCC_ADCCLKSOURCE_PLLADC)
 324              		.loc 1 331 5 view .LVU99
 325              		.loc 1 331 22 is_stmt 0 view .LVU100
 326 0124 6269     		ldr	r2, [r4, #20]
 327              		.loc 1 331 8 view .LVU101
 328 0126 8023     		movs	r3, #128
 329 0128 DB05     		lsls	r3, r3, #23
 330 012a 9A42     		cmp	r2, r3
 331 012c 11D0     		beq	.L29
 332              	.L15:
 332:Drivers/STM32G0xx_HAL_Driver/Src/stm32g0xx_hal_rcc_ex.c ****     {
 333:Drivers/STM32G0xx_HAL_Driver/Src/stm32g0xx_hal_rcc_ex.c ****       /* Enable PLLPCLK output */
 334:Drivers/STM32G0xx_HAL_Driver/Src/stm32g0xx_hal_rcc_ex.c ****       __HAL_RCC_PLLCLKOUT_ENABLE(RCC_PLLPCLK);
 335:Drivers/STM32G0xx_HAL_Driver/Src/stm32g0xx_hal_rcc_ex.c ****     }
 336:Drivers/STM32G0xx_HAL_Driver/Src/stm32g0xx_hal_rcc_ex.c ****   }
ARM GAS  C:\Users\Asus\AppData\Local\Temp\ccCYPacf.s 			page 13


 337:Drivers/STM32G0xx_HAL_Driver/Src/stm32g0xx_hal_rcc_ex.c **** 
 338:Drivers/STM32G0xx_HAL_Driver/Src/stm32g0xx_hal_rcc_ex.c **** #if defined(CEC)
 339:Drivers/STM32G0xx_HAL_Driver/Src/stm32g0xx_hal_rcc_ex.c ****   /*-------------------------- CEC clock source configuration ---------------------*/
 340:Drivers/STM32G0xx_HAL_Driver/Src/stm32g0xx_hal_rcc_ex.c ****   if (((PeriphClkInit->PeriphClockSelection) & RCC_PERIPHCLK_CEC) == RCC_PERIPHCLK_CEC)
 341:Drivers/STM32G0xx_HAL_Driver/Src/stm32g0xx_hal_rcc_ex.c ****   {
 342:Drivers/STM32G0xx_HAL_Driver/Src/stm32g0xx_hal_rcc_ex.c ****     /* Check the parameters */
 343:Drivers/STM32G0xx_HAL_Driver/Src/stm32g0xx_hal_rcc_ex.c ****     assert_param(IS_RCC_CECCLKSOURCE(PeriphClkInit->CecClockSelection));
 344:Drivers/STM32G0xx_HAL_Driver/Src/stm32g0xx_hal_rcc_ex.c **** 
 345:Drivers/STM32G0xx_HAL_Driver/Src/stm32g0xx_hal_rcc_ex.c ****     /* Configure the CEC clock source */
 346:Drivers/STM32G0xx_HAL_Driver/Src/stm32g0xx_hal_rcc_ex.c ****     __HAL_RCC_CEC_CONFIG(PeriphClkInit->CecClockSelection);
 347:Drivers/STM32G0xx_HAL_Driver/Src/stm32g0xx_hal_rcc_ex.c ****   }
 348:Drivers/STM32G0xx_HAL_Driver/Src/stm32g0xx_hal_rcc_ex.c **** #endif /* CEC */
 349:Drivers/STM32G0xx_HAL_Driver/Src/stm32g0xx_hal_rcc_ex.c **** 
 350:Drivers/STM32G0xx_HAL_Driver/Src/stm32g0xx_hal_rcc_ex.c **** #if defined(RCC_CCIPR_TIM1SEL)
 351:Drivers/STM32G0xx_HAL_Driver/Src/stm32g0xx_hal_rcc_ex.c ****   /*-------------------------- TIM1 clock source configuration ---------------------*/
 352:Drivers/STM32G0xx_HAL_Driver/Src/stm32g0xx_hal_rcc_ex.c ****   if (((PeriphClkInit->PeriphClockSelection) & RCC_PERIPHCLK_TIM1) == RCC_PERIPHCLK_TIM1)
 353:Drivers/STM32G0xx_HAL_Driver/Src/stm32g0xx_hal_rcc_ex.c ****   {
 354:Drivers/STM32G0xx_HAL_Driver/Src/stm32g0xx_hal_rcc_ex.c ****     /* Check the parameters */
 355:Drivers/STM32G0xx_HAL_Driver/Src/stm32g0xx_hal_rcc_ex.c ****     assert_param(IS_RCC_TIM1CLKSOURCE(PeriphClkInit->Tim1ClockSelection));
 356:Drivers/STM32G0xx_HAL_Driver/Src/stm32g0xx_hal_rcc_ex.c **** 
 357:Drivers/STM32G0xx_HAL_Driver/Src/stm32g0xx_hal_rcc_ex.c ****     /* Configure the TIM1 clock source */
 358:Drivers/STM32G0xx_HAL_Driver/Src/stm32g0xx_hal_rcc_ex.c ****     __HAL_RCC_TIM1_CONFIG(PeriphClkInit->Tim1ClockSelection);
 359:Drivers/STM32G0xx_HAL_Driver/Src/stm32g0xx_hal_rcc_ex.c **** 
 360:Drivers/STM32G0xx_HAL_Driver/Src/stm32g0xx_hal_rcc_ex.c ****     if (PeriphClkInit->Tim1ClockSelection == RCC_TIM1CLKSOURCE_PLL)
 361:Drivers/STM32G0xx_HAL_Driver/Src/stm32g0xx_hal_rcc_ex.c ****     {
 362:Drivers/STM32G0xx_HAL_Driver/Src/stm32g0xx_hal_rcc_ex.c ****       /* Enable PLLQCLK output */
 363:Drivers/STM32G0xx_HAL_Driver/Src/stm32g0xx_hal_rcc_ex.c ****       __HAL_RCC_PLLCLKOUT_ENABLE(RCC_PLLQCLK);
 364:Drivers/STM32G0xx_HAL_Driver/Src/stm32g0xx_hal_rcc_ex.c ****     }
 365:Drivers/STM32G0xx_HAL_Driver/Src/stm32g0xx_hal_rcc_ex.c ****   }
 366:Drivers/STM32G0xx_HAL_Driver/Src/stm32g0xx_hal_rcc_ex.c **** #endif /* RCC_CCIPR_TIM1SEL */
 367:Drivers/STM32G0xx_HAL_Driver/Src/stm32g0xx_hal_rcc_ex.c **** 
 368:Drivers/STM32G0xx_HAL_Driver/Src/stm32g0xx_hal_rcc_ex.c **** #if defined(RCC_CCIPR_TIM15SEL)
 369:Drivers/STM32G0xx_HAL_Driver/Src/stm32g0xx_hal_rcc_ex.c ****   /*-------------------------- TIM15 clock source configuration ---------------------*/
 370:Drivers/STM32G0xx_HAL_Driver/Src/stm32g0xx_hal_rcc_ex.c ****   if (((PeriphClkInit->PeriphClockSelection) & RCC_PERIPHCLK_TIM15) == RCC_PERIPHCLK_TIM15)
 371:Drivers/STM32G0xx_HAL_Driver/Src/stm32g0xx_hal_rcc_ex.c ****   {
 372:Drivers/STM32G0xx_HAL_Driver/Src/stm32g0xx_hal_rcc_ex.c ****     /* Check the parameters */
 373:Drivers/STM32G0xx_HAL_Driver/Src/stm32g0xx_hal_rcc_ex.c ****     assert_param(IS_RCC_TIM15CLKSOURCE(PeriphClkInit->Tim15ClockSelection));
 374:Drivers/STM32G0xx_HAL_Driver/Src/stm32g0xx_hal_rcc_ex.c **** 
 375:Drivers/STM32G0xx_HAL_Driver/Src/stm32g0xx_hal_rcc_ex.c ****     /* Configure the TIM15 clock source */
 376:Drivers/STM32G0xx_HAL_Driver/Src/stm32g0xx_hal_rcc_ex.c ****     __HAL_RCC_TIM15_CONFIG(PeriphClkInit->Tim15ClockSelection);
 377:Drivers/STM32G0xx_HAL_Driver/Src/stm32g0xx_hal_rcc_ex.c **** 
 378:Drivers/STM32G0xx_HAL_Driver/Src/stm32g0xx_hal_rcc_ex.c ****     if (PeriphClkInit->Tim15ClockSelection == RCC_TIM15CLKSOURCE_PLL)
 379:Drivers/STM32G0xx_HAL_Driver/Src/stm32g0xx_hal_rcc_ex.c ****     {
 380:Drivers/STM32G0xx_HAL_Driver/Src/stm32g0xx_hal_rcc_ex.c ****       /* Enable PLLQCLK output */
 381:Drivers/STM32G0xx_HAL_Driver/Src/stm32g0xx_hal_rcc_ex.c ****       __HAL_RCC_PLLCLKOUT_ENABLE(RCC_PLLQCLK);
 382:Drivers/STM32G0xx_HAL_Driver/Src/stm32g0xx_hal_rcc_ex.c ****     }
 383:Drivers/STM32G0xx_HAL_Driver/Src/stm32g0xx_hal_rcc_ex.c ****   }
 384:Drivers/STM32G0xx_HAL_Driver/Src/stm32g0xx_hal_rcc_ex.c **** #endif /* RCC_CCIPR_TIM15SEL */
 385:Drivers/STM32G0xx_HAL_Driver/Src/stm32g0xx_hal_rcc_ex.c **** 
 386:Drivers/STM32G0xx_HAL_Driver/Src/stm32g0xx_hal_rcc_ex.c ****   /*-------------------------- I2S1 clock source configuration ---------------------*/
 387:Drivers/STM32G0xx_HAL_Driver/Src/stm32g0xx_hal_rcc_ex.c ****   if (((PeriphClkInit->PeriphClockSelection) & RCC_PERIPHCLK_I2S1) == RCC_PERIPHCLK_I2S1)
 333              		.loc 1 387 3 is_stmt 1 view .LVU102
 334              		.loc 1 387 22 is_stmt 0 view .LVU103
 335 012e 2368     		ldr	r3, [r4]
 336              		.loc 1 387 6 view .LVU104
 337 0130 1B05     		lsls	r3, r3, #20
 338 0132 0BD5     		bpl	.L16
ARM GAS  C:\Users\Asus\AppData\Local\Temp\ccCYPacf.s 			page 14


 388:Drivers/STM32G0xx_HAL_Driver/Src/stm32g0xx_hal_rcc_ex.c ****   {
 389:Drivers/STM32G0xx_HAL_Driver/Src/stm32g0xx_hal_rcc_ex.c ****     /* Check the parameters */
 390:Drivers/STM32G0xx_HAL_Driver/Src/stm32g0xx_hal_rcc_ex.c ****     assert_param(IS_RCC_I2S1CLKSOURCE(PeriphClkInit->I2s1ClockSelection));
 339              		.loc 1 390 5 is_stmt 1 view .LVU105
 391:Drivers/STM32G0xx_HAL_Driver/Src/stm32g0xx_hal_rcc_ex.c **** 
 392:Drivers/STM32G0xx_HAL_Driver/Src/stm32g0xx_hal_rcc_ex.c ****     /* Configure the I2S1 clock source */
 393:Drivers/STM32G0xx_HAL_Driver/Src/stm32g0xx_hal_rcc_ex.c ****     __HAL_RCC_I2S1_CONFIG(PeriphClkInit->I2s1ClockSelection);
 340              		.loc 1 393 5 view .LVU106
 341 0134 0E4A     		ldr	r2, .L31
 342 0136 536D     		ldr	r3, [r2, #84]
 343 0138 1449     		ldr	r1, .L31+28
 344 013a 0B40     		ands	r3, r1
 345 013c 2169     		ldr	r1, [r4, #16]
 346 013e 0B43     		orrs	r3, r1
 347 0140 5365     		str	r3, [r2, #84]
 394:Drivers/STM32G0xx_HAL_Driver/Src/stm32g0xx_hal_rcc_ex.c **** 
 395:Drivers/STM32G0xx_HAL_Driver/Src/stm32g0xx_hal_rcc_ex.c ****     if (PeriphClkInit->I2s1ClockSelection == RCC_I2S1CLKSOURCE_PLL)
 348              		.loc 1 395 5 view .LVU107
 349              		.loc 1 395 22 is_stmt 0 view .LVU108
 350 0142 2269     		ldr	r2, [r4, #16]
 351              		.loc 1 395 8 view .LVU109
 352 0144 8023     		movs	r3, #128
 353 0146 DB01     		lsls	r3, r3, #7
 354 0148 9A42     		cmp	r2, r3
 355 014a 09D0     		beq	.L30
 356              	.L16:
 396:Drivers/STM32G0xx_HAL_Driver/Src/stm32g0xx_hal_rcc_ex.c ****     {
 397:Drivers/STM32G0xx_HAL_Driver/Src/stm32g0xx_hal_rcc_ex.c ****       /* Enable PLLPCLK output */
 398:Drivers/STM32G0xx_HAL_Driver/Src/stm32g0xx_hal_rcc_ex.c ****       __HAL_RCC_PLLCLKOUT_ENABLE(RCC_PLLPCLK);
 399:Drivers/STM32G0xx_HAL_Driver/Src/stm32g0xx_hal_rcc_ex.c ****     }
 400:Drivers/STM32G0xx_HAL_Driver/Src/stm32g0xx_hal_rcc_ex.c ****   }
 401:Drivers/STM32G0xx_HAL_Driver/Src/stm32g0xx_hal_rcc_ex.c **** 
 402:Drivers/STM32G0xx_HAL_Driver/Src/stm32g0xx_hal_rcc_ex.c **** #if defined(RCC_CCIPR2_I2S2SEL)
 403:Drivers/STM32G0xx_HAL_Driver/Src/stm32g0xx_hal_rcc_ex.c ****   /*-------------------------- I2S2 clock source configuration ---------------------*/
 404:Drivers/STM32G0xx_HAL_Driver/Src/stm32g0xx_hal_rcc_ex.c ****   if (((PeriphClkInit->PeriphClockSelection) & RCC_PERIPHCLK_I2S2) == RCC_PERIPHCLK_I2S2)
 405:Drivers/STM32G0xx_HAL_Driver/Src/stm32g0xx_hal_rcc_ex.c ****   {
 406:Drivers/STM32G0xx_HAL_Driver/Src/stm32g0xx_hal_rcc_ex.c ****     /* Check the parameters */
 407:Drivers/STM32G0xx_HAL_Driver/Src/stm32g0xx_hal_rcc_ex.c ****     assert_param(IS_RCC_I2S2CLKSOURCE(PeriphClkInit->I2s2ClockSelection));
 408:Drivers/STM32G0xx_HAL_Driver/Src/stm32g0xx_hal_rcc_ex.c **** 
 409:Drivers/STM32G0xx_HAL_Driver/Src/stm32g0xx_hal_rcc_ex.c ****     /* Configure the I2S2 clock source */
 410:Drivers/STM32G0xx_HAL_Driver/Src/stm32g0xx_hal_rcc_ex.c ****     __HAL_RCC_I2S2_CONFIG(PeriphClkInit->I2s2ClockSelection);
 411:Drivers/STM32G0xx_HAL_Driver/Src/stm32g0xx_hal_rcc_ex.c **** 
 412:Drivers/STM32G0xx_HAL_Driver/Src/stm32g0xx_hal_rcc_ex.c ****     if (PeriphClkInit->I2s2ClockSelection == RCC_I2S2CLKSOURCE_PLL)
 413:Drivers/STM32G0xx_HAL_Driver/Src/stm32g0xx_hal_rcc_ex.c ****     {
 414:Drivers/STM32G0xx_HAL_Driver/Src/stm32g0xx_hal_rcc_ex.c ****       /* Enable PLLPCLK output */
 415:Drivers/STM32G0xx_HAL_Driver/Src/stm32g0xx_hal_rcc_ex.c ****       __HAL_RCC_PLLCLKOUT_ENABLE(RCC_PLLPCLK);
 416:Drivers/STM32G0xx_HAL_Driver/Src/stm32g0xx_hal_rcc_ex.c ****     }
 417:Drivers/STM32G0xx_HAL_Driver/Src/stm32g0xx_hal_rcc_ex.c ****   }
 418:Drivers/STM32G0xx_HAL_Driver/Src/stm32g0xx_hal_rcc_ex.c **** #endif /* RCC_CCIPR2_I2S2SEL */
 419:Drivers/STM32G0xx_HAL_Driver/Src/stm32g0xx_hal_rcc_ex.c **** 
 420:Drivers/STM32G0xx_HAL_Driver/Src/stm32g0xx_hal_rcc_ex.c **** #if defined(STM32G0C1xx) || defined(STM32G0B1xx)  || defined(STM32G0B0xx)
 421:Drivers/STM32G0xx_HAL_Driver/Src/stm32g0xx_hal_rcc_ex.c ****   /*-------------------------- USB clock source configuration ---------------------*/
 422:Drivers/STM32G0xx_HAL_Driver/Src/stm32g0xx_hal_rcc_ex.c ****   if (((PeriphClkInit->PeriphClockSelection) & RCC_PERIPHCLK_USB) == RCC_PERIPHCLK_USB)
 423:Drivers/STM32G0xx_HAL_Driver/Src/stm32g0xx_hal_rcc_ex.c ****   {
 424:Drivers/STM32G0xx_HAL_Driver/Src/stm32g0xx_hal_rcc_ex.c ****     /* Check the parameters */
 425:Drivers/STM32G0xx_HAL_Driver/Src/stm32g0xx_hal_rcc_ex.c ****     assert_param(IS_RCC_USBCLKSOURCE(PeriphClkInit->UsbClockSelection));
 426:Drivers/STM32G0xx_HAL_Driver/Src/stm32g0xx_hal_rcc_ex.c **** 
ARM GAS  C:\Users\Asus\AppData\Local\Temp\ccCYPacf.s 			page 15


 427:Drivers/STM32G0xx_HAL_Driver/Src/stm32g0xx_hal_rcc_ex.c ****     /* Configure the USB clock source */
 428:Drivers/STM32G0xx_HAL_Driver/Src/stm32g0xx_hal_rcc_ex.c ****     __HAL_RCC_USB_CONFIG(PeriphClkInit->UsbClockSelection);
 429:Drivers/STM32G0xx_HAL_Driver/Src/stm32g0xx_hal_rcc_ex.c **** 
 430:Drivers/STM32G0xx_HAL_Driver/Src/stm32g0xx_hal_rcc_ex.c ****     if (PeriphClkInit->UsbClockSelection == RCC_USBCLKSOURCE_PLL)
 431:Drivers/STM32G0xx_HAL_Driver/Src/stm32g0xx_hal_rcc_ex.c ****     {
 432:Drivers/STM32G0xx_HAL_Driver/Src/stm32g0xx_hal_rcc_ex.c ****       /* Enable PLLQCLK output */
 433:Drivers/STM32G0xx_HAL_Driver/Src/stm32g0xx_hal_rcc_ex.c ****       __HAL_RCC_PLLCLKOUT_ENABLE(RCC_PLLQCLK);
 434:Drivers/STM32G0xx_HAL_Driver/Src/stm32g0xx_hal_rcc_ex.c ****     }
 435:Drivers/STM32G0xx_HAL_Driver/Src/stm32g0xx_hal_rcc_ex.c ****   }
 436:Drivers/STM32G0xx_HAL_Driver/Src/stm32g0xx_hal_rcc_ex.c **** #endif /* STM32G0C1xx || STM32G0B1xx || STM32G0B0xx */
 437:Drivers/STM32G0xx_HAL_Driver/Src/stm32g0xx_hal_rcc_ex.c **** 
 438:Drivers/STM32G0xx_HAL_Driver/Src/stm32g0xx_hal_rcc_ex.c **** #if defined(FDCAN1) || defined(FDCAN2)
 439:Drivers/STM32G0xx_HAL_Driver/Src/stm32g0xx_hal_rcc_ex.c ****   /*-------------------------- FDCAN clock source configuration ---------------------*/
 440:Drivers/STM32G0xx_HAL_Driver/Src/stm32g0xx_hal_rcc_ex.c ****   if (((PeriphClkInit->PeriphClockSelection) & RCC_PERIPHCLK_FDCAN) == RCC_PERIPHCLK_FDCAN)
 441:Drivers/STM32G0xx_HAL_Driver/Src/stm32g0xx_hal_rcc_ex.c ****   {
 442:Drivers/STM32G0xx_HAL_Driver/Src/stm32g0xx_hal_rcc_ex.c ****     /* Check the parameters */
 443:Drivers/STM32G0xx_HAL_Driver/Src/stm32g0xx_hal_rcc_ex.c ****     assert_param(IS_RCC_FDCANCLKSOURCE(PeriphClkInit->FdcanClockSelection));
 444:Drivers/STM32G0xx_HAL_Driver/Src/stm32g0xx_hal_rcc_ex.c **** 
 445:Drivers/STM32G0xx_HAL_Driver/Src/stm32g0xx_hal_rcc_ex.c ****     /* Configure the FDCAN clock source */
 446:Drivers/STM32G0xx_HAL_Driver/Src/stm32g0xx_hal_rcc_ex.c ****     __HAL_RCC_FDCAN_CONFIG(PeriphClkInit->FdcanClockSelection);
 447:Drivers/STM32G0xx_HAL_Driver/Src/stm32g0xx_hal_rcc_ex.c **** 
 448:Drivers/STM32G0xx_HAL_Driver/Src/stm32g0xx_hal_rcc_ex.c ****     if (PeriphClkInit->FdcanClockSelection == RCC_FDCANCLKSOURCE_PLL)
 449:Drivers/STM32G0xx_HAL_Driver/Src/stm32g0xx_hal_rcc_ex.c ****     {
 450:Drivers/STM32G0xx_HAL_Driver/Src/stm32g0xx_hal_rcc_ex.c ****       /* Enable PLLQCLK output */
 451:Drivers/STM32G0xx_HAL_Driver/Src/stm32g0xx_hal_rcc_ex.c ****       __HAL_RCC_PLLCLKOUT_ENABLE(RCC_PLLQCLK);
 452:Drivers/STM32G0xx_HAL_Driver/Src/stm32g0xx_hal_rcc_ex.c ****     }
 453:Drivers/STM32G0xx_HAL_Driver/Src/stm32g0xx_hal_rcc_ex.c ****   }
 454:Drivers/STM32G0xx_HAL_Driver/Src/stm32g0xx_hal_rcc_ex.c **** #endif /* FDCAN1 || FDCAN2 */
 455:Drivers/STM32G0xx_HAL_Driver/Src/stm32g0xx_hal_rcc_ex.c **** 
 456:Drivers/STM32G0xx_HAL_Driver/Src/stm32g0xx_hal_rcc_ex.c ****   return status;
 357              		.loc 1 456 3 is_stmt 1 view .LVU110
 457:Drivers/STM32G0xx_HAL_Driver/Src/stm32g0xx_hal_rcc_ex.c **** }
 358              		.loc 1 457 1 is_stmt 0 view .LVU111
 359 014c 2800     		movs	r0, r5
 360 014e 03B0     		add	sp, sp, #12
 361              		@ sp needed
 362              	.LVL25:
 363              	.LVL26:
 364              		.loc 1 457 1 view .LVU112
 365 0150 F0BD     		pop	{r4, r5, r6, r7, pc}
 366              	.LVL27:
 367              	.L29:
 334:Drivers/STM32G0xx_HAL_Driver/Src/stm32g0xx_hal_rcc_ex.c ****     }
 368              		.loc 1 334 7 is_stmt 1 view .LVU113
 369 0152 074A     		ldr	r2, .L31
 370 0154 D168     		ldr	r1, [r2, #12]
 371 0156 8023     		movs	r3, #128
 372 0158 5B02     		lsls	r3, r3, #9
 373 015a 0B43     		orrs	r3, r1
 374 015c D360     		str	r3, [r2, #12]
 375 015e E6E7     		b	.L15
 376              	.L30:
 398:Drivers/STM32G0xx_HAL_Driver/Src/stm32g0xx_hal_rcc_ex.c ****     }
 377              		.loc 1 398 7 view .LVU114
 378 0160 034A     		ldr	r2, .L31
 379 0162 D168     		ldr	r1, [r2, #12]
 380 0164 8023     		movs	r3, #128
ARM GAS  C:\Users\Asus\AppData\Local\Temp\ccCYPacf.s 			page 16


 381 0166 5B02     		lsls	r3, r3, #9
 382 0168 0B43     		orrs	r3, r1
 383 016a D360     		str	r3, [r2, #12]
 384 016c EEE7     		b	.L16
 385              	.L32:
 386 016e C046     		.align	2
 387              	.L31:
 388 0170 00100240 		.word	1073876992
 389 0174 00700040 		.word	1073770496
 390 0178 FFFCFFFF 		.word	-769
 391 017c FFFFFEFF 		.word	-65537
 392 0180 FFFFFFEF 		.word	-268435457
 393 0184 88130000 		.word	5000
 394 0188 FFCFFFFF 		.word	-12289
 395 018c FF3FFFFF 		.word	-49153
 396              		.cfi_endproc
 397              	.LFE310:
 399              		.section	.text.HAL_RCCEx_GetPeriphCLKConfig,"ax",%progbits
 400              		.align	1
 401              		.global	HAL_RCCEx_GetPeriphCLKConfig
 402              		.syntax unified
 403              		.code	16
 404              		.thumb_func
 406              	HAL_RCCEx_GetPeriphCLKConfig:
 407              	.LVL28:
 408              	.LFB311:
 458:Drivers/STM32G0xx_HAL_Driver/Src/stm32g0xx_hal_rcc_ex.c **** 
 459:Drivers/STM32G0xx_HAL_Driver/Src/stm32g0xx_hal_rcc_ex.c **** /**
 460:Drivers/STM32G0xx_HAL_Driver/Src/stm32g0xx_hal_rcc_ex.c ****   * @brief  Get the RCC_ClkInitStruct according to the internal RCC configuration registers.
 461:Drivers/STM32G0xx_HAL_Driver/Src/stm32g0xx_hal_rcc_ex.c ****   * @param  PeriphClkInit pointer to an RCC_PeriphCLKInitTypeDef structure that
 462:Drivers/STM32G0xx_HAL_Driver/Src/stm32g0xx_hal_rcc_ex.c ****   *         returns the configuration information for the Extended Peripherals
 463:Drivers/STM32G0xx_HAL_Driver/Src/stm32g0xx_hal_rcc_ex.c ****   *         clocks: I2C1, I2S1, USART1, RTC, ADC,
 464:Drivers/STM32G0xx_HAL_Driver/Src/stm32g0xx_hal_rcc_ex.c ****   *         LPTIM1 (1), LPTIM2 (1), TIM1 (2), TIM15 (1)(2), USART2 (2), LPUART1 (1), CEC (1) and RN
 465:Drivers/STM32G0xx_HAL_Driver/Src/stm32g0xx_hal_rcc_ex.c ****   * @note (1) Peripheral is not available on all devices
 466:Drivers/STM32G0xx_HAL_Driver/Src/stm32g0xx_hal_rcc_ex.c ****   * @note (2) Peripheral clock selection is not available on all devices
 467:Drivers/STM32G0xx_HAL_Driver/Src/stm32g0xx_hal_rcc_ex.c ****   * @retval None
 468:Drivers/STM32G0xx_HAL_Driver/Src/stm32g0xx_hal_rcc_ex.c ****   */
 469:Drivers/STM32G0xx_HAL_Driver/Src/stm32g0xx_hal_rcc_ex.c **** void HAL_RCCEx_GetPeriphCLKConfig(RCC_PeriphCLKInitTypeDef  *PeriphClkInit)
 470:Drivers/STM32G0xx_HAL_Driver/Src/stm32g0xx_hal_rcc_ex.c **** {
 409              		.loc 1 470 1 view -0
 410              		.cfi_startproc
 411              		@ args = 0, pretend = 0, frame = 0
 412              		@ frame_needed = 0, uses_anonymous_args = 0
 413              		@ link register save eliminated.
 471:Drivers/STM32G0xx_HAL_Driver/Src/stm32g0xx_hal_rcc_ex.c ****   /* Set all possible values for the extended clock type parameter------------*/
 472:Drivers/STM32G0xx_HAL_Driver/Src/stm32g0xx_hal_rcc_ex.c ****   PeriphClkInit->PeriphClockSelection = RCC_PERIPHCLK_USART1 | RCC_PERIPHCLK_I2C1 | RCC_PERIPHCLK_I
 414              		.loc 1 472 3 view .LVU116
 415              		.loc 1 472 39 is_stmt 0 view .LVU117
 416 0000 104B     		ldr	r3, .L34
 417 0002 0360     		str	r3, [r0]
 473:Drivers/STM32G0xx_HAL_Driver/Src/stm32g0xx_hal_rcc_ex.c ****                                         RCC_PERIPHCLK_ADC     | RCC_PERIPHCLK_RTC ;
 474:Drivers/STM32G0xx_HAL_Driver/Src/stm32g0xx_hal_rcc_ex.c **** 
 475:Drivers/STM32G0xx_HAL_Driver/Src/stm32g0xx_hal_rcc_ex.c **** #if defined(RCC_CCIPR_LPTIM1SEL) && defined(RCC_CCIPR_LPTIM2SEL)
 476:Drivers/STM32G0xx_HAL_Driver/Src/stm32g0xx_hal_rcc_ex.c ****   PeriphClkInit->PeriphClockSelection |=  RCC_PERIPHCLK_LPTIM2  | RCC_PERIPHCLK_LPTIM1;
 477:Drivers/STM32G0xx_HAL_Driver/Src/stm32g0xx_hal_rcc_ex.c **** #endif /* RCC_CCIPR_LPTIM1SEL && RCC_CCIPR_LPTIM2SEL */
 478:Drivers/STM32G0xx_HAL_Driver/Src/stm32g0xx_hal_rcc_ex.c **** #if defined(RCC_CCIPR_RNGSEL)
 479:Drivers/STM32G0xx_HAL_Driver/Src/stm32g0xx_hal_rcc_ex.c ****   PeriphClkInit->PeriphClockSelection |=  RCC_PERIPHCLK_RNG;
ARM GAS  C:\Users\Asus\AppData\Local\Temp\ccCYPacf.s 			page 17


 480:Drivers/STM32G0xx_HAL_Driver/Src/stm32g0xx_hal_rcc_ex.c **** #endif /* RCC_CCIPR_RNGSEL */
 481:Drivers/STM32G0xx_HAL_Driver/Src/stm32g0xx_hal_rcc_ex.c **** #if defined(RCC_CCIPR_LPUART1SEL)
 482:Drivers/STM32G0xx_HAL_Driver/Src/stm32g0xx_hal_rcc_ex.c ****   PeriphClkInit->PeriphClockSelection |=  RCC_PERIPHCLK_LPUART1;
 483:Drivers/STM32G0xx_HAL_Driver/Src/stm32g0xx_hal_rcc_ex.c **** #endif /* RCC_CCIPR_LPUART1SEL */
 484:Drivers/STM32G0xx_HAL_Driver/Src/stm32g0xx_hal_rcc_ex.c **** #if defined(RCC_CCIPR_LPUART2SEL)
 485:Drivers/STM32G0xx_HAL_Driver/Src/stm32g0xx_hal_rcc_ex.c ****   PeriphClkInit->PeriphClockSelection |=  RCC_PERIPHCLK_LPUART2;
 486:Drivers/STM32G0xx_HAL_Driver/Src/stm32g0xx_hal_rcc_ex.c **** #endif /* RCC_CCIPR_LPUART2SEL */
 487:Drivers/STM32G0xx_HAL_Driver/Src/stm32g0xx_hal_rcc_ex.c **** #if defined(RCC_CCIPR_CECSEL)
 488:Drivers/STM32G0xx_HAL_Driver/Src/stm32g0xx_hal_rcc_ex.c ****   PeriphClkInit->PeriphClockSelection |=  RCC_PERIPHCLK_CEC;
 489:Drivers/STM32G0xx_HAL_Driver/Src/stm32g0xx_hal_rcc_ex.c **** #endif /* RCC_CCIPR_CECSEL */
 490:Drivers/STM32G0xx_HAL_Driver/Src/stm32g0xx_hal_rcc_ex.c **** #if defined(RCC_CCIPR_TIM1SEL)
 491:Drivers/STM32G0xx_HAL_Driver/Src/stm32g0xx_hal_rcc_ex.c ****   PeriphClkInit->PeriphClockSelection |=  RCC_PERIPHCLK_TIM1;
 492:Drivers/STM32G0xx_HAL_Driver/Src/stm32g0xx_hal_rcc_ex.c **** #endif /* RCC_CCIPR_TIM1SEL */
 493:Drivers/STM32G0xx_HAL_Driver/Src/stm32g0xx_hal_rcc_ex.c **** #if defined(RCC_CCIPR_TIM15SEL)
 494:Drivers/STM32G0xx_HAL_Driver/Src/stm32g0xx_hal_rcc_ex.c ****   PeriphClkInit->PeriphClockSelection |=  RCC_PERIPHCLK_TIM15;
 495:Drivers/STM32G0xx_HAL_Driver/Src/stm32g0xx_hal_rcc_ex.c **** #endif /* RCC_CCIPR_TIM15SEL */
 496:Drivers/STM32G0xx_HAL_Driver/Src/stm32g0xx_hal_rcc_ex.c **** #if defined(RCC_CCIPR_USART2SEL)
 497:Drivers/STM32G0xx_HAL_Driver/Src/stm32g0xx_hal_rcc_ex.c ****   PeriphClkInit->PeriphClockSelection |=  RCC_PERIPHCLK_USART2;
 418              		.loc 1 497 3 is_stmt 1 view .LVU118
 419              		.loc 1 497 39 is_stmt 0 view .LVU119
 420 0004 104B     		ldr	r3, .L34+4
 421 0006 0360     		str	r3, [r0]
 498:Drivers/STM32G0xx_HAL_Driver/Src/stm32g0xx_hal_rcc_ex.c **** #endif /* RCC_CCIPR_USART2SEL */
 499:Drivers/STM32G0xx_HAL_Driver/Src/stm32g0xx_hal_rcc_ex.c **** #if defined(RCC_CCIPR_USART3SEL)
 500:Drivers/STM32G0xx_HAL_Driver/Src/stm32g0xx_hal_rcc_ex.c ****   PeriphClkInit->PeriphClockSelection |=  RCC_PERIPHCLK_USART3;
 501:Drivers/STM32G0xx_HAL_Driver/Src/stm32g0xx_hal_rcc_ex.c **** #endif /* RCC_CCIPR_USART3SEL */
 502:Drivers/STM32G0xx_HAL_Driver/Src/stm32g0xx_hal_rcc_ex.c **** #if defined(RCC_CCIPR_I2C2SEL)
 503:Drivers/STM32G0xx_HAL_Driver/Src/stm32g0xx_hal_rcc_ex.c ****   PeriphClkInit->PeriphClockSelection |=  RCC_PERIPHCLK_I2C2;
 504:Drivers/STM32G0xx_HAL_Driver/Src/stm32g0xx_hal_rcc_ex.c **** #endif /* RCC_CCIPR_I2C2SEL */
 505:Drivers/STM32G0xx_HAL_Driver/Src/stm32g0xx_hal_rcc_ex.c **** #if defined(RCC_CCIPR2_I2S2SEL)
 506:Drivers/STM32G0xx_HAL_Driver/Src/stm32g0xx_hal_rcc_ex.c ****   PeriphClkInit->PeriphClockSelection |=  RCC_PERIPHCLK_I2S2;
 507:Drivers/STM32G0xx_HAL_Driver/Src/stm32g0xx_hal_rcc_ex.c **** #endif /* RCC_CCIPR2_I2S2SEL */
 508:Drivers/STM32G0xx_HAL_Driver/Src/stm32g0xx_hal_rcc_ex.c **** #if defined(RCC_CCIPR2_USBSEL)
 509:Drivers/STM32G0xx_HAL_Driver/Src/stm32g0xx_hal_rcc_ex.c ****   PeriphClkInit->PeriphClockSelection |=  RCC_PERIPHCLK_USB;
 510:Drivers/STM32G0xx_HAL_Driver/Src/stm32g0xx_hal_rcc_ex.c **** #endif /* RCC_CCIPR2_USBSEL */
 511:Drivers/STM32G0xx_HAL_Driver/Src/stm32g0xx_hal_rcc_ex.c **** #if defined(RCC_CCIPR2_FDCANSEL)
 512:Drivers/STM32G0xx_HAL_Driver/Src/stm32g0xx_hal_rcc_ex.c ****   PeriphClkInit->PeriphClockSelection |=  RCC_PERIPHCLK_FDCAN;
 513:Drivers/STM32G0xx_HAL_Driver/Src/stm32g0xx_hal_rcc_ex.c **** #endif /* RCC_CCIPR_FDCANSEL */
 514:Drivers/STM32G0xx_HAL_Driver/Src/stm32g0xx_hal_rcc_ex.c ****   /* Get the USART1 clock source ---------------------------------------------*/
 515:Drivers/STM32G0xx_HAL_Driver/Src/stm32g0xx_hal_rcc_ex.c ****   PeriphClkInit->Usart1ClockSelection  = __HAL_RCC_GET_USART1_SOURCE();
 422              		.loc 1 515 3 is_stmt 1 view .LVU120
 423              		.loc 1 515 42 is_stmt 0 view .LVU121
 424 0008 104B     		ldr	r3, .L34+8
 425 000a 596D     		ldr	r1, [r3, #84]
 426 000c 0322     		movs	r2, #3
 427 000e 0A40     		ands	r2, r1
 428              		.loc 1 515 40 view .LVU122
 429 0010 4260     		str	r2, [r0, #4]
 516:Drivers/STM32G0xx_HAL_Driver/Src/stm32g0xx_hal_rcc_ex.c **** #if defined(RCC_CCIPR_USART2SEL)
 517:Drivers/STM32G0xx_HAL_Driver/Src/stm32g0xx_hal_rcc_ex.c ****   /* Get the USART2 clock source ---------------------------------------------*/
 518:Drivers/STM32G0xx_HAL_Driver/Src/stm32g0xx_hal_rcc_ex.c ****   PeriphClkInit->Usart2ClockSelection  = __HAL_RCC_GET_USART2_SOURCE();
 430              		.loc 1 518 3 is_stmt 1 view .LVU123
 431              		.loc 1 518 42 is_stmt 0 view .LVU124
 432 0012 596D     		ldr	r1, [r3, #84]
 433 0014 0C22     		movs	r2, #12
 434 0016 0A40     		ands	r2, r1
 435              		.loc 1 518 40 view .LVU125
ARM GAS  C:\Users\Asus\AppData\Local\Temp\ccCYPacf.s 			page 18


 436 0018 8260     		str	r2, [r0, #8]
 519:Drivers/STM32G0xx_HAL_Driver/Src/stm32g0xx_hal_rcc_ex.c **** #endif /* RCC_CCIPR_USART2SEL */
 520:Drivers/STM32G0xx_HAL_Driver/Src/stm32g0xx_hal_rcc_ex.c **** #if defined(RCC_CCIPR_USART3SEL)
 521:Drivers/STM32G0xx_HAL_Driver/Src/stm32g0xx_hal_rcc_ex.c ****   /* Get the USART3 clock source ---------------------------------------------*/
 522:Drivers/STM32G0xx_HAL_Driver/Src/stm32g0xx_hal_rcc_ex.c ****   PeriphClkInit->Usart3ClockSelection  = __HAL_RCC_GET_USART3_SOURCE();
 523:Drivers/STM32G0xx_HAL_Driver/Src/stm32g0xx_hal_rcc_ex.c **** #endif /* RCC_CCIPR_USART3SEL */
 524:Drivers/STM32G0xx_HAL_Driver/Src/stm32g0xx_hal_rcc_ex.c **** #if defined(RCC_CCIPR_LPUART1SEL)
 525:Drivers/STM32G0xx_HAL_Driver/Src/stm32g0xx_hal_rcc_ex.c ****   /* Get the LPUART1 clock source --------------------------------------------*/
 526:Drivers/STM32G0xx_HAL_Driver/Src/stm32g0xx_hal_rcc_ex.c ****   PeriphClkInit->Lpuart1ClockSelection = __HAL_RCC_GET_LPUART1_SOURCE();
 527:Drivers/STM32G0xx_HAL_Driver/Src/stm32g0xx_hal_rcc_ex.c **** #endif /* RCC_CCIPR_LPUART1SEL */
 528:Drivers/STM32G0xx_HAL_Driver/Src/stm32g0xx_hal_rcc_ex.c **** #if defined(RCC_CCIPR_LPUART2SEL)
 529:Drivers/STM32G0xx_HAL_Driver/Src/stm32g0xx_hal_rcc_ex.c ****   /* Get the LPUART2 clock source --------------------------------------------*/
 530:Drivers/STM32G0xx_HAL_Driver/Src/stm32g0xx_hal_rcc_ex.c ****   PeriphClkInit->Lpuart2ClockSelection = __HAL_RCC_GET_LPUART2_SOURCE();
 531:Drivers/STM32G0xx_HAL_Driver/Src/stm32g0xx_hal_rcc_ex.c **** #endif /* RCC_CCIPR_LPUART2SEL */
 532:Drivers/STM32G0xx_HAL_Driver/Src/stm32g0xx_hal_rcc_ex.c ****   /* Get the I2C1 clock source -----------------------------------------------*/
 533:Drivers/STM32G0xx_HAL_Driver/Src/stm32g0xx_hal_rcc_ex.c ****   PeriphClkInit->I2c1ClockSelection    = __HAL_RCC_GET_I2C1_SOURCE();
 437              		.loc 1 533 3 is_stmt 1 view .LVU126
 438              		.loc 1 533 42 is_stmt 0 view .LVU127
 439 001a 5A6D     		ldr	r2, [r3, #84]
 440 001c C021     		movs	r1, #192
 441 001e 8901     		lsls	r1, r1, #6
 442 0020 0A40     		ands	r2, r1
 443              		.loc 1 533 40 view .LVU128
 444 0022 C260     		str	r2, [r0, #12]
 534:Drivers/STM32G0xx_HAL_Driver/Src/stm32g0xx_hal_rcc_ex.c **** #if defined(RCC_CCIPR_I2C2SEL)
 535:Drivers/STM32G0xx_HAL_Driver/Src/stm32g0xx_hal_rcc_ex.c ****   /* Get the I2C2 clock source -----------------------------------------------*/
 536:Drivers/STM32G0xx_HAL_Driver/Src/stm32g0xx_hal_rcc_ex.c ****   PeriphClkInit->I2c2ClockSelection    = __HAL_RCC_GET_I2C2_SOURCE();
 537:Drivers/STM32G0xx_HAL_Driver/Src/stm32g0xx_hal_rcc_ex.c **** #endif /* RCC_CCIPR_I2C2SEL */
 538:Drivers/STM32G0xx_HAL_Driver/Src/stm32g0xx_hal_rcc_ex.c **** #if defined(RCC_CCIPR_LPTIM1SEL)
 539:Drivers/STM32G0xx_HAL_Driver/Src/stm32g0xx_hal_rcc_ex.c ****   /* Get the LPTIM1 clock source ---------------------------------------------*/
 540:Drivers/STM32G0xx_HAL_Driver/Src/stm32g0xx_hal_rcc_ex.c ****   PeriphClkInit->Lptim1ClockSelection  = __HAL_RCC_GET_LPTIM1_SOURCE();
 541:Drivers/STM32G0xx_HAL_Driver/Src/stm32g0xx_hal_rcc_ex.c **** #endif /* RCC_CCIPR_LPTIM1SEL */
 542:Drivers/STM32G0xx_HAL_Driver/Src/stm32g0xx_hal_rcc_ex.c **** #if defined(RCC_CCIPR_LPTIM2SEL)
 543:Drivers/STM32G0xx_HAL_Driver/Src/stm32g0xx_hal_rcc_ex.c ****   /* Get the LPTIM2 clock source ---------------------------------------------*/
 544:Drivers/STM32G0xx_HAL_Driver/Src/stm32g0xx_hal_rcc_ex.c ****   PeriphClkInit->Lptim2ClockSelection  = __HAL_RCC_GET_LPTIM2_SOURCE();
 545:Drivers/STM32G0xx_HAL_Driver/Src/stm32g0xx_hal_rcc_ex.c **** #endif /* RCC_CCIPR_LPTIM2SEL */
 546:Drivers/STM32G0xx_HAL_Driver/Src/stm32g0xx_hal_rcc_ex.c **** #if defined(RCC_CCIPR_TIM1SEL)
 547:Drivers/STM32G0xx_HAL_Driver/Src/stm32g0xx_hal_rcc_ex.c ****   /* Get the TIM1 clock source ---------------------------------------------*/
 548:Drivers/STM32G0xx_HAL_Driver/Src/stm32g0xx_hal_rcc_ex.c ****   PeriphClkInit->Tim1ClockSelection  = __HAL_RCC_GET_TIM1_SOURCE();
 549:Drivers/STM32G0xx_HAL_Driver/Src/stm32g0xx_hal_rcc_ex.c **** #endif /* RCC_CCIPR_TIM1SEL */
 550:Drivers/STM32G0xx_HAL_Driver/Src/stm32g0xx_hal_rcc_ex.c **** #if defined(RCC_CCIPR_TIM15SEL)
 551:Drivers/STM32G0xx_HAL_Driver/Src/stm32g0xx_hal_rcc_ex.c ****   /* Get the TIM15 clock source ---------------------------------------------*/
 552:Drivers/STM32G0xx_HAL_Driver/Src/stm32g0xx_hal_rcc_ex.c ****   PeriphClkInit->Tim15ClockSelection  = __HAL_RCC_GET_TIM15_SOURCE();
 553:Drivers/STM32G0xx_HAL_Driver/Src/stm32g0xx_hal_rcc_ex.c **** #endif /* RCC_CCIPR_TIM15SEL */
 554:Drivers/STM32G0xx_HAL_Driver/Src/stm32g0xx_hal_rcc_ex.c ****   /* Get the RTC clock source ------------------------------------------------*/
 555:Drivers/STM32G0xx_HAL_Driver/Src/stm32g0xx_hal_rcc_ex.c ****   PeriphClkInit->RTCClockSelection     = __HAL_RCC_GET_RTC_SOURCE();
 445              		.loc 1 555 3 is_stmt 1 view .LVU129
 446              		.loc 1 555 42 is_stmt 0 view .LVU130
 447 0024 DA6D     		ldr	r2, [r3, #92]
 448 0026 C021     		movs	r1, #192
 449 0028 8900     		lsls	r1, r1, #2
 450 002a 0A40     		ands	r2, r1
 451              		.loc 1 555 40 view .LVU131
 452 002c 8261     		str	r2, [r0, #24]
 556:Drivers/STM32G0xx_HAL_Driver/Src/stm32g0xx_hal_rcc_ex.c **** #if defined(RCC_CCIPR_RNGSEL)
 557:Drivers/STM32G0xx_HAL_Driver/Src/stm32g0xx_hal_rcc_ex.c ****   /* Get the RNG clock source ------------------------------------------------*/
 558:Drivers/STM32G0xx_HAL_Driver/Src/stm32g0xx_hal_rcc_ex.c ****   PeriphClkInit->RngClockSelection     = __HAL_RCC_GET_RNG_SOURCE();
ARM GAS  C:\Users\Asus\AppData\Local\Temp\ccCYPacf.s 			page 19


 559:Drivers/STM32G0xx_HAL_Driver/Src/stm32g0xx_hal_rcc_ex.c **** #endif  /* RCC_CCIPR_RNGSEL */
 560:Drivers/STM32G0xx_HAL_Driver/Src/stm32g0xx_hal_rcc_ex.c ****   /* Get the ADC clock source -----------------------------------------------*/
 561:Drivers/STM32G0xx_HAL_Driver/Src/stm32g0xx_hal_rcc_ex.c ****   PeriphClkInit->AdcClockSelection     = __HAL_RCC_GET_ADC_SOURCE();
 453              		.loc 1 561 3 is_stmt 1 view .LVU132
 454              		.loc 1 561 42 is_stmt 0 view .LVU133
 455 002e 5A6D     		ldr	r2, [r3, #84]
 456 0030 920F     		lsrs	r2, r2, #30
 457 0032 9207     		lsls	r2, r2, #30
 458              		.loc 1 561 40 view .LVU134
 459 0034 4261     		str	r2, [r0, #20]
 562:Drivers/STM32G0xx_HAL_Driver/Src/stm32g0xx_hal_rcc_ex.c **** #if defined(RCC_CCIPR_CECSEL)
 563:Drivers/STM32G0xx_HAL_Driver/Src/stm32g0xx_hal_rcc_ex.c ****   /* Get the CEC clock source -----------------------------------------------*/
 564:Drivers/STM32G0xx_HAL_Driver/Src/stm32g0xx_hal_rcc_ex.c ****   PeriphClkInit->CecClockSelection     = __HAL_RCC_GET_CEC_SOURCE();
 565:Drivers/STM32G0xx_HAL_Driver/Src/stm32g0xx_hal_rcc_ex.c **** #endif  /* RCC_CCIPR_CECSEL */
 566:Drivers/STM32G0xx_HAL_Driver/Src/stm32g0xx_hal_rcc_ex.c **** #if defined(RCC_CCIPR2_USBSEL)
 567:Drivers/STM32G0xx_HAL_Driver/Src/stm32g0xx_hal_rcc_ex.c ****   /* Get the USB clock source -----------------------------------------------*/
 568:Drivers/STM32G0xx_HAL_Driver/Src/stm32g0xx_hal_rcc_ex.c ****   PeriphClkInit->UsbClockSelection     = __HAL_RCC_GET_USB_SOURCE();
 569:Drivers/STM32G0xx_HAL_Driver/Src/stm32g0xx_hal_rcc_ex.c **** #endif  /* RCC_CCIPR2_USBSEL */
 570:Drivers/STM32G0xx_HAL_Driver/Src/stm32g0xx_hal_rcc_ex.c **** #if defined(RCC_CCIPR2_FDCANSEL)
 571:Drivers/STM32G0xx_HAL_Driver/Src/stm32g0xx_hal_rcc_ex.c ****   /* Get the FDCAN clock source -----------------------------------------------*/
 572:Drivers/STM32G0xx_HAL_Driver/Src/stm32g0xx_hal_rcc_ex.c ****   PeriphClkInit->FdcanClockSelection     = __HAL_RCC_GET_FDCAN_SOURCE();
 573:Drivers/STM32G0xx_HAL_Driver/Src/stm32g0xx_hal_rcc_ex.c **** #endif  /* RCC_CCIPR2_FDCANSEL */
 574:Drivers/STM32G0xx_HAL_Driver/Src/stm32g0xx_hal_rcc_ex.c ****   /* Get the I2S1 clock source -----------------------------------------------*/
 575:Drivers/STM32G0xx_HAL_Driver/Src/stm32g0xx_hal_rcc_ex.c ****   PeriphClkInit->I2s1ClockSelection    = __HAL_RCC_GET_I2S1_SOURCE();
 460              		.loc 1 575 3 is_stmt 1 view .LVU135
 461              		.loc 1 575 42 is_stmt 0 view .LVU136
 462 0036 5B6D     		ldr	r3, [r3, #84]
 463 0038 C022     		movs	r2, #192
 464 003a 1202     		lsls	r2, r2, #8
 465 003c 1340     		ands	r3, r2
 466              		.loc 1 575 40 view .LVU137
 467 003e 0361     		str	r3, [r0, #16]
 576:Drivers/STM32G0xx_HAL_Driver/Src/stm32g0xx_hal_rcc_ex.c **** #if defined(RCC_CCIPR2_I2S2SEL)
 577:Drivers/STM32G0xx_HAL_Driver/Src/stm32g0xx_hal_rcc_ex.c ****   /* Get the I2S2 clock source -----------------------------------------------*/
 578:Drivers/STM32G0xx_HAL_Driver/Src/stm32g0xx_hal_rcc_ex.c ****   PeriphClkInit->I2s2ClockSelection    = __HAL_RCC_GET_I2S2_SOURCE();
 579:Drivers/STM32G0xx_HAL_Driver/Src/stm32g0xx_hal_rcc_ex.c **** #endif /* RCC_CCIPR2_I2S2SEL */
 580:Drivers/STM32G0xx_HAL_Driver/Src/stm32g0xx_hal_rcc_ex.c **** }
 468              		.loc 1 580 1 view .LVU138
 469              		@ sp needed
 470 0040 7047     		bx	lr
 471              	.L35:
 472 0042 C046     		.align	2
 473              	.L34:
 474 0044 21480200 		.word	149537
 475 0048 23480200 		.word	149539
 476 004c 00100240 		.word	1073876992
 477              		.cfi_endproc
 478              	.LFE311:
 480              		.global	__aeabi_uidiv
 481              		.section	.text.HAL_RCCEx_GetPeriphCLKFreq,"ax",%progbits
 482              		.align	1
 483              		.global	HAL_RCCEx_GetPeriphCLKFreq
 484              		.syntax unified
 485              		.code	16
 486              		.thumb_func
 488              	HAL_RCCEx_GetPeriphCLKFreq:
 489              	.LVL29:
ARM GAS  C:\Users\Asus\AppData\Local\Temp\ccCYPacf.s 			page 20


 490              	.LFB312:
 581:Drivers/STM32G0xx_HAL_Driver/Src/stm32g0xx_hal_rcc_ex.c **** 
 582:Drivers/STM32G0xx_HAL_Driver/Src/stm32g0xx_hal_rcc_ex.c **** /**
 583:Drivers/STM32G0xx_HAL_Driver/Src/stm32g0xx_hal_rcc_ex.c ****   * @brief  Return the peripheral clock frequency for peripherals with clock source from PLL
 584:Drivers/STM32G0xx_HAL_Driver/Src/stm32g0xx_hal_rcc_ex.c ****   * @note   Return 0 if peripheral clock identifier not managed by this API
 585:Drivers/STM32G0xx_HAL_Driver/Src/stm32g0xx_hal_rcc_ex.c ****   * @param  PeriphClk  Peripheral clock identifier
 586:Drivers/STM32G0xx_HAL_Driver/Src/stm32g0xx_hal_rcc_ex.c ****   *         This parameter can be one of the following values:
 587:Drivers/STM32G0xx_HAL_Driver/Src/stm32g0xx_hal_rcc_ex.c ****   *            @arg @ref RCC_PERIPHCLK_RTC     RTC peripheral clock
 588:Drivers/STM32G0xx_HAL_Driver/Src/stm32g0xx_hal_rcc_ex.c ****   *            @arg @ref RCC_PERIPHCLK_ADC     ADC peripheral clock
 589:Drivers/STM32G0xx_HAL_Driver/Src/stm32g0xx_hal_rcc_ex.c ****   *            @arg @ref RCC_PERIPHCLK_I2C1    I2C1 peripheral clock
 590:Drivers/STM32G0xx_HAL_Driver/Src/stm32g0xx_hal_rcc_ex.c ****   *            @arg @ref RCC_PERIPHCLK_I2C2    I2C2 peripheral clock (1)
 591:Drivers/STM32G0xx_HAL_Driver/Src/stm32g0xx_hal_rcc_ex.c ****   *            @arg @ref RCC_PERIPHCLK_I2S1    I2S1 peripheral clock
 592:Drivers/STM32G0xx_HAL_Driver/Src/stm32g0xx_hal_rcc_ex.c ****   *            @arg @ref RCC_PERIPHCLK_I2S2    I2S2 peripheral clock (1)
 593:Drivers/STM32G0xx_HAL_Driver/Src/stm32g0xx_hal_rcc_ex.c ****   *            @arg @ref RCC_PERIPHCLK_USART1  USART1 peripheral clock
 594:Drivers/STM32G0xx_HAL_Driver/Src/stm32g0xx_hal_rcc_ex.c ****   *            @arg @ref RCC_PERIPHCLK_USART2  USART2 peripheral clock (1)(2)
 595:Drivers/STM32G0xx_HAL_Driver/Src/stm32g0xx_hal_rcc_ex.c ****   *            @arg @ref RCC_PERIPHCLK_USART3  USART3 peripheral clock (1)
 596:Drivers/STM32G0xx_HAL_Driver/Src/stm32g0xx_hal_rcc_ex.c ****   *            @arg @ref RCC_PERIPHCLK_RNG     RNG peripheral clock    (1)
 597:Drivers/STM32G0xx_HAL_Driver/Src/stm32g0xx_hal_rcc_ex.c ****   *            @arg @ref RCC_PERIPHCLK_TIM15   TIM15 peripheral clock  (1)(2)
 598:Drivers/STM32G0xx_HAL_Driver/Src/stm32g0xx_hal_rcc_ex.c ****   *            @arg @ref RCC_PERIPHCLK_TIM1    TIM1 peripheral clock   (1)(2)
 599:Drivers/STM32G0xx_HAL_Driver/Src/stm32g0xx_hal_rcc_ex.c ****   *            @arg @ref RCC_PERIPHCLK_LPTIM1  LPTIM1 peripheral clock (1)
 600:Drivers/STM32G0xx_HAL_Driver/Src/stm32g0xx_hal_rcc_ex.c ****   *            @arg @ref RCC_PERIPHCLK_LPTIM2  LPTIM2 peripheral clock (1)
 601:Drivers/STM32G0xx_HAL_Driver/Src/stm32g0xx_hal_rcc_ex.c ****   *            @arg @ref RCC_PERIPHCLK_LPUART1 LPUART1 peripheral clock(1)
 602:Drivers/STM32G0xx_HAL_Driver/Src/stm32g0xx_hal_rcc_ex.c ****   *            @arg @ref RCC_PERIPHCLK_LPUART2 LPUART2 peripheral clock(1)
 603:Drivers/STM32G0xx_HAL_Driver/Src/stm32g0xx_hal_rcc_ex.c ****   *            @arg @ref RCC_PERIPHCLK_CEC     CEC peripheral clock    (1)
 604:Drivers/STM32G0xx_HAL_Driver/Src/stm32g0xx_hal_rcc_ex.c ****   *            @arg @ref RCC_PERIPHCLK_FDCAN    FDCAN peripheral clock (1)
 605:Drivers/STM32G0xx_HAL_Driver/Src/stm32g0xx_hal_rcc_ex.c ****   *            @arg @ref RCC_PERIPHCLK_USB      USB peripheral clock   (1)
 606:Drivers/STM32G0xx_HAL_Driver/Src/stm32g0xx_hal_rcc_ex.c ****   * @note   (1) Peripheral not available on all devices
 607:Drivers/STM32G0xx_HAL_Driver/Src/stm32g0xx_hal_rcc_ex.c ****   * @note   (2) Peripheral Clock configuration not available on all devices
 608:Drivers/STM32G0xx_HAL_Driver/Src/stm32g0xx_hal_rcc_ex.c ****   * @retval Frequency in Hz
 609:Drivers/STM32G0xx_HAL_Driver/Src/stm32g0xx_hal_rcc_ex.c ****   */
 610:Drivers/STM32G0xx_HAL_Driver/Src/stm32g0xx_hal_rcc_ex.c **** uint32_t HAL_RCCEx_GetPeriphCLKFreq(uint32_t PeriphClk)
 611:Drivers/STM32G0xx_HAL_Driver/Src/stm32g0xx_hal_rcc_ex.c **** {
 491              		.loc 1 611 1 is_stmt 1 view -0
 492              		.cfi_startproc
 493              		@ args = 0, pretend = 0, frame = 0
 494              		@ frame_needed = 0, uses_anonymous_args = 0
 495              		.loc 1 611 1 is_stmt 0 view .LVU140
 496 0000 10B5     		push	{r4, lr}
 497              		.cfi_def_cfa_offset 8
 498              		.cfi_offset 4, -8
 499              		.cfi_offset 14, -4
 500 0002 0400     		movs	r4, r0
 612:Drivers/STM32G0xx_HAL_Driver/Src/stm32g0xx_hal_rcc_ex.c ****   uint32_t frequency = 0U;
 501              		.loc 1 612 3 is_stmt 1 view .LVU141
 502              	.LVL30:
 613:Drivers/STM32G0xx_HAL_Driver/Src/stm32g0xx_hal_rcc_ex.c ****   uint32_t srcclk;
 503              		.loc 1 613 3 view .LVU142
 614:Drivers/STM32G0xx_HAL_Driver/Src/stm32g0xx_hal_rcc_ex.c ****   uint32_t pllvco;
 504              		.loc 1 614 3 view .LVU143
 615:Drivers/STM32G0xx_HAL_Driver/Src/stm32g0xx_hal_rcc_ex.c ****   uint32_t plln;
 505              		.loc 1 615 3 view .LVU144
 616:Drivers/STM32G0xx_HAL_Driver/Src/stm32g0xx_hal_rcc_ex.c **** #if defined(RCC_CCIPR_RNGSEL)
 617:Drivers/STM32G0xx_HAL_Driver/Src/stm32g0xx_hal_rcc_ex.c ****   uint32_t rngclk;
 618:Drivers/STM32G0xx_HAL_Driver/Src/stm32g0xx_hal_rcc_ex.c ****   uint32_t rngdiv;
 619:Drivers/STM32G0xx_HAL_Driver/Src/stm32g0xx_hal_rcc_ex.c **** #endif /* RCC_CCIPR_RNGSEL */
 620:Drivers/STM32G0xx_HAL_Driver/Src/stm32g0xx_hal_rcc_ex.c ****   /* Check the parameters */
 621:Drivers/STM32G0xx_HAL_Driver/Src/stm32g0xx_hal_rcc_ex.c ****   assert_param(IS_RCC_PERIPHCLOCK(PeriphClk));
ARM GAS  C:\Users\Asus\AppData\Local\Temp\ccCYPacf.s 			page 21


 506              		.loc 1 621 3 view .LVU145
 622:Drivers/STM32G0xx_HAL_Driver/Src/stm32g0xx_hal_rcc_ex.c **** 
 623:Drivers/STM32G0xx_HAL_Driver/Src/stm32g0xx_hal_rcc_ex.c ****   if (PeriphClk == RCC_PERIPHCLK_RTC)
 507              		.loc 1 623 3 view .LVU146
 508              		.loc 1 623 6 is_stmt 0 view .LVU147
 509 0004 8023     		movs	r3, #128
 510 0006 9B02     		lsls	r3, r3, #10
 511 0008 9842     		cmp	r0, r3
 512 000a 35D0     		beq	.L79
 624:Drivers/STM32G0xx_HAL_Driver/Src/stm32g0xx_hal_rcc_ex.c ****   {
 625:Drivers/STM32G0xx_HAL_Driver/Src/stm32g0xx_hal_rcc_ex.c ****     /* Get the current RTC source */
 626:Drivers/STM32G0xx_HAL_Driver/Src/stm32g0xx_hal_rcc_ex.c ****     srcclk = __HAL_RCC_GET_RTC_SOURCE();
 627:Drivers/STM32G0xx_HAL_Driver/Src/stm32g0xx_hal_rcc_ex.c **** 
 628:Drivers/STM32G0xx_HAL_Driver/Src/stm32g0xx_hal_rcc_ex.c ****     /* Check if LSE is ready and if RTC clock selection is LSE */
 629:Drivers/STM32G0xx_HAL_Driver/Src/stm32g0xx_hal_rcc_ex.c ****     if ((HAL_IS_BIT_SET(RCC->BDCR, RCC_BDCR_LSERDY)) && (srcclk == RCC_RTCCLKSOURCE_LSE))
 630:Drivers/STM32G0xx_HAL_Driver/Src/stm32g0xx_hal_rcc_ex.c ****     {
 631:Drivers/STM32G0xx_HAL_Driver/Src/stm32g0xx_hal_rcc_ex.c ****       frequency = LSE_VALUE;
 632:Drivers/STM32G0xx_HAL_Driver/Src/stm32g0xx_hal_rcc_ex.c ****     }
 633:Drivers/STM32G0xx_HAL_Driver/Src/stm32g0xx_hal_rcc_ex.c ****     /* Check if LSI is ready and if RTC clock selection is LSI */
 634:Drivers/STM32G0xx_HAL_Driver/Src/stm32g0xx_hal_rcc_ex.c ****     else if ((HAL_IS_BIT_SET(RCC->CSR, RCC_CSR_LSIRDY)) && (srcclk == RCC_RTCCLKSOURCE_LSI))
 635:Drivers/STM32G0xx_HAL_Driver/Src/stm32g0xx_hal_rcc_ex.c ****     {
 636:Drivers/STM32G0xx_HAL_Driver/Src/stm32g0xx_hal_rcc_ex.c ****       frequency = LSI_VALUE;
 637:Drivers/STM32G0xx_HAL_Driver/Src/stm32g0xx_hal_rcc_ex.c ****     }
 638:Drivers/STM32G0xx_HAL_Driver/Src/stm32g0xx_hal_rcc_ex.c ****     /* Check if HSE is ready  and if RTC clock selection is HSI_DIV32*/
 639:Drivers/STM32G0xx_HAL_Driver/Src/stm32g0xx_hal_rcc_ex.c ****     else if ((HAL_IS_BIT_SET(RCC->CR, RCC_CR_HSERDY)) && (srcclk == RCC_RTCCLKSOURCE_HSE_DIV32))
 640:Drivers/STM32G0xx_HAL_Driver/Src/stm32g0xx_hal_rcc_ex.c ****     {
 641:Drivers/STM32G0xx_HAL_Driver/Src/stm32g0xx_hal_rcc_ex.c ****       frequency = HSE_VALUE / 32U;
 642:Drivers/STM32G0xx_HAL_Driver/Src/stm32g0xx_hal_rcc_ex.c ****     }
 643:Drivers/STM32G0xx_HAL_Driver/Src/stm32g0xx_hal_rcc_ex.c ****     /* Clock not enabled for RTC*/
 644:Drivers/STM32G0xx_HAL_Driver/Src/stm32g0xx_hal_rcc_ex.c ****     else
 645:Drivers/STM32G0xx_HAL_Driver/Src/stm32g0xx_hal_rcc_ex.c ****     {
 646:Drivers/STM32G0xx_HAL_Driver/Src/stm32g0xx_hal_rcc_ex.c ****       /* Nothing to do as frequency already initialized to 0U */
 647:Drivers/STM32G0xx_HAL_Driver/Src/stm32g0xx_hal_rcc_ex.c ****     }
 648:Drivers/STM32G0xx_HAL_Driver/Src/stm32g0xx_hal_rcc_ex.c ****   }
 649:Drivers/STM32G0xx_HAL_Driver/Src/stm32g0xx_hal_rcc_ex.c ****   else
 650:Drivers/STM32G0xx_HAL_Driver/Src/stm32g0xx_hal_rcc_ex.c ****   {
 651:Drivers/STM32G0xx_HAL_Driver/Src/stm32g0xx_hal_rcc_ex.c ****     /* Other external peripheral clock source than RTC */
 652:Drivers/STM32G0xx_HAL_Driver/Src/stm32g0xx_hal_rcc_ex.c **** 
 653:Drivers/STM32G0xx_HAL_Driver/Src/stm32g0xx_hal_rcc_ex.c ****     /* Compute PLL clock input */
 654:Drivers/STM32G0xx_HAL_Driver/Src/stm32g0xx_hal_rcc_ex.c ****     if (__HAL_RCC_GET_PLL_OSCSOURCE() == RCC_PLLSOURCE_HSI)  /* HSI ? */
 513              		.loc 1 654 5 is_stmt 1 view .LVU148
 514              		.loc 1 654 9 is_stmt 0 view .LVU149
 515 000c 984B     		ldr	r3, .L94
 516 000e DA68     		ldr	r2, [r3, #12]
 517 0010 0323     		movs	r3, #3
 518 0012 1340     		ands	r3, r2
 519              		.loc 1 654 8 view .LVU150
 520 0014 022B     		cmp	r3, #2
 521 0016 56D0     		beq	.L63
 655:Drivers/STM32G0xx_HAL_Driver/Src/stm32g0xx_hal_rcc_ex.c ****     {
 656:Drivers/STM32G0xx_HAL_Driver/Src/stm32g0xx_hal_rcc_ex.c ****       pllvco = HSI_VALUE;
 657:Drivers/STM32G0xx_HAL_Driver/Src/stm32g0xx_hal_rcc_ex.c ****     }
 658:Drivers/STM32G0xx_HAL_Driver/Src/stm32g0xx_hal_rcc_ex.c ****     else if (__HAL_RCC_GET_PLL_OSCSOURCE() == RCC_PLLSOURCE_HSE)  /* HSE ? */
 522              		.loc 1 658 10 is_stmt 1 view .LVU151
 523              		.loc 1 658 14 is_stmt 0 view .LVU152
 524 0018 954B     		ldr	r3, .L94
 525 001a DA68     		ldr	r2, [r3, #12]
ARM GAS  C:\Users\Asus\AppData\Local\Temp\ccCYPacf.s 			page 22


 526 001c 0323     		movs	r3, #3
 527 001e 1340     		ands	r3, r2
 528              		.loc 1 658 13 view .LVU153
 529 0020 032B     		cmp	r3, #3
 530 0022 4ED0     		beq	.L80
 659:Drivers/STM32G0xx_HAL_Driver/Src/stm32g0xx_hal_rcc_ex.c ****     {
 660:Drivers/STM32G0xx_HAL_Driver/Src/stm32g0xx_hal_rcc_ex.c ****       pllvco = HSE_VALUE;
 661:Drivers/STM32G0xx_HAL_Driver/Src/stm32g0xx_hal_rcc_ex.c ****     }
 662:Drivers/STM32G0xx_HAL_Driver/Src/stm32g0xx_hal_rcc_ex.c ****     else /* No source */
 663:Drivers/STM32G0xx_HAL_Driver/Src/stm32g0xx_hal_rcc_ex.c ****     {
 664:Drivers/STM32G0xx_HAL_Driver/Src/stm32g0xx_hal_rcc_ex.c ****       pllvco = 0U;
 531              		.loc 1 664 14 view .LVU154
 532 0024 0020     		movs	r0, #0
 533              	.LVL31:
 534              	.L41:
 665:Drivers/STM32G0xx_HAL_Driver/Src/stm32g0xx_hal_rcc_ex.c ****     }
 666:Drivers/STM32G0xx_HAL_Driver/Src/stm32g0xx_hal_rcc_ex.c **** 
 667:Drivers/STM32G0xx_HAL_Driver/Src/stm32g0xx_hal_rcc_ex.c ****     /* f(PLL Source) / PLLM */
 668:Drivers/STM32G0xx_HAL_Driver/Src/stm32g0xx_hal_rcc_ex.c ****     pllvco = (pllvco / ((READ_BIT(RCC->PLLCFGR, RCC_PLLCFGR_PLLM) >> RCC_PLLCFGR_PLLM_Pos) + 1U));
 535              		.loc 1 668 5 is_stmt 1 view .LVU155
 536              		.loc 1 668 26 is_stmt 0 view .LVU156
 537 0026 924B     		ldr	r3, .L94
 538 0028 DB68     		ldr	r3, [r3, #12]
 539              		.loc 1 668 67 view .LVU157
 540 002a 1B09     		lsrs	r3, r3, #4
 541 002c 0721     		movs	r1, #7
 542 002e 1940     		ands	r1, r3
 543              		.loc 1 668 92 view .LVU158
 544 0030 0131     		adds	r1, r1, #1
 545              		.loc 1 668 12 view .LVU159
 546 0032 FFF7FEFF 		bl	__aeabi_uidiv
 547              	.LVL32:
 548              		.loc 1 668 12 view .LVU160
 549 0036 0200     		movs	r2, r0
 550              	.LVL33:
 669:Drivers/STM32G0xx_HAL_Driver/Src/stm32g0xx_hal_rcc_ex.c **** 
 670:Drivers/STM32G0xx_HAL_Driver/Src/stm32g0xx_hal_rcc_ex.c ****     switch (PeriphClk)
 551              		.loc 1 670 5 is_stmt 1 view .LVU161
 552 0038 202C     		cmp	r4, #32
 553 003a 00D1     		bne	.LCB508
 554 003c AAE0     		b	.L42	@long jump
 555              	.LCB508:
 556 003e 44D9     		bls	.L81
 557 0040 8023     		movs	r3, #128
 558 0042 1B01     		lsls	r3, r3, #4
 559 0044 9C42     		cmp	r4, r3
 560 0046 00D1     		bne	.LCB514
 561 0048 C5E0     		b	.L46	@long jump
 562              	.LCB514:
 563 004a 8023     		movs	r3, #128
 564 004c DB01     		lsls	r3, r3, #7
 565 004e 9C42     		cmp	r4, r3
 566 0050 5DD1     		bne	.L82
 671:Drivers/STM32G0xx_HAL_Driver/Src/stm32g0xx_hal_rcc_ex.c ****     {
 672:Drivers/STM32G0xx_HAL_Driver/Src/stm32g0xx_hal_rcc_ex.c **** #if defined(RCC_CCIPR_RNGSEL)
 673:Drivers/STM32G0xx_HAL_Driver/Src/stm32g0xx_hal_rcc_ex.c ****       case RCC_PERIPHCLK_RNG:
 674:Drivers/STM32G0xx_HAL_Driver/Src/stm32g0xx_hal_rcc_ex.c **** 
ARM GAS  C:\Users\Asus\AppData\Local\Temp\ccCYPacf.s 			page 23


 675:Drivers/STM32G0xx_HAL_Driver/Src/stm32g0xx_hal_rcc_ex.c ****         srcclk = READ_BIT(RCC->CCIPR, RCC_CCIPR_RNGSEL);
 676:Drivers/STM32G0xx_HAL_Driver/Src/stm32g0xx_hal_rcc_ex.c ****         if (srcclk == RCC_RNGCLKSOURCE_HSI_DIV8)  /* HSI_DIV8 ? */
 677:Drivers/STM32G0xx_HAL_Driver/Src/stm32g0xx_hal_rcc_ex.c ****         {
 678:Drivers/STM32G0xx_HAL_Driver/Src/stm32g0xx_hal_rcc_ex.c ****           rngclk = HSI_VALUE / 8U;
 679:Drivers/STM32G0xx_HAL_Driver/Src/stm32g0xx_hal_rcc_ex.c ****         }
 680:Drivers/STM32G0xx_HAL_Driver/Src/stm32g0xx_hal_rcc_ex.c ****         else if (srcclk == RCC_RNGCLKSOURCE_PLL) /* PLL ? */
 681:Drivers/STM32G0xx_HAL_Driver/Src/stm32g0xx_hal_rcc_ex.c ****         {
 682:Drivers/STM32G0xx_HAL_Driver/Src/stm32g0xx_hal_rcc_ex.c ****           /* f(PLLQ) = f(VCO input) * PLLN / PLLQ */
 683:Drivers/STM32G0xx_HAL_Driver/Src/stm32g0xx_hal_rcc_ex.c ****           plln = READ_BIT(RCC->PLLCFGR, RCC_PLLCFGR_PLLN) >> RCC_PLLCFGR_PLLN_Pos;
 684:Drivers/STM32G0xx_HAL_Driver/Src/stm32g0xx_hal_rcc_ex.c ****           rngclk = (pllvco * plln) / ((READ_BIT(RCC->PLLCFGR, RCC_PLLCFGR_PLLQ) >> RCC_PLLCFGR_PLLQ
 685:Drivers/STM32G0xx_HAL_Driver/Src/stm32g0xx_hal_rcc_ex.c ****         }
 686:Drivers/STM32G0xx_HAL_Driver/Src/stm32g0xx_hal_rcc_ex.c ****         else if (srcclk == RCC_RNGCLKSOURCE_SYSCLK) /* SYSCLK ? */
 687:Drivers/STM32G0xx_HAL_Driver/Src/stm32g0xx_hal_rcc_ex.c ****         {
 688:Drivers/STM32G0xx_HAL_Driver/Src/stm32g0xx_hal_rcc_ex.c ****           rngclk = HAL_RCC_GetSysClockFreq();
 689:Drivers/STM32G0xx_HAL_Driver/Src/stm32g0xx_hal_rcc_ex.c ****         }
 690:Drivers/STM32G0xx_HAL_Driver/Src/stm32g0xx_hal_rcc_ex.c ****         else /* No clock source */
 691:Drivers/STM32G0xx_HAL_Driver/Src/stm32g0xx_hal_rcc_ex.c ****         {
 692:Drivers/STM32G0xx_HAL_Driver/Src/stm32g0xx_hal_rcc_ex.c ****           rngclk = 0U;
 693:Drivers/STM32G0xx_HAL_Driver/Src/stm32g0xx_hal_rcc_ex.c ****         }
 694:Drivers/STM32G0xx_HAL_Driver/Src/stm32g0xx_hal_rcc_ex.c **** 
 695:Drivers/STM32G0xx_HAL_Driver/Src/stm32g0xx_hal_rcc_ex.c ****         rngdiv = (1UL << ((READ_BIT(RCC->CCIPR, RCC_CCIPR_RNGDIV)) >> RCC_CCIPR_RNGDIV_Pos));
 696:Drivers/STM32G0xx_HAL_Driver/Src/stm32g0xx_hal_rcc_ex.c ****         frequency = (rngclk / rngdiv);
 697:Drivers/STM32G0xx_HAL_Driver/Src/stm32g0xx_hal_rcc_ex.c **** 
 698:Drivers/STM32G0xx_HAL_Driver/Src/stm32g0xx_hal_rcc_ex.c ****         break;
 699:Drivers/STM32G0xx_HAL_Driver/Src/stm32g0xx_hal_rcc_ex.c **** #endif  /* RCC_CCIPR_RNGSEL */
 700:Drivers/STM32G0xx_HAL_Driver/Src/stm32g0xx_hal_rcc_ex.c ****       case RCC_PERIPHCLK_USART1:
 701:Drivers/STM32G0xx_HAL_Driver/Src/stm32g0xx_hal_rcc_ex.c ****         /* Get the current USART1 source */
 702:Drivers/STM32G0xx_HAL_Driver/Src/stm32g0xx_hal_rcc_ex.c ****         srcclk = __HAL_RCC_GET_USART1_SOURCE();
 703:Drivers/STM32G0xx_HAL_Driver/Src/stm32g0xx_hal_rcc_ex.c **** 
 704:Drivers/STM32G0xx_HAL_Driver/Src/stm32g0xx_hal_rcc_ex.c ****         if (srcclk == RCC_USART1CLKSOURCE_PCLK1)            /* PCLK1 ? */
 705:Drivers/STM32G0xx_HAL_Driver/Src/stm32g0xx_hal_rcc_ex.c ****         {
 706:Drivers/STM32G0xx_HAL_Driver/Src/stm32g0xx_hal_rcc_ex.c ****           frequency = HAL_RCC_GetPCLK1Freq();
 707:Drivers/STM32G0xx_HAL_Driver/Src/stm32g0xx_hal_rcc_ex.c ****         }
 708:Drivers/STM32G0xx_HAL_Driver/Src/stm32g0xx_hal_rcc_ex.c ****         else if (srcclk == RCC_USART1CLKSOURCE_SYSCLK)     /* SYSCLK ? */
 709:Drivers/STM32G0xx_HAL_Driver/Src/stm32g0xx_hal_rcc_ex.c ****         {
 710:Drivers/STM32G0xx_HAL_Driver/Src/stm32g0xx_hal_rcc_ex.c ****           frequency = HAL_RCC_GetSysClockFreq();
 711:Drivers/STM32G0xx_HAL_Driver/Src/stm32g0xx_hal_rcc_ex.c ****         }
 712:Drivers/STM32G0xx_HAL_Driver/Src/stm32g0xx_hal_rcc_ex.c ****         else if ((HAL_IS_BIT_SET(RCC->CR, RCC_CR_HSIRDY)) && (srcclk == RCC_USART1CLKSOURCE_HSI))
 713:Drivers/STM32G0xx_HAL_Driver/Src/stm32g0xx_hal_rcc_ex.c ****         {
 714:Drivers/STM32G0xx_HAL_Driver/Src/stm32g0xx_hal_rcc_ex.c ****           frequency = HSI_VALUE;
 715:Drivers/STM32G0xx_HAL_Driver/Src/stm32g0xx_hal_rcc_ex.c ****         }
 716:Drivers/STM32G0xx_HAL_Driver/Src/stm32g0xx_hal_rcc_ex.c ****         else if ((HAL_IS_BIT_SET(RCC->BDCR, RCC_BDCR_LSERDY)) && (srcclk == RCC_USART1CLKSOURCE_LSE
 717:Drivers/STM32G0xx_HAL_Driver/Src/stm32g0xx_hal_rcc_ex.c ****         {
 718:Drivers/STM32G0xx_HAL_Driver/Src/stm32g0xx_hal_rcc_ex.c ****           frequency = LSE_VALUE;
 719:Drivers/STM32G0xx_HAL_Driver/Src/stm32g0xx_hal_rcc_ex.c ****         }
 720:Drivers/STM32G0xx_HAL_Driver/Src/stm32g0xx_hal_rcc_ex.c ****         /* Clock not enabled for USART1 */
 721:Drivers/STM32G0xx_HAL_Driver/Src/stm32g0xx_hal_rcc_ex.c ****         else
 722:Drivers/STM32G0xx_HAL_Driver/Src/stm32g0xx_hal_rcc_ex.c ****         {
 723:Drivers/STM32G0xx_HAL_Driver/Src/stm32g0xx_hal_rcc_ex.c ****           /* Nothing to do as frequency already initialized to 0U */
 724:Drivers/STM32G0xx_HAL_Driver/Src/stm32g0xx_hal_rcc_ex.c ****         }
 725:Drivers/STM32G0xx_HAL_Driver/Src/stm32g0xx_hal_rcc_ex.c ****         break;
 726:Drivers/STM32G0xx_HAL_Driver/Src/stm32g0xx_hal_rcc_ex.c **** #if defined(RCC_CCIPR_USART2SEL)
 727:Drivers/STM32G0xx_HAL_Driver/Src/stm32g0xx_hal_rcc_ex.c ****       case RCC_PERIPHCLK_USART2:
 728:Drivers/STM32G0xx_HAL_Driver/Src/stm32g0xx_hal_rcc_ex.c ****         /* Get the current USART2 source */
 729:Drivers/STM32G0xx_HAL_Driver/Src/stm32g0xx_hal_rcc_ex.c ****         srcclk = __HAL_RCC_GET_USART2_SOURCE();
 730:Drivers/STM32G0xx_HAL_Driver/Src/stm32g0xx_hal_rcc_ex.c **** 
 731:Drivers/STM32G0xx_HAL_Driver/Src/stm32g0xx_hal_rcc_ex.c ****         if (srcclk == RCC_USART2CLKSOURCE_PCLK1)
ARM GAS  C:\Users\Asus\AppData\Local\Temp\ccCYPacf.s 			page 24


 732:Drivers/STM32G0xx_HAL_Driver/Src/stm32g0xx_hal_rcc_ex.c ****         {
 733:Drivers/STM32G0xx_HAL_Driver/Src/stm32g0xx_hal_rcc_ex.c ****           frequency = HAL_RCC_GetPCLK1Freq();
 734:Drivers/STM32G0xx_HAL_Driver/Src/stm32g0xx_hal_rcc_ex.c ****         }
 735:Drivers/STM32G0xx_HAL_Driver/Src/stm32g0xx_hal_rcc_ex.c ****         else if (srcclk == RCC_USART2CLKSOURCE_SYSCLK)
 736:Drivers/STM32G0xx_HAL_Driver/Src/stm32g0xx_hal_rcc_ex.c ****         {
 737:Drivers/STM32G0xx_HAL_Driver/Src/stm32g0xx_hal_rcc_ex.c ****           frequency = HAL_RCC_GetSysClockFreq();
 738:Drivers/STM32G0xx_HAL_Driver/Src/stm32g0xx_hal_rcc_ex.c ****         }
 739:Drivers/STM32G0xx_HAL_Driver/Src/stm32g0xx_hal_rcc_ex.c ****         else if ((HAL_IS_BIT_SET(RCC->CR, RCC_CR_HSIRDY)) && (srcclk == RCC_USART2CLKSOURCE_HSI))
 740:Drivers/STM32G0xx_HAL_Driver/Src/stm32g0xx_hal_rcc_ex.c ****         {
 741:Drivers/STM32G0xx_HAL_Driver/Src/stm32g0xx_hal_rcc_ex.c ****           frequency = HSI_VALUE;
 742:Drivers/STM32G0xx_HAL_Driver/Src/stm32g0xx_hal_rcc_ex.c ****         }
 743:Drivers/STM32G0xx_HAL_Driver/Src/stm32g0xx_hal_rcc_ex.c ****         else if ((HAL_IS_BIT_SET(RCC->BDCR, RCC_BDCR_LSERDY)) && (srcclk == RCC_USART2CLKSOURCE_LSE
 744:Drivers/STM32G0xx_HAL_Driver/Src/stm32g0xx_hal_rcc_ex.c ****         {
 745:Drivers/STM32G0xx_HAL_Driver/Src/stm32g0xx_hal_rcc_ex.c ****           frequency = LSE_VALUE;
 746:Drivers/STM32G0xx_HAL_Driver/Src/stm32g0xx_hal_rcc_ex.c ****         }
 747:Drivers/STM32G0xx_HAL_Driver/Src/stm32g0xx_hal_rcc_ex.c ****         /* Clock not enabled for USART2 */
 748:Drivers/STM32G0xx_HAL_Driver/Src/stm32g0xx_hal_rcc_ex.c ****         else
 749:Drivers/STM32G0xx_HAL_Driver/Src/stm32g0xx_hal_rcc_ex.c ****         {
 750:Drivers/STM32G0xx_HAL_Driver/Src/stm32g0xx_hal_rcc_ex.c ****           /* Nothing to do as frequency already initialized to 0U */
 751:Drivers/STM32G0xx_HAL_Driver/Src/stm32g0xx_hal_rcc_ex.c ****         }
 752:Drivers/STM32G0xx_HAL_Driver/Src/stm32g0xx_hal_rcc_ex.c ****         break;
 753:Drivers/STM32G0xx_HAL_Driver/Src/stm32g0xx_hal_rcc_ex.c **** #endif /* RCC_CCIPR_USART2SEL */
 754:Drivers/STM32G0xx_HAL_Driver/Src/stm32g0xx_hal_rcc_ex.c **** 
 755:Drivers/STM32G0xx_HAL_Driver/Src/stm32g0xx_hal_rcc_ex.c **** #if defined(RCC_CCIPR_USART3SEL)
 756:Drivers/STM32G0xx_HAL_Driver/Src/stm32g0xx_hal_rcc_ex.c ****       case RCC_PERIPHCLK_USART3:
 757:Drivers/STM32G0xx_HAL_Driver/Src/stm32g0xx_hal_rcc_ex.c ****         /* Get the current USART3 source */
 758:Drivers/STM32G0xx_HAL_Driver/Src/stm32g0xx_hal_rcc_ex.c ****         srcclk = __HAL_RCC_GET_USART3_SOURCE();
 759:Drivers/STM32G0xx_HAL_Driver/Src/stm32g0xx_hal_rcc_ex.c **** 
 760:Drivers/STM32G0xx_HAL_Driver/Src/stm32g0xx_hal_rcc_ex.c ****         if (srcclk == RCC_USART3CLKSOURCE_PCLK1)
 761:Drivers/STM32G0xx_HAL_Driver/Src/stm32g0xx_hal_rcc_ex.c ****         {
 762:Drivers/STM32G0xx_HAL_Driver/Src/stm32g0xx_hal_rcc_ex.c ****           frequency = HAL_RCC_GetPCLK1Freq();
 763:Drivers/STM32G0xx_HAL_Driver/Src/stm32g0xx_hal_rcc_ex.c ****         }
 764:Drivers/STM32G0xx_HAL_Driver/Src/stm32g0xx_hal_rcc_ex.c ****         else if (srcclk == RCC_USART3CLKSOURCE_SYSCLK)
 765:Drivers/STM32G0xx_HAL_Driver/Src/stm32g0xx_hal_rcc_ex.c ****         {
 766:Drivers/STM32G0xx_HAL_Driver/Src/stm32g0xx_hal_rcc_ex.c ****           frequency = HAL_RCC_GetSysClockFreq();
 767:Drivers/STM32G0xx_HAL_Driver/Src/stm32g0xx_hal_rcc_ex.c ****         }
 768:Drivers/STM32G0xx_HAL_Driver/Src/stm32g0xx_hal_rcc_ex.c ****         else if ((HAL_IS_BIT_SET(RCC->CR, RCC_CR_HSIRDY)) && (srcclk == RCC_USART3CLKSOURCE_HSI))
 769:Drivers/STM32G0xx_HAL_Driver/Src/stm32g0xx_hal_rcc_ex.c ****         {
 770:Drivers/STM32G0xx_HAL_Driver/Src/stm32g0xx_hal_rcc_ex.c ****           frequency = HSI_VALUE;
 771:Drivers/STM32G0xx_HAL_Driver/Src/stm32g0xx_hal_rcc_ex.c ****         }
 772:Drivers/STM32G0xx_HAL_Driver/Src/stm32g0xx_hal_rcc_ex.c ****         else if ((HAL_IS_BIT_SET(RCC->BDCR, RCC_BDCR_LSERDY)) && (srcclk == RCC_USART3CLKSOURCE_LSE
 773:Drivers/STM32G0xx_HAL_Driver/Src/stm32g0xx_hal_rcc_ex.c ****         {
 774:Drivers/STM32G0xx_HAL_Driver/Src/stm32g0xx_hal_rcc_ex.c ****           frequency = LSE_VALUE;
 775:Drivers/STM32G0xx_HAL_Driver/Src/stm32g0xx_hal_rcc_ex.c ****         }
 776:Drivers/STM32G0xx_HAL_Driver/Src/stm32g0xx_hal_rcc_ex.c ****         /* Clock not enabled for USART3 */
 777:Drivers/STM32G0xx_HAL_Driver/Src/stm32g0xx_hal_rcc_ex.c ****         else
 778:Drivers/STM32G0xx_HAL_Driver/Src/stm32g0xx_hal_rcc_ex.c ****         {
 779:Drivers/STM32G0xx_HAL_Driver/Src/stm32g0xx_hal_rcc_ex.c ****           /* Nothing to do as frequency already initialized to 0U */
 780:Drivers/STM32G0xx_HAL_Driver/Src/stm32g0xx_hal_rcc_ex.c ****         }
 781:Drivers/STM32G0xx_HAL_Driver/Src/stm32g0xx_hal_rcc_ex.c ****         break;
 782:Drivers/STM32G0xx_HAL_Driver/Src/stm32g0xx_hal_rcc_ex.c **** #endif /* RCC_CCIPR_USART3SEL */
 783:Drivers/STM32G0xx_HAL_Driver/Src/stm32g0xx_hal_rcc_ex.c **** 
 784:Drivers/STM32G0xx_HAL_Driver/Src/stm32g0xx_hal_rcc_ex.c **** #if defined(RCC_CCIPR_CECSEL)
 785:Drivers/STM32G0xx_HAL_Driver/Src/stm32g0xx_hal_rcc_ex.c ****       case RCC_PERIPHCLK_CEC:
 786:Drivers/STM32G0xx_HAL_Driver/Src/stm32g0xx_hal_rcc_ex.c ****         /* Get the current CEC source */
 787:Drivers/STM32G0xx_HAL_Driver/Src/stm32g0xx_hal_rcc_ex.c ****         srcclk = __HAL_RCC_GET_CEC_SOURCE();
 788:Drivers/STM32G0xx_HAL_Driver/Src/stm32g0xx_hal_rcc_ex.c **** 
ARM GAS  C:\Users\Asus\AppData\Local\Temp\ccCYPacf.s 			page 25


 789:Drivers/STM32G0xx_HAL_Driver/Src/stm32g0xx_hal_rcc_ex.c ****         if ((HAL_IS_BIT_SET(RCC->CR, RCC_CR_HSIRDY)) && (srcclk == RCC_CECCLKSOURCE_HSI_DIV488))
 790:Drivers/STM32G0xx_HAL_Driver/Src/stm32g0xx_hal_rcc_ex.c ****         {
 791:Drivers/STM32G0xx_HAL_Driver/Src/stm32g0xx_hal_rcc_ex.c ****           frequency = (HSI_VALUE / 488U);
 792:Drivers/STM32G0xx_HAL_Driver/Src/stm32g0xx_hal_rcc_ex.c ****         }
 793:Drivers/STM32G0xx_HAL_Driver/Src/stm32g0xx_hal_rcc_ex.c ****         else if ((HAL_IS_BIT_SET(RCC->BDCR, RCC_BDCR_LSERDY)) && (srcclk == RCC_CECCLKSOURCE_LSE))
 794:Drivers/STM32G0xx_HAL_Driver/Src/stm32g0xx_hal_rcc_ex.c ****         {
 795:Drivers/STM32G0xx_HAL_Driver/Src/stm32g0xx_hal_rcc_ex.c ****           frequency = LSE_VALUE;
 796:Drivers/STM32G0xx_HAL_Driver/Src/stm32g0xx_hal_rcc_ex.c ****         }
 797:Drivers/STM32G0xx_HAL_Driver/Src/stm32g0xx_hal_rcc_ex.c ****         /* Clock not enabled for CEC */
 798:Drivers/STM32G0xx_HAL_Driver/Src/stm32g0xx_hal_rcc_ex.c ****         else
 799:Drivers/STM32G0xx_HAL_Driver/Src/stm32g0xx_hal_rcc_ex.c ****         {
 800:Drivers/STM32G0xx_HAL_Driver/Src/stm32g0xx_hal_rcc_ex.c ****           /* Nothing to do as frequency already initialized to 0U */
 801:Drivers/STM32G0xx_HAL_Driver/Src/stm32g0xx_hal_rcc_ex.c ****         }
 802:Drivers/STM32G0xx_HAL_Driver/Src/stm32g0xx_hal_rcc_ex.c ****         break;
 803:Drivers/STM32G0xx_HAL_Driver/Src/stm32g0xx_hal_rcc_ex.c **** #endif /* RCC_CCIPR_CECSEL */
 804:Drivers/STM32G0xx_HAL_Driver/Src/stm32g0xx_hal_rcc_ex.c **** 
 805:Drivers/STM32G0xx_HAL_Driver/Src/stm32g0xx_hal_rcc_ex.c **** #if defined(RCC_CCIPR_LPUART1SEL)
 806:Drivers/STM32G0xx_HAL_Driver/Src/stm32g0xx_hal_rcc_ex.c ****       case RCC_PERIPHCLK_LPUART1:
 807:Drivers/STM32G0xx_HAL_Driver/Src/stm32g0xx_hal_rcc_ex.c ****         /* Get the current LPUART1 source */
 808:Drivers/STM32G0xx_HAL_Driver/Src/stm32g0xx_hal_rcc_ex.c ****         srcclk = __HAL_RCC_GET_LPUART1_SOURCE();
 809:Drivers/STM32G0xx_HAL_Driver/Src/stm32g0xx_hal_rcc_ex.c **** 
 810:Drivers/STM32G0xx_HAL_Driver/Src/stm32g0xx_hal_rcc_ex.c ****         if (srcclk == RCC_LPUART1CLKSOURCE_PCLK1)
 811:Drivers/STM32G0xx_HAL_Driver/Src/stm32g0xx_hal_rcc_ex.c ****         {
 812:Drivers/STM32G0xx_HAL_Driver/Src/stm32g0xx_hal_rcc_ex.c ****           frequency = HAL_RCC_GetPCLK1Freq();
 813:Drivers/STM32G0xx_HAL_Driver/Src/stm32g0xx_hal_rcc_ex.c ****         }
 814:Drivers/STM32G0xx_HAL_Driver/Src/stm32g0xx_hal_rcc_ex.c ****         else if (srcclk == RCC_LPUART1CLKSOURCE_SYSCLK)
 815:Drivers/STM32G0xx_HAL_Driver/Src/stm32g0xx_hal_rcc_ex.c ****         {
 816:Drivers/STM32G0xx_HAL_Driver/Src/stm32g0xx_hal_rcc_ex.c ****           frequency = HAL_RCC_GetSysClockFreq();
 817:Drivers/STM32G0xx_HAL_Driver/Src/stm32g0xx_hal_rcc_ex.c ****         }
 818:Drivers/STM32G0xx_HAL_Driver/Src/stm32g0xx_hal_rcc_ex.c ****         else if ((HAL_IS_BIT_SET(RCC->CR, RCC_CR_HSIRDY)) && (srcclk == RCC_LPUART1CLKSOURCE_HSI))
 819:Drivers/STM32G0xx_HAL_Driver/Src/stm32g0xx_hal_rcc_ex.c ****         {
 820:Drivers/STM32G0xx_HAL_Driver/Src/stm32g0xx_hal_rcc_ex.c ****           frequency = HSI_VALUE;
 821:Drivers/STM32G0xx_HAL_Driver/Src/stm32g0xx_hal_rcc_ex.c ****         }
 822:Drivers/STM32G0xx_HAL_Driver/Src/stm32g0xx_hal_rcc_ex.c ****         else if ((HAL_IS_BIT_SET(RCC->BDCR, RCC_BDCR_LSERDY)) && (srcclk == RCC_LPUART1CLKSOURCE_LS
 823:Drivers/STM32G0xx_HAL_Driver/Src/stm32g0xx_hal_rcc_ex.c ****         {
 824:Drivers/STM32G0xx_HAL_Driver/Src/stm32g0xx_hal_rcc_ex.c ****           frequency = LSE_VALUE;
 825:Drivers/STM32G0xx_HAL_Driver/Src/stm32g0xx_hal_rcc_ex.c ****         }
 826:Drivers/STM32G0xx_HAL_Driver/Src/stm32g0xx_hal_rcc_ex.c ****         /* Clock not enabled for LPUART1 */
 827:Drivers/STM32G0xx_HAL_Driver/Src/stm32g0xx_hal_rcc_ex.c ****         else
 828:Drivers/STM32G0xx_HAL_Driver/Src/stm32g0xx_hal_rcc_ex.c ****         {
 829:Drivers/STM32G0xx_HAL_Driver/Src/stm32g0xx_hal_rcc_ex.c ****           /* Nothing to do as frequency already initialized to 0U */
 830:Drivers/STM32G0xx_HAL_Driver/Src/stm32g0xx_hal_rcc_ex.c ****         }
 831:Drivers/STM32G0xx_HAL_Driver/Src/stm32g0xx_hal_rcc_ex.c ****         break;
 832:Drivers/STM32G0xx_HAL_Driver/Src/stm32g0xx_hal_rcc_ex.c **** #endif /* RCC_CCIPR_LPUART1SEL */
 833:Drivers/STM32G0xx_HAL_Driver/Src/stm32g0xx_hal_rcc_ex.c **** 
 834:Drivers/STM32G0xx_HAL_Driver/Src/stm32g0xx_hal_rcc_ex.c **** #if defined(RCC_CCIPR_LPUART2SEL)
 835:Drivers/STM32G0xx_HAL_Driver/Src/stm32g0xx_hal_rcc_ex.c ****       case RCC_PERIPHCLK_LPUART2:
 836:Drivers/STM32G0xx_HAL_Driver/Src/stm32g0xx_hal_rcc_ex.c ****         /* Get the current LPUART2 source */
 837:Drivers/STM32G0xx_HAL_Driver/Src/stm32g0xx_hal_rcc_ex.c ****         srcclk = __HAL_RCC_GET_LPUART2_SOURCE();
 838:Drivers/STM32G0xx_HAL_Driver/Src/stm32g0xx_hal_rcc_ex.c **** 
 839:Drivers/STM32G0xx_HAL_Driver/Src/stm32g0xx_hal_rcc_ex.c ****         if (srcclk == RCC_LPUART2CLKSOURCE_PCLK1)
 840:Drivers/STM32G0xx_HAL_Driver/Src/stm32g0xx_hal_rcc_ex.c ****         {
 841:Drivers/STM32G0xx_HAL_Driver/Src/stm32g0xx_hal_rcc_ex.c ****           frequency = HAL_RCC_GetPCLK1Freq();
 842:Drivers/STM32G0xx_HAL_Driver/Src/stm32g0xx_hal_rcc_ex.c ****         }
 843:Drivers/STM32G0xx_HAL_Driver/Src/stm32g0xx_hal_rcc_ex.c ****         else if (srcclk == RCC_LPUART2CLKSOURCE_SYSCLK)
 844:Drivers/STM32G0xx_HAL_Driver/Src/stm32g0xx_hal_rcc_ex.c ****         {
 845:Drivers/STM32G0xx_HAL_Driver/Src/stm32g0xx_hal_rcc_ex.c ****           frequency = HAL_RCC_GetSysClockFreq();
ARM GAS  C:\Users\Asus\AppData\Local\Temp\ccCYPacf.s 			page 26


 846:Drivers/STM32G0xx_HAL_Driver/Src/stm32g0xx_hal_rcc_ex.c ****         }
 847:Drivers/STM32G0xx_HAL_Driver/Src/stm32g0xx_hal_rcc_ex.c ****         else if ((HAL_IS_BIT_SET(RCC->CR, RCC_CR_HSIRDY)) && (srcclk == RCC_LPUART2CLKSOURCE_HSI))
 848:Drivers/STM32G0xx_HAL_Driver/Src/stm32g0xx_hal_rcc_ex.c ****         {
 849:Drivers/STM32G0xx_HAL_Driver/Src/stm32g0xx_hal_rcc_ex.c ****           frequency = HSI_VALUE;
 850:Drivers/STM32G0xx_HAL_Driver/Src/stm32g0xx_hal_rcc_ex.c ****         }
 851:Drivers/STM32G0xx_HAL_Driver/Src/stm32g0xx_hal_rcc_ex.c ****         else if ((HAL_IS_BIT_SET(RCC->BDCR, RCC_BDCR_LSERDY)) && (srcclk == RCC_LPUART2CLKSOURCE_LS
 852:Drivers/STM32G0xx_HAL_Driver/Src/stm32g0xx_hal_rcc_ex.c ****         {
 853:Drivers/STM32G0xx_HAL_Driver/Src/stm32g0xx_hal_rcc_ex.c ****           frequency = LSE_VALUE;
 854:Drivers/STM32G0xx_HAL_Driver/Src/stm32g0xx_hal_rcc_ex.c ****         }
 855:Drivers/STM32G0xx_HAL_Driver/Src/stm32g0xx_hal_rcc_ex.c ****         /* Clock not enabled for LPUART2 */
 856:Drivers/STM32G0xx_HAL_Driver/Src/stm32g0xx_hal_rcc_ex.c ****         else
 857:Drivers/STM32G0xx_HAL_Driver/Src/stm32g0xx_hal_rcc_ex.c ****         {
 858:Drivers/STM32G0xx_HAL_Driver/Src/stm32g0xx_hal_rcc_ex.c ****           /* Nothing to do as frequency already initialized to 0U */
 859:Drivers/STM32G0xx_HAL_Driver/Src/stm32g0xx_hal_rcc_ex.c ****         }
 860:Drivers/STM32G0xx_HAL_Driver/Src/stm32g0xx_hal_rcc_ex.c ****         break;
 861:Drivers/STM32G0xx_HAL_Driver/Src/stm32g0xx_hal_rcc_ex.c **** #endif /* RCC_CCIPR_LPUART2SEL */
 862:Drivers/STM32G0xx_HAL_Driver/Src/stm32g0xx_hal_rcc_ex.c **** 
 863:Drivers/STM32G0xx_HAL_Driver/Src/stm32g0xx_hal_rcc_ex.c ****       case RCC_PERIPHCLK_ADC:
 864:Drivers/STM32G0xx_HAL_Driver/Src/stm32g0xx_hal_rcc_ex.c **** 
 865:Drivers/STM32G0xx_HAL_Driver/Src/stm32g0xx_hal_rcc_ex.c ****         srcclk = __HAL_RCC_GET_ADC_SOURCE();
 567              		.loc 1 865 9 view .LVU162
 568              		.loc 1 865 18 is_stmt 0 view .LVU163
 569 0052 874B     		ldr	r3, .L94
 570 0054 5B6D     		ldr	r3, [r3, #84]
 571              		.loc 1 865 16 view .LVU164
 572 0056 9B0F     		lsrs	r3, r3, #30
 573 0058 9907     		lsls	r1, r3, #30
 574              	.LVL34:
 866:Drivers/STM32G0xx_HAL_Driver/Src/stm32g0xx_hal_rcc_ex.c **** 
 867:Drivers/STM32G0xx_HAL_Driver/Src/stm32g0xx_hal_rcc_ex.c ****         if (srcclk == RCC_ADCCLKSOURCE_SYSCLK)
 575              		.loc 1 867 9 is_stmt 1 view .LVU165
 576              		.loc 1 867 12 is_stmt 0 view .LVU166
 577 005a 002B     		cmp	r3, #0
 578 005c 00D1     		bne	.LCB527
 579 005e 80E0     		b	.L83	@long jump
 580              	.LCB527:
 868:Drivers/STM32G0xx_HAL_Driver/Src/stm32g0xx_hal_rcc_ex.c ****         {
 869:Drivers/STM32G0xx_HAL_Driver/Src/stm32g0xx_hal_rcc_ex.c ****           frequency = HAL_RCC_GetSysClockFreq();
 870:Drivers/STM32G0xx_HAL_Driver/Src/stm32g0xx_hal_rcc_ex.c ****         }
 871:Drivers/STM32G0xx_HAL_Driver/Src/stm32g0xx_hal_rcc_ex.c ****         else if (srcclk == RCC_ADCCLKSOURCE_HSI)
 581              		.loc 1 871 14 is_stmt 1 view .LVU167
 582              		.loc 1 871 17 is_stmt 0 view .LVU168
 583 0060 8023     		movs	r3, #128
 584 0062 1B06     		lsls	r3, r3, #24
 585 0064 9942     		cmp	r1, r3
 586 0066 00D1     		bne	.LCB532
 587 0068 FAE0     		b	.L69	@long jump
 588              	.LCB532:
 872:Drivers/STM32G0xx_HAL_Driver/Src/stm32g0xx_hal_rcc_ex.c ****         {
 873:Drivers/STM32G0xx_HAL_Driver/Src/stm32g0xx_hal_rcc_ex.c ****           frequency = HSI_VALUE;
 874:Drivers/STM32G0xx_HAL_Driver/Src/stm32g0xx_hal_rcc_ex.c ****         }
 875:Drivers/STM32G0xx_HAL_Driver/Src/stm32g0xx_hal_rcc_ex.c ****         else if (srcclk == RCC_ADCCLKSOURCE_PLLADC)
 589              		.loc 1 875 14 is_stmt 1 view .LVU169
 590              		.loc 1 875 17 is_stmt 0 view .LVU170
 591 006a 8023     		movs	r3, #128
 592 006c DB05     		lsls	r3, r3, #23
 593 006e 9942     		cmp	r1, r3
ARM GAS  C:\Users\Asus\AppData\Local\Temp\ccCYPacf.s 			page 27


 594 0070 00D1     		bne	.LCB537
 595 0072 79E0     		b	.L84	@long jump
 596              	.LCB537:
 612:Drivers/STM32G0xx_HAL_Driver/Src/stm32g0xx_hal_rcc_ex.c ****   uint32_t srcclk;
 597              		.loc 1 612 12 view .LVU171
 598 0074 0020     		movs	r0, #0
 599              	.LVL35:
 612:Drivers/STM32G0xx_HAL_Driver/Src/stm32g0xx_hal_rcc_ex.c ****   uint32_t srcclk;
 600              		.loc 1 612 12 view .LVU172
 601 0076 23E0     		b	.L36
 602              	.LVL36:
 603              	.L79:
 626:Drivers/STM32G0xx_HAL_Driver/Src/stm32g0xx_hal_rcc_ex.c **** 
 604              		.loc 1 626 5 is_stmt 1 view .LVU173
 626:Drivers/STM32G0xx_HAL_Driver/Src/stm32g0xx_hal_rcc_ex.c **** 
 605              		.loc 1 626 14 is_stmt 0 view .LVU174
 606 0078 7D4A     		ldr	r2, .L94
 607 007a D36D     		ldr	r3, [r2, #92]
 626:Drivers/STM32G0xx_HAL_Driver/Src/stm32g0xx_hal_rcc_ex.c **** 
 608              		.loc 1 626 12 view .LVU175
 609 007c C021     		movs	r1, #192
 610 007e 8900     		lsls	r1, r1, #2
 611 0080 0B40     		ands	r3, r1
 612              	.LVL37:
 629:Drivers/STM32G0xx_HAL_Driver/Src/stm32g0xx_hal_rcc_ex.c ****     {
 613              		.loc 1 629 5 is_stmt 1 view .LVU176
 629:Drivers/STM32G0xx_HAL_Driver/Src/stm32g0xx_hal_rcc_ex.c ****     {
 614              		.loc 1 629 10 is_stmt 0 view .LVU177
 615 0082 D26D     		ldr	r2, [r2, #92]
 629:Drivers/STM32G0xx_HAL_Driver/Src/stm32g0xx_hal_rcc_ex.c ****     {
 616              		.loc 1 629 8 view .LVU178
 617 0084 9207     		lsls	r2, r2, #30
 618 0086 04D5     		bpl	.L38
 629:Drivers/STM32G0xx_HAL_Driver/Src/stm32g0xx_hal_rcc_ex.c ****     {
 619              		.loc 1 629 54 discriminator 1 view .LVU179
 620 0088 8022     		movs	r2, #128
 621 008a 5200     		lsls	r2, r2, #1
 622 008c 9342     		cmp	r3, r2
 623 008e 00D1     		bne	.LCB563
 624 0090 D4E0     		b	.L60	@long jump
 625              	.LCB563:
 626              	.L38:
 634:Drivers/STM32G0xx_HAL_Driver/Src/stm32g0xx_hal_rcc_ex.c ****     {
 627              		.loc 1 634 10 is_stmt 1 view .LVU180
 634:Drivers/STM32G0xx_HAL_Driver/Src/stm32g0xx_hal_rcc_ex.c ****     {
 628              		.loc 1 634 15 is_stmt 0 view .LVU181
 629 0092 774A     		ldr	r2, .L94
 630 0094 126E     		ldr	r2, [r2, #96]
 634:Drivers/STM32G0xx_HAL_Driver/Src/stm32g0xx_hal_rcc_ex.c ****     {
 631              		.loc 1 634 13 view .LVU182
 632 0096 9207     		lsls	r2, r2, #30
 633 0098 04D5     		bpl	.L40
 634:Drivers/STM32G0xx_HAL_Driver/Src/stm32g0xx_hal_rcc_ex.c ****     {
 634              		.loc 1 634 57 discriminator 1 view .LVU183
 635 009a 8022     		movs	r2, #128
 636 009c 9200     		lsls	r2, r2, #2
 637 009e 9342     		cmp	r3, r2
ARM GAS  C:\Users\Asus\AppData\Local\Temp\ccCYPacf.s 			page 28


 638 00a0 00D1     		bne	.LCB575
 639 00a2 CEE0     		b	.L61	@long jump
 640              	.LCB575:
 641              	.L40:
 639:Drivers/STM32G0xx_HAL_Driver/Src/stm32g0xx_hal_rcc_ex.c ****     {
 642              		.loc 1 639 10 is_stmt 1 view .LVU184
 639:Drivers/STM32G0xx_HAL_Driver/Src/stm32g0xx_hal_rcc_ex.c ****     {
 643              		.loc 1 639 15 is_stmt 0 view .LVU185
 644 00a4 724A     		ldr	r2, .L94
 645 00a6 1168     		ldr	r1, [r2]
 646 00a8 8022     		movs	r2, #128
 647 00aa 9202     		lsls	r2, r2, #10
 648 00ac 0800     		movs	r0, r1
 649              	.LVL38:
 639:Drivers/STM32G0xx_HAL_Driver/Src/stm32g0xx_hal_rcc_ex.c ****     {
 650              		.loc 1 639 15 view .LVU186
 651 00ae 1040     		ands	r0, r2
 639:Drivers/STM32G0xx_HAL_Driver/Src/stm32g0xx_hal_rcc_ex.c ****     {
 652              		.loc 1 639 13 view .LVU187
 653 00b0 1142     		tst	r1, r2
 654 00b2 05D0     		beq	.L36
 639:Drivers/STM32G0xx_HAL_Driver/Src/stm32g0xx_hal_rcc_ex.c ****     {
 655              		.loc 1 639 55 discriminator 1 view .LVU188
 656 00b4 C022     		movs	r2, #192
 657 00b6 9200     		lsls	r2, r2, #2
 658 00b8 9342     		cmp	r3, r2
 659 00ba 00D1     		bne	.LCB590
 660 00bc C4E0     		b	.L62	@long jump
 661              	.LCB590:
 612:Drivers/STM32G0xx_HAL_Driver/Src/stm32g0xx_hal_rcc_ex.c ****   uint32_t srcclk;
 662              		.loc 1 612 12 view .LVU189
 663 00be 0020     		movs	r0, #0
 664              	.LVL39:
 665              	.L36:
 876:Drivers/STM32G0xx_HAL_Driver/Src/stm32g0xx_hal_rcc_ex.c ****         {
 877:Drivers/STM32G0xx_HAL_Driver/Src/stm32g0xx_hal_rcc_ex.c ****           if (__HAL_RCC_GET_PLLCLKOUT_CONFIG(RCC_PLLPCLK) != 0U)
 878:Drivers/STM32G0xx_HAL_Driver/Src/stm32g0xx_hal_rcc_ex.c ****           {
 879:Drivers/STM32G0xx_HAL_Driver/Src/stm32g0xx_hal_rcc_ex.c ****             /* f(PLLP) = f(VCO input) * PLLN / PLLP */
 880:Drivers/STM32G0xx_HAL_Driver/Src/stm32g0xx_hal_rcc_ex.c ****             plln = READ_BIT(RCC->PLLCFGR, RCC_PLLCFGR_PLLN) >> RCC_PLLCFGR_PLLN_Pos;
 881:Drivers/STM32G0xx_HAL_Driver/Src/stm32g0xx_hal_rcc_ex.c ****             frequency = (pllvco * plln) / ((READ_BIT(RCC->PLLCFGR, RCC_PLLCFGR_PLLP) >> RCC_PLLCFGR
 882:Drivers/STM32G0xx_HAL_Driver/Src/stm32g0xx_hal_rcc_ex.c ****           }
 883:Drivers/STM32G0xx_HAL_Driver/Src/stm32g0xx_hal_rcc_ex.c ****         }
 884:Drivers/STM32G0xx_HAL_Driver/Src/stm32g0xx_hal_rcc_ex.c ****         /* Clock not enabled for ADC */
 885:Drivers/STM32G0xx_HAL_Driver/Src/stm32g0xx_hal_rcc_ex.c ****         else
 886:Drivers/STM32G0xx_HAL_Driver/Src/stm32g0xx_hal_rcc_ex.c ****         {
 887:Drivers/STM32G0xx_HAL_Driver/Src/stm32g0xx_hal_rcc_ex.c ****           /* Nothing to do as frequency already initialized to 0U */
 888:Drivers/STM32G0xx_HAL_Driver/Src/stm32g0xx_hal_rcc_ex.c ****         }
 889:Drivers/STM32G0xx_HAL_Driver/Src/stm32g0xx_hal_rcc_ex.c ****         break;
 890:Drivers/STM32G0xx_HAL_Driver/Src/stm32g0xx_hal_rcc_ex.c **** 
 891:Drivers/STM32G0xx_HAL_Driver/Src/stm32g0xx_hal_rcc_ex.c ****       case RCC_PERIPHCLK_I2C1:
 892:Drivers/STM32G0xx_HAL_Driver/Src/stm32g0xx_hal_rcc_ex.c ****         /* Get the current I2C1 source */
 893:Drivers/STM32G0xx_HAL_Driver/Src/stm32g0xx_hal_rcc_ex.c ****         srcclk = __HAL_RCC_GET_I2C1_SOURCE();
 894:Drivers/STM32G0xx_HAL_Driver/Src/stm32g0xx_hal_rcc_ex.c **** 
 895:Drivers/STM32G0xx_HAL_Driver/Src/stm32g0xx_hal_rcc_ex.c ****         if (srcclk == RCC_I2C1CLKSOURCE_PCLK1)
 896:Drivers/STM32G0xx_HAL_Driver/Src/stm32g0xx_hal_rcc_ex.c ****         {
 897:Drivers/STM32G0xx_HAL_Driver/Src/stm32g0xx_hal_rcc_ex.c ****           frequency = HAL_RCC_GetPCLK1Freq();
 898:Drivers/STM32G0xx_HAL_Driver/Src/stm32g0xx_hal_rcc_ex.c ****         }
ARM GAS  C:\Users\Asus\AppData\Local\Temp\ccCYPacf.s 			page 29


 899:Drivers/STM32G0xx_HAL_Driver/Src/stm32g0xx_hal_rcc_ex.c ****         else if (srcclk == RCC_I2C1CLKSOURCE_SYSCLK)
 900:Drivers/STM32G0xx_HAL_Driver/Src/stm32g0xx_hal_rcc_ex.c ****         {
 901:Drivers/STM32G0xx_HAL_Driver/Src/stm32g0xx_hal_rcc_ex.c ****           frequency = HAL_RCC_GetSysClockFreq();
 902:Drivers/STM32G0xx_HAL_Driver/Src/stm32g0xx_hal_rcc_ex.c ****         }
 903:Drivers/STM32G0xx_HAL_Driver/Src/stm32g0xx_hal_rcc_ex.c ****         else if ((HAL_IS_BIT_SET(RCC->CR, RCC_CR_HSIRDY)) && (srcclk == RCC_I2C1CLKSOURCE_HSI))
 904:Drivers/STM32G0xx_HAL_Driver/Src/stm32g0xx_hal_rcc_ex.c ****         {
 905:Drivers/STM32G0xx_HAL_Driver/Src/stm32g0xx_hal_rcc_ex.c ****           frequency = HSI_VALUE;
 906:Drivers/STM32G0xx_HAL_Driver/Src/stm32g0xx_hal_rcc_ex.c ****         }
 907:Drivers/STM32G0xx_HAL_Driver/Src/stm32g0xx_hal_rcc_ex.c ****         /* Clock not enabled for I2C1 */
 908:Drivers/STM32G0xx_HAL_Driver/Src/stm32g0xx_hal_rcc_ex.c ****         else
 909:Drivers/STM32G0xx_HAL_Driver/Src/stm32g0xx_hal_rcc_ex.c ****         {
 910:Drivers/STM32G0xx_HAL_Driver/Src/stm32g0xx_hal_rcc_ex.c ****           /* Nothing to do as frequency already initialized to 0U */
 911:Drivers/STM32G0xx_HAL_Driver/Src/stm32g0xx_hal_rcc_ex.c ****         }
 912:Drivers/STM32G0xx_HAL_Driver/Src/stm32g0xx_hal_rcc_ex.c ****         break;
 913:Drivers/STM32G0xx_HAL_Driver/Src/stm32g0xx_hal_rcc_ex.c **** 
 914:Drivers/STM32G0xx_HAL_Driver/Src/stm32g0xx_hal_rcc_ex.c **** #if defined(RCC_CCIPR_I2C2SEL)
 915:Drivers/STM32G0xx_HAL_Driver/Src/stm32g0xx_hal_rcc_ex.c ****       case RCC_PERIPHCLK_I2C2:
 916:Drivers/STM32G0xx_HAL_Driver/Src/stm32g0xx_hal_rcc_ex.c ****         /* Get the current I2C2 source */
 917:Drivers/STM32G0xx_HAL_Driver/Src/stm32g0xx_hal_rcc_ex.c ****         srcclk = __HAL_RCC_GET_I2C2_SOURCE();
 918:Drivers/STM32G0xx_HAL_Driver/Src/stm32g0xx_hal_rcc_ex.c **** 
 919:Drivers/STM32G0xx_HAL_Driver/Src/stm32g0xx_hal_rcc_ex.c ****         if (srcclk == RCC_I2C2CLKSOURCE_PCLK1)
 920:Drivers/STM32G0xx_HAL_Driver/Src/stm32g0xx_hal_rcc_ex.c ****         {
 921:Drivers/STM32G0xx_HAL_Driver/Src/stm32g0xx_hal_rcc_ex.c ****           frequency = HAL_RCC_GetPCLK1Freq();
 922:Drivers/STM32G0xx_HAL_Driver/Src/stm32g0xx_hal_rcc_ex.c ****         }
 923:Drivers/STM32G0xx_HAL_Driver/Src/stm32g0xx_hal_rcc_ex.c ****         else if (srcclk == RCC_I2C2CLKSOURCE_SYSCLK)
 924:Drivers/STM32G0xx_HAL_Driver/Src/stm32g0xx_hal_rcc_ex.c ****         {
 925:Drivers/STM32G0xx_HAL_Driver/Src/stm32g0xx_hal_rcc_ex.c ****           frequency = HAL_RCC_GetSysClockFreq();
 926:Drivers/STM32G0xx_HAL_Driver/Src/stm32g0xx_hal_rcc_ex.c ****         }
 927:Drivers/STM32G0xx_HAL_Driver/Src/stm32g0xx_hal_rcc_ex.c ****         else if ((HAL_IS_BIT_SET(RCC->CR, RCC_CR_HSIRDY)) && (srcclk == RCC_I2C2CLKSOURCE_HSI))
 928:Drivers/STM32G0xx_HAL_Driver/Src/stm32g0xx_hal_rcc_ex.c ****         {
 929:Drivers/STM32G0xx_HAL_Driver/Src/stm32g0xx_hal_rcc_ex.c ****           frequency = HSI_VALUE;
 930:Drivers/STM32G0xx_HAL_Driver/Src/stm32g0xx_hal_rcc_ex.c ****         }
 931:Drivers/STM32G0xx_HAL_Driver/Src/stm32g0xx_hal_rcc_ex.c ****         /* Clock not enabled for I2C2 */
 932:Drivers/STM32G0xx_HAL_Driver/Src/stm32g0xx_hal_rcc_ex.c ****         else
 933:Drivers/STM32G0xx_HAL_Driver/Src/stm32g0xx_hal_rcc_ex.c ****         {
 934:Drivers/STM32G0xx_HAL_Driver/Src/stm32g0xx_hal_rcc_ex.c ****           /* Nothing to do as frequency already initialized to 0U */
 935:Drivers/STM32G0xx_HAL_Driver/Src/stm32g0xx_hal_rcc_ex.c ****         }
 936:Drivers/STM32G0xx_HAL_Driver/Src/stm32g0xx_hal_rcc_ex.c ****         break;
 937:Drivers/STM32G0xx_HAL_Driver/Src/stm32g0xx_hal_rcc_ex.c **** #endif /* RCC_CCIPR_I2C2SEL */
 938:Drivers/STM32G0xx_HAL_Driver/Src/stm32g0xx_hal_rcc_ex.c **** 
 939:Drivers/STM32G0xx_HAL_Driver/Src/stm32g0xx_hal_rcc_ex.c ****       case RCC_PERIPHCLK_I2S1:
 940:Drivers/STM32G0xx_HAL_Driver/Src/stm32g0xx_hal_rcc_ex.c ****         /* Get the current I2S1 source */
 941:Drivers/STM32G0xx_HAL_Driver/Src/stm32g0xx_hal_rcc_ex.c ****         srcclk = __HAL_RCC_GET_I2S1_SOURCE();
 942:Drivers/STM32G0xx_HAL_Driver/Src/stm32g0xx_hal_rcc_ex.c **** 
 943:Drivers/STM32G0xx_HAL_Driver/Src/stm32g0xx_hal_rcc_ex.c ****         if (srcclk == RCC_I2S1CLKSOURCE_PLL)
 944:Drivers/STM32G0xx_HAL_Driver/Src/stm32g0xx_hal_rcc_ex.c ****         {
 945:Drivers/STM32G0xx_HAL_Driver/Src/stm32g0xx_hal_rcc_ex.c ****           if (__HAL_RCC_GET_PLLCLKOUT_CONFIG(RCC_PLLPCLK) != 0U)
 946:Drivers/STM32G0xx_HAL_Driver/Src/stm32g0xx_hal_rcc_ex.c ****           {
 947:Drivers/STM32G0xx_HAL_Driver/Src/stm32g0xx_hal_rcc_ex.c ****             /* f(PLLP) = f(VCO input) * PLLN / PLLP */
 948:Drivers/STM32G0xx_HAL_Driver/Src/stm32g0xx_hal_rcc_ex.c ****             plln = READ_BIT(RCC->PLLCFGR, RCC_PLLCFGR_PLLN) >> RCC_PLLCFGR_PLLN_Pos;
 949:Drivers/STM32G0xx_HAL_Driver/Src/stm32g0xx_hal_rcc_ex.c ****             frequency = (pllvco * plln) / ((READ_BIT(RCC->PLLCFGR, RCC_PLLCFGR_PLLP) >> RCC_PLLCFGR
 950:Drivers/STM32G0xx_HAL_Driver/Src/stm32g0xx_hal_rcc_ex.c ****           }
 951:Drivers/STM32G0xx_HAL_Driver/Src/stm32g0xx_hal_rcc_ex.c ****         }
 952:Drivers/STM32G0xx_HAL_Driver/Src/stm32g0xx_hal_rcc_ex.c ****         else if (srcclk == RCC_I2S1CLKSOURCE_SYSCLK)
 953:Drivers/STM32G0xx_HAL_Driver/Src/stm32g0xx_hal_rcc_ex.c ****         {
 954:Drivers/STM32G0xx_HAL_Driver/Src/stm32g0xx_hal_rcc_ex.c ****           frequency = HAL_RCC_GetSysClockFreq();
 955:Drivers/STM32G0xx_HAL_Driver/Src/stm32g0xx_hal_rcc_ex.c ****         }
ARM GAS  C:\Users\Asus\AppData\Local\Temp\ccCYPacf.s 			page 30


 956:Drivers/STM32G0xx_HAL_Driver/Src/stm32g0xx_hal_rcc_ex.c ****         else if ((HAL_IS_BIT_SET(RCC->CR, RCC_CR_HSIRDY)) && (srcclk == RCC_I2S1CLKSOURCE_HSI))
 957:Drivers/STM32G0xx_HAL_Driver/Src/stm32g0xx_hal_rcc_ex.c ****         {
 958:Drivers/STM32G0xx_HAL_Driver/Src/stm32g0xx_hal_rcc_ex.c ****           frequency = HSI_VALUE;
 959:Drivers/STM32G0xx_HAL_Driver/Src/stm32g0xx_hal_rcc_ex.c ****         }
 960:Drivers/STM32G0xx_HAL_Driver/Src/stm32g0xx_hal_rcc_ex.c ****         else if (srcclk == RCC_I2S1CLKSOURCE_EXT)
 961:Drivers/STM32G0xx_HAL_Driver/Src/stm32g0xx_hal_rcc_ex.c ****         {
 962:Drivers/STM32G0xx_HAL_Driver/Src/stm32g0xx_hal_rcc_ex.c ****           /* External clock used.*/
 963:Drivers/STM32G0xx_HAL_Driver/Src/stm32g0xx_hal_rcc_ex.c ****           frequency = EXTERNAL_I2S1_CLOCK_VALUE;
 964:Drivers/STM32G0xx_HAL_Driver/Src/stm32g0xx_hal_rcc_ex.c ****         }
 965:Drivers/STM32G0xx_HAL_Driver/Src/stm32g0xx_hal_rcc_ex.c ****         /* Clock not enabled for I2S1 */
 966:Drivers/STM32G0xx_HAL_Driver/Src/stm32g0xx_hal_rcc_ex.c ****         else
 967:Drivers/STM32G0xx_HAL_Driver/Src/stm32g0xx_hal_rcc_ex.c ****         {
 968:Drivers/STM32G0xx_HAL_Driver/Src/stm32g0xx_hal_rcc_ex.c ****           /* Nothing to do as frequency already initialized to 0U */
 969:Drivers/STM32G0xx_HAL_Driver/Src/stm32g0xx_hal_rcc_ex.c ****         }
 970:Drivers/STM32G0xx_HAL_Driver/Src/stm32g0xx_hal_rcc_ex.c ****         break;
 971:Drivers/STM32G0xx_HAL_Driver/Src/stm32g0xx_hal_rcc_ex.c **** 
 972:Drivers/STM32G0xx_HAL_Driver/Src/stm32g0xx_hal_rcc_ex.c **** #if defined(RCC_CCIPR2_I2S2SEL)
 973:Drivers/STM32G0xx_HAL_Driver/Src/stm32g0xx_hal_rcc_ex.c ****       case RCC_PERIPHCLK_I2S2:
 974:Drivers/STM32G0xx_HAL_Driver/Src/stm32g0xx_hal_rcc_ex.c ****         /* Get the current I2S2 source */
 975:Drivers/STM32G0xx_HAL_Driver/Src/stm32g0xx_hal_rcc_ex.c ****         srcclk = __HAL_RCC_GET_I2S2_SOURCE();
 976:Drivers/STM32G0xx_HAL_Driver/Src/stm32g0xx_hal_rcc_ex.c **** 
 977:Drivers/STM32G0xx_HAL_Driver/Src/stm32g0xx_hal_rcc_ex.c ****         if (srcclk == RCC_I2S2CLKSOURCE_PLL)
 978:Drivers/STM32G0xx_HAL_Driver/Src/stm32g0xx_hal_rcc_ex.c ****         {
 979:Drivers/STM32G0xx_HAL_Driver/Src/stm32g0xx_hal_rcc_ex.c ****           if (__HAL_RCC_GET_PLLCLKOUT_CONFIG(RCC_PLLPCLK) != 0U)
 980:Drivers/STM32G0xx_HAL_Driver/Src/stm32g0xx_hal_rcc_ex.c ****           {
 981:Drivers/STM32G0xx_HAL_Driver/Src/stm32g0xx_hal_rcc_ex.c ****             /* f(PLLP) = f(VCO input) * PLLN / PLLP */
 982:Drivers/STM32G0xx_HAL_Driver/Src/stm32g0xx_hal_rcc_ex.c ****             plln = READ_BIT(RCC->PLLCFGR, RCC_PLLCFGR_PLLN) >> RCC_PLLCFGR_PLLN_Pos;
 983:Drivers/STM32G0xx_HAL_Driver/Src/stm32g0xx_hal_rcc_ex.c ****             frequency = (pllvco * plln) / ((READ_BIT(RCC->PLLCFGR, RCC_PLLCFGR_PLLP) >> RCC_PLLCFGR
 984:Drivers/STM32G0xx_HAL_Driver/Src/stm32g0xx_hal_rcc_ex.c ****           }
 985:Drivers/STM32G0xx_HAL_Driver/Src/stm32g0xx_hal_rcc_ex.c ****         }
 986:Drivers/STM32G0xx_HAL_Driver/Src/stm32g0xx_hal_rcc_ex.c ****         else if (srcclk == RCC_I2S2CLKSOURCE_SYSCLK)
 987:Drivers/STM32G0xx_HAL_Driver/Src/stm32g0xx_hal_rcc_ex.c ****         {
 988:Drivers/STM32G0xx_HAL_Driver/Src/stm32g0xx_hal_rcc_ex.c ****           frequency = HAL_RCC_GetSysClockFreq();
 989:Drivers/STM32G0xx_HAL_Driver/Src/stm32g0xx_hal_rcc_ex.c ****         }
 990:Drivers/STM32G0xx_HAL_Driver/Src/stm32g0xx_hal_rcc_ex.c ****         else if ((HAL_IS_BIT_SET(RCC->CR, RCC_CR_HSIRDY)) && (srcclk == RCC_I2S2CLKSOURCE_HSI))
 991:Drivers/STM32G0xx_HAL_Driver/Src/stm32g0xx_hal_rcc_ex.c ****         {
 992:Drivers/STM32G0xx_HAL_Driver/Src/stm32g0xx_hal_rcc_ex.c ****           frequency = HSI_VALUE;
 993:Drivers/STM32G0xx_HAL_Driver/Src/stm32g0xx_hal_rcc_ex.c ****         }
 994:Drivers/STM32G0xx_HAL_Driver/Src/stm32g0xx_hal_rcc_ex.c ****         else if (srcclk == RCC_I2S2CLKSOURCE_EXT)
 995:Drivers/STM32G0xx_HAL_Driver/Src/stm32g0xx_hal_rcc_ex.c ****         {
 996:Drivers/STM32G0xx_HAL_Driver/Src/stm32g0xx_hal_rcc_ex.c ****           /* External clock used.*/
 997:Drivers/STM32G0xx_HAL_Driver/Src/stm32g0xx_hal_rcc_ex.c ****           frequency = EXTERNAL_I2S2_CLOCK_VALUE;
 998:Drivers/STM32G0xx_HAL_Driver/Src/stm32g0xx_hal_rcc_ex.c ****         }
 999:Drivers/STM32G0xx_HAL_Driver/Src/stm32g0xx_hal_rcc_ex.c ****         /* Clock not enabled for I2S2 */
1000:Drivers/STM32G0xx_HAL_Driver/Src/stm32g0xx_hal_rcc_ex.c ****         else
1001:Drivers/STM32G0xx_HAL_Driver/Src/stm32g0xx_hal_rcc_ex.c ****         {
1002:Drivers/STM32G0xx_HAL_Driver/Src/stm32g0xx_hal_rcc_ex.c ****           /* Nothing to do as frequency already initialized to 0U */
1003:Drivers/STM32G0xx_HAL_Driver/Src/stm32g0xx_hal_rcc_ex.c ****         }
1004:Drivers/STM32G0xx_HAL_Driver/Src/stm32g0xx_hal_rcc_ex.c ****         break;
1005:Drivers/STM32G0xx_HAL_Driver/Src/stm32g0xx_hal_rcc_ex.c **** #endif /* RCC_CCIPR2_I2S2SEL */
1006:Drivers/STM32G0xx_HAL_Driver/Src/stm32g0xx_hal_rcc_ex.c **** 
1007:Drivers/STM32G0xx_HAL_Driver/Src/stm32g0xx_hal_rcc_ex.c **** #if defined(RCC_CCIPR_LPTIM1SEL)
1008:Drivers/STM32G0xx_HAL_Driver/Src/stm32g0xx_hal_rcc_ex.c ****       case RCC_PERIPHCLK_LPTIM1:
1009:Drivers/STM32G0xx_HAL_Driver/Src/stm32g0xx_hal_rcc_ex.c ****         /* Get the current LPTIM1 source */
1010:Drivers/STM32G0xx_HAL_Driver/Src/stm32g0xx_hal_rcc_ex.c ****         srcclk = __HAL_RCC_GET_LPTIM1_SOURCE();
1011:Drivers/STM32G0xx_HAL_Driver/Src/stm32g0xx_hal_rcc_ex.c **** 
1012:Drivers/STM32G0xx_HAL_Driver/Src/stm32g0xx_hal_rcc_ex.c ****         if (srcclk == RCC_LPTIM1CLKSOURCE_PCLK1)
ARM GAS  C:\Users\Asus\AppData\Local\Temp\ccCYPacf.s 			page 31


1013:Drivers/STM32G0xx_HAL_Driver/Src/stm32g0xx_hal_rcc_ex.c ****         {
1014:Drivers/STM32G0xx_HAL_Driver/Src/stm32g0xx_hal_rcc_ex.c ****           frequency = HAL_RCC_GetPCLK1Freq();
1015:Drivers/STM32G0xx_HAL_Driver/Src/stm32g0xx_hal_rcc_ex.c ****         }
1016:Drivers/STM32G0xx_HAL_Driver/Src/stm32g0xx_hal_rcc_ex.c ****         else if ((HAL_IS_BIT_SET(RCC->CSR, RCC_CSR_LSIRDY)) && (srcclk == RCC_LPTIM1CLKSOURCE_LSI))
1017:Drivers/STM32G0xx_HAL_Driver/Src/stm32g0xx_hal_rcc_ex.c ****         {
1018:Drivers/STM32G0xx_HAL_Driver/Src/stm32g0xx_hal_rcc_ex.c ****           frequency = LSI_VALUE;
1019:Drivers/STM32G0xx_HAL_Driver/Src/stm32g0xx_hal_rcc_ex.c ****         }
1020:Drivers/STM32G0xx_HAL_Driver/Src/stm32g0xx_hal_rcc_ex.c ****         else if ((HAL_IS_BIT_SET(RCC->CR, RCC_CR_HSIRDY)) && (srcclk == RCC_LPTIM1CLKSOURCE_HSI))
1021:Drivers/STM32G0xx_HAL_Driver/Src/stm32g0xx_hal_rcc_ex.c ****         {
1022:Drivers/STM32G0xx_HAL_Driver/Src/stm32g0xx_hal_rcc_ex.c ****           frequency = HSI_VALUE;
1023:Drivers/STM32G0xx_HAL_Driver/Src/stm32g0xx_hal_rcc_ex.c ****         }
1024:Drivers/STM32G0xx_HAL_Driver/Src/stm32g0xx_hal_rcc_ex.c ****         else if ((HAL_IS_BIT_SET(RCC->BDCR, RCC_BDCR_LSERDY)) && (srcclk == RCC_LPTIM1CLKSOURCE_LSE
1025:Drivers/STM32G0xx_HAL_Driver/Src/stm32g0xx_hal_rcc_ex.c ****         {
1026:Drivers/STM32G0xx_HAL_Driver/Src/stm32g0xx_hal_rcc_ex.c ****           frequency = LSE_VALUE;
1027:Drivers/STM32G0xx_HAL_Driver/Src/stm32g0xx_hal_rcc_ex.c ****         }
1028:Drivers/STM32G0xx_HAL_Driver/Src/stm32g0xx_hal_rcc_ex.c ****         /* Clock not enabled for LPTIM1 */
1029:Drivers/STM32G0xx_HAL_Driver/Src/stm32g0xx_hal_rcc_ex.c ****         else
1030:Drivers/STM32G0xx_HAL_Driver/Src/stm32g0xx_hal_rcc_ex.c ****         {
1031:Drivers/STM32G0xx_HAL_Driver/Src/stm32g0xx_hal_rcc_ex.c ****           /* Nothing to do as frequency already initialized to 0U */
1032:Drivers/STM32G0xx_HAL_Driver/Src/stm32g0xx_hal_rcc_ex.c ****         }
1033:Drivers/STM32G0xx_HAL_Driver/Src/stm32g0xx_hal_rcc_ex.c ****         break;
1034:Drivers/STM32G0xx_HAL_Driver/Src/stm32g0xx_hal_rcc_ex.c **** #endif /* RCC_CCIPR_LPTIM1SEL */
1035:Drivers/STM32G0xx_HAL_Driver/Src/stm32g0xx_hal_rcc_ex.c **** 
1036:Drivers/STM32G0xx_HAL_Driver/Src/stm32g0xx_hal_rcc_ex.c **** #if defined(RCC_CCIPR_LPTIM2SEL)
1037:Drivers/STM32G0xx_HAL_Driver/Src/stm32g0xx_hal_rcc_ex.c ****       case RCC_PERIPHCLK_LPTIM2:
1038:Drivers/STM32G0xx_HAL_Driver/Src/stm32g0xx_hal_rcc_ex.c ****         /* Get the current LPTIM2 source */
1039:Drivers/STM32G0xx_HAL_Driver/Src/stm32g0xx_hal_rcc_ex.c ****         srcclk = __HAL_RCC_GET_LPTIM2_SOURCE();
1040:Drivers/STM32G0xx_HAL_Driver/Src/stm32g0xx_hal_rcc_ex.c **** 
1041:Drivers/STM32G0xx_HAL_Driver/Src/stm32g0xx_hal_rcc_ex.c ****         if (srcclk == RCC_LPTIM2CLKSOURCE_PCLK1)
1042:Drivers/STM32G0xx_HAL_Driver/Src/stm32g0xx_hal_rcc_ex.c ****         {
1043:Drivers/STM32G0xx_HAL_Driver/Src/stm32g0xx_hal_rcc_ex.c ****           frequency = HAL_RCC_GetPCLK1Freq();
1044:Drivers/STM32G0xx_HAL_Driver/Src/stm32g0xx_hal_rcc_ex.c ****         }
1045:Drivers/STM32G0xx_HAL_Driver/Src/stm32g0xx_hal_rcc_ex.c ****         else if ((HAL_IS_BIT_SET(RCC->CSR, RCC_CSR_LSIRDY)) && (srcclk == RCC_LPTIM2CLKSOURCE_LSI))
1046:Drivers/STM32G0xx_HAL_Driver/Src/stm32g0xx_hal_rcc_ex.c ****         {
1047:Drivers/STM32G0xx_HAL_Driver/Src/stm32g0xx_hal_rcc_ex.c ****           frequency = LSI_VALUE;
1048:Drivers/STM32G0xx_HAL_Driver/Src/stm32g0xx_hal_rcc_ex.c ****         }
1049:Drivers/STM32G0xx_HAL_Driver/Src/stm32g0xx_hal_rcc_ex.c ****         else if ((HAL_IS_BIT_SET(RCC->CR, RCC_CR_HSIRDY)) && (srcclk == RCC_LPTIM2CLKSOURCE_HSI))
1050:Drivers/STM32G0xx_HAL_Driver/Src/stm32g0xx_hal_rcc_ex.c ****         {
1051:Drivers/STM32G0xx_HAL_Driver/Src/stm32g0xx_hal_rcc_ex.c ****           frequency = HSI_VALUE;
1052:Drivers/STM32G0xx_HAL_Driver/Src/stm32g0xx_hal_rcc_ex.c ****         }
1053:Drivers/STM32G0xx_HAL_Driver/Src/stm32g0xx_hal_rcc_ex.c ****         else if ((HAL_IS_BIT_SET(RCC->BDCR, RCC_BDCR_LSERDY)) && (srcclk == RCC_LPTIM2CLKSOURCE_LSE
1054:Drivers/STM32G0xx_HAL_Driver/Src/stm32g0xx_hal_rcc_ex.c ****         {
1055:Drivers/STM32G0xx_HAL_Driver/Src/stm32g0xx_hal_rcc_ex.c ****           frequency = LSE_VALUE;
1056:Drivers/STM32G0xx_HAL_Driver/Src/stm32g0xx_hal_rcc_ex.c ****         }
1057:Drivers/STM32G0xx_HAL_Driver/Src/stm32g0xx_hal_rcc_ex.c ****         /* Clock not enabled for LPTIM2 */
1058:Drivers/STM32G0xx_HAL_Driver/Src/stm32g0xx_hal_rcc_ex.c ****         else
1059:Drivers/STM32G0xx_HAL_Driver/Src/stm32g0xx_hal_rcc_ex.c ****         {
1060:Drivers/STM32G0xx_HAL_Driver/Src/stm32g0xx_hal_rcc_ex.c ****           /* Nothing to do as frequency already initialized to 0U */
1061:Drivers/STM32G0xx_HAL_Driver/Src/stm32g0xx_hal_rcc_ex.c ****         }
1062:Drivers/STM32G0xx_HAL_Driver/Src/stm32g0xx_hal_rcc_ex.c ****         break;
1063:Drivers/STM32G0xx_HAL_Driver/Src/stm32g0xx_hal_rcc_ex.c **** #endif /* RCC_CCIPR_LPTIM2SEL */
1064:Drivers/STM32G0xx_HAL_Driver/Src/stm32g0xx_hal_rcc_ex.c **** 
1065:Drivers/STM32G0xx_HAL_Driver/Src/stm32g0xx_hal_rcc_ex.c **** #if defined(RCC_CCIPR_TIM1SEL)
1066:Drivers/STM32G0xx_HAL_Driver/Src/stm32g0xx_hal_rcc_ex.c ****       case RCC_PERIPHCLK_TIM1:
1067:Drivers/STM32G0xx_HAL_Driver/Src/stm32g0xx_hal_rcc_ex.c **** 
1068:Drivers/STM32G0xx_HAL_Driver/Src/stm32g0xx_hal_rcc_ex.c ****         srcclk = READ_BIT(RCC->CCIPR, RCC_CCIPR_TIM1SEL);
1069:Drivers/STM32G0xx_HAL_Driver/Src/stm32g0xx_hal_rcc_ex.c **** 
ARM GAS  C:\Users\Asus\AppData\Local\Temp\ccCYPacf.s 			page 32


1070:Drivers/STM32G0xx_HAL_Driver/Src/stm32g0xx_hal_rcc_ex.c ****         if (srcclk == RCC_TIM1CLKSOURCE_PLL) /* PLL ? */
1071:Drivers/STM32G0xx_HAL_Driver/Src/stm32g0xx_hal_rcc_ex.c ****         {
1072:Drivers/STM32G0xx_HAL_Driver/Src/stm32g0xx_hal_rcc_ex.c ****           if (__HAL_RCC_GET_PLLCLKOUT_CONFIG(RCC_PLLQCLK) != 0U)
1073:Drivers/STM32G0xx_HAL_Driver/Src/stm32g0xx_hal_rcc_ex.c ****           {
1074:Drivers/STM32G0xx_HAL_Driver/Src/stm32g0xx_hal_rcc_ex.c ****             /* f(PLLQ) = f(VCO input) * PLLN / PLLQ */
1075:Drivers/STM32G0xx_HAL_Driver/Src/stm32g0xx_hal_rcc_ex.c ****             plln = READ_BIT(RCC->PLLCFGR, RCC_PLLCFGR_PLLN) >> RCC_PLLCFGR_PLLN_Pos;
1076:Drivers/STM32G0xx_HAL_Driver/Src/stm32g0xx_hal_rcc_ex.c ****             frequency = (pllvco * plln) / ((READ_BIT(RCC->PLLCFGR, RCC_PLLCFGR_PLLQ) >> RCC_PLLCFGR
1077:Drivers/STM32G0xx_HAL_Driver/Src/stm32g0xx_hal_rcc_ex.c ****           }
1078:Drivers/STM32G0xx_HAL_Driver/Src/stm32g0xx_hal_rcc_ex.c ****         }
1079:Drivers/STM32G0xx_HAL_Driver/Src/stm32g0xx_hal_rcc_ex.c ****         else if (srcclk == RCC_TIM1CLKSOURCE_PCLK1) /* PCLK1 ? */
1080:Drivers/STM32G0xx_HAL_Driver/Src/stm32g0xx_hal_rcc_ex.c ****         {
1081:Drivers/STM32G0xx_HAL_Driver/Src/stm32g0xx_hal_rcc_ex.c ****           frequency = HAL_RCC_GetPCLK1Freq();
1082:Drivers/STM32G0xx_HAL_Driver/Src/stm32g0xx_hal_rcc_ex.c ****         }
1083:Drivers/STM32G0xx_HAL_Driver/Src/stm32g0xx_hal_rcc_ex.c ****         else /* No clock source */
1084:Drivers/STM32G0xx_HAL_Driver/Src/stm32g0xx_hal_rcc_ex.c ****         {
1085:Drivers/STM32G0xx_HAL_Driver/Src/stm32g0xx_hal_rcc_ex.c ****           /* Nothing to do as frequency already initialized to 0U */
1086:Drivers/STM32G0xx_HAL_Driver/Src/stm32g0xx_hal_rcc_ex.c ****         }
1087:Drivers/STM32G0xx_HAL_Driver/Src/stm32g0xx_hal_rcc_ex.c ****         break;
1088:Drivers/STM32G0xx_HAL_Driver/Src/stm32g0xx_hal_rcc_ex.c **** #endif /* RCC_CCIPR_TIM1SEL */
1089:Drivers/STM32G0xx_HAL_Driver/Src/stm32g0xx_hal_rcc_ex.c **** 
1090:Drivers/STM32G0xx_HAL_Driver/Src/stm32g0xx_hal_rcc_ex.c **** #if defined(RCC_CCIPR_TIM15SEL)
1091:Drivers/STM32G0xx_HAL_Driver/Src/stm32g0xx_hal_rcc_ex.c ****       case RCC_PERIPHCLK_TIM15:
1092:Drivers/STM32G0xx_HAL_Driver/Src/stm32g0xx_hal_rcc_ex.c **** 
1093:Drivers/STM32G0xx_HAL_Driver/Src/stm32g0xx_hal_rcc_ex.c ****         srcclk = READ_BIT(RCC->CCIPR, RCC_CCIPR_TIM15SEL);
1094:Drivers/STM32G0xx_HAL_Driver/Src/stm32g0xx_hal_rcc_ex.c **** 
1095:Drivers/STM32G0xx_HAL_Driver/Src/stm32g0xx_hal_rcc_ex.c ****         if (srcclk == RCC_TIM15CLKSOURCE_PLL) /* PLL ? */
1096:Drivers/STM32G0xx_HAL_Driver/Src/stm32g0xx_hal_rcc_ex.c ****         {
1097:Drivers/STM32G0xx_HAL_Driver/Src/stm32g0xx_hal_rcc_ex.c ****           if (__HAL_RCC_GET_PLLCLKOUT_CONFIG(RCC_PLLQCLK) != 0U)
1098:Drivers/STM32G0xx_HAL_Driver/Src/stm32g0xx_hal_rcc_ex.c ****           {
1099:Drivers/STM32G0xx_HAL_Driver/Src/stm32g0xx_hal_rcc_ex.c ****             /* f(PLLQ) = f(VCO input) * PLLN / PLLQ */
1100:Drivers/STM32G0xx_HAL_Driver/Src/stm32g0xx_hal_rcc_ex.c ****             plln = READ_BIT(RCC->PLLCFGR, RCC_PLLCFGR_PLLN) >> RCC_PLLCFGR_PLLN_Pos;
1101:Drivers/STM32G0xx_HAL_Driver/Src/stm32g0xx_hal_rcc_ex.c ****             frequency = (pllvco * plln) / ((READ_BIT(RCC->PLLCFGR, RCC_PLLCFGR_PLLQ) >> RCC_PLLCFGR
1102:Drivers/STM32G0xx_HAL_Driver/Src/stm32g0xx_hal_rcc_ex.c ****           }
1103:Drivers/STM32G0xx_HAL_Driver/Src/stm32g0xx_hal_rcc_ex.c ****         }
1104:Drivers/STM32G0xx_HAL_Driver/Src/stm32g0xx_hal_rcc_ex.c ****         else if (srcclk == RCC_TIM15CLKSOURCE_PCLK1) /* PCLK1 ? */
1105:Drivers/STM32G0xx_HAL_Driver/Src/stm32g0xx_hal_rcc_ex.c ****         {
1106:Drivers/STM32G0xx_HAL_Driver/Src/stm32g0xx_hal_rcc_ex.c ****           frequency = HAL_RCC_GetPCLK1Freq();
1107:Drivers/STM32G0xx_HAL_Driver/Src/stm32g0xx_hal_rcc_ex.c ****         }
1108:Drivers/STM32G0xx_HAL_Driver/Src/stm32g0xx_hal_rcc_ex.c ****         else /* No clock source */
1109:Drivers/STM32G0xx_HAL_Driver/Src/stm32g0xx_hal_rcc_ex.c ****         {
1110:Drivers/STM32G0xx_HAL_Driver/Src/stm32g0xx_hal_rcc_ex.c ****           /* Nothing to do as frequency already initialized to 0U */
1111:Drivers/STM32G0xx_HAL_Driver/Src/stm32g0xx_hal_rcc_ex.c ****         }
1112:Drivers/STM32G0xx_HAL_Driver/Src/stm32g0xx_hal_rcc_ex.c ****         break;
1113:Drivers/STM32G0xx_HAL_Driver/Src/stm32g0xx_hal_rcc_ex.c **** #endif /* RCC_CCIPR_TIM15SEL */
1114:Drivers/STM32G0xx_HAL_Driver/Src/stm32g0xx_hal_rcc_ex.c **** 
1115:Drivers/STM32G0xx_HAL_Driver/Src/stm32g0xx_hal_rcc_ex.c **** #if defined(RCC_CCIPR2_USBSEL)
1116:Drivers/STM32G0xx_HAL_Driver/Src/stm32g0xx_hal_rcc_ex.c ****       case RCC_PERIPHCLK_USB:
1117:Drivers/STM32G0xx_HAL_Driver/Src/stm32g0xx_hal_rcc_ex.c **** 
1118:Drivers/STM32G0xx_HAL_Driver/Src/stm32g0xx_hal_rcc_ex.c ****         srcclk = READ_BIT(RCC->CCIPR2, RCC_CCIPR2_USBSEL);
1119:Drivers/STM32G0xx_HAL_Driver/Src/stm32g0xx_hal_rcc_ex.c **** 
1120:Drivers/STM32G0xx_HAL_Driver/Src/stm32g0xx_hal_rcc_ex.c ****         if (srcclk == RCC_USBCLKSOURCE_PLL) /* PLL ? */
1121:Drivers/STM32G0xx_HAL_Driver/Src/stm32g0xx_hal_rcc_ex.c ****         {
1122:Drivers/STM32G0xx_HAL_Driver/Src/stm32g0xx_hal_rcc_ex.c ****           if (__HAL_RCC_GET_PLLCLKOUT_CONFIG(RCC_PLLQCLK) != 0U)
1123:Drivers/STM32G0xx_HAL_Driver/Src/stm32g0xx_hal_rcc_ex.c ****           {
1124:Drivers/STM32G0xx_HAL_Driver/Src/stm32g0xx_hal_rcc_ex.c ****             /* f(PLLQ) = f(VCO input) * PLLN / PLLQ */
1125:Drivers/STM32G0xx_HAL_Driver/Src/stm32g0xx_hal_rcc_ex.c ****             plln = READ_BIT(RCC->PLLCFGR, RCC_PLLCFGR_PLLN) >> RCC_PLLCFGR_PLLN_Pos;
1126:Drivers/STM32G0xx_HAL_Driver/Src/stm32g0xx_hal_rcc_ex.c ****             frequency = (pllvco * plln) / ((READ_BIT(RCC->PLLCFGR, RCC_PLLCFGR_PLLQ) >> RCC_PLLCFGR
ARM GAS  C:\Users\Asus\AppData\Local\Temp\ccCYPacf.s 			page 33


1127:Drivers/STM32G0xx_HAL_Driver/Src/stm32g0xx_hal_rcc_ex.c ****           }
1128:Drivers/STM32G0xx_HAL_Driver/Src/stm32g0xx_hal_rcc_ex.c ****         }
1129:Drivers/STM32G0xx_HAL_Driver/Src/stm32g0xx_hal_rcc_ex.c **** #if defined(RCC_HSI48_SUPPORT)
1130:Drivers/STM32G0xx_HAL_Driver/Src/stm32g0xx_hal_rcc_ex.c ****         else if (srcclk == RCC_USBCLKSOURCE_HSI48) /* HSI48 ? */
1131:Drivers/STM32G0xx_HAL_Driver/Src/stm32g0xx_hal_rcc_ex.c ****         {
1132:Drivers/STM32G0xx_HAL_Driver/Src/stm32g0xx_hal_rcc_ex.c ****           if ((HAL_IS_BIT_SET(RCC->CR, RCC_CR_HSI48RDY)) && (srcclk == RCC_USBCLKSOURCE_HSI48))
1133:Drivers/STM32G0xx_HAL_Driver/Src/stm32g0xx_hal_rcc_ex.c ****           {
1134:Drivers/STM32G0xx_HAL_Driver/Src/stm32g0xx_hal_rcc_ex.c ****             frequency = HSI48_VALUE;
1135:Drivers/STM32G0xx_HAL_Driver/Src/stm32g0xx_hal_rcc_ex.c ****           }
1136:Drivers/STM32G0xx_HAL_Driver/Src/stm32g0xx_hal_rcc_ex.c ****         }
1137:Drivers/STM32G0xx_HAL_Driver/Src/stm32g0xx_hal_rcc_ex.c **** #endif /* RCC_HSI48_SUPPORT */
1138:Drivers/STM32G0xx_HAL_Driver/Src/stm32g0xx_hal_rcc_ex.c ****         else if (srcclk == RCC_USBCLKSOURCE_HSE)
1139:Drivers/STM32G0xx_HAL_Driver/Src/stm32g0xx_hal_rcc_ex.c ****         {
1140:Drivers/STM32G0xx_HAL_Driver/Src/stm32g0xx_hal_rcc_ex.c ****           if ((HAL_IS_BIT_SET(RCC->CR, RCC_CR_HSERDY)) && (srcclk == RCC_USBCLKSOURCE_HSE))
1141:Drivers/STM32G0xx_HAL_Driver/Src/stm32g0xx_hal_rcc_ex.c ****           {
1142:Drivers/STM32G0xx_HAL_Driver/Src/stm32g0xx_hal_rcc_ex.c ****             frequency = HSE_VALUE;
1143:Drivers/STM32G0xx_HAL_Driver/Src/stm32g0xx_hal_rcc_ex.c ****           }
1144:Drivers/STM32G0xx_HAL_Driver/Src/stm32g0xx_hal_rcc_ex.c ****         }
1145:Drivers/STM32G0xx_HAL_Driver/Src/stm32g0xx_hal_rcc_ex.c ****         else /* No clock source */
1146:Drivers/STM32G0xx_HAL_Driver/Src/stm32g0xx_hal_rcc_ex.c ****         {
1147:Drivers/STM32G0xx_HAL_Driver/Src/stm32g0xx_hal_rcc_ex.c ****           /* Nothing to do as frequency already initialized to 0U */
1148:Drivers/STM32G0xx_HAL_Driver/Src/stm32g0xx_hal_rcc_ex.c ****         }
1149:Drivers/STM32G0xx_HAL_Driver/Src/stm32g0xx_hal_rcc_ex.c ****         break;
1150:Drivers/STM32G0xx_HAL_Driver/Src/stm32g0xx_hal_rcc_ex.c **** #endif /* RCC_CCIPR2_USBSEL */
1151:Drivers/STM32G0xx_HAL_Driver/Src/stm32g0xx_hal_rcc_ex.c **** 
1152:Drivers/STM32G0xx_HAL_Driver/Src/stm32g0xx_hal_rcc_ex.c **** #if defined(RCC_CCIPR2_FDCANSEL)
1153:Drivers/STM32G0xx_HAL_Driver/Src/stm32g0xx_hal_rcc_ex.c ****       case RCC_PERIPHCLK_FDCAN:
1154:Drivers/STM32G0xx_HAL_Driver/Src/stm32g0xx_hal_rcc_ex.c **** 
1155:Drivers/STM32G0xx_HAL_Driver/Src/stm32g0xx_hal_rcc_ex.c ****         srcclk = READ_BIT(RCC->CCIPR2, RCC_CCIPR2_FDCANSEL);
1156:Drivers/STM32G0xx_HAL_Driver/Src/stm32g0xx_hal_rcc_ex.c **** 
1157:Drivers/STM32G0xx_HAL_Driver/Src/stm32g0xx_hal_rcc_ex.c ****         if (srcclk == RCC_FDCANCLKSOURCE_PLL) /* PLL ? */
1158:Drivers/STM32G0xx_HAL_Driver/Src/stm32g0xx_hal_rcc_ex.c ****         {
1159:Drivers/STM32G0xx_HAL_Driver/Src/stm32g0xx_hal_rcc_ex.c ****           if (__HAL_RCC_GET_PLLCLKOUT_CONFIG(RCC_PLLQCLK) != 0U)
1160:Drivers/STM32G0xx_HAL_Driver/Src/stm32g0xx_hal_rcc_ex.c ****           {
1161:Drivers/STM32G0xx_HAL_Driver/Src/stm32g0xx_hal_rcc_ex.c ****             /* f(PLLQ) = f(VCO input) * PLLN / PLLQ */
1162:Drivers/STM32G0xx_HAL_Driver/Src/stm32g0xx_hal_rcc_ex.c ****             plln = READ_BIT(RCC->PLLCFGR, RCC_PLLCFGR_PLLN) >> RCC_PLLCFGR_PLLN_Pos;
1163:Drivers/STM32G0xx_HAL_Driver/Src/stm32g0xx_hal_rcc_ex.c ****             frequency = (pllvco * plln) / ((READ_BIT(RCC->PLLCFGR, RCC_PLLCFGR_PLLQ) >> RCC_PLLCFGR
1164:Drivers/STM32G0xx_HAL_Driver/Src/stm32g0xx_hal_rcc_ex.c ****           }
1165:Drivers/STM32G0xx_HAL_Driver/Src/stm32g0xx_hal_rcc_ex.c ****         }
1166:Drivers/STM32G0xx_HAL_Driver/Src/stm32g0xx_hal_rcc_ex.c ****         else if (srcclk == RCC_FDCANCLKSOURCE_PCLK1) /* PCLK1 ? */
1167:Drivers/STM32G0xx_HAL_Driver/Src/stm32g0xx_hal_rcc_ex.c ****         {
1168:Drivers/STM32G0xx_HAL_Driver/Src/stm32g0xx_hal_rcc_ex.c ****           frequency = HAL_RCC_GetPCLK1Freq();
1169:Drivers/STM32G0xx_HAL_Driver/Src/stm32g0xx_hal_rcc_ex.c ****         }
1170:Drivers/STM32G0xx_HAL_Driver/Src/stm32g0xx_hal_rcc_ex.c ****         else if ((HAL_IS_BIT_SET(RCC->CR, RCC_CR_HSERDY)) && (srcclk == RCC_FDCANCLKSOURCE_HSE))
1171:Drivers/STM32G0xx_HAL_Driver/Src/stm32g0xx_hal_rcc_ex.c ****         {
1172:Drivers/STM32G0xx_HAL_Driver/Src/stm32g0xx_hal_rcc_ex.c ****           frequency = HSE_VALUE;
1173:Drivers/STM32G0xx_HAL_Driver/Src/stm32g0xx_hal_rcc_ex.c ****         }
1174:Drivers/STM32G0xx_HAL_Driver/Src/stm32g0xx_hal_rcc_ex.c ****         else /* No clock source */
1175:Drivers/STM32G0xx_HAL_Driver/Src/stm32g0xx_hal_rcc_ex.c ****         {
1176:Drivers/STM32G0xx_HAL_Driver/Src/stm32g0xx_hal_rcc_ex.c ****           /* Nothing to do as frequency already initialized to 0U */
1177:Drivers/STM32G0xx_HAL_Driver/Src/stm32g0xx_hal_rcc_ex.c ****         }
1178:Drivers/STM32G0xx_HAL_Driver/Src/stm32g0xx_hal_rcc_ex.c ****         break;
1179:Drivers/STM32G0xx_HAL_Driver/Src/stm32g0xx_hal_rcc_ex.c **** #endif /* RCC_CCIPR2_FDCANSEL */
1180:Drivers/STM32G0xx_HAL_Driver/Src/stm32g0xx_hal_rcc_ex.c **** 
1181:Drivers/STM32G0xx_HAL_Driver/Src/stm32g0xx_hal_rcc_ex.c ****       default:
1182:Drivers/STM32G0xx_HAL_Driver/Src/stm32g0xx_hal_rcc_ex.c ****         break;
1183:Drivers/STM32G0xx_HAL_Driver/Src/stm32g0xx_hal_rcc_ex.c ****     }
ARM GAS  C:\Users\Asus\AppData\Local\Temp\ccCYPacf.s 			page 34


1184:Drivers/STM32G0xx_HAL_Driver/Src/stm32g0xx_hal_rcc_ex.c ****   }
1185:Drivers/STM32G0xx_HAL_Driver/Src/stm32g0xx_hal_rcc_ex.c **** 
1186:Drivers/STM32G0xx_HAL_Driver/Src/stm32g0xx_hal_rcc_ex.c ****   return (frequency);
1187:Drivers/STM32G0xx_HAL_Driver/Src/stm32g0xx_hal_rcc_ex.c **** }
 666              		.loc 1 1187 1 view .LVU190
 667              		@ sp needed
 668              	.LVL40:
 669              		.loc 1 1187 1 view .LVU191
 670 00c0 10BD     		pop	{r4, pc}
 671              	.LVL41:
 672              	.L80:
 660:Drivers/STM32G0xx_HAL_Driver/Src/stm32g0xx_hal_rcc_ex.c ****     }
 673              		.loc 1 660 14 view .LVU192
 674 00c2 6C48     		ldr	r0, .L94+4
 675              	.LVL42:
 660:Drivers/STM32G0xx_HAL_Driver/Src/stm32g0xx_hal_rcc_ex.c ****     }
 676              		.loc 1 660 14 view .LVU193
 677 00c4 AFE7     		b	.L41
 678              	.LVL43:
 679              	.L63:
 656:Drivers/STM32G0xx_HAL_Driver/Src/stm32g0xx_hal_rcc_ex.c ****     }
 680              		.loc 1 656 14 view .LVU194
 681 00c6 6C48     		ldr	r0, .L94+8
 682              	.LVL44:
 656:Drivers/STM32G0xx_HAL_Driver/Src/stm32g0xx_hal_rcc_ex.c ****     }
 683              		.loc 1 656 14 view .LVU195
 684 00c8 ADE7     		b	.L41
 685              	.LVL45:
 686              	.L81:
 670:Drivers/STM32G0xx_HAL_Driver/Src/stm32g0xx_hal_rcc_ex.c ****     {
 687              		.loc 1 670 5 view .LVU196
 688 00ca 012C     		cmp	r4, #1
 689 00cc 21D0     		beq	.L44
 690 00ce 022C     		cmp	r4, #2
 691 00d0 1BD1     		bne	.L85
 729:Drivers/STM32G0xx_HAL_Driver/Src/stm32g0xx_hal_rcc_ex.c **** 
 692              		.loc 1 729 9 is_stmt 1 view .LVU197
 729:Drivers/STM32G0xx_HAL_Driver/Src/stm32g0xx_hal_rcc_ex.c **** 
 693              		.loc 1 729 18 is_stmt 0 view .LVU198
 694 00d2 674B     		ldr	r3, .L94
 695 00d4 5B6D     		ldr	r3, [r3, #84]
 729:Drivers/STM32G0xx_HAL_Driver/Src/stm32g0xx_hal_rcc_ex.c **** 
 696              		.loc 1 729 16 view .LVU199
 697 00d6 0C22     		movs	r2, #12
 698 00d8 1100     		movs	r1, r2
 699 00da 1940     		ands	r1, r3
 700              	.LVL46:
 731:Drivers/STM32G0xx_HAL_Driver/Src/stm32g0xx_hal_rcc_ex.c ****         {
 701              		.loc 1 731 9 is_stmt 1 view .LVU200
 731:Drivers/STM32G0xx_HAL_Driver/Src/stm32g0xx_hal_rcc_ex.c ****         {
 702              		.loc 1 731 12 is_stmt 0 view .LVU201
 703 00dc 1A42     		tst	r2, r3
 704 00de 3AD0     		beq	.L86
 735:Drivers/STM32G0xx_HAL_Driver/Src/stm32g0xx_hal_rcc_ex.c ****         {
 705              		.loc 1 735 14 is_stmt 1 view .LVU202
 735:Drivers/STM32G0xx_HAL_Driver/Src/stm32g0xx_hal_rcc_ex.c ****         {
 706              		.loc 1 735 17 is_stmt 0 view .LVU203
ARM GAS  C:\Users\Asus\AppData\Local\Temp\ccCYPacf.s 			page 35


 707 00e0 0429     		cmp	r1, #4
 708 00e2 3BD0     		beq	.L87
 739:Drivers/STM32G0xx_HAL_Driver/Src/stm32g0xx_hal_rcc_ex.c ****         {
 709              		.loc 1 739 14 is_stmt 1 view .LVU204
 739:Drivers/STM32G0xx_HAL_Driver/Src/stm32g0xx_hal_rcc_ex.c ****         {
 710              		.loc 1 739 19 is_stmt 0 view .LVU205
 711 00e4 624B     		ldr	r3, .L94
 712 00e6 1B68     		ldr	r3, [r3]
 739:Drivers/STM32G0xx_HAL_Driver/Src/stm32g0xx_hal_rcc_ex.c ****         {
 713              		.loc 1 739 17 view .LVU206
 714 00e8 5B05     		lsls	r3, r3, #21
 715 00ea 02D5     		bpl	.L53
 739:Drivers/STM32G0xx_HAL_Driver/Src/stm32g0xx_hal_rcc_ex.c ****         {
 716              		.loc 1 739 59 discriminator 1 view .LVU207
 717 00ec 0829     		cmp	r1, #8
 718 00ee 00D1     		bne	.LCB646
 719 00f0 B1E0     		b	.L67	@long jump
 720              	.LCB646:
 721              	.L53:
 743:Drivers/STM32G0xx_HAL_Driver/Src/stm32g0xx_hal_rcc_ex.c ****         {
 722              		.loc 1 743 14 is_stmt 1 view .LVU208
 743:Drivers/STM32G0xx_HAL_Driver/Src/stm32g0xx_hal_rcc_ex.c ****         {
 723              		.loc 1 743 19 is_stmt 0 view .LVU209
 724 00f2 5F4B     		ldr	r3, .L94
 725 00f4 DB6D     		ldr	r3, [r3, #92]
 726 00f6 0222     		movs	r2, #2
 727 00f8 1000     		movs	r0, r2
 728              	.LVL47:
 743:Drivers/STM32G0xx_HAL_Driver/Src/stm32g0xx_hal_rcc_ex.c ****         {
 729              		.loc 1 743 19 view .LVU210
 730 00fa 1840     		ands	r0, r3
 743:Drivers/STM32G0xx_HAL_Driver/Src/stm32g0xx_hal_rcc_ex.c ****         {
 731              		.loc 1 743 17 view .LVU211
 732 00fc 1A42     		tst	r2, r3
 733 00fe DFD0     		beq	.L36
 743:Drivers/STM32G0xx_HAL_Driver/Src/stm32g0xx_hal_rcc_ex.c ****         {
 734              		.loc 1 743 63 discriminator 1 view .LVU212
 735 0100 0C29     		cmp	r1, #12
 736 0102 00D1     		bne	.LCB658
 737 0104 A9E0     		b	.L68	@long jump
 738              	.LCB658:
 612:Drivers/STM32G0xx_HAL_Driver/Src/stm32g0xx_hal_rcc_ex.c ****   uint32_t srcclk;
 739              		.loc 1 612 12 view .LVU213
 740 0106 0020     		movs	r0, #0
 741 0108 DAE7     		b	.L36
 742              	.LVL48:
 743              	.L85:
 670:Drivers/STM32G0xx_HAL_Driver/Src/stm32g0xx_hal_rcc_ex.c ****     {
 744              		.loc 1 670 5 view .LVU214
 745 010a 0020     		movs	r0, #0
 746              	.LVL49:
 670:Drivers/STM32G0xx_HAL_Driver/Src/stm32g0xx_hal_rcc_ex.c ****     {
 747              		.loc 1 670 5 view .LVU215
 748 010c D8E7     		b	.L36
 749              	.LVL50:
 750              	.L82:
 670:Drivers/STM32G0xx_HAL_Driver/Src/stm32g0xx_hal_rcc_ex.c ****     {
ARM GAS  C:\Users\Asus\AppData\Local\Temp\ccCYPacf.s 			page 36


 751              		.loc 1 670 5 view .LVU216
 752 010e 0020     		movs	r0, #0
 753              	.LVL51:
 670:Drivers/STM32G0xx_HAL_Driver/Src/stm32g0xx_hal_rcc_ex.c ****     {
 754              		.loc 1 670 5 view .LVU217
 755 0110 D6E7     		b	.L36
 756              	.LVL52:
 757              	.L44:
 702:Drivers/STM32G0xx_HAL_Driver/Src/stm32g0xx_hal_rcc_ex.c **** 
 758              		.loc 1 702 9 is_stmt 1 view .LVU218
 702:Drivers/STM32G0xx_HAL_Driver/Src/stm32g0xx_hal_rcc_ex.c **** 
 759              		.loc 1 702 18 is_stmt 0 view .LVU219
 760 0112 574B     		ldr	r3, .L94
 761 0114 5B6D     		ldr	r3, [r3, #84]
 702:Drivers/STM32G0xx_HAL_Driver/Src/stm32g0xx_hal_rcc_ex.c **** 
 762              		.loc 1 702 16 view .LVU220
 763 0116 0322     		movs	r2, #3
 764 0118 1100     		movs	r1, r2
 765 011a 1940     		ands	r1, r3
 766              	.LVL53:
 704:Drivers/STM32G0xx_HAL_Driver/Src/stm32g0xx_hal_rcc_ex.c ****         {
 767              		.loc 1 704 9 is_stmt 1 view .LVU221
 704:Drivers/STM32G0xx_HAL_Driver/Src/stm32g0xx_hal_rcc_ex.c ****         {
 768              		.loc 1 704 12 is_stmt 0 view .LVU222
 769 011c 1A42     		tst	r2, r3
 770 011e 14D0     		beq	.L88
 708:Drivers/STM32G0xx_HAL_Driver/Src/stm32g0xx_hal_rcc_ex.c ****         {
 771              		.loc 1 708 14 is_stmt 1 view .LVU223
 708:Drivers/STM32G0xx_HAL_Driver/Src/stm32g0xx_hal_rcc_ex.c ****         {
 772              		.loc 1 708 17 is_stmt 0 view .LVU224
 773 0120 0129     		cmp	r1, #1
 774 0122 15D0     		beq	.L89
 712:Drivers/STM32G0xx_HAL_Driver/Src/stm32g0xx_hal_rcc_ex.c ****         {
 775              		.loc 1 712 14 is_stmt 1 view .LVU225
 712:Drivers/STM32G0xx_HAL_Driver/Src/stm32g0xx_hal_rcc_ex.c ****         {
 776              		.loc 1 712 19 is_stmt 0 view .LVU226
 777 0124 524B     		ldr	r3, .L94
 778 0126 1B68     		ldr	r3, [r3]
 712:Drivers/STM32G0xx_HAL_Driver/Src/stm32g0xx_hal_rcc_ex.c ****         {
 779              		.loc 1 712 17 view .LVU227
 780 0128 5B05     		lsls	r3, r3, #21
 781 012a 02D5     		bpl	.L50
 712:Drivers/STM32G0xx_HAL_Driver/Src/stm32g0xx_hal_rcc_ex.c ****         {
 782              		.loc 1 712 59 discriminator 1 view .LVU228
 783 012c 0229     		cmp	r1, #2
 784 012e 00D1     		bne	.LCB701
 785 0130 8CE0     		b	.L65	@long jump
 786              	.LCB701:
 787              	.L50:
 716:Drivers/STM32G0xx_HAL_Driver/Src/stm32g0xx_hal_rcc_ex.c ****         {
 788              		.loc 1 716 14 is_stmt 1 view .LVU229
 716:Drivers/STM32G0xx_HAL_Driver/Src/stm32g0xx_hal_rcc_ex.c ****         {
 789              		.loc 1 716 19 is_stmt 0 view .LVU230
 790 0132 4F4B     		ldr	r3, .L94
 791 0134 DB6D     		ldr	r3, [r3, #92]
 792 0136 0222     		movs	r2, #2
 793 0138 1000     		movs	r0, r2
ARM GAS  C:\Users\Asus\AppData\Local\Temp\ccCYPacf.s 			page 37


 794              	.LVL54:
 716:Drivers/STM32G0xx_HAL_Driver/Src/stm32g0xx_hal_rcc_ex.c ****         {
 795              		.loc 1 716 19 view .LVU231
 796 013a 1840     		ands	r0, r3
 716:Drivers/STM32G0xx_HAL_Driver/Src/stm32g0xx_hal_rcc_ex.c ****         {
 797              		.loc 1 716 17 view .LVU232
 798 013c 1A42     		tst	r2, r3
 799 013e BFD0     		beq	.L36
 716:Drivers/STM32G0xx_HAL_Driver/Src/stm32g0xx_hal_rcc_ex.c ****         {
 800              		.loc 1 716 63 discriminator 1 view .LVU233
 801 0140 0329     		cmp	r1, #3
 802 0142 00D1     		bne	.LCB713
 803 0144 84E0     		b	.L66	@long jump
 804              	.LCB713:
 612:Drivers/STM32G0xx_HAL_Driver/Src/stm32g0xx_hal_rcc_ex.c ****   uint32_t srcclk;
 805              		.loc 1 612 12 view .LVU234
 806 0146 0020     		movs	r0, #0
 807 0148 BAE7     		b	.L36
 808              	.LVL55:
 809              	.L88:
 706:Drivers/STM32G0xx_HAL_Driver/Src/stm32g0xx_hal_rcc_ex.c ****         }
 810              		.loc 1 706 11 is_stmt 1 view .LVU235
 706:Drivers/STM32G0xx_HAL_Driver/Src/stm32g0xx_hal_rcc_ex.c ****         }
 811              		.loc 1 706 23 is_stmt 0 view .LVU236
 812 014a FFF7FEFF 		bl	HAL_RCC_GetPCLK1Freq
 813              	.LVL56:
 706:Drivers/STM32G0xx_HAL_Driver/Src/stm32g0xx_hal_rcc_ex.c ****         }
 814              		.loc 1 706 23 view .LVU237
 815 014e B7E7     		b	.L36
 816              	.LVL57:
 817              	.L89:
 710:Drivers/STM32G0xx_HAL_Driver/Src/stm32g0xx_hal_rcc_ex.c ****         }
 818              		.loc 1 710 11 is_stmt 1 view .LVU238
 710:Drivers/STM32G0xx_HAL_Driver/Src/stm32g0xx_hal_rcc_ex.c ****         }
 819              		.loc 1 710 23 is_stmt 0 view .LVU239
 820 0150 FFF7FEFF 		bl	HAL_RCC_GetSysClockFreq
 821              	.LVL58:
 710:Drivers/STM32G0xx_HAL_Driver/Src/stm32g0xx_hal_rcc_ex.c ****         }
 822              		.loc 1 710 23 view .LVU240
 823 0154 B4E7     		b	.L36
 824              	.LVL59:
 825              	.L86:
 733:Drivers/STM32G0xx_HAL_Driver/Src/stm32g0xx_hal_rcc_ex.c ****         }
 826              		.loc 1 733 11 is_stmt 1 view .LVU241
 733:Drivers/STM32G0xx_HAL_Driver/Src/stm32g0xx_hal_rcc_ex.c ****         }
 827              		.loc 1 733 23 is_stmt 0 view .LVU242
 828 0156 FFF7FEFF 		bl	HAL_RCC_GetPCLK1Freq
 829              	.LVL60:
 733:Drivers/STM32G0xx_HAL_Driver/Src/stm32g0xx_hal_rcc_ex.c ****         }
 830              		.loc 1 733 23 view .LVU243
 831 015a B1E7     		b	.L36
 832              	.LVL61:
 833              	.L87:
 737:Drivers/STM32G0xx_HAL_Driver/Src/stm32g0xx_hal_rcc_ex.c ****         }
 834              		.loc 1 737 11 is_stmt 1 view .LVU244
 737:Drivers/STM32G0xx_HAL_Driver/Src/stm32g0xx_hal_rcc_ex.c ****         }
 835              		.loc 1 737 23 is_stmt 0 view .LVU245
ARM GAS  C:\Users\Asus\AppData\Local\Temp\ccCYPacf.s 			page 38


 836 015c FFF7FEFF 		bl	HAL_RCC_GetSysClockFreq
 837              	.LVL62:
 737:Drivers/STM32G0xx_HAL_Driver/Src/stm32g0xx_hal_rcc_ex.c ****         }
 838              		.loc 1 737 23 view .LVU246
 839 0160 AEE7     		b	.L36
 840              	.LVL63:
 841              	.L83:
 869:Drivers/STM32G0xx_HAL_Driver/Src/stm32g0xx_hal_rcc_ex.c ****         }
 842              		.loc 1 869 11 is_stmt 1 view .LVU247
 869:Drivers/STM32G0xx_HAL_Driver/Src/stm32g0xx_hal_rcc_ex.c ****         }
 843              		.loc 1 869 23 is_stmt 0 view .LVU248
 844 0162 FFF7FEFF 		bl	HAL_RCC_GetSysClockFreq
 845              	.LVL64:
 869:Drivers/STM32G0xx_HAL_Driver/Src/stm32g0xx_hal_rcc_ex.c ****         }
 846              		.loc 1 869 23 view .LVU249
 847 0166 ABE7     		b	.L36
 848              	.LVL65:
 849              	.L84:
 877:Drivers/STM32G0xx_HAL_Driver/Src/stm32g0xx_hal_rcc_ex.c ****           {
 850              		.loc 1 877 11 is_stmt 1 view .LVU250
 877:Drivers/STM32G0xx_HAL_Driver/Src/stm32g0xx_hal_rcc_ex.c ****           {
 851              		.loc 1 877 15 is_stmt 0 view .LVU251
 852 0168 414B     		ldr	r3, .L94
 853 016a D968     		ldr	r1, [r3, #12]
 854              	.LVL66:
 877:Drivers/STM32G0xx_HAL_Driver/Src/stm32g0xx_hal_rcc_ex.c ****           {
 855              		.loc 1 877 15 view .LVU252
 856 016c 8023     		movs	r3, #128
 857 016e 5B02     		lsls	r3, r3, #9
 858 0170 0800     		movs	r0, r1
 859              	.LVL67:
 877:Drivers/STM32G0xx_HAL_Driver/Src/stm32g0xx_hal_rcc_ex.c ****           {
 860              		.loc 1 877 15 view .LVU253
 861 0172 1840     		ands	r0, r3
 877:Drivers/STM32G0xx_HAL_Driver/Src/stm32g0xx_hal_rcc_ex.c ****           {
 862              		.loc 1 877 14 view .LVU254
 863 0174 1942     		tst	r1, r3
 864 0176 A3D0     		beq	.L36
 880:Drivers/STM32G0xx_HAL_Driver/Src/stm32g0xx_hal_rcc_ex.c ****             frequency = (pllvco * plln) / ((READ_BIT(RCC->PLLCFGR, RCC_PLLCFGR_PLLP) >> RCC_PLLCFGR
 865              		.loc 1 880 13 is_stmt 1 view .LVU255
 880:Drivers/STM32G0xx_HAL_Driver/Src/stm32g0xx_hal_rcc_ex.c ****             frequency = (pllvco * plln) / ((READ_BIT(RCC->PLLCFGR, RCC_PLLCFGR_PLLP) >> RCC_PLLCFGR
 866              		.loc 1 880 20 is_stmt 0 view .LVU256
 867 0178 3D49     		ldr	r1, .L94
 868 017a CB68     		ldr	r3, [r1, #12]
 880:Drivers/STM32G0xx_HAL_Driver/Src/stm32g0xx_hal_rcc_ex.c ****             frequency = (pllvco * plln) / ((READ_BIT(RCC->PLLCFGR, RCC_PLLCFGR_PLLP) >> RCC_PLLCFGR
 869              		.loc 1 880 61 view .LVU257
 870 017c 1B0A     		lsrs	r3, r3, #8
 880:Drivers/STM32G0xx_HAL_Driver/Src/stm32g0xx_hal_rcc_ex.c ****             frequency = (pllvco * plln) / ((READ_BIT(RCC->PLLCFGR, RCC_PLLCFGR_PLLP) >> RCC_PLLCFGR
 871              		.loc 1 880 18 view .LVU258
 872 017e 7F20     		movs	r0, #127
 873 0180 1840     		ands	r0, r3
 874              	.LVL68:
 881:Drivers/STM32G0xx_HAL_Driver/Src/stm32g0xx_hal_rcc_ex.c ****           }
 875              		.loc 1 881 13 is_stmt 1 view .LVU259
 881:Drivers/STM32G0xx_HAL_Driver/Src/stm32g0xx_hal_rcc_ex.c ****           }
 876              		.loc 1 881 33 is_stmt 0 view .LVU260
 877 0182 5043     		muls	r0, r2
ARM GAS  C:\Users\Asus\AppData\Local\Temp\ccCYPacf.s 			page 39


 878              	.LVL69:
 881:Drivers/STM32G0xx_HAL_Driver/Src/stm32g0xx_hal_rcc_ex.c ****           }
 879              		.loc 1 881 45 view .LVU261
 880 0184 CB68     		ldr	r3, [r1, #12]
 881              	.LVL70:
 881:Drivers/STM32G0xx_HAL_Driver/Src/stm32g0xx_hal_rcc_ex.c ****           }
 882              		.loc 1 881 86 view .LVU262
 883 0186 5B0C     		lsrs	r3, r3, #17
 884 0188 1F21     		movs	r1, #31
 885 018a 1940     		ands	r1, r3
 881:Drivers/STM32G0xx_HAL_Driver/Src/stm32g0xx_hal_rcc_ex.c ****           }
 886              		.loc 1 881 111 view .LVU263
 887 018c 0131     		adds	r1, r1, #1
 881:Drivers/STM32G0xx_HAL_Driver/Src/stm32g0xx_hal_rcc_ex.c ****           }
 888              		.loc 1 881 23 view .LVU264
 889 018e FFF7FEFF 		bl	__aeabi_uidiv
 890              	.LVL71:
 881:Drivers/STM32G0xx_HAL_Driver/Src/stm32g0xx_hal_rcc_ex.c ****           }
 891              		.loc 1 881 23 view .LVU265
 892 0192 95E7     		b	.L36
 893              	.LVL72:
 894              	.L42:
 893:Drivers/STM32G0xx_HAL_Driver/Src/stm32g0xx_hal_rcc_ex.c **** 
 895              		.loc 1 893 9 is_stmt 1 view .LVU266
 893:Drivers/STM32G0xx_HAL_Driver/Src/stm32g0xx_hal_rcc_ex.c **** 
 896              		.loc 1 893 18 is_stmt 0 view .LVU267
 897 0194 364B     		ldr	r3, .L94
 898 0196 5A6D     		ldr	r2, [r3, #84]
 893:Drivers/STM32G0xx_HAL_Driver/Src/stm32g0xx_hal_rcc_ex.c **** 
 899              		.loc 1 893 16 view .LVU268
 900 0198 C023     		movs	r3, #192
 901 019a 9B01     		lsls	r3, r3, #6
 902 019c 1100     		movs	r1, r2
 903 019e 1940     		ands	r1, r3
 904              	.LVL73:
 895:Drivers/STM32G0xx_HAL_Driver/Src/stm32g0xx_hal_rcc_ex.c ****         {
 905              		.loc 1 895 9 is_stmt 1 view .LVU269
 895:Drivers/STM32G0xx_HAL_Driver/Src/stm32g0xx_hal_rcc_ex.c ****         {
 906              		.loc 1 895 12 is_stmt 0 view .LVU270
 907 01a0 1A42     		tst	r2, r3
 908 01a2 12D0     		beq	.L90
 899:Drivers/STM32G0xx_HAL_Driver/Src/stm32g0xx_hal_rcc_ex.c ****         {
 909              		.loc 1 899 14 is_stmt 1 view .LVU271
 899:Drivers/STM32G0xx_HAL_Driver/Src/stm32g0xx_hal_rcc_ex.c ****         {
 910              		.loc 1 899 17 is_stmt 0 view .LVU272
 911 01a4 8023     		movs	r3, #128
 912 01a6 5B01     		lsls	r3, r3, #5
 913 01a8 9942     		cmp	r1, r3
 914 01aa 11D0     		beq	.L91
 903:Drivers/STM32G0xx_HAL_Driver/Src/stm32g0xx_hal_rcc_ex.c ****         {
 915              		.loc 1 903 14 is_stmt 1 view .LVU273
 903:Drivers/STM32G0xx_HAL_Driver/Src/stm32g0xx_hal_rcc_ex.c ****         {
 916              		.loc 1 903 19 is_stmt 0 view .LVU274
 917 01ac 304B     		ldr	r3, .L94
 918 01ae 1A68     		ldr	r2, [r3]
 919 01b0 8023     		movs	r3, #128
 920 01b2 DB00     		lsls	r3, r3, #3
ARM GAS  C:\Users\Asus\AppData\Local\Temp\ccCYPacf.s 			page 40


 921 01b4 1000     		movs	r0, r2
 922              	.LVL74:
 903:Drivers/STM32G0xx_HAL_Driver/Src/stm32g0xx_hal_rcc_ex.c ****         {
 923              		.loc 1 903 19 view .LVU275
 924 01b6 1840     		ands	r0, r3
 903:Drivers/STM32G0xx_HAL_Driver/Src/stm32g0xx_hal_rcc_ex.c ****         {
 925              		.loc 1 903 17 view .LVU276
 926 01b8 1A42     		tst	r2, r3
 927 01ba 00D1     		bne	.LCB843
 928 01bc 80E7     		b	.L36	@long jump
 929              	.LCB843:
 903:Drivers/STM32G0xx_HAL_Driver/Src/stm32g0xx_hal_rcc_ex.c ****         {
 930              		.loc 1 903 59 discriminator 1 view .LVU277
 931 01be 8023     		movs	r3, #128
 932 01c0 9B01     		lsls	r3, r3, #6
 933 01c2 9942     		cmp	r1, r3
 934 01c4 4ED0     		beq	.L71
 612:Drivers/STM32G0xx_HAL_Driver/Src/stm32g0xx_hal_rcc_ex.c ****   uint32_t srcclk;
 935              		.loc 1 612 12 view .LVU278
 936 01c6 0020     		movs	r0, #0
 937 01c8 7AE7     		b	.L36
 938              	.LVL75:
 939              	.L90:
 897:Drivers/STM32G0xx_HAL_Driver/Src/stm32g0xx_hal_rcc_ex.c ****         }
 940              		.loc 1 897 11 is_stmt 1 view .LVU279
 897:Drivers/STM32G0xx_HAL_Driver/Src/stm32g0xx_hal_rcc_ex.c ****         }
 941              		.loc 1 897 23 is_stmt 0 view .LVU280
 942 01ca FFF7FEFF 		bl	HAL_RCC_GetPCLK1Freq
 943              	.LVL76:
 897:Drivers/STM32G0xx_HAL_Driver/Src/stm32g0xx_hal_rcc_ex.c ****         }
 944              		.loc 1 897 23 view .LVU281
 945 01ce 77E7     		b	.L36
 946              	.LVL77:
 947              	.L91:
 901:Drivers/STM32G0xx_HAL_Driver/Src/stm32g0xx_hal_rcc_ex.c ****         }
 948              		.loc 1 901 11 is_stmt 1 view .LVU282
 901:Drivers/STM32G0xx_HAL_Driver/Src/stm32g0xx_hal_rcc_ex.c ****         }
 949              		.loc 1 901 23 is_stmt 0 view .LVU283
 950 01d0 FFF7FEFF 		bl	HAL_RCC_GetSysClockFreq
 951              	.LVL78:
 901:Drivers/STM32G0xx_HAL_Driver/Src/stm32g0xx_hal_rcc_ex.c ****         }
 952              		.loc 1 901 23 view .LVU284
 953 01d4 74E7     		b	.L36
 954              	.LVL79:
 955              	.L46:
 941:Drivers/STM32G0xx_HAL_Driver/Src/stm32g0xx_hal_rcc_ex.c **** 
 956              		.loc 1 941 9 is_stmt 1 view .LVU285
 941:Drivers/STM32G0xx_HAL_Driver/Src/stm32g0xx_hal_rcc_ex.c **** 
 957              		.loc 1 941 18 is_stmt 0 view .LVU286
 958 01d6 264B     		ldr	r3, .L94
 959 01d8 5B6D     		ldr	r3, [r3, #84]
 941:Drivers/STM32G0xx_HAL_Driver/Src/stm32g0xx_hal_rcc_ex.c **** 
 960              		.loc 1 941 16 view .LVU287
 961 01da C021     		movs	r1, #192
 962 01dc 0902     		lsls	r1, r1, #8
 963 01de 0B40     		ands	r3, r1
 964              	.LVL80:
ARM GAS  C:\Users\Asus\AppData\Local\Temp\ccCYPacf.s 			page 41


 943:Drivers/STM32G0xx_HAL_Driver/Src/stm32g0xx_hal_rcc_ex.c ****         {
 965              		.loc 1 943 9 is_stmt 1 view .LVU288
 943:Drivers/STM32G0xx_HAL_Driver/Src/stm32g0xx_hal_rcc_ex.c ****         {
 966              		.loc 1 943 12 is_stmt 0 view .LVU289
 967 01e0 8021     		movs	r1, #128
 968 01e2 C901     		lsls	r1, r1, #7
 969 01e4 8B42     		cmp	r3, r1
 970 01e6 0FD0     		beq	.L92
 952:Drivers/STM32G0xx_HAL_Driver/Src/stm32g0xx_hal_rcc_ex.c ****         {
 971              		.loc 1 952 14 is_stmt 1 view .LVU290
 952:Drivers/STM32G0xx_HAL_Driver/Src/stm32g0xx_hal_rcc_ex.c ****         {
 972              		.loc 1 952 17 is_stmt 0 view .LVU291
 973 01e8 002B     		cmp	r3, #0
 974 01ea 24D0     		beq	.L93
 956:Drivers/STM32G0xx_HAL_Driver/Src/stm32g0xx_hal_rcc_ex.c ****         {
 975              		.loc 1 956 14 is_stmt 1 view .LVU292
 956:Drivers/STM32G0xx_HAL_Driver/Src/stm32g0xx_hal_rcc_ex.c ****         {
 976              		.loc 1 956 19 is_stmt 0 view .LVU293
 977 01ec 204A     		ldr	r2, .L94
 978 01ee 1268     		ldr	r2, [r2]
 956:Drivers/STM32G0xx_HAL_Driver/Src/stm32g0xx_hal_rcc_ex.c ****         {
 979              		.loc 1 956 17 view .LVU294
 980 01f0 5205     		lsls	r2, r2, #21
 981 01f2 03D5     		bpl	.L59
 956:Drivers/STM32G0xx_HAL_Driver/Src/stm32g0xx_hal_rcc_ex.c ****         {
 982              		.loc 1 956 59 discriminator 1 view .LVU295
 983 01f4 8022     		movs	r2, #128
 984 01f6 1202     		lsls	r2, r2, #8
 985 01f8 9342     		cmp	r3, r2
 986 01fa 35D0     		beq	.L72
 987              	.L59:
 960:Drivers/STM32G0xx_HAL_Driver/Src/stm32g0xx_hal_rcc_ex.c ****         {
 988              		.loc 1 960 14 is_stmt 1 view .LVU296
 960:Drivers/STM32G0xx_HAL_Driver/Src/stm32g0xx_hal_rcc_ex.c ****         {
 989              		.loc 1 960 17 is_stmt 0 view .LVU297
 990 01fc C022     		movs	r2, #192
 991 01fe 1202     		lsls	r2, r2, #8
 992 0200 9342     		cmp	r3, r2
 993 0202 33D0     		beq	.L73
 612:Drivers/STM32G0xx_HAL_Driver/Src/stm32g0xx_hal_rcc_ex.c ****   uint32_t srcclk;
 994              		.loc 1 612 12 view .LVU298
 995 0204 0020     		movs	r0, #0
 996              	.LVL81:
 612:Drivers/STM32G0xx_HAL_Driver/Src/stm32g0xx_hal_rcc_ex.c ****   uint32_t srcclk;
 997              		.loc 1 612 12 view .LVU299
 998 0206 5BE7     		b	.L36
 999              	.LVL82:
 1000              	.L92:
 945:Drivers/STM32G0xx_HAL_Driver/Src/stm32g0xx_hal_rcc_ex.c ****           {
 1001              		.loc 1 945 11 is_stmt 1 view .LVU300
 945:Drivers/STM32G0xx_HAL_Driver/Src/stm32g0xx_hal_rcc_ex.c ****           {
 1002              		.loc 1 945 15 is_stmt 0 view .LVU301
 1003 0208 194B     		ldr	r3, .L94
 1004              	.LVL83:
 945:Drivers/STM32G0xx_HAL_Driver/Src/stm32g0xx_hal_rcc_ex.c ****           {
 1005              		.loc 1 945 15 view .LVU302
 1006 020a D968     		ldr	r1, [r3, #12]
ARM GAS  C:\Users\Asus\AppData\Local\Temp\ccCYPacf.s 			page 42


 1007 020c 8023     		movs	r3, #128
 1008 020e 5B02     		lsls	r3, r3, #9
 1009 0210 0800     		movs	r0, r1
 1010              	.LVL84:
 945:Drivers/STM32G0xx_HAL_Driver/Src/stm32g0xx_hal_rcc_ex.c ****           {
 1011              		.loc 1 945 15 view .LVU303
 1012 0212 1840     		ands	r0, r3
 945:Drivers/STM32G0xx_HAL_Driver/Src/stm32g0xx_hal_rcc_ex.c ****           {
 1013              		.loc 1 945 14 view .LVU304
 1014 0214 1942     		tst	r1, r3
 1015 0216 00D1     		bne	.LCB927
 1016 0218 52E7     		b	.L36	@long jump
 1017              	.LCB927:
 948:Drivers/STM32G0xx_HAL_Driver/Src/stm32g0xx_hal_rcc_ex.c ****             frequency = (pllvco * plln) / ((READ_BIT(RCC->PLLCFGR, RCC_PLLCFGR_PLLP) >> RCC_PLLCFGR
 1018              		.loc 1 948 13 is_stmt 1 view .LVU305
 948:Drivers/STM32G0xx_HAL_Driver/Src/stm32g0xx_hal_rcc_ex.c ****             frequency = (pllvco * plln) / ((READ_BIT(RCC->PLLCFGR, RCC_PLLCFGR_PLLP) >> RCC_PLLCFGR
 1019              		.loc 1 948 20 is_stmt 0 view .LVU306
 1020 021a 1549     		ldr	r1, .L94
 1021 021c CB68     		ldr	r3, [r1, #12]
 948:Drivers/STM32G0xx_HAL_Driver/Src/stm32g0xx_hal_rcc_ex.c ****             frequency = (pllvco * plln) / ((READ_BIT(RCC->PLLCFGR, RCC_PLLCFGR_PLLP) >> RCC_PLLCFGR
 1022              		.loc 1 948 61 view .LVU307
 1023 021e 1B0A     		lsrs	r3, r3, #8
 948:Drivers/STM32G0xx_HAL_Driver/Src/stm32g0xx_hal_rcc_ex.c ****             frequency = (pllvco * plln) / ((READ_BIT(RCC->PLLCFGR, RCC_PLLCFGR_PLLP) >> RCC_PLLCFGR
 1024              		.loc 1 948 18 view .LVU308
 1025 0220 7F20     		movs	r0, #127
 1026 0222 1840     		ands	r0, r3
 1027              	.LVL85:
 949:Drivers/STM32G0xx_HAL_Driver/Src/stm32g0xx_hal_rcc_ex.c ****           }
 1028              		.loc 1 949 13 is_stmt 1 view .LVU309
 949:Drivers/STM32G0xx_HAL_Driver/Src/stm32g0xx_hal_rcc_ex.c ****           }
 1029              		.loc 1 949 33 is_stmt 0 view .LVU310
 1030 0224 5043     		muls	r0, r2
 1031              	.LVL86:
 949:Drivers/STM32G0xx_HAL_Driver/Src/stm32g0xx_hal_rcc_ex.c ****           }
 1032              		.loc 1 949 45 view .LVU311
 1033 0226 CB68     		ldr	r3, [r1, #12]
 1034              	.LVL87:
 949:Drivers/STM32G0xx_HAL_Driver/Src/stm32g0xx_hal_rcc_ex.c ****           }
 1035              		.loc 1 949 86 view .LVU312
 1036 0228 5B0C     		lsrs	r3, r3, #17
 1037 022a 1F21     		movs	r1, #31
 1038 022c 1940     		ands	r1, r3
 949:Drivers/STM32G0xx_HAL_Driver/Src/stm32g0xx_hal_rcc_ex.c ****           }
 1039              		.loc 1 949 111 view .LVU313
 1040 022e 0131     		adds	r1, r1, #1
 949:Drivers/STM32G0xx_HAL_Driver/Src/stm32g0xx_hal_rcc_ex.c ****           }
 1041              		.loc 1 949 23 view .LVU314
 1042 0230 FFF7FEFF 		bl	__aeabi_uidiv
 1043              	.LVL88:
 949:Drivers/STM32G0xx_HAL_Driver/Src/stm32g0xx_hal_rcc_ex.c ****           }
 1044              		.loc 1 949 23 view .LVU315
 1045 0234 44E7     		b	.L36
 1046              	.LVL89:
 1047              	.L93:
 954:Drivers/STM32G0xx_HAL_Driver/Src/stm32g0xx_hal_rcc_ex.c ****         }
 1048              		.loc 1 954 11 is_stmt 1 view .LVU316
 954:Drivers/STM32G0xx_HAL_Driver/Src/stm32g0xx_hal_rcc_ex.c ****         }
ARM GAS  C:\Users\Asus\AppData\Local\Temp\ccCYPacf.s 			page 43


 1049              		.loc 1 954 23 is_stmt 0 view .LVU317
 1050 0236 FFF7FEFF 		bl	HAL_RCC_GetSysClockFreq
 1051              	.LVL90:
 954:Drivers/STM32G0xx_HAL_Driver/Src/stm32g0xx_hal_rcc_ex.c ****         }
 1052              		.loc 1 954 23 view .LVU318
 1053 023a 41E7     		b	.L36
 1054              	.LVL91:
 1055              	.L60:
 631:Drivers/STM32G0xx_HAL_Driver/Src/stm32g0xx_hal_rcc_ex.c ****     }
 1056              		.loc 1 631 17 view .LVU319
 1057 023c 8020     		movs	r0, #128
 1058              	.LVL92:
 631:Drivers/STM32G0xx_HAL_Driver/Src/stm32g0xx_hal_rcc_ex.c ****     }
 1059              		.loc 1 631 17 view .LVU320
 1060 023e 0002     		lsls	r0, r0, #8
 1061 0240 3EE7     		b	.L36
 1062              	.LVL93:
 1063              	.L61:
 636:Drivers/STM32G0xx_HAL_Driver/Src/stm32g0xx_hal_rcc_ex.c ****     }
 1064              		.loc 1 636 17 view .LVU321
 1065 0242 FA20     		movs	r0, #250
 1066              	.LVL94:
 636:Drivers/STM32G0xx_HAL_Driver/Src/stm32g0xx_hal_rcc_ex.c ****     }
 1067              		.loc 1 636 17 view .LVU322
 1068 0244 C001     		lsls	r0, r0, #7
 1069 0246 3BE7     		b	.L36
 1070              	.L62:
 641:Drivers/STM32G0xx_HAL_Driver/Src/stm32g0xx_hal_rcc_ex.c ****     }
 1071              		.loc 1 641 17 view .LVU323
 1072 0248 0C48     		ldr	r0, .L94+12
 1073 024a 39E7     		b	.L36
 1074              	.LVL95:
 1075              	.L65:
 714:Drivers/STM32G0xx_HAL_Driver/Src/stm32g0xx_hal_rcc_ex.c ****         }
 1076              		.loc 1 714 21 view .LVU324
 1077 024c 0A48     		ldr	r0, .L94+8
 1078              	.LVL96:
 714:Drivers/STM32G0xx_HAL_Driver/Src/stm32g0xx_hal_rcc_ex.c ****         }
 1079              		.loc 1 714 21 view .LVU325
 1080 024e 37E7     		b	.L36
 1081              	.L66:
 718:Drivers/STM32G0xx_HAL_Driver/Src/stm32g0xx_hal_rcc_ex.c ****         }
 1082              		.loc 1 718 21 view .LVU326
 1083 0250 8020     		movs	r0, #128
 1084 0252 0002     		lsls	r0, r0, #8
 1085 0254 34E7     		b	.L36
 1086              	.LVL97:
 1087              	.L67:
 741:Drivers/STM32G0xx_HAL_Driver/Src/stm32g0xx_hal_rcc_ex.c ****         }
 1088              		.loc 1 741 21 view .LVU327
 1089 0256 0848     		ldr	r0, .L94+8
 1090              	.LVL98:
 741:Drivers/STM32G0xx_HAL_Driver/Src/stm32g0xx_hal_rcc_ex.c ****         }
 1091              		.loc 1 741 21 view .LVU328
 1092 0258 32E7     		b	.L36
 1093              	.L68:
 745:Drivers/STM32G0xx_HAL_Driver/Src/stm32g0xx_hal_rcc_ex.c ****         }
ARM GAS  C:\Users\Asus\AppData\Local\Temp\ccCYPacf.s 			page 44


 1094              		.loc 1 745 21 view .LVU329
 1095 025a 8020     		movs	r0, #128
 1096 025c 0002     		lsls	r0, r0, #8
 1097 025e 2FE7     		b	.L36
 1098              	.LVL99:
 1099              	.L69:
 873:Drivers/STM32G0xx_HAL_Driver/Src/stm32g0xx_hal_rcc_ex.c ****         }
 1100              		.loc 1 873 21 view .LVU330
 1101 0260 0548     		ldr	r0, .L94+8
 1102              	.LVL100:
 873:Drivers/STM32G0xx_HAL_Driver/Src/stm32g0xx_hal_rcc_ex.c ****         }
 1103              		.loc 1 873 21 view .LVU331
 1104 0262 2DE7     		b	.L36
 1105              	.LVL101:
 1106              	.L71:
 905:Drivers/STM32G0xx_HAL_Driver/Src/stm32g0xx_hal_rcc_ex.c ****         }
 1107              		.loc 1 905 21 view .LVU332
 1108 0264 0448     		ldr	r0, .L94+8
 1109 0266 2BE7     		b	.L36
 1110              	.LVL102:
 1111              	.L72:
 958:Drivers/STM32G0xx_HAL_Driver/Src/stm32g0xx_hal_rcc_ex.c ****         }
 1112              		.loc 1 958 21 view .LVU333
 1113 0268 0348     		ldr	r0, .L94+8
 1114              	.LVL103:
 958:Drivers/STM32G0xx_HAL_Driver/Src/stm32g0xx_hal_rcc_ex.c ****         }
 1115              		.loc 1 958 21 view .LVU334
 1116 026a 29E7     		b	.L36
 1117              	.LVL104:
 1118              	.L73:
 963:Drivers/STM32G0xx_HAL_Driver/Src/stm32g0xx_hal_rcc_ex.c ****         }
 1119              		.loc 1 963 21 view .LVU335
 1120 026c 0448     		ldr	r0, .L94+16
 1121              	.LVL105:
1186:Drivers/STM32G0xx_HAL_Driver/Src/stm32g0xx_hal_rcc_ex.c **** }
 1122              		.loc 1 1186 3 is_stmt 1 view .LVU336
1186:Drivers/STM32G0xx_HAL_Driver/Src/stm32g0xx_hal_rcc_ex.c **** }
 1123              		.loc 1 1186 10 is_stmt 0 view .LVU337
 1124 026e 27E7     		b	.L36
 1125              	.L95:
 1126              		.align	2
 1127              	.L94:
 1128 0270 00100240 		.word	1073876992
 1129 0274 00127A00 		.word	8000000
 1130 0278 0024F400 		.word	16000000
 1131 027c 90D00300 		.word	250000
 1132 0280 0080BB00 		.word	12288000
 1133              		.cfi_endproc
 1134              	.LFE312:
 1136              		.section	.text.HAL_RCCEx_EnableLSCO,"ax",%progbits
 1137              		.align	1
 1138              		.global	HAL_RCCEx_EnableLSCO
 1139              		.syntax unified
 1140              		.code	16
 1141              		.thumb_func
 1143              	HAL_RCCEx_EnableLSCO:
 1144              	.LVL106:
ARM GAS  C:\Users\Asus\AppData\Local\Temp\ccCYPacf.s 			page 45


 1145              	.LFB313:
1188:Drivers/STM32G0xx_HAL_Driver/Src/stm32g0xx_hal_rcc_ex.c **** 
1189:Drivers/STM32G0xx_HAL_Driver/Src/stm32g0xx_hal_rcc_ex.c **** /**
1190:Drivers/STM32G0xx_HAL_Driver/Src/stm32g0xx_hal_rcc_ex.c ****   * @}
1191:Drivers/STM32G0xx_HAL_Driver/Src/stm32g0xx_hal_rcc_ex.c ****   */
1192:Drivers/STM32G0xx_HAL_Driver/Src/stm32g0xx_hal_rcc_ex.c **** 
1193:Drivers/STM32G0xx_HAL_Driver/Src/stm32g0xx_hal_rcc_ex.c **** /** @defgroup RCCEx_Exported_Functions_Group2 Extended Clock management functions
1194:Drivers/STM32G0xx_HAL_Driver/Src/stm32g0xx_hal_rcc_ex.c ****   *  @brief  Extended Clock management functions
1195:Drivers/STM32G0xx_HAL_Driver/Src/stm32g0xx_hal_rcc_ex.c ****   *
1196:Drivers/STM32G0xx_HAL_Driver/Src/stm32g0xx_hal_rcc_ex.c **** @verbatim
1197:Drivers/STM32G0xx_HAL_Driver/Src/stm32g0xx_hal_rcc_ex.c ****  ===============================================================================
1198:Drivers/STM32G0xx_HAL_Driver/Src/stm32g0xx_hal_rcc_ex.c ****                 ##### Extended clock management functions  #####
1199:Drivers/STM32G0xx_HAL_Driver/Src/stm32g0xx_hal_rcc_ex.c ****  ===============================================================================
1200:Drivers/STM32G0xx_HAL_Driver/Src/stm32g0xx_hal_rcc_ex.c ****     [..]
1201:Drivers/STM32G0xx_HAL_Driver/Src/stm32g0xx_hal_rcc_ex.c ****     This subsection provides a set of functions allowing to control the
1202:Drivers/STM32G0xx_HAL_Driver/Src/stm32g0xx_hal_rcc_ex.c ****     activation or deactivation of LSE CSS, Low speed clock output and
1203:Drivers/STM32G0xx_HAL_Driver/Src/stm32g0xx_hal_rcc_ex.c ****     clock after wake-up from STOP mode.
1204:Drivers/STM32G0xx_HAL_Driver/Src/stm32g0xx_hal_rcc_ex.c **** @endverbatim
1205:Drivers/STM32G0xx_HAL_Driver/Src/stm32g0xx_hal_rcc_ex.c ****   * @{
1206:Drivers/STM32G0xx_HAL_Driver/Src/stm32g0xx_hal_rcc_ex.c ****   */
1207:Drivers/STM32G0xx_HAL_Driver/Src/stm32g0xx_hal_rcc_ex.c **** 
1208:Drivers/STM32G0xx_HAL_Driver/Src/stm32g0xx_hal_rcc_ex.c **** /**
1209:Drivers/STM32G0xx_HAL_Driver/Src/stm32g0xx_hal_rcc_ex.c ****   * @brief  Select the Low Speed clock source to output on LSCO pin (PA2).
1210:Drivers/STM32G0xx_HAL_Driver/Src/stm32g0xx_hal_rcc_ex.c ****   * @param  LSCOSource  specifies the Low Speed clock source to output.
1211:Drivers/STM32G0xx_HAL_Driver/Src/stm32g0xx_hal_rcc_ex.c ****   *          This parameter can be one of the following values:
1212:Drivers/STM32G0xx_HAL_Driver/Src/stm32g0xx_hal_rcc_ex.c ****   *            @arg @ref RCC_LSCOSOURCE_LSI  LSI clock selected as LSCO source
1213:Drivers/STM32G0xx_HAL_Driver/Src/stm32g0xx_hal_rcc_ex.c ****   *            @arg @ref RCC_LSCOSOURCE_LSE  LSE clock selected as LSCO source
1214:Drivers/STM32G0xx_HAL_Driver/Src/stm32g0xx_hal_rcc_ex.c ****   * @retval None
1215:Drivers/STM32G0xx_HAL_Driver/Src/stm32g0xx_hal_rcc_ex.c ****   */
1216:Drivers/STM32G0xx_HAL_Driver/Src/stm32g0xx_hal_rcc_ex.c **** void HAL_RCCEx_EnableLSCO(uint32_t LSCOSource)
1217:Drivers/STM32G0xx_HAL_Driver/Src/stm32g0xx_hal_rcc_ex.c **** {
 1146              		.loc 1 1217 1 is_stmt 1 view -0
 1147              		.cfi_startproc
 1148              		@ args = 0, pretend = 0, frame = 32
 1149              		@ frame_needed = 0, uses_anonymous_args = 0
 1150              		.loc 1 1217 1 is_stmt 0 view .LVU339
 1151 0000 30B5     		push	{r4, r5, lr}
 1152              		.cfi_def_cfa_offset 12
 1153              		.cfi_offset 4, -12
 1154              		.cfi_offset 5, -8
 1155              		.cfi_offset 14, -4
 1156 0002 89B0     		sub	sp, sp, #36
 1157              		.cfi_def_cfa_offset 48
 1158 0004 0500     		movs	r5, r0
1218:Drivers/STM32G0xx_HAL_Driver/Src/stm32g0xx_hal_rcc_ex.c ****   GPIO_InitTypeDef GPIO_InitStruct;
 1159              		.loc 1 1218 3 is_stmt 1 view .LVU340
1219:Drivers/STM32G0xx_HAL_Driver/Src/stm32g0xx_hal_rcc_ex.c ****   FlagStatus       pwrclkchanged = RESET;
 1160              		.loc 1 1219 3 view .LVU341
 1161              	.LVL107:
1220:Drivers/STM32G0xx_HAL_Driver/Src/stm32g0xx_hal_rcc_ex.c ****   FlagStatus       backupchanged = RESET;
 1162              		.loc 1 1220 3 view .LVU342
1221:Drivers/STM32G0xx_HAL_Driver/Src/stm32g0xx_hal_rcc_ex.c **** 
1222:Drivers/STM32G0xx_HAL_Driver/Src/stm32g0xx_hal_rcc_ex.c ****   /* Check the parameters */
1223:Drivers/STM32G0xx_HAL_Driver/Src/stm32g0xx_hal_rcc_ex.c ****   assert_param(IS_RCC_LSCOSOURCE(LSCOSource));
 1163              		.loc 1 1223 3 view .LVU343
1224:Drivers/STM32G0xx_HAL_Driver/Src/stm32g0xx_hal_rcc_ex.c **** 
1225:Drivers/STM32G0xx_HAL_Driver/Src/stm32g0xx_hal_rcc_ex.c ****   /* LSCO Pin Clock Enable */
ARM GAS  C:\Users\Asus\AppData\Local\Temp\ccCYPacf.s 			page 46


1226:Drivers/STM32G0xx_HAL_Driver/Src/stm32g0xx_hal_rcc_ex.c ****   LSCO_CLK_ENABLE();
 1164              		.loc 1 1226 3 view .LVU344
 1165              	.LBB5:
 1166              		.loc 1 1226 3 view .LVU345
 1167              		.loc 1 1226 3 view .LVU346
 1168 0006 224C     		ldr	r4, .L106
 1169 0008 626B     		ldr	r2, [r4, #52]
 1170 000a 0123     		movs	r3, #1
 1171 000c 1A43     		orrs	r2, r3
 1172 000e 6263     		str	r2, [r4, #52]
 1173              		.loc 1 1226 3 view .LVU347
 1174 0010 626B     		ldr	r2, [r4, #52]
 1175 0012 1340     		ands	r3, r2
 1176 0014 0193     		str	r3, [sp, #4]
 1177              		.loc 1 1226 3 view .LVU348
 1178 0016 019B     		ldr	r3, [sp, #4]
 1179              	.LBE5:
 1180              		.loc 1 1226 3 view .LVU349
1227:Drivers/STM32G0xx_HAL_Driver/Src/stm32g0xx_hal_rcc_ex.c **** 
1228:Drivers/STM32G0xx_HAL_Driver/Src/stm32g0xx_hal_rcc_ex.c ****   /* Configure the LSCO pin in analog mode */
1229:Drivers/STM32G0xx_HAL_Driver/Src/stm32g0xx_hal_rcc_ex.c ****   GPIO_InitStruct.Pin = LSCO_PIN;
 1181              		.loc 1 1229 3 view .LVU350
 1182              		.loc 1 1229 23 is_stmt 0 view .LVU351
 1183 0018 0423     		movs	r3, #4
 1184 001a 0393     		str	r3, [sp, #12]
1230:Drivers/STM32G0xx_HAL_Driver/Src/stm32g0xx_hal_rcc_ex.c ****   GPIO_InitStruct.Mode = GPIO_MODE_ANALOG;
 1185              		.loc 1 1230 3 is_stmt 1 view .LVU352
 1186              		.loc 1 1230 24 is_stmt 0 view .LVU353
 1187 001c 013B     		subs	r3, r3, #1
 1188 001e 0493     		str	r3, [sp, #16]
1231:Drivers/STM32G0xx_HAL_Driver/Src/stm32g0xx_hal_rcc_ex.c ****   GPIO_InitStruct.Speed = GPIO_SPEED_FREQ_VERY_HIGH;
 1189              		.loc 1 1231 3 is_stmt 1 view .LVU354
 1190              		.loc 1 1231 25 is_stmt 0 view .LVU355
 1191 0020 0693     		str	r3, [sp, #24]
1232:Drivers/STM32G0xx_HAL_Driver/Src/stm32g0xx_hal_rcc_ex.c ****   GPIO_InitStruct.Pull = GPIO_NOPULL;
 1192              		.loc 1 1232 3 is_stmt 1 view .LVU356
 1193              		.loc 1 1232 24 is_stmt 0 view .LVU357
 1194 0022 0023     		movs	r3, #0
 1195 0024 0593     		str	r3, [sp, #20]
1233:Drivers/STM32G0xx_HAL_Driver/Src/stm32g0xx_hal_rcc_ex.c ****   HAL_GPIO_Init(LSCO_GPIO_PORT, &GPIO_InitStruct);
 1196              		.loc 1 1233 3 is_stmt 1 view .LVU358
 1197 0026 A020     		movs	r0, #160
 1198              	.LVL108:
 1199              		.loc 1 1233 3 is_stmt 0 view .LVU359
 1200 0028 03A9     		add	r1, sp, #12
 1201 002a C005     		lsls	r0, r0, #23
 1202 002c FFF7FEFF 		bl	HAL_GPIO_Init
 1203              	.LVL109:
1234:Drivers/STM32G0xx_HAL_Driver/Src/stm32g0xx_hal_rcc_ex.c **** 
1235:Drivers/STM32G0xx_HAL_Driver/Src/stm32g0xx_hal_rcc_ex.c ****   /* Update LSCOSEL clock source in Backup Domain control register */
1236:Drivers/STM32G0xx_HAL_Driver/Src/stm32g0xx_hal_rcc_ex.c ****   if (__HAL_RCC_PWR_IS_CLK_DISABLED())
 1204              		.loc 1 1236 3 is_stmt 1 view .LVU360
 1205              		.loc 1 1236 7 is_stmt 0 view .LVU361
 1206 0030 E36B     		ldr	r3, [r4, #60]
 1207              		.loc 1 1236 6 view .LVU362
 1208 0032 DB00     		lsls	r3, r3, #3
 1209 0034 1DD4     		bmi	.L101
ARM GAS  C:\Users\Asus\AppData\Local\Temp\ccCYPacf.s 			page 47


1237:Drivers/STM32G0xx_HAL_Driver/Src/stm32g0xx_hal_rcc_ex.c ****   {
1238:Drivers/STM32G0xx_HAL_Driver/Src/stm32g0xx_hal_rcc_ex.c ****     __HAL_RCC_PWR_CLK_ENABLE();
 1210              		.loc 1 1238 5 is_stmt 1 view .LVU363
 1211              	.LBB6:
 1212              		.loc 1 1238 5 view .LVU364
 1213              		.loc 1 1238 5 view .LVU365
 1214 0036 E26B     		ldr	r2, [r4, #60]
 1215 0038 8021     		movs	r1, #128
 1216 003a 4905     		lsls	r1, r1, #21
 1217 003c 0A43     		orrs	r2, r1
 1218 003e E263     		str	r2, [r4, #60]
 1219              		.loc 1 1238 5 view .LVU366
 1220 0040 E36B     		ldr	r3, [r4, #60]
 1221 0042 0B40     		ands	r3, r1
 1222 0044 0293     		str	r3, [sp, #8]
 1223              		.loc 1 1238 5 view .LVU367
 1224 0046 029B     		ldr	r3, [sp, #8]
 1225              	.LBE6:
 1226              		.loc 1 1238 5 view .LVU368
1239:Drivers/STM32G0xx_HAL_Driver/Src/stm32g0xx_hal_rcc_ex.c ****     pwrclkchanged = SET;
 1227              		.loc 1 1239 5 view .LVU369
 1228              	.LVL110:
 1229              		.loc 1 1239 19 is_stmt 0 view .LVU370
 1230 0048 0124     		movs	r4, #1
 1231              	.LVL111:
 1232              	.L97:
1240:Drivers/STM32G0xx_HAL_Driver/Src/stm32g0xx_hal_rcc_ex.c ****   }
1241:Drivers/STM32G0xx_HAL_Driver/Src/stm32g0xx_hal_rcc_ex.c ****   if (HAL_IS_BIT_CLR(PWR->CR1, PWR_CR1_DBP))
 1233              		.loc 1 1241 3 is_stmt 1 view .LVU371
 1234              		.loc 1 1241 7 is_stmt 0 view .LVU372
 1235 004a 124B     		ldr	r3, .L106+4
 1236 004c 1B68     		ldr	r3, [r3]
 1237              		.loc 1 1241 6 view .LVU373
 1238 004e DB05     		lsls	r3, r3, #23
 1239 0050 11D5     		bpl	.L103
1220:Drivers/STM32G0xx_HAL_Driver/Src/stm32g0xx_hal_rcc_ex.c **** 
 1240              		.loc 1 1220 20 view .LVU374
 1241 0052 0021     		movs	r1, #0
 1242              	.LVL112:
 1243              	.L98:
1242:Drivers/STM32G0xx_HAL_Driver/Src/stm32g0xx_hal_rcc_ex.c ****   {
1243:Drivers/STM32G0xx_HAL_Driver/Src/stm32g0xx_hal_rcc_ex.c ****     HAL_PWR_EnableBkUpAccess();
1244:Drivers/STM32G0xx_HAL_Driver/Src/stm32g0xx_hal_rcc_ex.c ****     backupchanged = SET;
1245:Drivers/STM32G0xx_HAL_Driver/Src/stm32g0xx_hal_rcc_ex.c ****   }
1246:Drivers/STM32G0xx_HAL_Driver/Src/stm32g0xx_hal_rcc_ex.c **** 
1247:Drivers/STM32G0xx_HAL_Driver/Src/stm32g0xx_hal_rcc_ex.c ****   MODIFY_REG(RCC->BDCR, RCC_BDCR_LSCOSEL | RCC_BDCR_LSCOEN, LSCOSource | RCC_BDCR_LSCOEN);
 1244              		.loc 1 1247 3 is_stmt 1 view .LVU375
 1245 0054 0E4A     		ldr	r2, .L106
 1246 0056 D06D     		ldr	r0, [r2, #92]
 1247 0058 0F4B     		ldr	r3, .L106+8
 1248 005a 1840     		ands	r0, r3
 1249 005c 2843     		orrs	r0, r5
 1250 005e 8023     		movs	r3, #128
 1251 0060 5B04     		lsls	r3, r3, #17
 1252 0062 0343     		orrs	r3, r0
 1253 0064 D365     		str	r3, [r2, #92]
1248:Drivers/STM32G0xx_HAL_Driver/Src/stm32g0xx_hal_rcc_ex.c **** 
ARM GAS  C:\Users\Asus\AppData\Local\Temp\ccCYPacf.s 			page 48


1249:Drivers/STM32G0xx_HAL_Driver/Src/stm32g0xx_hal_rcc_ex.c ****   if (backupchanged == SET)
 1254              		.loc 1 1249 3 view .LVU376
 1255              		.loc 1 1249 6 is_stmt 0 view .LVU377
 1256 0066 0129     		cmp	r1, #1
 1257 0068 09D0     		beq	.L104
 1258              	.LVL113:
 1259              	.L99:
1250:Drivers/STM32G0xx_HAL_Driver/Src/stm32g0xx_hal_rcc_ex.c ****   {
1251:Drivers/STM32G0xx_HAL_Driver/Src/stm32g0xx_hal_rcc_ex.c ****     HAL_PWR_DisableBkUpAccess();
1252:Drivers/STM32G0xx_HAL_Driver/Src/stm32g0xx_hal_rcc_ex.c ****   }
1253:Drivers/STM32G0xx_HAL_Driver/Src/stm32g0xx_hal_rcc_ex.c ****   if (pwrclkchanged == SET)
 1260              		.loc 1 1253 3 is_stmt 1 view .LVU378
 1261              		.loc 1 1253 6 is_stmt 0 view .LVU379
 1262 006a 012C     		cmp	r4, #1
 1263 006c 0AD0     		beq	.L105
 1264              	.L96:
1254:Drivers/STM32G0xx_HAL_Driver/Src/stm32g0xx_hal_rcc_ex.c ****   {
1255:Drivers/STM32G0xx_HAL_Driver/Src/stm32g0xx_hal_rcc_ex.c ****     __HAL_RCC_PWR_CLK_DISABLE();
1256:Drivers/STM32G0xx_HAL_Driver/Src/stm32g0xx_hal_rcc_ex.c ****   }
1257:Drivers/STM32G0xx_HAL_Driver/Src/stm32g0xx_hal_rcc_ex.c **** }
 1265              		.loc 1 1257 1 view .LVU380
 1266 006e 09B0     		add	sp, sp, #36
 1267              		@ sp needed
 1268              	.LVL114:
 1269              	.LVL115:
 1270              		.loc 1 1257 1 view .LVU381
 1271 0070 30BD     		pop	{r4, r5, pc}
 1272              	.LVL116:
 1273              	.L101:
1219:Drivers/STM32G0xx_HAL_Driver/Src/stm32g0xx_hal_rcc_ex.c ****   FlagStatus       backupchanged = RESET;
 1274              		.loc 1 1219 20 view .LVU382
 1275 0072 0024     		movs	r4, #0
 1276 0074 E9E7     		b	.L97
 1277              	.LVL117:
 1278              	.L103:
1243:Drivers/STM32G0xx_HAL_Driver/Src/stm32g0xx_hal_rcc_ex.c ****     backupchanged = SET;
 1279              		.loc 1 1243 5 is_stmt 1 view .LVU383
 1280 0076 FFF7FEFF 		bl	HAL_PWR_EnableBkUpAccess
 1281              	.LVL118:
1244:Drivers/STM32G0xx_HAL_Driver/Src/stm32g0xx_hal_rcc_ex.c ****   }
 1282              		.loc 1 1244 5 view .LVU384
1244:Drivers/STM32G0xx_HAL_Driver/Src/stm32g0xx_hal_rcc_ex.c ****   }
 1283              		.loc 1 1244 19 is_stmt 0 view .LVU385
 1284 007a 0121     		movs	r1, #1
 1285 007c EAE7     		b	.L98
 1286              	.LVL119:
 1287              	.L104:
1251:Drivers/STM32G0xx_HAL_Driver/Src/stm32g0xx_hal_rcc_ex.c ****   }
 1288              		.loc 1 1251 5 is_stmt 1 view .LVU386
 1289 007e FFF7FEFF 		bl	HAL_PWR_DisableBkUpAccess
 1290              	.LVL120:
1251:Drivers/STM32G0xx_HAL_Driver/Src/stm32g0xx_hal_rcc_ex.c ****   }
 1291              		.loc 1 1251 5 is_stmt 0 view .LVU387
 1292 0082 F2E7     		b	.L99
 1293              	.L105:
1255:Drivers/STM32G0xx_HAL_Driver/Src/stm32g0xx_hal_rcc_ex.c ****   }
 1294              		.loc 1 1255 5 is_stmt 1 view .LVU388
ARM GAS  C:\Users\Asus\AppData\Local\Temp\ccCYPacf.s 			page 49


 1295 0084 024A     		ldr	r2, .L106
 1296 0086 D36B     		ldr	r3, [r2, #60]
 1297 0088 0449     		ldr	r1, .L106+12
 1298 008a 0B40     		ands	r3, r1
 1299 008c D363     		str	r3, [r2, #60]
 1300              		.loc 1 1257 1 is_stmt 0 view .LVU389
 1301 008e EEE7     		b	.L96
 1302              	.L107:
 1303              		.align	2
 1304              	.L106:
 1305 0090 00100240 		.word	1073876992
 1306 0094 00700040 		.word	1073770496
 1307 0098 FFFFFFFC 		.word	-50331649
 1308 009c FFFFFFEF 		.word	-268435457
 1309              		.cfi_endproc
 1310              	.LFE313:
 1312              		.section	.text.HAL_RCCEx_DisableLSCO,"ax",%progbits
 1313              		.align	1
 1314              		.global	HAL_RCCEx_DisableLSCO
 1315              		.syntax unified
 1316              		.code	16
 1317              		.thumb_func
 1319              	HAL_RCCEx_DisableLSCO:
 1320              	.LFB314:
1258:Drivers/STM32G0xx_HAL_Driver/Src/stm32g0xx_hal_rcc_ex.c **** 
1259:Drivers/STM32G0xx_HAL_Driver/Src/stm32g0xx_hal_rcc_ex.c **** /**
1260:Drivers/STM32G0xx_HAL_Driver/Src/stm32g0xx_hal_rcc_ex.c ****   * @brief  Disable the Low Speed clock output.
1261:Drivers/STM32G0xx_HAL_Driver/Src/stm32g0xx_hal_rcc_ex.c ****   * @retval None
1262:Drivers/STM32G0xx_HAL_Driver/Src/stm32g0xx_hal_rcc_ex.c ****   */
1263:Drivers/STM32G0xx_HAL_Driver/Src/stm32g0xx_hal_rcc_ex.c **** void HAL_RCCEx_DisableLSCO(void)
1264:Drivers/STM32G0xx_HAL_Driver/Src/stm32g0xx_hal_rcc_ex.c **** {
 1321              		.loc 1 1264 1 is_stmt 1 view -0
 1322              		.cfi_startproc
 1323              		@ args = 0, pretend = 0, frame = 8
 1324              		@ frame_needed = 0, uses_anonymous_args = 0
 1325 0000 10B5     		push	{r4, lr}
 1326              		.cfi_def_cfa_offset 8
 1327              		.cfi_offset 4, -8
 1328              		.cfi_offset 14, -4
 1329 0002 82B0     		sub	sp, sp, #8
 1330              		.cfi_def_cfa_offset 16
1265:Drivers/STM32G0xx_HAL_Driver/Src/stm32g0xx_hal_rcc_ex.c ****   FlagStatus       pwrclkchanged = RESET;
 1331              		.loc 1 1265 3 view .LVU391
 1332              	.LVL121:
1266:Drivers/STM32G0xx_HAL_Driver/Src/stm32g0xx_hal_rcc_ex.c ****   FlagStatus       backupchanged = RESET;
 1333              		.loc 1 1266 3 view .LVU392
1267:Drivers/STM32G0xx_HAL_Driver/Src/stm32g0xx_hal_rcc_ex.c **** 
1268:Drivers/STM32G0xx_HAL_Driver/Src/stm32g0xx_hal_rcc_ex.c ****   /* Update LSCOEN bit in Backup Domain control register */
1269:Drivers/STM32G0xx_HAL_Driver/Src/stm32g0xx_hal_rcc_ex.c ****   if (__HAL_RCC_PWR_IS_CLK_DISABLED())
 1334              		.loc 1 1269 3 view .LVU393
 1335              		.loc 1 1269 7 is_stmt 0 view .LVU394
 1336 0004 164B     		ldr	r3, .L118
 1337 0006 DB6B     		ldr	r3, [r3, #60]
 1338              		.loc 1 1269 6 view .LVU395
 1339 0008 DB00     		lsls	r3, r3, #3
 1340 000a 1AD4     		bmi	.L113
1270:Drivers/STM32G0xx_HAL_Driver/Src/stm32g0xx_hal_rcc_ex.c ****   {
ARM GAS  C:\Users\Asus\AppData\Local\Temp\ccCYPacf.s 			page 50


1271:Drivers/STM32G0xx_HAL_Driver/Src/stm32g0xx_hal_rcc_ex.c ****     __HAL_RCC_PWR_CLK_ENABLE();
 1341              		.loc 1 1271 5 is_stmt 1 view .LVU396
 1342              	.LBB7:
 1343              		.loc 1 1271 5 view .LVU397
 1344              		.loc 1 1271 5 view .LVU398
 1345 000c 144B     		ldr	r3, .L118
 1346 000e DA6B     		ldr	r2, [r3, #60]
 1347 0010 8021     		movs	r1, #128
 1348 0012 4905     		lsls	r1, r1, #21
 1349 0014 0A43     		orrs	r2, r1
 1350 0016 DA63     		str	r2, [r3, #60]
 1351              		.loc 1 1271 5 view .LVU399
 1352 0018 DB6B     		ldr	r3, [r3, #60]
 1353 001a 0B40     		ands	r3, r1
 1354 001c 0193     		str	r3, [sp, #4]
 1355              		.loc 1 1271 5 view .LVU400
 1356 001e 019B     		ldr	r3, [sp, #4]
 1357              	.LBE7:
 1358              		.loc 1 1271 5 view .LVU401
1272:Drivers/STM32G0xx_HAL_Driver/Src/stm32g0xx_hal_rcc_ex.c ****     pwrclkchanged = SET;
 1359              		.loc 1 1272 5 view .LVU402
 1360              	.LVL122:
 1361              		.loc 1 1272 19 is_stmt 0 view .LVU403
 1362 0020 0124     		movs	r4, #1
 1363              	.LVL123:
 1364              	.L109:
1273:Drivers/STM32G0xx_HAL_Driver/Src/stm32g0xx_hal_rcc_ex.c ****   }
1274:Drivers/STM32G0xx_HAL_Driver/Src/stm32g0xx_hal_rcc_ex.c ****   if (HAL_IS_BIT_CLR(PWR->CR1, PWR_CR1_DBP))
 1365              		.loc 1 1274 3 is_stmt 1 view .LVU404
 1366              		.loc 1 1274 7 is_stmt 0 view .LVU405
 1367 0022 104B     		ldr	r3, .L118+4
 1368 0024 1B68     		ldr	r3, [r3]
 1369              		.loc 1 1274 6 view .LVU406
 1370 0026 DB05     		lsls	r3, r3, #23
 1371 0028 0DD5     		bpl	.L115
1266:Drivers/STM32G0xx_HAL_Driver/Src/stm32g0xx_hal_rcc_ex.c **** 
 1372              		.loc 1 1266 20 view .LVU407
 1373 002a 0021     		movs	r1, #0
 1374              	.LVL124:
 1375              	.L110:
1275:Drivers/STM32G0xx_HAL_Driver/Src/stm32g0xx_hal_rcc_ex.c ****   {
1276:Drivers/STM32G0xx_HAL_Driver/Src/stm32g0xx_hal_rcc_ex.c ****     /* Enable access to the backup domain */
1277:Drivers/STM32G0xx_HAL_Driver/Src/stm32g0xx_hal_rcc_ex.c ****     HAL_PWR_EnableBkUpAccess();
1278:Drivers/STM32G0xx_HAL_Driver/Src/stm32g0xx_hal_rcc_ex.c ****     backupchanged = SET;
1279:Drivers/STM32G0xx_HAL_Driver/Src/stm32g0xx_hal_rcc_ex.c ****   }
1280:Drivers/STM32G0xx_HAL_Driver/Src/stm32g0xx_hal_rcc_ex.c **** 
1281:Drivers/STM32G0xx_HAL_Driver/Src/stm32g0xx_hal_rcc_ex.c ****   CLEAR_BIT(RCC->BDCR, RCC_BDCR_LSCOEN);
 1376              		.loc 1 1281 3 is_stmt 1 view .LVU408
 1377 002c 0C4A     		ldr	r2, .L118
 1378 002e D36D     		ldr	r3, [r2, #92]
 1379 0030 0D48     		ldr	r0, .L118+8
 1380 0032 0340     		ands	r3, r0
 1381 0034 D365     		str	r3, [r2, #92]
1282:Drivers/STM32G0xx_HAL_Driver/Src/stm32g0xx_hal_rcc_ex.c **** 
1283:Drivers/STM32G0xx_HAL_Driver/Src/stm32g0xx_hal_rcc_ex.c ****   /* Restore previous configuration */
1284:Drivers/STM32G0xx_HAL_Driver/Src/stm32g0xx_hal_rcc_ex.c ****   if (backupchanged == SET)
 1382              		.loc 1 1284 3 view .LVU409
ARM GAS  C:\Users\Asus\AppData\Local\Temp\ccCYPacf.s 			page 51


 1383              		.loc 1 1284 6 is_stmt 0 view .LVU410
 1384 0036 0129     		cmp	r1, #1
 1385 0038 09D0     		beq	.L116
 1386              	.LVL125:
 1387              	.L111:
1285:Drivers/STM32G0xx_HAL_Driver/Src/stm32g0xx_hal_rcc_ex.c ****   {
1286:Drivers/STM32G0xx_HAL_Driver/Src/stm32g0xx_hal_rcc_ex.c ****     /* Disable access to the backup domain */
1287:Drivers/STM32G0xx_HAL_Driver/Src/stm32g0xx_hal_rcc_ex.c ****     HAL_PWR_DisableBkUpAccess();
1288:Drivers/STM32G0xx_HAL_Driver/Src/stm32g0xx_hal_rcc_ex.c ****   }
1289:Drivers/STM32G0xx_HAL_Driver/Src/stm32g0xx_hal_rcc_ex.c ****   if (pwrclkchanged == SET)
 1388              		.loc 1 1289 3 is_stmt 1 view .LVU411
 1389              		.loc 1 1289 6 is_stmt 0 view .LVU412
 1390 003a 012C     		cmp	r4, #1
 1391 003c 0AD0     		beq	.L117
 1392              	.L108:
1290:Drivers/STM32G0xx_HAL_Driver/Src/stm32g0xx_hal_rcc_ex.c ****   {
1291:Drivers/STM32G0xx_HAL_Driver/Src/stm32g0xx_hal_rcc_ex.c ****     __HAL_RCC_PWR_CLK_DISABLE();
1292:Drivers/STM32G0xx_HAL_Driver/Src/stm32g0xx_hal_rcc_ex.c ****   }
1293:Drivers/STM32G0xx_HAL_Driver/Src/stm32g0xx_hal_rcc_ex.c **** }
 1393              		.loc 1 1293 1 view .LVU413
 1394 003e 02B0     		add	sp, sp, #8
 1395              		@ sp needed
 1396              	.LVL126:
 1397              		.loc 1 1293 1 view .LVU414
 1398 0040 10BD     		pop	{r4, pc}
 1399              	.LVL127:
 1400              	.L113:
1265:Drivers/STM32G0xx_HAL_Driver/Src/stm32g0xx_hal_rcc_ex.c ****   FlagStatus       backupchanged = RESET;
 1401              		.loc 1 1265 20 view .LVU415
 1402 0042 0024     		movs	r4, #0
 1403 0044 EDE7     		b	.L109
 1404              	.LVL128:
 1405              	.L115:
1277:Drivers/STM32G0xx_HAL_Driver/Src/stm32g0xx_hal_rcc_ex.c ****     backupchanged = SET;
 1406              		.loc 1 1277 5 is_stmt 1 view .LVU416
 1407 0046 FFF7FEFF 		bl	HAL_PWR_EnableBkUpAccess
 1408              	.LVL129:
1278:Drivers/STM32G0xx_HAL_Driver/Src/stm32g0xx_hal_rcc_ex.c ****   }
 1409              		.loc 1 1278 5 view .LVU417
1278:Drivers/STM32G0xx_HAL_Driver/Src/stm32g0xx_hal_rcc_ex.c ****   }
 1410              		.loc 1 1278 19 is_stmt 0 view .LVU418
 1411 004a 0121     		movs	r1, #1
 1412 004c EEE7     		b	.L110
 1413              	.LVL130:
 1414              	.L116:
1287:Drivers/STM32G0xx_HAL_Driver/Src/stm32g0xx_hal_rcc_ex.c ****   }
 1415              		.loc 1 1287 5 is_stmt 1 view .LVU419
 1416 004e FFF7FEFF 		bl	HAL_PWR_DisableBkUpAccess
 1417              	.LVL131:
1287:Drivers/STM32G0xx_HAL_Driver/Src/stm32g0xx_hal_rcc_ex.c ****   }
 1418              		.loc 1 1287 5 is_stmt 0 view .LVU420
 1419 0052 F2E7     		b	.L111
 1420              	.L117:
1291:Drivers/STM32G0xx_HAL_Driver/Src/stm32g0xx_hal_rcc_ex.c ****   }
 1421              		.loc 1 1291 5 is_stmt 1 view .LVU421
 1422 0054 024A     		ldr	r2, .L118
 1423 0056 D36B     		ldr	r3, [r2, #60]
ARM GAS  C:\Users\Asus\AppData\Local\Temp\ccCYPacf.s 			page 52


 1424 0058 0449     		ldr	r1, .L118+12
 1425 005a 0B40     		ands	r3, r1
 1426 005c D363     		str	r3, [r2, #60]
 1427              		.loc 1 1293 1 is_stmt 0 view .LVU422
 1428 005e EEE7     		b	.L108
 1429              	.L119:
 1430              		.align	2
 1431              	.L118:
 1432 0060 00100240 		.word	1073876992
 1433 0064 00700040 		.word	1073770496
 1434 0068 FFFFFFFE 		.word	-16777217
 1435 006c FFFFFFEF 		.word	-268435457
 1436              		.cfi_endproc
 1437              	.LFE314:
 1439              		.text
 1440              	.Letext0:
 1441              		.file 2 "c:\\msys64\\mingw64\\arm-none-eabi\\include\\machine\\_default_types.h"
 1442              		.file 3 "c:\\msys64\\mingw64\\arm-none-eabi\\include\\sys\\_stdint.h"
 1443              		.file 4 "Drivers/CMSIS/Device/ST/STM32G0xx/Include/stm32g070xx.h"
 1444              		.file 5 "Drivers/CMSIS/Device/ST/STM32G0xx/Include/stm32g0xx.h"
 1445              		.file 6 "Drivers/STM32G0xx_HAL_Driver/Inc/stm32g0xx_hal_def.h"
 1446              		.file 7 "Drivers/STM32G0xx_HAL_Driver/Inc/stm32g0xx_hal_rcc_ex.h"
 1447              		.file 8 "Drivers/STM32G0xx_HAL_Driver/Inc/stm32g0xx_hal_gpio.h"
 1448              		.file 9 "Drivers/STM32G0xx_HAL_Driver/Inc/stm32g0xx_hal_pwr.h"
 1449              		.file 10 "Drivers/STM32G0xx_HAL_Driver/Inc/stm32g0xx_hal_rcc.h"
 1450              		.file 11 "Drivers/STM32G0xx_HAL_Driver/Inc/stm32g0xx_hal.h"
 1451              		.file 12 "Drivers/STM32G0xx_HAL_Driver/Inc/stm32g0xx_ll_dma.h"
ARM GAS  C:\Users\Asus\AppData\Local\Temp\ccCYPacf.s 			page 53


DEFINED SYMBOLS
                            *ABS*:00000000 stm32g0xx_hal_rcc_ex.c
C:\Users\Asus\AppData\Local\Temp\ccCYPacf.s:19     .text.HAL_RCCEx_PeriphCLKConfig:00000000 $t
C:\Users\Asus\AppData\Local\Temp\ccCYPacf.s:25     .text.HAL_RCCEx_PeriphCLKConfig:00000000 HAL_RCCEx_PeriphCLKConfig
C:\Users\Asus\AppData\Local\Temp\ccCYPacf.s:388    .text.HAL_RCCEx_PeriphCLKConfig:00000170 $d
C:\Users\Asus\AppData\Local\Temp\ccCYPacf.s:400    .text.HAL_RCCEx_GetPeriphCLKConfig:00000000 $t
C:\Users\Asus\AppData\Local\Temp\ccCYPacf.s:406    .text.HAL_RCCEx_GetPeriphCLKConfig:00000000 HAL_RCCEx_GetPeriphCLKConfig
C:\Users\Asus\AppData\Local\Temp\ccCYPacf.s:474    .text.HAL_RCCEx_GetPeriphCLKConfig:00000044 $d
C:\Users\Asus\AppData\Local\Temp\ccCYPacf.s:482    .text.HAL_RCCEx_GetPeriphCLKFreq:00000000 $t
C:\Users\Asus\AppData\Local\Temp\ccCYPacf.s:488    .text.HAL_RCCEx_GetPeriphCLKFreq:00000000 HAL_RCCEx_GetPeriphCLKFreq
C:\Users\Asus\AppData\Local\Temp\ccCYPacf.s:1128   .text.HAL_RCCEx_GetPeriphCLKFreq:00000270 $d
C:\Users\Asus\AppData\Local\Temp\ccCYPacf.s:1137   .text.HAL_RCCEx_EnableLSCO:00000000 $t
C:\Users\Asus\AppData\Local\Temp\ccCYPacf.s:1143   .text.HAL_RCCEx_EnableLSCO:00000000 HAL_RCCEx_EnableLSCO
C:\Users\Asus\AppData\Local\Temp\ccCYPacf.s:1305   .text.HAL_RCCEx_EnableLSCO:00000090 $d
C:\Users\Asus\AppData\Local\Temp\ccCYPacf.s:1313   .text.HAL_RCCEx_DisableLSCO:00000000 $t
C:\Users\Asus\AppData\Local\Temp\ccCYPacf.s:1319   .text.HAL_RCCEx_DisableLSCO:00000000 HAL_RCCEx_DisableLSCO
C:\Users\Asus\AppData\Local\Temp\ccCYPacf.s:1432   .text.HAL_RCCEx_DisableLSCO:00000060 $d

UNDEFINED SYMBOLS
HAL_GetTick
__aeabi_uidiv
HAL_RCC_GetPCLK1Freq
HAL_RCC_GetSysClockFreq
HAL_GPIO_Init
HAL_PWR_EnableBkUpAccess
HAL_PWR_DisableBkUpAccess
