ARM GAS  C:\Users\Asus\AppData\Local\Temp\ccbtHMUK.s 			page 1


   1              		.cpu cortex-m0plus
   2              		.arch armv6s-m
   3              		.fpu softvfp
   4              		.eabi_attribute 20, 1
   5              		.eabi_attribute 21, 1
   6              		.eabi_attribute 23, 3
   7              		.eabi_attribute 24, 1
   8              		.eabi_attribute 25, 1
   9              		.eabi_attribute 26, 1
  10              		.eabi_attribute 30, 1
  11              		.eabi_attribute 34, 0
  12              		.eabi_attribute 18, 4
  13              		.file	"queue.c"
  14              		.text
  15              	.Ltext0:
  16              		.cfi_sections	.debug_frame
  17              		.file 1 "Middlewares/Third_Party/FreeRTOS/Source/queue.c"
  18              		.section	.text.prvGetDisinheritPriorityAfterTimeout,"ax",%progbits
  19              		.align	1
  20              		.syntax unified
  21              		.code	16
  22              		.thumb_func
  24              	prvGetDisinheritPriorityAfterTimeout:
  25              	.LVL0:
  26              	.LFB17:
   1:Middlewares/Third_Party/FreeRTOS/Source/queue.c **** /*
   2:Middlewares/Third_Party/FreeRTOS/Source/queue.c ****  * FreeRTOS Kernel V10.3.1
   3:Middlewares/Third_Party/FreeRTOS/Source/queue.c ****  * Copyright (C) 2020 Amazon.com, Inc. or its affiliates.  All Rights Reserved.
   4:Middlewares/Third_Party/FreeRTOS/Source/queue.c ****  *
   5:Middlewares/Third_Party/FreeRTOS/Source/queue.c ****  * Permission is hereby granted, free of charge, to any person obtaining a copy of
   6:Middlewares/Third_Party/FreeRTOS/Source/queue.c ****  * this software and associated documentation files (the "Software"), to deal in
   7:Middlewares/Third_Party/FreeRTOS/Source/queue.c ****  * the Software without restriction, including without limitation the rights to
   8:Middlewares/Third_Party/FreeRTOS/Source/queue.c ****  * use, copy, modify, merge, publish, distribute, sublicense, and/or sell copies of
   9:Middlewares/Third_Party/FreeRTOS/Source/queue.c ****  * the Software, and to permit persons to whom the Software is furnished to do so,
  10:Middlewares/Third_Party/FreeRTOS/Source/queue.c ****  * subject to the following conditions:
  11:Middlewares/Third_Party/FreeRTOS/Source/queue.c ****  *
  12:Middlewares/Third_Party/FreeRTOS/Source/queue.c ****  * The above copyright notice and this permission notice shall be included in all
  13:Middlewares/Third_Party/FreeRTOS/Source/queue.c ****  * copies or substantial portions of the Software.
  14:Middlewares/Third_Party/FreeRTOS/Source/queue.c ****  *
  15:Middlewares/Third_Party/FreeRTOS/Source/queue.c ****  * THE SOFTWARE IS PROVIDED "AS IS", WITHOUT WARRANTY OF ANY KIND, EXPRESS OR
  16:Middlewares/Third_Party/FreeRTOS/Source/queue.c ****  * IMPLIED, INCLUDING BUT NOT LIMITED TO THE WARRANTIES OF MERCHANTABILITY, FITNESS
  17:Middlewares/Third_Party/FreeRTOS/Source/queue.c ****  * FOR A PARTICULAR PURPOSE AND NONINFRINGEMENT. IN NO EVENT SHALL THE AUTHORS OR
  18:Middlewares/Third_Party/FreeRTOS/Source/queue.c ****  * COPYRIGHT HOLDERS BE LIABLE FOR ANY CLAIM, DAMAGES OR OTHER LIABILITY, WHETHER
  19:Middlewares/Third_Party/FreeRTOS/Source/queue.c ****  * IN AN ACTION OF CONTRACT, TORT OR OTHERWISE, ARISING FROM, OUT OF OR IN
  20:Middlewares/Third_Party/FreeRTOS/Source/queue.c ****  * CONNECTION WITH THE SOFTWARE OR THE USE OR OTHER DEALINGS IN THE SOFTWARE.
  21:Middlewares/Third_Party/FreeRTOS/Source/queue.c ****  *
  22:Middlewares/Third_Party/FreeRTOS/Source/queue.c ****  * http://www.FreeRTOS.org
  23:Middlewares/Third_Party/FreeRTOS/Source/queue.c ****  * http://aws.amazon.com/freertos
  24:Middlewares/Third_Party/FreeRTOS/Source/queue.c ****  *
  25:Middlewares/Third_Party/FreeRTOS/Source/queue.c ****  * 1 tab == 4 spaces!
  26:Middlewares/Third_Party/FreeRTOS/Source/queue.c ****  */
  27:Middlewares/Third_Party/FreeRTOS/Source/queue.c **** 
  28:Middlewares/Third_Party/FreeRTOS/Source/queue.c **** #include <stdlib.h>
  29:Middlewares/Third_Party/FreeRTOS/Source/queue.c **** #include <string.h>
  30:Middlewares/Third_Party/FreeRTOS/Source/queue.c **** 
  31:Middlewares/Third_Party/FreeRTOS/Source/queue.c **** /* Defining MPU_WRAPPERS_INCLUDED_FROM_API_FILE prevents task.h from redefining
  32:Middlewares/Third_Party/FreeRTOS/Source/queue.c **** all the API functions to use the MPU wrappers.  That should only be done when
ARM GAS  C:\Users\Asus\AppData\Local\Temp\ccbtHMUK.s 			page 2


  33:Middlewares/Third_Party/FreeRTOS/Source/queue.c **** task.h is included from an application file. */
  34:Middlewares/Third_Party/FreeRTOS/Source/queue.c **** #define MPU_WRAPPERS_INCLUDED_FROM_API_FILE
  35:Middlewares/Third_Party/FreeRTOS/Source/queue.c **** 
  36:Middlewares/Third_Party/FreeRTOS/Source/queue.c **** #include "FreeRTOS.h"
  37:Middlewares/Third_Party/FreeRTOS/Source/queue.c **** #include "task.h"
  38:Middlewares/Third_Party/FreeRTOS/Source/queue.c **** #include "queue.h"
  39:Middlewares/Third_Party/FreeRTOS/Source/queue.c **** 
  40:Middlewares/Third_Party/FreeRTOS/Source/queue.c **** #if ( configUSE_CO_ROUTINES == 1 )
  41:Middlewares/Third_Party/FreeRTOS/Source/queue.c **** 	#include "croutine.h"
  42:Middlewares/Third_Party/FreeRTOS/Source/queue.c **** #endif
  43:Middlewares/Third_Party/FreeRTOS/Source/queue.c **** 
  44:Middlewares/Third_Party/FreeRTOS/Source/queue.c **** /* Lint e9021, e961 and e750 are suppressed as a MISRA exception justified
  45:Middlewares/Third_Party/FreeRTOS/Source/queue.c **** because the MPU ports require MPU_WRAPPERS_INCLUDED_FROM_API_FILE to be defined
  46:Middlewares/Third_Party/FreeRTOS/Source/queue.c **** for the header files above, but not in this file, in order to generate the
  47:Middlewares/Third_Party/FreeRTOS/Source/queue.c **** correct privileged Vs unprivileged linkage and placement. */
  48:Middlewares/Third_Party/FreeRTOS/Source/queue.c **** #undef MPU_WRAPPERS_INCLUDED_FROM_API_FILE /*lint !e961 !e750 !e9021. */
  49:Middlewares/Third_Party/FreeRTOS/Source/queue.c **** 
  50:Middlewares/Third_Party/FreeRTOS/Source/queue.c **** 
  51:Middlewares/Third_Party/FreeRTOS/Source/queue.c **** /* Constants used with the cRxLock and cTxLock structure members. */
  52:Middlewares/Third_Party/FreeRTOS/Source/queue.c **** #define queueUNLOCKED					( ( int8_t ) -1 )
  53:Middlewares/Third_Party/FreeRTOS/Source/queue.c **** #define queueLOCKED_UNMODIFIED			( ( int8_t ) 0 )
  54:Middlewares/Third_Party/FreeRTOS/Source/queue.c **** 
  55:Middlewares/Third_Party/FreeRTOS/Source/queue.c **** /* When the Queue_t structure is used to represent a base queue its pcHead and
  56:Middlewares/Third_Party/FreeRTOS/Source/queue.c **** pcTail members are used as pointers into the queue storage area.  When the
  57:Middlewares/Third_Party/FreeRTOS/Source/queue.c **** Queue_t structure is used to represent a mutex pcHead and pcTail pointers are
  58:Middlewares/Third_Party/FreeRTOS/Source/queue.c **** not necessary, and the pcHead pointer is set to NULL to indicate that the
  59:Middlewares/Third_Party/FreeRTOS/Source/queue.c **** structure instead holds a pointer to the mutex holder (if any).  Map alternative
  60:Middlewares/Third_Party/FreeRTOS/Source/queue.c **** names to the pcHead and structure member to ensure the readability of the code
  61:Middlewares/Third_Party/FreeRTOS/Source/queue.c **** is maintained.  The QueuePointers_t and SemaphoreData_t types are used to form
  62:Middlewares/Third_Party/FreeRTOS/Source/queue.c **** a union as their usage is mutually exclusive dependent on what the queue is
  63:Middlewares/Third_Party/FreeRTOS/Source/queue.c **** being used for. */
  64:Middlewares/Third_Party/FreeRTOS/Source/queue.c **** #define uxQueueType						pcHead
  65:Middlewares/Third_Party/FreeRTOS/Source/queue.c **** #define queueQUEUE_IS_MUTEX				NULL
  66:Middlewares/Third_Party/FreeRTOS/Source/queue.c **** 
  67:Middlewares/Third_Party/FreeRTOS/Source/queue.c **** typedef struct QueuePointers
  68:Middlewares/Third_Party/FreeRTOS/Source/queue.c **** {
  69:Middlewares/Third_Party/FreeRTOS/Source/queue.c **** 	int8_t *pcTail;					/*< Points to the byte at the end of the queue storage area.  Once more byte i
  70:Middlewares/Third_Party/FreeRTOS/Source/queue.c **** 	int8_t *pcReadFrom;				/*< Points to the last place that a queued item was read from when the stru
  71:Middlewares/Third_Party/FreeRTOS/Source/queue.c **** } QueuePointers_t;
  72:Middlewares/Third_Party/FreeRTOS/Source/queue.c **** 
  73:Middlewares/Third_Party/FreeRTOS/Source/queue.c **** typedef struct SemaphoreData
  74:Middlewares/Third_Party/FreeRTOS/Source/queue.c **** {
  75:Middlewares/Third_Party/FreeRTOS/Source/queue.c **** 	TaskHandle_t xMutexHolder;		 /*< The handle of the task that holds the mutex. */
  76:Middlewares/Third_Party/FreeRTOS/Source/queue.c **** 	UBaseType_t uxRecursiveCallCount;/*< Maintains a count of the number of times a recursive mutex ha
  77:Middlewares/Third_Party/FreeRTOS/Source/queue.c **** } SemaphoreData_t;
  78:Middlewares/Third_Party/FreeRTOS/Source/queue.c **** 
  79:Middlewares/Third_Party/FreeRTOS/Source/queue.c **** /* Semaphores do not actually store or copy data, so have an item size of
  80:Middlewares/Third_Party/FreeRTOS/Source/queue.c **** zero. */
  81:Middlewares/Third_Party/FreeRTOS/Source/queue.c **** #define queueSEMAPHORE_QUEUE_ITEM_LENGTH ( ( UBaseType_t ) 0 )
  82:Middlewares/Third_Party/FreeRTOS/Source/queue.c **** #define queueMUTEX_GIVE_BLOCK_TIME		 ( ( TickType_t ) 0U )
  83:Middlewares/Third_Party/FreeRTOS/Source/queue.c **** 
  84:Middlewares/Third_Party/FreeRTOS/Source/queue.c **** #if( configUSE_PREEMPTION == 0 )
  85:Middlewares/Third_Party/FreeRTOS/Source/queue.c **** 	/* If the cooperative scheduler is being used then a yield should not be
  86:Middlewares/Third_Party/FreeRTOS/Source/queue.c **** 	performed just because a higher priority task has been woken. */
  87:Middlewares/Third_Party/FreeRTOS/Source/queue.c **** 	#define queueYIELD_IF_USING_PREEMPTION()
  88:Middlewares/Third_Party/FreeRTOS/Source/queue.c **** #else
  89:Middlewares/Third_Party/FreeRTOS/Source/queue.c **** 	#define queueYIELD_IF_USING_PREEMPTION() portYIELD_WITHIN_API()
ARM GAS  C:\Users\Asus\AppData\Local\Temp\ccbtHMUK.s 			page 3


  90:Middlewares/Third_Party/FreeRTOS/Source/queue.c **** #endif
  91:Middlewares/Third_Party/FreeRTOS/Source/queue.c **** 
  92:Middlewares/Third_Party/FreeRTOS/Source/queue.c **** /*
  93:Middlewares/Third_Party/FreeRTOS/Source/queue.c ****  * Definition of the queue used by the scheduler.
  94:Middlewares/Third_Party/FreeRTOS/Source/queue.c ****  * Items are queued by copy, not reference.  See the following link for the
  95:Middlewares/Third_Party/FreeRTOS/Source/queue.c ****  * rationale: https://www.freertos.org/Embedded-RTOS-Queues.html
  96:Middlewares/Third_Party/FreeRTOS/Source/queue.c ****  */
  97:Middlewares/Third_Party/FreeRTOS/Source/queue.c **** typedef struct QueueDefinition 		/* The old naming convention is used to prevent breaking kernel aw
  98:Middlewares/Third_Party/FreeRTOS/Source/queue.c **** {
  99:Middlewares/Third_Party/FreeRTOS/Source/queue.c **** 	int8_t *pcHead;					/*< Points to the beginning of the queue storage area. */
 100:Middlewares/Third_Party/FreeRTOS/Source/queue.c **** 	int8_t *pcWriteTo;				/*< Points to the free next place in the storage area. */
 101:Middlewares/Third_Party/FreeRTOS/Source/queue.c **** 
 102:Middlewares/Third_Party/FreeRTOS/Source/queue.c **** 	union
 103:Middlewares/Third_Party/FreeRTOS/Source/queue.c **** 	{
 104:Middlewares/Third_Party/FreeRTOS/Source/queue.c **** 		QueuePointers_t xQueue;		/*< Data required exclusively when this structure is used as a queue. */
 105:Middlewares/Third_Party/FreeRTOS/Source/queue.c **** 		SemaphoreData_t xSemaphore; /*< Data required exclusively when this structure is used as a semaph
 106:Middlewares/Third_Party/FreeRTOS/Source/queue.c **** 	} u;
 107:Middlewares/Third_Party/FreeRTOS/Source/queue.c **** 
 108:Middlewares/Third_Party/FreeRTOS/Source/queue.c **** 	List_t xTasksWaitingToSend;		/*< List of tasks that are blocked waiting to post onto this queue.  
 109:Middlewares/Third_Party/FreeRTOS/Source/queue.c **** 	List_t xTasksWaitingToReceive;	/*< List of tasks that are blocked waiting to read from this queue.
 110:Middlewares/Third_Party/FreeRTOS/Source/queue.c **** 
 111:Middlewares/Third_Party/FreeRTOS/Source/queue.c **** 	volatile UBaseType_t uxMessagesWaiting;/*< The number of items currently in the queue. */
 112:Middlewares/Third_Party/FreeRTOS/Source/queue.c **** 	UBaseType_t uxLength;			/*< The length of the queue defined as the number of items it will hold, n
 113:Middlewares/Third_Party/FreeRTOS/Source/queue.c **** 	UBaseType_t uxItemSize;			/*< The size of each items that the queue will hold. */
 114:Middlewares/Third_Party/FreeRTOS/Source/queue.c **** 
 115:Middlewares/Third_Party/FreeRTOS/Source/queue.c **** 	volatile int8_t cRxLock;		/*< Stores the number of items received from the queue (removed from the
 116:Middlewares/Third_Party/FreeRTOS/Source/queue.c **** 	volatile int8_t cTxLock;		/*< Stores the number of items transmitted to the queue (added to the qu
 117:Middlewares/Third_Party/FreeRTOS/Source/queue.c **** 
 118:Middlewares/Third_Party/FreeRTOS/Source/queue.c **** 	#if( ( configSUPPORT_STATIC_ALLOCATION == 1 ) && ( configSUPPORT_DYNAMIC_ALLOCATION == 1 ) )
 119:Middlewares/Third_Party/FreeRTOS/Source/queue.c **** 		uint8_t ucStaticallyAllocated;	/*< Set to pdTRUE if the memory used by the queue was statically a
 120:Middlewares/Third_Party/FreeRTOS/Source/queue.c **** 	#endif
 121:Middlewares/Third_Party/FreeRTOS/Source/queue.c **** 
 122:Middlewares/Third_Party/FreeRTOS/Source/queue.c **** 	#if ( configUSE_QUEUE_SETS == 1 )
 123:Middlewares/Third_Party/FreeRTOS/Source/queue.c **** 		struct QueueDefinition *pxQueueSetContainer;
 124:Middlewares/Third_Party/FreeRTOS/Source/queue.c **** 	#endif
 125:Middlewares/Third_Party/FreeRTOS/Source/queue.c **** 
 126:Middlewares/Third_Party/FreeRTOS/Source/queue.c **** 	#if ( configUSE_TRACE_FACILITY == 1 )
 127:Middlewares/Third_Party/FreeRTOS/Source/queue.c **** 		UBaseType_t uxQueueNumber;
 128:Middlewares/Third_Party/FreeRTOS/Source/queue.c **** 		uint8_t ucQueueType;
 129:Middlewares/Third_Party/FreeRTOS/Source/queue.c **** 	#endif
 130:Middlewares/Third_Party/FreeRTOS/Source/queue.c **** 
 131:Middlewares/Third_Party/FreeRTOS/Source/queue.c **** } xQUEUE;
 132:Middlewares/Third_Party/FreeRTOS/Source/queue.c **** 
 133:Middlewares/Third_Party/FreeRTOS/Source/queue.c **** /* The old xQUEUE name is maintained above then typedefed to the new Queue_t
 134:Middlewares/Third_Party/FreeRTOS/Source/queue.c **** name below to enable the use of older kernel aware debuggers. */
 135:Middlewares/Third_Party/FreeRTOS/Source/queue.c **** typedef xQUEUE Queue_t;
 136:Middlewares/Third_Party/FreeRTOS/Source/queue.c **** 
 137:Middlewares/Third_Party/FreeRTOS/Source/queue.c **** /*-----------------------------------------------------------*/
 138:Middlewares/Third_Party/FreeRTOS/Source/queue.c **** 
 139:Middlewares/Third_Party/FreeRTOS/Source/queue.c **** /*
 140:Middlewares/Third_Party/FreeRTOS/Source/queue.c ****  * The queue registry is just a means for kernel aware debuggers to locate
 141:Middlewares/Third_Party/FreeRTOS/Source/queue.c ****  * queue structures.  It has no other purpose so is an optional component.
 142:Middlewares/Third_Party/FreeRTOS/Source/queue.c ****  */
 143:Middlewares/Third_Party/FreeRTOS/Source/queue.c **** #if ( configQUEUE_REGISTRY_SIZE > 0 )
 144:Middlewares/Third_Party/FreeRTOS/Source/queue.c **** 
 145:Middlewares/Third_Party/FreeRTOS/Source/queue.c **** 	/* The type stored within the queue registry array.  This allows a name
 146:Middlewares/Third_Party/FreeRTOS/Source/queue.c **** 	to be assigned to each queue making kernel aware debugging a little
ARM GAS  C:\Users\Asus\AppData\Local\Temp\ccbtHMUK.s 			page 4


 147:Middlewares/Third_Party/FreeRTOS/Source/queue.c **** 	more user friendly. */
 148:Middlewares/Third_Party/FreeRTOS/Source/queue.c **** 	typedef struct QUEUE_REGISTRY_ITEM
 149:Middlewares/Third_Party/FreeRTOS/Source/queue.c **** 	{
 150:Middlewares/Third_Party/FreeRTOS/Source/queue.c **** 		const char *pcQueueName; /*lint !e971 Unqualified char types are allowed for strings and single c
 151:Middlewares/Third_Party/FreeRTOS/Source/queue.c **** 		QueueHandle_t xHandle;
 152:Middlewares/Third_Party/FreeRTOS/Source/queue.c **** 	} xQueueRegistryItem;
 153:Middlewares/Third_Party/FreeRTOS/Source/queue.c **** 
 154:Middlewares/Third_Party/FreeRTOS/Source/queue.c **** 	/* The old xQueueRegistryItem name is maintained above then typedefed to the
 155:Middlewares/Third_Party/FreeRTOS/Source/queue.c **** 	new xQueueRegistryItem name below to enable the use of older kernel aware
 156:Middlewares/Third_Party/FreeRTOS/Source/queue.c **** 	debuggers. */
 157:Middlewares/Third_Party/FreeRTOS/Source/queue.c **** 	typedef xQueueRegistryItem QueueRegistryItem_t;
 158:Middlewares/Third_Party/FreeRTOS/Source/queue.c **** 
 159:Middlewares/Third_Party/FreeRTOS/Source/queue.c **** 	/* The queue registry is simply an array of QueueRegistryItem_t structures.
 160:Middlewares/Third_Party/FreeRTOS/Source/queue.c **** 	The pcQueueName member of a structure being NULL is indicative of the
 161:Middlewares/Third_Party/FreeRTOS/Source/queue.c **** 	array position being vacant. */
 162:Middlewares/Third_Party/FreeRTOS/Source/queue.c **** 	PRIVILEGED_DATA QueueRegistryItem_t xQueueRegistry[ configQUEUE_REGISTRY_SIZE ];
 163:Middlewares/Third_Party/FreeRTOS/Source/queue.c **** 
 164:Middlewares/Third_Party/FreeRTOS/Source/queue.c **** #endif /* configQUEUE_REGISTRY_SIZE */
 165:Middlewares/Third_Party/FreeRTOS/Source/queue.c **** 
 166:Middlewares/Third_Party/FreeRTOS/Source/queue.c **** /*
 167:Middlewares/Third_Party/FreeRTOS/Source/queue.c ****  * Unlocks a queue locked by a call to prvLockQueue.  Locking a queue does not
 168:Middlewares/Third_Party/FreeRTOS/Source/queue.c ****  * prevent an ISR from adding or removing items to the queue, but does prevent
 169:Middlewares/Third_Party/FreeRTOS/Source/queue.c ****  * an ISR from removing tasks from the queue event lists.  If an ISR finds a
 170:Middlewares/Third_Party/FreeRTOS/Source/queue.c ****  * queue is locked it will instead increment the appropriate queue lock count
 171:Middlewares/Third_Party/FreeRTOS/Source/queue.c ****  * to indicate that a task may require unblocking.  When the queue in unlocked
 172:Middlewares/Third_Party/FreeRTOS/Source/queue.c ****  * these lock counts are inspected, and the appropriate action taken.
 173:Middlewares/Third_Party/FreeRTOS/Source/queue.c ****  */
 174:Middlewares/Third_Party/FreeRTOS/Source/queue.c **** static void prvUnlockQueue( Queue_t * const pxQueue ) PRIVILEGED_FUNCTION;
 175:Middlewares/Third_Party/FreeRTOS/Source/queue.c **** 
 176:Middlewares/Third_Party/FreeRTOS/Source/queue.c **** /*
 177:Middlewares/Third_Party/FreeRTOS/Source/queue.c ****  * Uses a critical section to determine if there is any data in a queue.
 178:Middlewares/Third_Party/FreeRTOS/Source/queue.c ****  *
 179:Middlewares/Third_Party/FreeRTOS/Source/queue.c ****  * @return pdTRUE if the queue contains no items, otherwise pdFALSE.
 180:Middlewares/Third_Party/FreeRTOS/Source/queue.c ****  */
 181:Middlewares/Third_Party/FreeRTOS/Source/queue.c **** static BaseType_t prvIsQueueEmpty( const Queue_t *pxQueue ) PRIVILEGED_FUNCTION;
 182:Middlewares/Third_Party/FreeRTOS/Source/queue.c **** 
 183:Middlewares/Third_Party/FreeRTOS/Source/queue.c **** /*
 184:Middlewares/Third_Party/FreeRTOS/Source/queue.c ****  * Uses a critical section to determine if there is any space in a queue.
 185:Middlewares/Third_Party/FreeRTOS/Source/queue.c ****  *
 186:Middlewares/Third_Party/FreeRTOS/Source/queue.c ****  * @return pdTRUE if there is no space, otherwise pdFALSE;
 187:Middlewares/Third_Party/FreeRTOS/Source/queue.c ****  */
 188:Middlewares/Third_Party/FreeRTOS/Source/queue.c **** static BaseType_t prvIsQueueFull( const Queue_t *pxQueue ) PRIVILEGED_FUNCTION;
 189:Middlewares/Third_Party/FreeRTOS/Source/queue.c **** 
 190:Middlewares/Third_Party/FreeRTOS/Source/queue.c **** /*
 191:Middlewares/Third_Party/FreeRTOS/Source/queue.c ****  * Copies an item into the queue, either at the front of the queue or the
 192:Middlewares/Third_Party/FreeRTOS/Source/queue.c ****  * back of the queue.
 193:Middlewares/Third_Party/FreeRTOS/Source/queue.c ****  */
 194:Middlewares/Third_Party/FreeRTOS/Source/queue.c **** static BaseType_t prvCopyDataToQueue( Queue_t * const pxQueue, const void *pvItemToQueue, const Bas
 195:Middlewares/Third_Party/FreeRTOS/Source/queue.c **** 
 196:Middlewares/Third_Party/FreeRTOS/Source/queue.c **** /*
 197:Middlewares/Third_Party/FreeRTOS/Source/queue.c ****  * Copies an item out of a queue.
 198:Middlewares/Third_Party/FreeRTOS/Source/queue.c ****  */
 199:Middlewares/Third_Party/FreeRTOS/Source/queue.c **** static void prvCopyDataFromQueue( Queue_t * const pxQueue, void * const pvBuffer ) PRIVILEGED_FUNCT
 200:Middlewares/Third_Party/FreeRTOS/Source/queue.c **** 
 201:Middlewares/Third_Party/FreeRTOS/Source/queue.c **** #if ( configUSE_QUEUE_SETS == 1 )
 202:Middlewares/Third_Party/FreeRTOS/Source/queue.c **** 	/*
 203:Middlewares/Third_Party/FreeRTOS/Source/queue.c **** 	 * Checks to see if a queue is a member of a queue set, and if so, notifies
ARM GAS  C:\Users\Asus\AppData\Local\Temp\ccbtHMUK.s 			page 5


 204:Middlewares/Third_Party/FreeRTOS/Source/queue.c **** 	 * the queue set that the queue contains data.
 205:Middlewares/Third_Party/FreeRTOS/Source/queue.c **** 	 */
 206:Middlewares/Third_Party/FreeRTOS/Source/queue.c **** 	static BaseType_t prvNotifyQueueSetContainer( const Queue_t * const pxQueue ) PRIVILEGED_FUNCTION;
 207:Middlewares/Third_Party/FreeRTOS/Source/queue.c **** #endif
 208:Middlewares/Third_Party/FreeRTOS/Source/queue.c **** 
 209:Middlewares/Third_Party/FreeRTOS/Source/queue.c **** /*
 210:Middlewares/Third_Party/FreeRTOS/Source/queue.c ****  * Called after a Queue_t structure has been allocated either statically or
 211:Middlewares/Third_Party/FreeRTOS/Source/queue.c ****  * dynamically to fill in the structure's members.
 212:Middlewares/Third_Party/FreeRTOS/Source/queue.c ****  */
 213:Middlewares/Third_Party/FreeRTOS/Source/queue.c **** static void prvInitialiseNewQueue( const UBaseType_t uxQueueLength, const UBaseType_t uxItemSize, u
 214:Middlewares/Third_Party/FreeRTOS/Source/queue.c **** 
 215:Middlewares/Third_Party/FreeRTOS/Source/queue.c **** /*
 216:Middlewares/Third_Party/FreeRTOS/Source/queue.c ****  * Mutexes are a special type of queue.  When a mutex is created, first the
 217:Middlewares/Third_Party/FreeRTOS/Source/queue.c ****  * queue is created, then prvInitialiseMutex() is called to configure the queue
 218:Middlewares/Third_Party/FreeRTOS/Source/queue.c ****  * as a mutex.
 219:Middlewares/Third_Party/FreeRTOS/Source/queue.c ****  */
 220:Middlewares/Third_Party/FreeRTOS/Source/queue.c **** #if( configUSE_MUTEXES == 1 )
 221:Middlewares/Third_Party/FreeRTOS/Source/queue.c **** 	static void prvInitialiseMutex( Queue_t *pxNewQueue ) PRIVILEGED_FUNCTION;
 222:Middlewares/Third_Party/FreeRTOS/Source/queue.c **** #endif
 223:Middlewares/Third_Party/FreeRTOS/Source/queue.c **** 
 224:Middlewares/Third_Party/FreeRTOS/Source/queue.c **** #if( configUSE_MUTEXES == 1 )
 225:Middlewares/Third_Party/FreeRTOS/Source/queue.c **** 	/*
 226:Middlewares/Third_Party/FreeRTOS/Source/queue.c **** 	 * If a task waiting for a mutex causes the mutex holder to inherit a
 227:Middlewares/Third_Party/FreeRTOS/Source/queue.c **** 	 * priority, but the waiting task times out, then the holder should
 228:Middlewares/Third_Party/FreeRTOS/Source/queue.c **** 	 * disinherit the priority - but only down to the highest priority of any
 229:Middlewares/Third_Party/FreeRTOS/Source/queue.c **** 	 * other tasks that are waiting for the same mutex.  This function returns
 230:Middlewares/Third_Party/FreeRTOS/Source/queue.c **** 	 * that priority.
 231:Middlewares/Third_Party/FreeRTOS/Source/queue.c **** 	 */
 232:Middlewares/Third_Party/FreeRTOS/Source/queue.c **** 	static UBaseType_t prvGetDisinheritPriorityAfterTimeout( const Queue_t * const pxQueue ) PRIVILEGE
 233:Middlewares/Third_Party/FreeRTOS/Source/queue.c **** #endif
 234:Middlewares/Third_Party/FreeRTOS/Source/queue.c **** /*-----------------------------------------------------------*/
 235:Middlewares/Third_Party/FreeRTOS/Source/queue.c **** 
 236:Middlewares/Third_Party/FreeRTOS/Source/queue.c **** /*
 237:Middlewares/Third_Party/FreeRTOS/Source/queue.c ****  * Macro to mark a queue as locked.  Locking a queue prevents an ISR from
 238:Middlewares/Third_Party/FreeRTOS/Source/queue.c ****  * accessing the queue event lists.
 239:Middlewares/Third_Party/FreeRTOS/Source/queue.c ****  */
 240:Middlewares/Third_Party/FreeRTOS/Source/queue.c **** #define prvLockQueue( pxQueue )								\
 241:Middlewares/Third_Party/FreeRTOS/Source/queue.c **** 	taskENTER_CRITICAL();									\
 242:Middlewares/Third_Party/FreeRTOS/Source/queue.c **** 	{														\
 243:Middlewares/Third_Party/FreeRTOS/Source/queue.c **** 		if( ( pxQueue )->cRxLock == queueUNLOCKED )			\
 244:Middlewares/Third_Party/FreeRTOS/Source/queue.c **** 		{													\
 245:Middlewares/Third_Party/FreeRTOS/Source/queue.c **** 			( pxQueue )->cRxLock = queueLOCKED_UNMODIFIED;	\
 246:Middlewares/Third_Party/FreeRTOS/Source/queue.c **** 		}													\
 247:Middlewares/Third_Party/FreeRTOS/Source/queue.c **** 		if( ( pxQueue )->cTxLock == queueUNLOCKED )			\
 248:Middlewares/Third_Party/FreeRTOS/Source/queue.c **** 		{													\
 249:Middlewares/Third_Party/FreeRTOS/Source/queue.c **** 			( pxQueue )->cTxLock = queueLOCKED_UNMODIFIED;	\
 250:Middlewares/Third_Party/FreeRTOS/Source/queue.c **** 		}													\
 251:Middlewares/Third_Party/FreeRTOS/Source/queue.c **** 	}														\
 252:Middlewares/Third_Party/FreeRTOS/Source/queue.c **** 	taskEXIT_CRITICAL()
 253:Middlewares/Third_Party/FreeRTOS/Source/queue.c **** /*-----------------------------------------------------------*/
 254:Middlewares/Third_Party/FreeRTOS/Source/queue.c **** 
 255:Middlewares/Third_Party/FreeRTOS/Source/queue.c **** BaseType_t xQueueGenericReset( QueueHandle_t xQueue, BaseType_t xNewQueue )
 256:Middlewares/Third_Party/FreeRTOS/Source/queue.c **** {
 257:Middlewares/Third_Party/FreeRTOS/Source/queue.c **** Queue_t * const pxQueue = xQueue;
 258:Middlewares/Third_Party/FreeRTOS/Source/queue.c **** 
 259:Middlewares/Third_Party/FreeRTOS/Source/queue.c **** 	configASSERT( pxQueue );
 260:Middlewares/Third_Party/FreeRTOS/Source/queue.c **** 
ARM GAS  C:\Users\Asus\AppData\Local\Temp\ccbtHMUK.s 			page 6


 261:Middlewares/Third_Party/FreeRTOS/Source/queue.c **** 	taskENTER_CRITICAL();
 262:Middlewares/Third_Party/FreeRTOS/Source/queue.c **** 	{
 263:Middlewares/Third_Party/FreeRTOS/Source/queue.c **** 		pxQueue->u.xQueue.pcTail = pxQueue->pcHead + ( pxQueue->uxLength * pxQueue->uxItemSize ); /*lint 
 264:Middlewares/Third_Party/FreeRTOS/Source/queue.c **** 		pxQueue->uxMessagesWaiting = ( UBaseType_t ) 0U;
 265:Middlewares/Third_Party/FreeRTOS/Source/queue.c **** 		pxQueue->pcWriteTo = pxQueue->pcHead;
 266:Middlewares/Third_Party/FreeRTOS/Source/queue.c **** 		pxQueue->u.xQueue.pcReadFrom = pxQueue->pcHead + ( ( pxQueue->uxLength - 1U ) * pxQueue->uxItemSi
 267:Middlewares/Third_Party/FreeRTOS/Source/queue.c **** 		pxQueue->cRxLock = queueUNLOCKED;
 268:Middlewares/Third_Party/FreeRTOS/Source/queue.c **** 		pxQueue->cTxLock = queueUNLOCKED;
 269:Middlewares/Third_Party/FreeRTOS/Source/queue.c **** 
 270:Middlewares/Third_Party/FreeRTOS/Source/queue.c **** 		if( xNewQueue == pdFALSE )
 271:Middlewares/Third_Party/FreeRTOS/Source/queue.c **** 		{
 272:Middlewares/Third_Party/FreeRTOS/Source/queue.c **** 			/* If there are tasks blocked waiting to read from the queue, then
 273:Middlewares/Third_Party/FreeRTOS/Source/queue.c **** 			the tasks will remain blocked as after this function exits the queue
 274:Middlewares/Third_Party/FreeRTOS/Source/queue.c **** 			will still be empty.  If there are tasks blocked waiting to write to
 275:Middlewares/Third_Party/FreeRTOS/Source/queue.c **** 			the queue, then one should be unblocked as after this function exits
 276:Middlewares/Third_Party/FreeRTOS/Source/queue.c **** 			it will be possible to write to it. */
 277:Middlewares/Third_Party/FreeRTOS/Source/queue.c **** 			if( listLIST_IS_EMPTY( &( pxQueue->xTasksWaitingToSend ) ) == pdFALSE )
 278:Middlewares/Third_Party/FreeRTOS/Source/queue.c **** 			{
 279:Middlewares/Third_Party/FreeRTOS/Source/queue.c **** 				if( xTaskRemoveFromEventList( &( pxQueue->xTasksWaitingToSend ) ) != pdFALSE )
 280:Middlewares/Third_Party/FreeRTOS/Source/queue.c **** 				{
 281:Middlewares/Third_Party/FreeRTOS/Source/queue.c **** 					queueYIELD_IF_USING_PREEMPTION();
 282:Middlewares/Third_Party/FreeRTOS/Source/queue.c **** 				}
 283:Middlewares/Third_Party/FreeRTOS/Source/queue.c **** 				else
 284:Middlewares/Third_Party/FreeRTOS/Source/queue.c **** 				{
 285:Middlewares/Third_Party/FreeRTOS/Source/queue.c **** 					mtCOVERAGE_TEST_MARKER();
 286:Middlewares/Third_Party/FreeRTOS/Source/queue.c **** 				}
 287:Middlewares/Third_Party/FreeRTOS/Source/queue.c **** 			}
 288:Middlewares/Third_Party/FreeRTOS/Source/queue.c **** 			else
 289:Middlewares/Third_Party/FreeRTOS/Source/queue.c **** 			{
 290:Middlewares/Third_Party/FreeRTOS/Source/queue.c **** 				mtCOVERAGE_TEST_MARKER();
 291:Middlewares/Third_Party/FreeRTOS/Source/queue.c **** 			}
 292:Middlewares/Third_Party/FreeRTOS/Source/queue.c **** 		}
 293:Middlewares/Third_Party/FreeRTOS/Source/queue.c **** 		else
 294:Middlewares/Third_Party/FreeRTOS/Source/queue.c **** 		{
 295:Middlewares/Third_Party/FreeRTOS/Source/queue.c **** 			/* Ensure the event queues start in the correct state. */
 296:Middlewares/Third_Party/FreeRTOS/Source/queue.c **** 			vListInitialise( &( pxQueue->xTasksWaitingToSend ) );
 297:Middlewares/Third_Party/FreeRTOS/Source/queue.c **** 			vListInitialise( &( pxQueue->xTasksWaitingToReceive ) );
 298:Middlewares/Third_Party/FreeRTOS/Source/queue.c **** 		}
 299:Middlewares/Third_Party/FreeRTOS/Source/queue.c **** 	}
 300:Middlewares/Third_Party/FreeRTOS/Source/queue.c **** 	taskEXIT_CRITICAL();
 301:Middlewares/Third_Party/FreeRTOS/Source/queue.c **** 
 302:Middlewares/Third_Party/FreeRTOS/Source/queue.c **** 	/* A value is returned for calling semantic consistency with previous
 303:Middlewares/Third_Party/FreeRTOS/Source/queue.c **** 	versions. */
 304:Middlewares/Third_Party/FreeRTOS/Source/queue.c **** 	return pdPASS;
 305:Middlewares/Third_Party/FreeRTOS/Source/queue.c **** }
 306:Middlewares/Third_Party/FreeRTOS/Source/queue.c **** /*-----------------------------------------------------------*/
 307:Middlewares/Third_Party/FreeRTOS/Source/queue.c **** 
 308:Middlewares/Third_Party/FreeRTOS/Source/queue.c **** #if( configSUPPORT_STATIC_ALLOCATION == 1 )
 309:Middlewares/Third_Party/FreeRTOS/Source/queue.c **** 
 310:Middlewares/Third_Party/FreeRTOS/Source/queue.c **** 	QueueHandle_t xQueueGenericCreateStatic( const UBaseType_t uxQueueLength, const UBaseType_t uxItem
 311:Middlewares/Third_Party/FreeRTOS/Source/queue.c **** 	{
 312:Middlewares/Third_Party/FreeRTOS/Source/queue.c **** 	Queue_t *pxNewQueue;
 313:Middlewares/Third_Party/FreeRTOS/Source/queue.c **** 
 314:Middlewares/Third_Party/FreeRTOS/Source/queue.c **** 		configASSERT( uxQueueLength > ( UBaseType_t ) 0 );
 315:Middlewares/Third_Party/FreeRTOS/Source/queue.c **** 
 316:Middlewares/Third_Party/FreeRTOS/Source/queue.c **** 		/* The StaticQueue_t structure and the queue storage area must be
 317:Middlewares/Third_Party/FreeRTOS/Source/queue.c **** 		supplied. */
ARM GAS  C:\Users\Asus\AppData\Local\Temp\ccbtHMUK.s 			page 7


 318:Middlewares/Third_Party/FreeRTOS/Source/queue.c **** 		configASSERT( pxStaticQueue != NULL );
 319:Middlewares/Third_Party/FreeRTOS/Source/queue.c **** 
 320:Middlewares/Third_Party/FreeRTOS/Source/queue.c **** 		/* A queue storage area should be provided if the item size is not 0, and
 321:Middlewares/Third_Party/FreeRTOS/Source/queue.c **** 		should not be provided if the item size is 0. */
 322:Middlewares/Third_Party/FreeRTOS/Source/queue.c **** 		configASSERT( !( ( pucQueueStorage != NULL ) && ( uxItemSize == 0 ) ) );
 323:Middlewares/Third_Party/FreeRTOS/Source/queue.c **** 		configASSERT( !( ( pucQueueStorage == NULL ) && ( uxItemSize != 0 ) ) );
 324:Middlewares/Third_Party/FreeRTOS/Source/queue.c **** 
 325:Middlewares/Third_Party/FreeRTOS/Source/queue.c **** 		#if( configASSERT_DEFINED == 1 )
 326:Middlewares/Third_Party/FreeRTOS/Source/queue.c **** 		{
 327:Middlewares/Third_Party/FreeRTOS/Source/queue.c **** 			/* Sanity check that the size of the structure used to declare a
 328:Middlewares/Third_Party/FreeRTOS/Source/queue.c **** 			variable of type StaticQueue_t or StaticSemaphore_t equals the size of
 329:Middlewares/Third_Party/FreeRTOS/Source/queue.c **** 			the real queue and semaphore structures. */
 330:Middlewares/Third_Party/FreeRTOS/Source/queue.c **** 			volatile size_t xSize = sizeof( StaticQueue_t );
 331:Middlewares/Third_Party/FreeRTOS/Source/queue.c **** 			configASSERT( xSize == sizeof( Queue_t ) );
 332:Middlewares/Third_Party/FreeRTOS/Source/queue.c **** 			( void ) xSize; /* Keeps lint quiet when configASSERT() is not defined. */
 333:Middlewares/Third_Party/FreeRTOS/Source/queue.c **** 		}
 334:Middlewares/Third_Party/FreeRTOS/Source/queue.c **** 		#endif /* configASSERT_DEFINED */
 335:Middlewares/Third_Party/FreeRTOS/Source/queue.c **** 
 336:Middlewares/Third_Party/FreeRTOS/Source/queue.c **** 		/* The address of a statically allocated queue was passed in, use it.
 337:Middlewares/Third_Party/FreeRTOS/Source/queue.c **** 		The address of a statically allocated storage area was also passed in
 338:Middlewares/Third_Party/FreeRTOS/Source/queue.c **** 		but is already set. */
 339:Middlewares/Third_Party/FreeRTOS/Source/queue.c **** 		pxNewQueue = ( Queue_t * ) pxStaticQueue; /*lint !e740 !e9087 Unusual cast is ok as the structure
 340:Middlewares/Third_Party/FreeRTOS/Source/queue.c **** 
 341:Middlewares/Third_Party/FreeRTOS/Source/queue.c **** 		if( pxNewQueue != NULL )
 342:Middlewares/Third_Party/FreeRTOS/Source/queue.c **** 		{
 343:Middlewares/Third_Party/FreeRTOS/Source/queue.c **** 			#if( configSUPPORT_DYNAMIC_ALLOCATION == 1 )
 344:Middlewares/Third_Party/FreeRTOS/Source/queue.c **** 			{
 345:Middlewares/Third_Party/FreeRTOS/Source/queue.c **** 				/* Queues can be allocated wither statically or dynamically, so
 346:Middlewares/Third_Party/FreeRTOS/Source/queue.c **** 				note this queue was allocated statically in case the queue is
 347:Middlewares/Third_Party/FreeRTOS/Source/queue.c **** 				later deleted. */
 348:Middlewares/Third_Party/FreeRTOS/Source/queue.c **** 				pxNewQueue->ucStaticallyAllocated = pdTRUE;
 349:Middlewares/Third_Party/FreeRTOS/Source/queue.c **** 			}
 350:Middlewares/Third_Party/FreeRTOS/Source/queue.c **** 			#endif /* configSUPPORT_DYNAMIC_ALLOCATION */
 351:Middlewares/Third_Party/FreeRTOS/Source/queue.c **** 
 352:Middlewares/Third_Party/FreeRTOS/Source/queue.c **** 			prvInitialiseNewQueue( uxQueueLength, uxItemSize, pucQueueStorage, ucQueueType, pxNewQueue );
 353:Middlewares/Third_Party/FreeRTOS/Source/queue.c **** 		}
 354:Middlewares/Third_Party/FreeRTOS/Source/queue.c **** 		else
 355:Middlewares/Third_Party/FreeRTOS/Source/queue.c **** 		{
 356:Middlewares/Third_Party/FreeRTOS/Source/queue.c **** 			traceQUEUE_CREATE_FAILED( ucQueueType );
 357:Middlewares/Third_Party/FreeRTOS/Source/queue.c **** 			mtCOVERAGE_TEST_MARKER();
 358:Middlewares/Third_Party/FreeRTOS/Source/queue.c **** 		}
 359:Middlewares/Third_Party/FreeRTOS/Source/queue.c **** 
 360:Middlewares/Third_Party/FreeRTOS/Source/queue.c **** 		return pxNewQueue;
 361:Middlewares/Third_Party/FreeRTOS/Source/queue.c **** 	}
 362:Middlewares/Third_Party/FreeRTOS/Source/queue.c **** 
 363:Middlewares/Third_Party/FreeRTOS/Source/queue.c **** #endif /* configSUPPORT_STATIC_ALLOCATION */
 364:Middlewares/Third_Party/FreeRTOS/Source/queue.c **** /*-----------------------------------------------------------*/
 365:Middlewares/Third_Party/FreeRTOS/Source/queue.c **** 
 366:Middlewares/Third_Party/FreeRTOS/Source/queue.c **** #if( configSUPPORT_DYNAMIC_ALLOCATION == 1 )
 367:Middlewares/Third_Party/FreeRTOS/Source/queue.c **** 
 368:Middlewares/Third_Party/FreeRTOS/Source/queue.c **** 	QueueHandle_t xQueueGenericCreate( const UBaseType_t uxQueueLength, const UBaseType_t uxItemSize, 
 369:Middlewares/Third_Party/FreeRTOS/Source/queue.c **** 	{
 370:Middlewares/Third_Party/FreeRTOS/Source/queue.c **** 	Queue_t *pxNewQueue;
 371:Middlewares/Third_Party/FreeRTOS/Source/queue.c **** 	size_t xQueueSizeInBytes;
 372:Middlewares/Third_Party/FreeRTOS/Source/queue.c **** 	uint8_t *pucQueueStorage;
 373:Middlewares/Third_Party/FreeRTOS/Source/queue.c **** 
 374:Middlewares/Third_Party/FreeRTOS/Source/queue.c **** 		configASSERT( uxQueueLength > ( UBaseType_t ) 0 );
ARM GAS  C:\Users\Asus\AppData\Local\Temp\ccbtHMUK.s 			page 8


 375:Middlewares/Third_Party/FreeRTOS/Source/queue.c **** 
 376:Middlewares/Third_Party/FreeRTOS/Source/queue.c **** 		/* Allocate enough space to hold the maximum number of items that
 377:Middlewares/Third_Party/FreeRTOS/Source/queue.c **** 		can be in the queue at any time.  It is valid for uxItemSize to be
 378:Middlewares/Third_Party/FreeRTOS/Source/queue.c **** 		zero in the case the queue is used as a semaphore. */
 379:Middlewares/Third_Party/FreeRTOS/Source/queue.c **** 		xQueueSizeInBytes = ( size_t ) ( uxQueueLength * uxItemSize ); /*lint !e961 MISRA exception as th
 380:Middlewares/Third_Party/FreeRTOS/Source/queue.c **** 
 381:Middlewares/Third_Party/FreeRTOS/Source/queue.c **** 		/* Allocate the queue and storage area.  Justification for MISRA
 382:Middlewares/Third_Party/FreeRTOS/Source/queue.c **** 		deviation as follows:  pvPortMalloc() always ensures returned memory
 383:Middlewares/Third_Party/FreeRTOS/Source/queue.c **** 		blocks are aligned per the requirements of the MCU stack.  In this case
 384:Middlewares/Third_Party/FreeRTOS/Source/queue.c **** 		pvPortMalloc() must return a pointer that is guaranteed to meet the
 385:Middlewares/Third_Party/FreeRTOS/Source/queue.c **** 		alignment requirements of the Queue_t structure - which in this case
 386:Middlewares/Third_Party/FreeRTOS/Source/queue.c **** 		is an int8_t *.  Therefore, whenever the stack alignment requirements
 387:Middlewares/Third_Party/FreeRTOS/Source/queue.c **** 		are greater than or equal to the pointer to char requirements the cast
 388:Middlewares/Third_Party/FreeRTOS/Source/queue.c **** 		is safe.  In other cases alignment requirements are not strict (one or
 389:Middlewares/Third_Party/FreeRTOS/Source/queue.c **** 		two bytes). */
 390:Middlewares/Third_Party/FreeRTOS/Source/queue.c **** 		pxNewQueue = ( Queue_t * ) pvPortMalloc( sizeof( Queue_t ) + xQueueSizeInBytes ); /*lint !e9087 !
 391:Middlewares/Third_Party/FreeRTOS/Source/queue.c **** 
 392:Middlewares/Third_Party/FreeRTOS/Source/queue.c **** 		if( pxNewQueue != NULL )
 393:Middlewares/Third_Party/FreeRTOS/Source/queue.c **** 		{
 394:Middlewares/Third_Party/FreeRTOS/Source/queue.c **** 			/* Jump past the queue structure to find the location of the queue
 395:Middlewares/Third_Party/FreeRTOS/Source/queue.c **** 			storage area. */
 396:Middlewares/Third_Party/FreeRTOS/Source/queue.c **** 			pucQueueStorage = ( uint8_t * ) pxNewQueue;
 397:Middlewares/Third_Party/FreeRTOS/Source/queue.c **** 			pucQueueStorage += sizeof( Queue_t ); /*lint !e9016 Pointer arithmetic allowed on char types, es
 398:Middlewares/Third_Party/FreeRTOS/Source/queue.c **** 
 399:Middlewares/Third_Party/FreeRTOS/Source/queue.c **** 			#if( configSUPPORT_STATIC_ALLOCATION == 1 )
 400:Middlewares/Third_Party/FreeRTOS/Source/queue.c **** 			{
 401:Middlewares/Third_Party/FreeRTOS/Source/queue.c **** 				/* Queues can be created either statically or dynamically, so
 402:Middlewares/Third_Party/FreeRTOS/Source/queue.c **** 				note this task was created dynamically in case it is later
 403:Middlewares/Third_Party/FreeRTOS/Source/queue.c **** 				deleted. */
 404:Middlewares/Third_Party/FreeRTOS/Source/queue.c **** 				pxNewQueue->ucStaticallyAllocated = pdFALSE;
 405:Middlewares/Third_Party/FreeRTOS/Source/queue.c **** 			}
 406:Middlewares/Third_Party/FreeRTOS/Source/queue.c **** 			#endif /* configSUPPORT_STATIC_ALLOCATION */
 407:Middlewares/Third_Party/FreeRTOS/Source/queue.c **** 
 408:Middlewares/Third_Party/FreeRTOS/Source/queue.c **** 			prvInitialiseNewQueue( uxQueueLength, uxItemSize, pucQueueStorage, ucQueueType, pxNewQueue );
 409:Middlewares/Third_Party/FreeRTOS/Source/queue.c **** 		}
 410:Middlewares/Third_Party/FreeRTOS/Source/queue.c **** 		else
 411:Middlewares/Third_Party/FreeRTOS/Source/queue.c **** 		{
 412:Middlewares/Third_Party/FreeRTOS/Source/queue.c **** 			traceQUEUE_CREATE_FAILED( ucQueueType );
 413:Middlewares/Third_Party/FreeRTOS/Source/queue.c **** 			mtCOVERAGE_TEST_MARKER();
 414:Middlewares/Third_Party/FreeRTOS/Source/queue.c **** 		}
 415:Middlewares/Third_Party/FreeRTOS/Source/queue.c **** 
 416:Middlewares/Third_Party/FreeRTOS/Source/queue.c **** 		return pxNewQueue;
 417:Middlewares/Third_Party/FreeRTOS/Source/queue.c **** 	}
 418:Middlewares/Third_Party/FreeRTOS/Source/queue.c **** 
 419:Middlewares/Third_Party/FreeRTOS/Source/queue.c **** #endif /* configSUPPORT_STATIC_ALLOCATION */
 420:Middlewares/Third_Party/FreeRTOS/Source/queue.c **** /*-----------------------------------------------------------*/
 421:Middlewares/Third_Party/FreeRTOS/Source/queue.c **** 
 422:Middlewares/Third_Party/FreeRTOS/Source/queue.c **** static void prvInitialiseNewQueue( const UBaseType_t uxQueueLength, const UBaseType_t uxItemSize, u
 423:Middlewares/Third_Party/FreeRTOS/Source/queue.c **** {
 424:Middlewares/Third_Party/FreeRTOS/Source/queue.c **** 	/* Remove compiler warnings about unused parameters should
 425:Middlewares/Third_Party/FreeRTOS/Source/queue.c **** 	configUSE_TRACE_FACILITY not be set to 1. */
 426:Middlewares/Third_Party/FreeRTOS/Source/queue.c **** 	( void ) ucQueueType;
 427:Middlewares/Third_Party/FreeRTOS/Source/queue.c **** 
 428:Middlewares/Third_Party/FreeRTOS/Source/queue.c **** 	if( uxItemSize == ( UBaseType_t ) 0 )
 429:Middlewares/Third_Party/FreeRTOS/Source/queue.c **** 	{
 430:Middlewares/Third_Party/FreeRTOS/Source/queue.c **** 		/* No RAM was allocated for the queue storage area, but PC head cannot
 431:Middlewares/Third_Party/FreeRTOS/Source/queue.c **** 		be set to NULL because NULL is used as a key to say the queue is used as
ARM GAS  C:\Users\Asus\AppData\Local\Temp\ccbtHMUK.s 			page 9


 432:Middlewares/Third_Party/FreeRTOS/Source/queue.c **** 		a mutex.  Therefore just set pcHead to point to the queue as a benign
 433:Middlewares/Third_Party/FreeRTOS/Source/queue.c **** 		value that is known to be within the memory map. */
 434:Middlewares/Third_Party/FreeRTOS/Source/queue.c **** 		pxNewQueue->pcHead = ( int8_t * ) pxNewQueue;
 435:Middlewares/Third_Party/FreeRTOS/Source/queue.c **** 	}
 436:Middlewares/Third_Party/FreeRTOS/Source/queue.c **** 	else
 437:Middlewares/Third_Party/FreeRTOS/Source/queue.c **** 	{
 438:Middlewares/Third_Party/FreeRTOS/Source/queue.c **** 		/* Set the head to the start of the queue storage area. */
 439:Middlewares/Third_Party/FreeRTOS/Source/queue.c **** 		pxNewQueue->pcHead = ( int8_t * ) pucQueueStorage;
 440:Middlewares/Third_Party/FreeRTOS/Source/queue.c **** 	}
 441:Middlewares/Third_Party/FreeRTOS/Source/queue.c **** 
 442:Middlewares/Third_Party/FreeRTOS/Source/queue.c **** 	/* Initialise the queue members as described where the queue type is
 443:Middlewares/Third_Party/FreeRTOS/Source/queue.c **** 	defined. */
 444:Middlewares/Third_Party/FreeRTOS/Source/queue.c **** 	pxNewQueue->uxLength = uxQueueLength;
 445:Middlewares/Third_Party/FreeRTOS/Source/queue.c **** 	pxNewQueue->uxItemSize = uxItemSize;
 446:Middlewares/Third_Party/FreeRTOS/Source/queue.c **** 	( void ) xQueueGenericReset( pxNewQueue, pdTRUE );
 447:Middlewares/Third_Party/FreeRTOS/Source/queue.c **** 
 448:Middlewares/Third_Party/FreeRTOS/Source/queue.c **** 	#if ( configUSE_TRACE_FACILITY == 1 )
 449:Middlewares/Third_Party/FreeRTOS/Source/queue.c **** 	{
 450:Middlewares/Third_Party/FreeRTOS/Source/queue.c **** 		pxNewQueue->ucQueueType = ucQueueType;
 451:Middlewares/Third_Party/FreeRTOS/Source/queue.c **** 	}
 452:Middlewares/Third_Party/FreeRTOS/Source/queue.c **** 	#endif /* configUSE_TRACE_FACILITY */
 453:Middlewares/Third_Party/FreeRTOS/Source/queue.c **** 
 454:Middlewares/Third_Party/FreeRTOS/Source/queue.c **** 	#if( configUSE_QUEUE_SETS == 1 )
 455:Middlewares/Third_Party/FreeRTOS/Source/queue.c **** 	{
 456:Middlewares/Third_Party/FreeRTOS/Source/queue.c **** 		pxNewQueue->pxQueueSetContainer = NULL;
 457:Middlewares/Third_Party/FreeRTOS/Source/queue.c **** 	}
 458:Middlewares/Third_Party/FreeRTOS/Source/queue.c **** 	#endif /* configUSE_QUEUE_SETS */
 459:Middlewares/Third_Party/FreeRTOS/Source/queue.c **** 
 460:Middlewares/Third_Party/FreeRTOS/Source/queue.c **** 	traceQUEUE_CREATE( pxNewQueue );
 461:Middlewares/Third_Party/FreeRTOS/Source/queue.c **** }
 462:Middlewares/Third_Party/FreeRTOS/Source/queue.c **** /*-----------------------------------------------------------*/
 463:Middlewares/Third_Party/FreeRTOS/Source/queue.c **** 
 464:Middlewares/Third_Party/FreeRTOS/Source/queue.c **** #if( configUSE_MUTEXES == 1 )
 465:Middlewares/Third_Party/FreeRTOS/Source/queue.c **** 
 466:Middlewares/Third_Party/FreeRTOS/Source/queue.c **** 	static void prvInitialiseMutex( Queue_t *pxNewQueue )
 467:Middlewares/Third_Party/FreeRTOS/Source/queue.c **** 	{
 468:Middlewares/Third_Party/FreeRTOS/Source/queue.c **** 		if( pxNewQueue != NULL )
 469:Middlewares/Third_Party/FreeRTOS/Source/queue.c **** 		{
 470:Middlewares/Third_Party/FreeRTOS/Source/queue.c **** 			/* The queue create function will set all the queue structure members
 471:Middlewares/Third_Party/FreeRTOS/Source/queue.c **** 			correctly for a generic queue, but this function is creating a
 472:Middlewares/Third_Party/FreeRTOS/Source/queue.c **** 			mutex.  Overwrite those members that need to be set differently -
 473:Middlewares/Third_Party/FreeRTOS/Source/queue.c **** 			in particular the information required for priority inheritance. */
 474:Middlewares/Third_Party/FreeRTOS/Source/queue.c **** 			pxNewQueue->u.xSemaphore.xMutexHolder = NULL;
 475:Middlewares/Third_Party/FreeRTOS/Source/queue.c **** 			pxNewQueue->uxQueueType = queueQUEUE_IS_MUTEX;
 476:Middlewares/Third_Party/FreeRTOS/Source/queue.c **** 
 477:Middlewares/Third_Party/FreeRTOS/Source/queue.c **** 			/* In case this is a recursive mutex. */
 478:Middlewares/Third_Party/FreeRTOS/Source/queue.c **** 			pxNewQueue->u.xSemaphore.uxRecursiveCallCount = 0;
 479:Middlewares/Third_Party/FreeRTOS/Source/queue.c **** 
 480:Middlewares/Third_Party/FreeRTOS/Source/queue.c **** 			traceCREATE_MUTEX( pxNewQueue );
 481:Middlewares/Third_Party/FreeRTOS/Source/queue.c **** 
 482:Middlewares/Third_Party/FreeRTOS/Source/queue.c **** 			/* Start with the semaphore in the expected state. */
 483:Middlewares/Third_Party/FreeRTOS/Source/queue.c **** 			( void ) xQueueGenericSend( pxNewQueue, NULL, ( TickType_t ) 0U, queueSEND_TO_BACK );
 484:Middlewares/Third_Party/FreeRTOS/Source/queue.c **** 		}
 485:Middlewares/Third_Party/FreeRTOS/Source/queue.c **** 		else
 486:Middlewares/Third_Party/FreeRTOS/Source/queue.c **** 		{
 487:Middlewares/Third_Party/FreeRTOS/Source/queue.c **** 			traceCREATE_MUTEX_FAILED();
 488:Middlewares/Third_Party/FreeRTOS/Source/queue.c **** 		}
ARM GAS  C:\Users\Asus\AppData\Local\Temp\ccbtHMUK.s 			page 10


 489:Middlewares/Third_Party/FreeRTOS/Source/queue.c **** 	}
 490:Middlewares/Third_Party/FreeRTOS/Source/queue.c **** 
 491:Middlewares/Third_Party/FreeRTOS/Source/queue.c **** #endif /* configUSE_MUTEXES */
 492:Middlewares/Third_Party/FreeRTOS/Source/queue.c **** /*-----------------------------------------------------------*/
 493:Middlewares/Third_Party/FreeRTOS/Source/queue.c **** 
 494:Middlewares/Third_Party/FreeRTOS/Source/queue.c **** #if( ( configUSE_MUTEXES == 1 ) && ( configSUPPORT_DYNAMIC_ALLOCATION == 1 ) )
 495:Middlewares/Third_Party/FreeRTOS/Source/queue.c **** 
 496:Middlewares/Third_Party/FreeRTOS/Source/queue.c **** 	QueueHandle_t xQueueCreateMutex( const uint8_t ucQueueType )
 497:Middlewares/Third_Party/FreeRTOS/Source/queue.c **** 	{
 498:Middlewares/Third_Party/FreeRTOS/Source/queue.c **** 	QueueHandle_t xNewQueue;
 499:Middlewares/Third_Party/FreeRTOS/Source/queue.c **** 	const UBaseType_t uxMutexLength = ( UBaseType_t ) 1, uxMutexSize = ( UBaseType_t ) 0;
 500:Middlewares/Third_Party/FreeRTOS/Source/queue.c **** 
 501:Middlewares/Third_Party/FreeRTOS/Source/queue.c **** 		xNewQueue = xQueueGenericCreate( uxMutexLength, uxMutexSize, ucQueueType );
 502:Middlewares/Third_Party/FreeRTOS/Source/queue.c **** 		prvInitialiseMutex( ( Queue_t * ) xNewQueue );
 503:Middlewares/Third_Party/FreeRTOS/Source/queue.c **** 
 504:Middlewares/Third_Party/FreeRTOS/Source/queue.c **** 		return xNewQueue;
 505:Middlewares/Third_Party/FreeRTOS/Source/queue.c **** 	}
 506:Middlewares/Third_Party/FreeRTOS/Source/queue.c **** 
 507:Middlewares/Third_Party/FreeRTOS/Source/queue.c **** #endif /* configUSE_MUTEXES */
 508:Middlewares/Third_Party/FreeRTOS/Source/queue.c **** /*-----------------------------------------------------------*/
 509:Middlewares/Third_Party/FreeRTOS/Source/queue.c **** 
 510:Middlewares/Third_Party/FreeRTOS/Source/queue.c **** #if( ( configUSE_MUTEXES == 1 ) && ( configSUPPORT_STATIC_ALLOCATION == 1 ) )
 511:Middlewares/Third_Party/FreeRTOS/Source/queue.c **** 
 512:Middlewares/Third_Party/FreeRTOS/Source/queue.c **** 	QueueHandle_t xQueueCreateMutexStatic( const uint8_t ucQueueType, StaticQueue_t *pxStaticQueue )
 513:Middlewares/Third_Party/FreeRTOS/Source/queue.c **** 	{
 514:Middlewares/Third_Party/FreeRTOS/Source/queue.c **** 	QueueHandle_t xNewQueue;
 515:Middlewares/Third_Party/FreeRTOS/Source/queue.c **** 	const UBaseType_t uxMutexLength = ( UBaseType_t ) 1, uxMutexSize = ( UBaseType_t ) 0;
 516:Middlewares/Third_Party/FreeRTOS/Source/queue.c **** 
 517:Middlewares/Third_Party/FreeRTOS/Source/queue.c **** 		/* Prevent compiler warnings about unused parameters if
 518:Middlewares/Third_Party/FreeRTOS/Source/queue.c **** 		configUSE_TRACE_FACILITY does not equal 1. */
 519:Middlewares/Third_Party/FreeRTOS/Source/queue.c **** 		( void ) ucQueueType;
 520:Middlewares/Third_Party/FreeRTOS/Source/queue.c **** 
 521:Middlewares/Third_Party/FreeRTOS/Source/queue.c **** 		xNewQueue = xQueueGenericCreateStatic( uxMutexLength, uxMutexSize, NULL, pxStaticQueue, ucQueueTy
 522:Middlewares/Third_Party/FreeRTOS/Source/queue.c **** 		prvInitialiseMutex( ( Queue_t * ) xNewQueue );
 523:Middlewares/Third_Party/FreeRTOS/Source/queue.c **** 
 524:Middlewares/Third_Party/FreeRTOS/Source/queue.c **** 		return xNewQueue;
 525:Middlewares/Third_Party/FreeRTOS/Source/queue.c **** 	}
 526:Middlewares/Third_Party/FreeRTOS/Source/queue.c **** 
 527:Middlewares/Third_Party/FreeRTOS/Source/queue.c **** #endif /* configUSE_MUTEXES */
 528:Middlewares/Third_Party/FreeRTOS/Source/queue.c **** /*-----------------------------------------------------------*/
 529:Middlewares/Third_Party/FreeRTOS/Source/queue.c **** 
 530:Middlewares/Third_Party/FreeRTOS/Source/queue.c **** #if ( ( configUSE_MUTEXES == 1 ) && ( INCLUDE_xSemaphoreGetMutexHolder == 1 ) )
 531:Middlewares/Third_Party/FreeRTOS/Source/queue.c **** 
 532:Middlewares/Third_Party/FreeRTOS/Source/queue.c **** 	TaskHandle_t xQueueGetMutexHolder( QueueHandle_t xSemaphore )
 533:Middlewares/Third_Party/FreeRTOS/Source/queue.c **** 	{
 534:Middlewares/Third_Party/FreeRTOS/Source/queue.c **** 	TaskHandle_t pxReturn;
 535:Middlewares/Third_Party/FreeRTOS/Source/queue.c **** 	Queue_t * const pxSemaphore = ( Queue_t * ) xSemaphore;
 536:Middlewares/Third_Party/FreeRTOS/Source/queue.c **** 
 537:Middlewares/Third_Party/FreeRTOS/Source/queue.c **** 		/* This function is called by xSemaphoreGetMutexHolder(), and should not
 538:Middlewares/Third_Party/FreeRTOS/Source/queue.c **** 		be called directly.  Note:  This is a good way of determining if the
 539:Middlewares/Third_Party/FreeRTOS/Source/queue.c **** 		calling task is the mutex holder, but not a good way of determining the
 540:Middlewares/Third_Party/FreeRTOS/Source/queue.c **** 		identity of the mutex holder, as the holder may change between the
 541:Middlewares/Third_Party/FreeRTOS/Source/queue.c **** 		following critical section exiting and the function returning. */
 542:Middlewares/Third_Party/FreeRTOS/Source/queue.c **** 		taskENTER_CRITICAL();
 543:Middlewares/Third_Party/FreeRTOS/Source/queue.c **** 		{
 544:Middlewares/Third_Party/FreeRTOS/Source/queue.c **** 			if( pxSemaphore->uxQueueType == queueQUEUE_IS_MUTEX )
 545:Middlewares/Third_Party/FreeRTOS/Source/queue.c **** 			{
ARM GAS  C:\Users\Asus\AppData\Local\Temp\ccbtHMUK.s 			page 11


 546:Middlewares/Third_Party/FreeRTOS/Source/queue.c **** 				pxReturn = pxSemaphore->u.xSemaphore.xMutexHolder;
 547:Middlewares/Third_Party/FreeRTOS/Source/queue.c **** 			}
 548:Middlewares/Third_Party/FreeRTOS/Source/queue.c **** 			else
 549:Middlewares/Third_Party/FreeRTOS/Source/queue.c **** 			{
 550:Middlewares/Third_Party/FreeRTOS/Source/queue.c **** 				pxReturn = NULL;
 551:Middlewares/Third_Party/FreeRTOS/Source/queue.c **** 			}
 552:Middlewares/Third_Party/FreeRTOS/Source/queue.c **** 		}
 553:Middlewares/Third_Party/FreeRTOS/Source/queue.c **** 		taskEXIT_CRITICAL();
 554:Middlewares/Third_Party/FreeRTOS/Source/queue.c **** 
 555:Middlewares/Third_Party/FreeRTOS/Source/queue.c **** 		return pxReturn;
 556:Middlewares/Third_Party/FreeRTOS/Source/queue.c **** 	} /*lint !e818 xSemaphore cannot be a pointer to const because it is a typedef. */
 557:Middlewares/Third_Party/FreeRTOS/Source/queue.c **** 
 558:Middlewares/Third_Party/FreeRTOS/Source/queue.c **** #endif
 559:Middlewares/Third_Party/FreeRTOS/Source/queue.c **** /*-----------------------------------------------------------*/
 560:Middlewares/Third_Party/FreeRTOS/Source/queue.c **** 
 561:Middlewares/Third_Party/FreeRTOS/Source/queue.c **** #if ( ( configUSE_MUTEXES == 1 ) && ( INCLUDE_xSemaphoreGetMutexHolder == 1 ) )
 562:Middlewares/Third_Party/FreeRTOS/Source/queue.c **** 
 563:Middlewares/Third_Party/FreeRTOS/Source/queue.c **** 	TaskHandle_t xQueueGetMutexHolderFromISR( QueueHandle_t xSemaphore )
 564:Middlewares/Third_Party/FreeRTOS/Source/queue.c **** 	{
 565:Middlewares/Third_Party/FreeRTOS/Source/queue.c **** 	TaskHandle_t pxReturn;
 566:Middlewares/Third_Party/FreeRTOS/Source/queue.c **** 
 567:Middlewares/Third_Party/FreeRTOS/Source/queue.c **** 		configASSERT( xSemaphore );
 568:Middlewares/Third_Party/FreeRTOS/Source/queue.c **** 
 569:Middlewares/Third_Party/FreeRTOS/Source/queue.c **** 		/* Mutexes cannot be used in interrupt service routines, so the mutex
 570:Middlewares/Third_Party/FreeRTOS/Source/queue.c **** 		holder should not change in an ISR, and therefore a critical section is
 571:Middlewares/Third_Party/FreeRTOS/Source/queue.c **** 		not required here. */
 572:Middlewares/Third_Party/FreeRTOS/Source/queue.c **** 		if( ( ( Queue_t * ) xSemaphore )->uxQueueType == queueQUEUE_IS_MUTEX )
 573:Middlewares/Third_Party/FreeRTOS/Source/queue.c **** 		{
 574:Middlewares/Third_Party/FreeRTOS/Source/queue.c **** 			pxReturn = ( ( Queue_t * ) xSemaphore )->u.xSemaphore.xMutexHolder;
 575:Middlewares/Third_Party/FreeRTOS/Source/queue.c **** 		}
 576:Middlewares/Third_Party/FreeRTOS/Source/queue.c **** 		else
 577:Middlewares/Third_Party/FreeRTOS/Source/queue.c **** 		{
 578:Middlewares/Third_Party/FreeRTOS/Source/queue.c **** 			pxReturn = NULL;
 579:Middlewares/Third_Party/FreeRTOS/Source/queue.c **** 		}
 580:Middlewares/Third_Party/FreeRTOS/Source/queue.c **** 
 581:Middlewares/Third_Party/FreeRTOS/Source/queue.c **** 		return pxReturn;
 582:Middlewares/Third_Party/FreeRTOS/Source/queue.c **** 	} /*lint !e818 xSemaphore cannot be a pointer to const because it is a typedef. */
 583:Middlewares/Third_Party/FreeRTOS/Source/queue.c **** 
 584:Middlewares/Third_Party/FreeRTOS/Source/queue.c **** #endif
 585:Middlewares/Third_Party/FreeRTOS/Source/queue.c **** /*-----------------------------------------------------------*/
 586:Middlewares/Third_Party/FreeRTOS/Source/queue.c **** 
 587:Middlewares/Third_Party/FreeRTOS/Source/queue.c **** #if ( configUSE_RECURSIVE_MUTEXES == 1 )
 588:Middlewares/Third_Party/FreeRTOS/Source/queue.c **** 
 589:Middlewares/Third_Party/FreeRTOS/Source/queue.c **** 	BaseType_t xQueueGiveMutexRecursive( QueueHandle_t xMutex )
 590:Middlewares/Third_Party/FreeRTOS/Source/queue.c **** 	{
 591:Middlewares/Third_Party/FreeRTOS/Source/queue.c **** 	BaseType_t xReturn;
 592:Middlewares/Third_Party/FreeRTOS/Source/queue.c **** 	Queue_t * const pxMutex = ( Queue_t * ) xMutex;
 593:Middlewares/Third_Party/FreeRTOS/Source/queue.c **** 
 594:Middlewares/Third_Party/FreeRTOS/Source/queue.c **** 		configASSERT( pxMutex );
 595:Middlewares/Third_Party/FreeRTOS/Source/queue.c **** 
 596:Middlewares/Third_Party/FreeRTOS/Source/queue.c **** 		/* If this is the task that holds the mutex then xMutexHolder will not
 597:Middlewares/Third_Party/FreeRTOS/Source/queue.c **** 		change outside of this task.  If this task does not hold the mutex then
 598:Middlewares/Third_Party/FreeRTOS/Source/queue.c **** 		pxMutexHolder can never coincidentally equal the tasks handle, and as
 599:Middlewares/Third_Party/FreeRTOS/Source/queue.c **** 		this is the only condition we are interested in it does not matter if
 600:Middlewares/Third_Party/FreeRTOS/Source/queue.c **** 		pxMutexHolder is accessed simultaneously by another task.  Therefore no
 601:Middlewares/Third_Party/FreeRTOS/Source/queue.c **** 		mutual exclusion is required to test the pxMutexHolder variable. */
 602:Middlewares/Third_Party/FreeRTOS/Source/queue.c **** 		if( pxMutex->u.xSemaphore.xMutexHolder == xTaskGetCurrentTaskHandle() )
ARM GAS  C:\Users\Asus\AppData\Local\Temp\ccbtHMUK.s 			page 12


 603:Middlewares/Third_Party/FreeRTOS/Source/queue.c **** 		{
 604:Middlewares/Third_Party/FreeRTOS/Source/queue.c **** 			traceGIVE_MUTEX_RECURSIVE( pxMutex );
 605:Middlewares/Third_Party/FreeRTOS/Source/queue.c **** 
 606:Middlewares/Third_Party/FreeRTOS/Source/queue.c **** 			/* uxRecursiveCallCount cannot be zero if xMutexHolder is equal to
 607:Middlewares/Third_Party/FreeRTOS/Source/queue.c **** 			the task handle, therefore no underflow check is required.  Also,
 608:Middlewares/Third_Party/FreeRTOS/Source/queue.c **** 			uxRecursiveCallCount is only modified by the mutex holder, and as
 609:Middlewares/Third_Party/FreeRTOS/Source/queue.c **** 			there can only be one, no mutual exclusion is required to modify the
 610:Middlewares/Third_Party/FreeRTOS/Source/queue.c **** 			uxRecursiveCallCount member. */
 611:Middlewares/Third_Party/FreeRTOS/Source/queue.c **** 			( pxMutex->u.xSemaphore.uxRecursiveCallCount )--;
 612:Middlewares/Third_Party/FreeRTOS/Source/queue.c **** 
 613:Middlewares/Third_Party/FreeRTOS/Source/queue.c **** 			/* Has the recursive call count unwound to 0? */
 614:Middlewares/Third_Party/FreeRTOS/Source/queue.c **** 			if( pxMutex->u.xSemaphore.uxRecursiveCallCount == ( UBaseType_t ) 0 )
 615:Middlewares/Third_Party/FreeRTOS/Source/queue.c **** 			{
 616:Middlewares/Third_Party/FreeRTOS/Source/queue.c **** 				/* Return the mutex.  This will automatically unblock any other
 617:Middlewares/Third_Party/FreeRTOS/Source/queue.c **** 				task that might be waiting to access the mutex. */
 618:Middlewares/Third_Party/FreeRTOS/Source/queue.c **** 				( void ) xQueueGenericSend( pxMutex, NULL, queueMUTEX_GIVE_BLOCK_TIME, queueSEND_TO_BACK );
 619:Middlewares/Third_Party/FreeRTOS/Source/queue.c **** 			}
 620:Middlewares/Third_Party/FreeRTOS/Source/queue.c **** 			else
 621:Middlewares/Third_Party/FreeRTOS/Source/queue.c **** 			{
 622:Middlewares/Third_Party/FreeRTOS/Source/queue.c **** 				mtCOVERAGE_TEST_MARKER();
 623:Middlewares/Third_Party/FreeRTOS/Source/queue.c **** 			}
 624:Middlewares/Third_Party/FreeRTOS/Source/queue.c **** 
 625:Middlewares/Third_Party/FreeRTOS/Source/queue.c **** 			xReturn = pdPASS;
 626:Middlewares/Third_Party/FreeRTOS/Source/queue.c **** 		}
 627:Middlewares/Third_Party/FreeRTOS/Source/queue.c **** 		else
 628:Middlewares/Third_Party/FreeRTOS/Source/queue.c **** 		{
 629:Middlewares/Third_Party/FreeRTOS/Source/queue.c **** 			/* The mutex cannot be given because the calling task is not the
 630:Middlewares/Third_Party/FreeRTOS/Source/queue.c **** 			holder. */
 631:Middlewares/Third_Party/FreeRTOS/Source/queue.c **** 			xReturn = pdFAIL;
 632:Middlewares/Third_Party/FreeRTOS/Source/queue.c **** 
 633:Middlewares/Third_Party/FreeRTOS/Source/queue.c **** 			traceGIVE_MUTEX_RECURSIVE_FAILED( pxMutex );
 634:Middlewares/Third_Party/FreeRTOS/Source/queue.c **** 		}
 635:Middlewares/Third_Party/FreeRTOS/Source/queue.c **** 
 636:Middlewares/Third_Party/FreeRTOS/Source/queue.c **** 		return xReturn;
 637:Middlewares/Third_Party/FreeRTOS/Source/queue.c **** 	}
 638:Middlewares/Third_Party/FreeRTOS/Source/queue.c **** 
 639:Middlewares/Third_Party/FreeRTOS/Source/queue.c **** #endif /* configUSE_RECURSIVE_MUTEXES */
 640:Middlewares/Third_Party/FreeRTOS/Source/queue.c **** /*-----------------------------------------------------------*/
 641:Middlewares/Third_Party/FreeRTOS/Source/queue.c **** 
 642:Middlewares/Third_Party/FreeRTOS/Source/queue.c **** #if ( configUSE_RECURSIVE_MUTEXES == 1 )
 643:Middlewares/Third_Party/FreeRTOS/Source/queue.c **** 
 644:Middlewares/Third_Party/FreeRTOS/Source/queue.c **** 	BaseType_t xQueueTakeMutexRecursive( QueueHandle_t xMutex, TickType_t xTicksToWait )
 645:Middlewares/Third_Party/FreeRTOS/Source/queue.c **** 	{
 646:Middlewares/Third_Party/FreeRTOS/Source/queue.c **** 	BaseType_t xReturn;
 647:Middlewares/Third_Party/FreeRTOS/Source/queue.c **** 	Queue_t * const pxMutex = ( Queue_t * ) xMutex;
 648:Middlewares/Third_Party/FreeRTOS/Source/queue.c **** 
 649:Middlewares/Third_Party/FreeRTOS/Source/queue.c **** 		configASSERT( pxMutex );
 650:Middlewares/Third_Party/FreeRTOS/Source/queue.c **** 
 651:Middlewares/Third_Party/FreeRTOS/Source/queue.c **** 		/* Comments regarding mutual exclusion as per those within
 652:Middlewares/Third_Party/FreeRTOS/Source/queue.c **** 		xQueueGiveMutexRecursive(). */
 653:Middlewares/Third_Party/FreeRTOS/Source/queue.c **** 
 654:Middlewares/Third_Party/FreeRTOS/Source/queue.c **** 		traceTAKE_MUTEX_RECURSIVE( pxMutex );
 655:Middlewares/Third_Party/FreeRTOS/Source/queue.c **** 
 656:Middlewares/Third_Party/FreeRTOS/Source/queue.c **** 		if( pxMutex->u.xSemaphore.xMutexHolder == xTaskGetCurrentTaskHandle() )
 657:Middlewares/Third_Party/FreeRTOS/Source/queue.c **** 		{
 658:Middlewares/Third_Party/FreeRTOS/Source/queue.c **** 			( pxMutex->u.xSemaphore.uxRecursiveCallCount )++;
 659:Middlewares/Third_Party/FreeRTOS/Source/queue.c **** 			xReturn = pdPASS;
ARM GAS  C:\Users\Asus\AppData\Local\Temp\ccbtHMUK.s 			page 13


 660:Middlewares/Third_Party/FreeRTOS/Source/queue.c **** 		}
 661:Middlewares/Third_Party/FreeRTOS/Source/queue.c **** 		else
 662:Middlewares/Third_Party/FreeRTOS/Source/queue.c **** 		{
 663:Middlewares/Third_Party/FreeRTOS/Source/queue.c **** 			xReturn = xQueueSemaphoreTake( pxMutex, xTicksToWait );
 664:Middlewares/Third_Party/FreeRTOS/Source/queue.c **** 
 665:Middlewares/Third_Party/FreeRTOS/Source/queue.c **** 			/* pdPASS will only be returned if the mutex was successfully
 666:Middlewares/Third_Party/FreeRTOS/Source/queue.c **** 			obtained.  The calling task may have entered the Blocked state
 667:Middlewares/Third_Party/FreeRTOS/Source/queue.c **** 			before reaching here. */
 668:Middlewares/Third_Party/FreeRTOS/Source/queue.c **** 			if( xReturn != pdFAIL )
 669:Middlewares/Third_Party/FreeRTOS/Source/queue.c **** 			{
 670:Middlewares/Third_Party/FreeRTOS/Source/queue.c **** 				( pxMutex->u.xSemaphore.uxRecursiveCallCount )++;
 671:Middlewares/Third_Party/FreeRTOS/Source/queue.c **** 			}
 672:Middlewares/Third_Party/FreeRTOS/Source/queue.c **** 			else
 673:Middlewares/Third_Party/FreeRTOS/Source/queue.c **** 			{
 674:Middlewares/Third_Party/FreeRTOS/Source/queue.c **** 				traceTAKE_MUTEX_RECURSIVE_FAILED( pxMutex );
 675:Middlewares/Third_Party/FreeRTOS/Source/queue.c **** 			}
 676:Middlewares/Third_Party/FreeRTOS/Source/queue.c **** 		}
 677:Middlewares/Third_Party/FreeRTOS/Source/queue.c **** 
 678:Middlewares/Third_Party/FreeRTOS/Source/queue.c **** 		return xReturn;
 679:Middlewares/Third_Party/FreeRTOS/Source/queue.c **** 	}
 680:Middlewares/Third_Party/FreeRTOS/Source/queue.c **** 
 681:Middlewares/Third_Party/FreeRTOS/Source/queue.c **** #endif /* configUSE_RECURSIVE_MUTEXES */
 682:Middlewares/Third_Party/FreeRTOS/Source/queue.c **** /*-----------------------------------------------------------*/
 683:Middlewares/Third_Party/FreeRTOS/Source/queue.c **** 
 684:Middlewares/Third_Party/FreeRTOS/Source/queue.c **** #if( ( configUSE_COUNTING_SEMAPHORES == 1 ) && ( configSUPPORT_STATIC_ALLOCATION == 1 ) )
 685:Middlewares/Third_Party/FreeRTOS/Source/queue.c **** 
 686:Middlewares/Third_Party/FreeRTOS/Source/queue.c **** 	QueueHandle_t xQueueCreateCountingSemaphoreStatic( const UBaseType_t uxMaxCount, const UBaseType_t
 687:Middlewares/Third_Party/FreeRTOS/Source/queue.c **** 	{
 688:Middlewares/Third_Party/FreeRTOS/Source/queue.c **** 	QueueHandle_t xHandle;
 689:Middlewares/Third_Party/FreeRTOS/Source/queue.c **** 
 690:Middlewares/Third_Party/FreeRTOS/Source/queue.c **** 		configASSERT( uxMaxCount != 0 );
 691:Middlewares/Third_Party/FreeRTOS/Source/queue.c **** 		configASSERT( uxInitialCount <= uxMaxCount );
 692:Middlewares/Third_Party/FreeRTOS/Source/queue.c **** 
 693:Middlewares/Third_Party/FreeRTOS/Source/queue.c **** 		xHandle = xQueueGenericCreateStatic( uxMaxCount, queueSEMAPHORE_QUEUE_ITEM_LENGTH, NULL, pxStatic
 694:Middlewares/Third_Party/FreeRTOS/Source/queue.c **** 
 695:Middlewares/Third_Party/FreeRTOS/Source/queue.c **** 		if( xHandle != NULL )
 696:Middlewares/Third_Party/FreeRTOS/Source/queue.c **** 		{
 697:Middlewares/Third_Party/FreeRTOS/Source/queue.c **** 			( ( Queue_t * ) xHandle )->uxMessagesWaiting = uxInitialCount;
 698:Middlewares/Third_Party/FreeRTOS/Source/queue.c **** 
 699:Middlewares/Third_Party/FreeRTOS/Source/queue.c **** 			traceCREATE_COUNTING_SEMAPHORE();
 700:Middlewares/Third_Party/FreeRTOS/Source/queue.c **** 		}
 701:Middlewares/Third_Party/FreeRTOS/Source/queue.c **** 		else
 702:Middlewares/Third_Party/FreeRTOS/Source/queue.c **** 		{
 703:Middlewares/Third_Party/FreeRTOS/Source/queue.c **** 			traceCREATE_COUNTING_SEMAPHORE_FAILED();
 704:Middlewares/Third_Party/FreeRTOS/Source/queue.c **** 		}
 705:Middlewares/Third_Party/FreeRTOS/Source/queue.c **** 
 706:Middlewares/Third_Party/FreeRTOS/Source/queue.c **** 		return xHandle;
 707:Middlewares/Third_Party/FreeRTOS/Source/queue.c **** 	}
 708:Middlewares/Third_Party/FreeRTOS/Source/queue.c **** 
 709:Middlewares/Third_Party/FreeRTOS/Source/queue.c **** #endif /* ( ( configUSE_COUNTING_SEMAPHORES == 1 ) && ( configSUPPORT_DYNAMIC_ALLOCATION == 1 ) ) *
 710:Middlewares/Third_Party/FreeRTOS/Source/queue.c **** /*-----------------------------------------------------------*/
 711:Middlewares/Third_Party/FreeRTOS/Source/queue.c **** 
 712:Middlewares/Third_Party/FreeRTOS/Source/queue.c **** #if( ( configUSE_COUNTING_SEMAPHORES == 1 ) && ( configSUPPORT_DYNAMIC_ALLOCATION == 1 ) )
 713:Middlewares/Third_Party/FreeRTOS/Source/queue.c **** 
 714:Middlewares/Third_Party/FreeRTOS/Source/queue.c **** 	QueueHandle_t xQueueCreateCountingSemaphore( const UBaseType_t uxMaxCount, const UBaseType_t uxIni
 715:Middlewares/Third_Party/FreeRTOS/Source/queue.c **** 	{
 716:Middlewares/Third_Party/FreeRTOS/Source/queue.c **** 	QueueHandle_t xHandle;
ARM GAS  C:\Users\Asus\AppData\Local\Temp\ccbtHMUK.s 			page 14


 717:Middlewares/Third_Party/FreeRTOS/Source/queue.c **** 
 718:Middlewares/Third_Party/FreeRTOS/Source/queue.c **** 		configASSERT( uxMaxCount != 0 );
 719:Middlewares/Third_Party/FreeRTOS/Source/queue.c **** 		configASSERT( uxInitialCount <= uxMaxCount );
 720:Middlewares/Third_Party/FreeRTOS/Source/queue.c **** 
 721:Middlewares/Third_Party/FreeRTOS/Source/queue.c **** 		xHandle = xQueueGenericCreate( uxMaxCount, queueSEMAPHORE_QUEUE_ITEM_LENGTH, queueQUEUE_TYPE_COUN
 722:Middlewares/Third_Party/FreeRTOS/Source/queue.c **** 
 723:Middlewares/Third_Party/FreeRTOS/Source/queue.c **** 		if( xHandle != NULL )
 724:Middlewares/Third_Party/FreeRTOS/Source/queue.c **** 		{
 725:Middlewares/Third_Party/FreeRTOS/Source/queue.c **** 			( ( Queue_t * ) xHandle )->uxMessagesWaiting = uxInitialCount;
 726:Middlewares/Third_Party/FreeRTOS/Source/queue.c **** 
 727:Middlewares/Third_Party/FreeRTOS/Source/queue.c **** 			traceCREATE_COUNTING_SEMAPHORE();
 728:Middlewares/Third_Party/FreeRTOS/Source/queue.c **** 		}
 729:Middlewares/Third_Party/FreeRTOS/Source/queue.c **** 		else
 730:Middlewares/Third_Party/FreeRTOS/Source/queue.c **** 		{
 731:Middlewares/Third_Party/FreeRTOS/Source/queue.c **** 			traceCREATE_COUNTING_SEMAPHORE_FAILED();
 732:Middlewares/Third_Party/FreeRTOS/Source/queue.c **** 		}
 733:Middlewares/Third_Party/FreeRTOS/Source/queue.c **** 
 734:Middlewares/Third_Party/FreeRTOS/Source/queue.c **** 		return xHandle;
 735:Middlewares/Third_Party/FreeRTOS/Source/queue.c **** 	}
 736:Middlewares/Third_Party/FreeRTOS/Source/queue.c **** 
 737:Middlewares/Third_Party/FreeRTOS/Source/queue.c **** #endif /* ( ( configUSE_COUNTING_SEMAPHORES == 1 ) && ( configSUPPORT_DYNAMIC_ALLOCATION == 1 ) ) *
 738:Middlewares/Third_Party/FreeRTOS/Source/queue.c **** /*-----------------------------------------------------------*/
 739:Middlewares/Third_Party/FreeRTOS/Source/queue.c **** 
 740:Middlewares/Third_Party/FreeRTOS/Source/queue.c **** BaseType_t xQueueGenericSend( QueueHandle_t xQueue, const void * const pvItemToQueue, TickType_t xT
 741:Middlewares/Third_Party/FreeRTOS/Source/queue.c **** {
 742:Middlewares/Third_Party/FreeRTOS/Source/queue.c **** BaseType_t xEntryTimeSet = pdFALSE, xYieldRequired;
 743:Middlewares/Third_Party/FreeRTOS/Source/queue.c **** TimeOut_t xTimeOut;
 744:Middlewares/Third_Party/FreeRTOS/Source/queue.c **** Queue_t * const pxQueue = xQueue;
 745:Middlewares/Third_Party/FreeRTOS/Source/queue.c **** 
 746:Middlewares/Third_Party/FreeRTOS/Source/queue.c **** 	configASSERT( pxQueue );
 747:Middlewares/Third_Party/FreeRTOS/Source/queue.c **** 	configASSERT( !( ( pvItemToQueue == NULL ) && ( pxQueue->uxItemSize != ( UBaseType_t ) 0U ) ) );
 748:Middlewares/Third_Party/FreeRTOS/Source/queue.c **** 	configASSERT( !( ( xCopyPosition == queueOVERWRITE ) && ( pxQueue->uxLength != 1 ) ) );
 749:Middlewares/Third_Party/FreeRTOS/Source/queue.c **** 	#if ( ( INCLUDE_xTaskGetSchedulerState == 1 ) || ( configUSE_TIMERS == 1 ) )
 750:Middlewares/Third_Party/FreeRTOS/Source/queue.c **** 	{
 751:Middlewares/Third_Party/FreeRTOS/Source/queue.c **** 		configASSERT( !( ( xTaskGetSchedulerState() == taskSCHEDULER_SUSPENDED ) && ( xTicksToWait != 0 )
 752:Middlewares/Third_Party/FreeRTOS/Source/queue.c **** 	}
 753:Middlewares/Third_Party/FreeRTOS/Source/queue.c **** 	#endif
 754:Middlewares/Third_Party/FreeRTOS/Source/queue.c **** 
 755:Middlewares/Third_Party/FreeRTOS/Source/queue.c **** 
 756:Middlewares/Third_Party/FreeRTOS/Source/queue.c **** 	/*lint -save -e904 This function relaxes the coding standard somewhat to
 757:Middlewares/Third_Party/FreeRTOS/Source/queue.c **** 	allow return statements within the function itself.  This is done in the
 758:Middlewares/Third_Party/FreeRTOS/Source/queue.c **** 	interest of execution time efficiency. */
 759:Middlewares/Third_Party/FreeRTOS/Source/queue.c **** 	for( ;; )
 760:Middlewares/Third_Party/FreeRTOS/Source/queue.c **** 	{
 761:Middlewares/Third_Party/FreeRTOS/Source/queue.c **** 		taskENTER_CRITICAL();
 762:Middlewares/Third_Party/FreeRTOS/Source/queue.c **** 		{
 763:Middlewares/Third_Party/FreeRTOS/Source/queue.c **** 			/* Is there room on the queue now?  The running task must be the
 764:Middlewares/Third_Party/FreeRTOS/Source/queue.c **** 			highest priority task wanting to access the queue.  If the head item
 765:Middlewares/Third_Party/FreeRTOS/Source/queue.c **** 			in the queue is to be overwritten then it does not matter if the
 766:Middlewares/Third_Party/FreeRTOS/Source/queue.c **** 			queue is full. */
 767:Middlewares/Third_Party/FreeRTOS/Source/queue.c **** 			if( ( pxQueue->uxMessagesWaiting < pxQueue->uxLength ) || ( xCopyPosition == queueOVERWRITE ) )
 768:Middlewares/Third_Party/FreeRTOS/Source/queue.c **** 			{
 769:Middlewares/Third_Party/FreeRTOS/Source/queue.c **** 				traceQUEUE_SEND( pxQueue );
 770:Middlewares/Third_Party/FreeRTOS/Source/queue.c **** 
 771:Middlewares/Third_Party/FreeRTOS/Source/queue.c **** 				#if ( configUSE_QUEUE_SETS == 1 )
 772:Middlewares/Third_Party/FreeRTOS/Source/queue.c **** 				{
 773:Middlewares/Third_Party/FreeRTOS/Source/queue.c **** 				const UBaseType_t uxPreviousMessagesWaiting = pxQueue->uxMessagesWaiting;
ARM GAS  C:\Users\Asus\AppData\Local\Temp\ccbtHMUK.s 			page 15


 774:Middlewares/Third_Party/FreeRTOS/Source/queue.c **** 
 775:Middlewares/Third_Party/FreeRTOS/Source/queue.c **** 					xYieldRequired = prvCopyDataToQueue( pxQueue, pvItemToQueue, xCopyPosition );
 776:Middlewares/Third_Party/FreeRTOS/Source/queue.c **** 
 777:Middlewares/Third_Party/FreeRTOS/Source/queue.c **** 					if( pxQueue->pxQueueSetContainer != NULL )
 778:Middlewares/Third_Party/FreeRTOS/Source/queue.c **** 					{
 779:Middlewares/Third_Party/FreeRTOS/Source/queue.c **** 						if( ( xCopyPosition == queueOVERWRITE ) && ( uxPreviousMessagesWaiting != ( UBaseType_t ) 0 )
 780:Middlewares/Third_Party/FreeRTOS/Source/queue.c **** 						{
 781:Middlewares/Third_Party/FreeRTOS/Source/queue.c **** 							/* Do not notify the queue set as an existing item
 782:Middlewares/Third_Party/FreeRTOS/Source/queue.c **** 							was overwritten in the queue so the number of items
 783:Middlewares/Third_Party/FreeRTOS/Source/queue.c **** 							in the queue has not changed. */
 784:Middlewares/Third_Party/FreeRTOS/Source/queue.c **** 							mtCOVERAGE_TEST_MARKER();
 785:Middlewares/Third_Party/FreeRTOS/Source/queue.c **** 						}
 786:Middlewares/Third_Party/FreeRTOS/Source/queue.c **** 						else if( prvNotifyQueueSetContainer( pxQueue ) != pdFALSE )
 787:Middlewares/Third_Party/FreeRTOS/Source/queue.c **** 						{
 788:Middlewares/Third_Party/FreeRTOS/Source/queue.c **** 							/* The queue is a member of a queue set, and posting
 789:Middlewares/Third_Party/FreeRTOS/Source/queue.c **** 							to the queue set caused a higher priority task to
 790:Middlewares/Third_Party/FreeRTOS/Source/queue.c **** 							unblock. A context switch is required. */
 791:Middlewares/Third_Party/FreeRTOS/Source/queue.c **** 							queueYIELD_IF_USING_PREEMPTION();
 792:Middlewares/Third_Party/FreeRTOS/Source/queue.c **** 						}
 793:Middlewares/Third_Party/FreeRTOS/Source/queue.c **** 						else
 794:Middlewares/Third_Party/FreeRTOS/Source/queue.c **** 						{
 795:Middlewares/Third_Party/FreeRTOS/Source/queue.c **** 							mtCOVERAGE_TEST_MARKER();
 796:Middlewares/Third_Party/FreeRTOS/Source/queue.c **** 						}
 797:Middlewares/Third_Party/FreeRTOS/Source/queue.c **** 					}
 798:Middlewares/Third_Party/FreeRTOS/Source/queue.c **** 					else
 799:Middlewares/Third_Party/FreeRTOS/Source/queue.c **** 					{
 800:Middlewares/Third_Party/FreeRTOS/Source/queue.c **** 						/* If there was a task waiting for data to arrive on the
 801:Middlewares/Third_Party/FreeRTOS/Source/queue.c **** 						queue then unblock it now. */
 802:Middlewares/Third_Party/FreeRTOS/Source/queue.c **** 						if( listLIST_IS_EMPTY( &( pxQueue->xTasksWaitingToReceive ) ) == pdFALSE )
 803:Middlewares/Third_Party/FreeRTOS/Source/queue.c **** 						{
 804:Middlewares/Third_Party/FreeRTOS/Source/queue.c **** 							if( xTaskRemoveFromEventList( &( pxQueue->xTasksWaitingToReceive ) ) != pdFALSE )
 805:Middlewares/Third_Party/FreeRTOS/Source/queue.c **** 							{
 806:Middlewares/Third_Party/FreeRTOS/Source/queue.c **** 								/* The unblocked task has a priority higher than
 807:Middlewares/Third_Party/FreeRTOS/Source/queue.c **** 								our own so yield immediately.  Yes it is ok to
 808:Middlewares/Third_Party/FreeRTOS/Source/queue.c **** 								do this from within the critical section - the
 809:Middlewares/Third_Party/FreeRTOS/Source/queue.c **** 								kernel takes care of that. */
 810:Middlewares/Third_Party/FreeRTOS/Source/queue.c **** 								queueYIELD_IF_USING_PREEMPTION();
 811:Middlewares/Third_Party/FreeRTOS/Source/queue.c **** 							}
 812:Middlewares/Third_Party/FreeRTOS/Source/queue.c **** 							else
 813:Middlewares/Third_Party/FreeRTOS/Source/queue.c **** 							{
 814:Middlewares/Third_Party/FreeRTOS/Source/queue.c **** 								mtCOVERAGE_TEST_MARKER();
 815:Middlewares/Third_Party/FreeRTOS/Source/queue.c **** 							}
 816:Middlewares/Third_Party/FreeRTOS/Source/queue.c **** 						}
 817:Middlewares/Third_Party/FreeRTOS/Source/queue.c **** 						else if( xYieldRequired != pdFALSE )
 818:Middlewares/Third_Party/FreeRTOS/Source/queue.c **** 						{
 819:Middlewares/Third_Party/FreeRTOS/Source/queue.c **** 							/* This path is a special case that will only get
 820:Middlewares/Third_Party/FreeRTOS/Source/queue.c **** 							executed if the task was holding multiple mutexes
 821:Middlewares/Third_Party/FreeRTOS/Source/queue.c **** 							and the mutexes were given back in an order that is
 822:Middlewares/Third_Party/FreeRTOS/Source/queue.c **** 							different to that in which they were taken. */
 823:Middlewares/Third_Party/FreeRTOS/Source/queue.c **** 							queueYIELD_IF_USING_PREEMPTION();
 824:Middlewares/Third_Party/FreeRTOS/Source/queue.c **** 						}
 825:Middlewares/Third_Party/FreeRTOS/Source/queue.c **** 						else
 826:Middlewares/Third_Party/FreeRTOS/Source/queue.c **** 						{
 827:Middlewares/Third_Party/FreeRTOS/Source/queue.c **** 							mtCOVERAGE_TEST_MARKER();
 828:Middlewares/Third_Party/FreeRTOS/Source/queue.c **** 						}
 829:Middlewares/Third_Party/FreeRTOS/Source/queue.c **** 					}
 830:Middlewares/Third_Party/FreeRTOS/Source/queue.c **** 				}
ARM GAS  C:\Users\Asus\AppData\Local\Temp\ccbtHMUK.s 			page 16


 831:Middlewares/Third_Party/FreeRTOS/Source/queue.c **** 				#else /* configUSE_QUEUE_SETS */
 832:Middlewares/Third_Party/FreeRTOS/Source/queue.c **** 				{
 833:Middlewares/Third_Party/FreeRTOS/Source/queue.c **** 					xYieldRequired = prvCopyDataToQueue( pxQueue, pvItemToQueue, xCopyPosition );
 834:Middlewares/Third_Party/FreeRTOS/Source/queue.c **** 
 835:Middlewares/Third_Party/FreeRTOS/Source/queue.c **** 					/* If there was a task waiting for data to arrive on the
 836:Middlewares/Third_Party/FreeRTOS/Source/queue.c **** 					queue then unblock it now. */
 837:Middlewares/Third_Party/FreeRTOS/Source/queue.c **** 					if( listLIST_IS_EMPTY( &( pxQueue->xTasksWaitingToReceive ) ) == pdFALSE )
 838:Middlewares/Third_Party/FreeRTOS/Source/queue.c **** 					{
 839:Middlewares/Third_Party/FreeRTOS/Source/queue.c **** 						if( xTaskRemoveFromEventList( &( pxQueue->xTasksWaitingToReceive ) ) != pdFALSE )
 840:Middlewares/Third_Party/FreeRTOS/Source/queue.c **** 						{
 841:Middlewares/Third_Party/FreeRTOS/Source/queue.c **** 							/* The unblocked task has a priority higher than
 842:Middlewares/Third_Party/FreeRTOS/Source/queue.c **** 							our own so yield immediately.  Yes it is ok to do
 843:Middlewares/Third_Party/FreeRTOS/Source/queue.c **** 							this from within the critical section - the kernel
 844:Middlewares/Third_Party/FreeRTOS/Source/queue.c **** 							takes care of that. */
 845:Middlewares/Third_Party/FreeRTOS/Source/queue.c **** 							queueYIELD_IF_USING_PREEMPTION();
 846:Middlewares/Third_Party/FreeRTOS/Source/queue.c **** 						}
 847:Middlewares/Third_Party/FreeRTOS/Source/queue.c **** 						else
 848:Middlewares/Third_Party/FreeRTOS/Source/queue.c **** 						{
 849:Middlewares/Third_Party/FreeRTOS/Source/queue.c **** 							mtCOVERAGE_TEST_MARKER();
 850:Middlewares/Third_Party/FreeRTOS/Source/queue.c **** 						}
 851:Middlewares/Third_Party/FreeRTOS/Source/queue.c **** 					}
 852:Middlewares/Third_Party/FreeRTOS/Source/queue.c **** 					else if( xYieldRequired != pdFALSE )
 853:Middlewares/Third_Party/FreeRTOS/Source/queue.c **** 					{
 854:Middlewares/Third_Party/FreeRTOS/Source/queue.c **** 						/* This path is a special case that will only get
 855:Middlewares/Third_Party/FreeRTOS/Source/queue.c **** 						executed if the task was holding multiple mutexes and
 856:Middlewares/Third_Party/FreeRTOS/Source/queue.c **** 						the mutexes were given back in an order that is
 857:Middlewares/Third_Party/FreeRTOS/Source/queue.c **** 						different to that in which they were taken. */
 858:Middlewares/Third_Party/FreeRTOS/Source/queue.c **** 						queueYIELD_IF_USING_PREEMPTION();
 859:Middlewares/Third_Party/FreeRTOS/Source/queue.c **** 					}
 860:Middlewares/Third_Party/FreeRTOS/Source/queue.c **** 					else
 861:Middlewares/Third_Party/FreeRTOS/Source/queue.c **** 					{
 862:Middlewares/Third_Party/FreeRTOS/Source/queue.c **** 						mtCOVERAGE_TEST_MARKER();
 863:Middlewares/Third_Party/FreeRTOS/Source/queue.c **** 					}
 864:Middlewares/Third_Party/FreeRTOS/Source/queue.c **** 				}
 865:Middlewares/Third_Party/FreeRTOS/Source/queue.c **** 				#endif /* configUSE_QUEUE_SETS */
 866:Middlewares/Third_Party/FreeRTOS/Source/queue.c **** 
 867:Middlewares/Third_Party/FreeRTOS/Source/queue.c **** 				taskEXIT_CRITICAL();
 868:Middlewares/Third_Party/FreeRTOS/Source/queue.c **** 				return pdPASS;
 869:Middlewares/Third_Party/FreeRTOS/Source/queue.c **** 			}
 870:Middlewares/Third_Party/FreeRTOS/Source/queue.c **** 			else
 871:Middlewares/Third_Party/FreeRTOS/Source/queue.c **** 			{
 872:Middlewares/Third_Party/FreeRTOS/Source/queue.c **** 				if( xTicksToWait == ( TickType_t ) 0 )
 873:Middlewares/Third_Party/FreeRTOS/Source/queue.c **** 				{
 874:Middlewares/Third_Party/FreeRTOS/Source/queue.c **** 					/* The queue was full and no block time is specified (or
 875:Middlewares/Third_Party/FreeRTOS/Source/queue.c **** 					the block time has expired) so leave now. */
 876:Middlewares/Third_Party/FreeRTOS/Source/queue.c **** 					taskEXIT_CRITICAL();
 877:Middlewares/Third_Party/FreeRTOS/Source/queue.c **** 
 878:Middlewares/Third_Party/FreeRTOS/Source/queue.c **** 					/* Return to the original privilege level before exiting
 879:Middlewares/Third_Party/FreeRTOS/Source/queue.c **** 					the function. */
 880:Middlewares/Third_Party/FreeRTOS/Source/queue.c **** 					traceQUEUE_SEND_FAILED( pxQueue );
 881:Middlewares/Third_Party/FreeRTOS/Source/queue.c **** 					return errQUEUE_FULL;
 882:Middlewares/Third_Party/FreeRTOS/Source/queue.c **** 				}
 883:Middlewares/Third_Party/FreeRTOS/Source/queue.c **** 				else if( xEntryTimeSet == pdFALSE )
 884:Middlewares/Third_Party/FreeRTOS/Source/queue.c **** 				{
 885:Middlewares/Third_Party/FreeRTOS/Source/queue.c **** 					/* The queue was full and a block time was specified so
 886:Middlewares/Third_Party/FreeRTOS/Source/queue.c **** 					configure the timeout structure. */
 887:Middlewares/Third_Party/FreeRTOS/Source/queue.c **** 					vTaskInternalSetTimeOutState( &xTimeOut );
ARM GAS  C:\Users\Asus\AppData\Local\Temp\ccbtHMUK.s 			page 17


 888:Middlewares/Third_Party/FreeRTOS/Source/queue.c **** 					xEntryTimeSet = pdTRUE;
 889:Middlewares/Third_Party/FreeRTOS/Source/queue.c **** 				}
 890:Middlewares/Third_Party/FreeRTOS/Source/queue.c **** 				else
 891:Middlewares/Third_Party/FreeRTOS/Source/queue.c **** 				{
 892:Middlewares/Third_Party/FreeRTOS/Source/queue.c **** 					/* Entry time was already set. */
 893:Middlewares/Third_Party/FreeRTOS/Source/queue.c **** 					mtCOVERAGE_TEST_MARKER();
 894:Middlewares/Third_Party/FreeRTOS/Source/queue.c **** 				}
 895:Middlewares/Third_Party/FreeRTOS/Source/queue.c **** 			}
 896:Middlewares/Third_Party/FreeRTOS/Source/queue.c **** 		}
 897:Middlewares/Third_Party/FreeRTOS/Source/queue.c **** 		taskEXIT_CRITICAL();
 898:Middlewares/Third_Party/FreeRTOS/Source/queue.c **** 
 899:Middlewares/Third_Party/FreeRTOS/Source/queue.c **** 		/* Interrupts and other tasks can send to and receive from the queue
 900:Middlewares/Third_Party/FreeRTOS/Source/queue.c **** 		now the critical section has been exited. */
 901:Middlewares/Third_Party/FreeRTOS/Source/queue.c **** 
 902:Middlewares/Third_Party/FreeRTOS/Source/queue.c **** 		vTaskSuspendAll();
 903:Middlewares/Third_Party/FreeRTOS/Source/queue.c **** 		prvLockQueue( pxQueue );
 904:Middlewares/Third_Party/FreeRTOS/Source/queue.c **** 
 905:Middlewares/Third_Party/FreeRTOS/Source/queue.c **** 		/* Update the timeout state to see if it has expired yet. */
 906:Middlewares/Third_Party/FreeRTOS/Source/queue.c **** 		if( xTaskCheckForTimeOut( &xTimeOut, &xTicksToWait ) == pdFALSE )
 907:Middlewares/Third_Party/FreeRTOS/Source/queue.c **** 		{
 908:Middlewares/Third_Party/FreeRTOS/Source/queue.c **** 			if( prvIsQueueFull( pxQueue ) != pdFALSE )
 909:Middlewares/Third_Party/FreeRTOS/Source/queue.c **** 			{
 910:Middlewares/Third_Party/FreeRTOS/Source/queue.c **** 				traceBLOCKING_ON_QUEUE_SEND( pxQueue );
 911:Middlewares/Third_Party/FreeRTOS/Source/queue.c **** 				vTaskPlaceOnEventList( &( pxQueue->xTasksWaitingToSend ), xTicksToWait );
 912:Middlewares/Third_Party/FreeRTOS/Source/queue.c **** 
 913:Middlewares/Third_Party/FreeRTOS/Source/queue.c **** 				/* Unlocking the queue means queue events can effect the
 914:Middlewares/Third_Party/FreeRTOS/Source/queue.c **** 				event list.  It is possible that interrupts occurring now
 915:Middlewares/Third_Party/FreeRTOS/Source/queue.c **** 				remove this task from the event list again - but as the
 916:Middlewares/Third_Party/FreeRTOS/Source/queue.c **** 				scheduler is suspended the task will go onto the pending
 917:Middlewares/Third_Party/FreeRTOS/Source/queue.c **** 				ready last instead of the actual ready list. */
 918:Middlewares/Third_Party/FreeRTOS/Source/queue.c **** 				prvUnlockQueue( pxQueue );
 919:Middlewares/Third_Party/FreeRTOS/Source/queue.c **** 
 920:Middlewares/Third_Party/FreeRTOS/Source/queue.c **** 				/* Resuming the scheduler will move tasks from the pending
 921:Middlewares/Third_Party/FreeRTOS/Source/queue.c **** 				ready list into the ready list - so it is feasible that this
 922:Middlewares/Third_Party/FreeRTOS/Source/queue.c **** 				task is already in a ready list before it yields - in which
 923:Middlewares/Third_Party/FreeRTOS/Source/queue.c **** 				case the yield will not cause a context switch unless there
 924:Middlewares/Third_Party/FreeRTOS/Source/queue.c **** 				is also a higher priority task in the pending ready list. */
 925:Middlewares/Third_Party/FreeRTOS/Source/queue.c **** 				if( xTaskResumeAll() == pdFALSE )
 926:Middlewares/Third_Party/FreeRTOS/Source/queue.c **** 				{
 927:Middlewares/Third_Party/FreeRTOS/Source/queue.c **** 					portYIELD_WITHIN_API();
 928:Middlewares/Third_Party/FreeRTOS/Source/queue.c **** 				}
 929:Middlewares/Third_Party/FreeRTOS/Source/queue.c **** 			}
 930:Middlewares/Third_Party/FreeRTOS/Source/queue.c **** 			else
 931:Middlewares/Third_Party/FreeRTOS/Source/queue.c **** 			{
 932:Middlewares/Third_Party/FreeRTOS/Source/queue.c **** 				/* Try again. */
 933:Middlewares/Third_Party/FreeRTOS/Source/queue.c **** 				prvUnlockQueue( pxQueue );
 934:Middlewares/Third_Party/FreeRTOS/Source/queue.c **** 				( void ) xTaskResumeAll();
 935:Middlewares/Third_Party/FreeRTOS/Source/queue.c **** 			}
 936:Middlewares/Third_Party/FreeRTOS/Source/queue.c **** 		}
 937:Middlewares/Third_Party/FreeRTOS/Source/queue.c **** 		else
 938:Middlewares/Third_Party/FreeRTOS/Source/queue.c **** 		{
 939:Middlewares/Third_Party/FreeRTOS/Source/queue.c **** 			/* The timeout has expired. */
 940:Middlewares/Third_Party/FreeRTOS/Source/queue.c **** 			prvUnlockQueue( pxQueue );
 941:Middlewares/Third_Party/FreeRTOS/Source/queue.c **** 			( void ) xTaskResumeAll();
 942:Middlewares/Third_Party/FreeRTOS/Source/queue.c **** 
 943:Middlewares/Third_Party/FreeRTOS/Source/queue.c **** 			traceQUEUE_SEND_FAILED( pxQueue );
 944:Middlewares/Third_Party/FreeRTOS/Source/queue.c **** 			return errQUEUE_FULL;
ARM GAS  C:\Users\Asus\AppData\Local\Temp\ccbtHMUK.s 			page 18


 945:Middlewares/Third_Party/FreeRTOS/Source/queue.c **** 		}
 946:Middlewares/Third_Party/FreeRTOS/Source/queue.c **** 	} /*lint -restore */
 947:Middlewares/Third_Party/FreeRTOS/Source/queue.c **** }
 948:Middlewares/Third_Party/FreeRTOS/Source/queue.c **** /*-----------------------------------------------------------*/
 949:Middlewares/Third_Party/FreeRTOS/Source/queue.c **** 
 950:Middlewares/Third_Party/FreeRTOS/Source/queue.c **** BaseType_t xQueueGenericSendFromISR( QueueHandle_t xQueue, const void * const pvItemToQueue, BaseTy
 951:Middlewares/Third_Party/FreeRTOS/Source/queue.c **** {
 952:Middlewares/Third_Party/FreeRTOS/Source/queue.c **** BaseType_t xReturn;
 953:Middlewares/Third_Party/FreeRTOS/Source/queue.c **** UBaseType_t uxSavedInterruptStatus;
 954:Middlewares/Third_Party/FreeRTOS/Source/queue.c **** Queue_t * const pxQueue = xQueue;
 955:Middlewares/Third_Party/FreeRTOS/Source/queue.c **** 
 956:Middlewares/Third_Party/FreeRTOS/Source/queue.c **** 	configASSERT( pxQueue );
 957:Middlewares/Third_Party/FreeRTOS/Source/queue.c **** 	configASSERT( !( ( pvItemToQueue == NULL ) && ( pxQueue->uxItemSize != ( UBaseType_t ) 0U ) ) );
 958:Middlewares/Third_Party/FreeRTOS/Source/queue.c **** 	configASSERT( !( ( xCopyPosition == queueOVERWRITE ) && ( pxQueue->uxLength != 1 ) ) );
 959:Middlewares/Third_Party/FreeRTOS/Source/queue.c **** 
 960:Middlewares/Third_Party/FreeRTOS/Source/queue.c **** 	/* RTOS ports that support interrupt nesting have the concept of a maximum
 961:Middlewares/Third_Party/FreeRTOS/Source/queue.c **** 	system call (or maximum API call) interrupt priority.  Interrupts that are
 962:Middlewares/Third_Party/FreeRTOS/Source/queue.c **** 	above the maximum system call priority are kept permanently enabled, even
 963:Middlewares/Third_Party/FreeRTOS/Source/queue.c **** 	when the RTOS kernel is in a critical section, but cannot make any calls to
 964:Middlewares/Third_Party/FreeRTOS/Source/queue.c **** 	FreeRTOS API functions.  If configASSERT() is defined in FreeRTOSConfig.h
 965:Middlewares/Third_Party/FreeRTOS/Source/queue.c **** 	then portASSERT_IF_INTERRUPT_PRIORITY_INVALID() will result in an assertion
 966:Middlewares/Third_Party/FreeRTOS/Source/queue.c **** 	failure if a FreeRTOS API function is called from an interrupt that has been
 967:Middlewares/Third_Party/FreeRTOS/Source/queue.c **** 	assigned a priority above the configured maximum system call priority.
 968:Middlewares/Third_Party/FreeRTOS/Source/queue.c **** 	Only FreeRTOS functions that end in FromISR can be called from interrupts
 969:Middlewares/Third_Party/FreeRTOS/Source/queue.c **** 	that have been assigned a priority at or (logically) below the maximum
 970:Middlewares/Third_Party/FreeRTOS/Source/queue.c **** 	system call	interrupt priority.  FreeRTOS maintains a separate interrupt
 971:Middlewares/Third_Party/FreeRTOS/Source/queue.c **** 	safe API to ensure interrupt entry is as fast and as simple as possible.
 972:Middlewares/Third_Party/FreeRTOS/Source/queue.c **** 	More information (albeit Cortex-M specific) is provided on the following
 973:Middlewares/Third_Party/FreeRTOS/Source/queue.c **** 	link: http://www.freertos.org/RTOS-Cortex-M3-M4.html */
 974:Middlewares/Third_Party/FreeRTOS/Source/queue.c **** 	portASSERT_IF_INTERRUPT_PRIORITY_INVALID();
 975:Middlewares/Third_Party/FreeRTOS/Source/queue.c **** 
 976:Middlewares/Third_Party/FreeRTOS/Source/queue.c **** 	/* Similar to xQueueGenericSend, except without blocking if there is no room
 977:Middlewares/Third_Party/FreeRTOS/Source/queue.c **** 	in the queue.  Also don't directly wake a task that was blocked on a queue
 978:Middlewares/Third_Party/FreeRTOS/Source/queue.c **** 	read, instead return a flag to say whether a context switch is required or
 979:Middlewares/Third_Party/FreeRTOS/Source/queue.c **** 	not (i.e. has a task with a higher priority than us been woken by this
 980:Middlewares/Third_Party/FreeRTOS/Source/queue.c **** 	post). */
 981:Middlewares/Third_Party/FreeRTOS/Source/queue.c **** 	uxSavedInterruptStatus = portSET_INTERRUPT_MASK_FROM_ISR();
 982:Middlewares/Third_Party/FreeRTOS/Source/queue.c **** 	{
 983:Middlewares/Third_Party/FreeRTOS/Source/queue.c **** 		if( ( pxQueue->uxMessagesWaiting < pxQueue->uxLength ) || ( xCopyPosition == queueOVERWRITE ) )
 984:Middlewares/Third_Party/FreeRTOS/Source/queue.c **** 		{
 985:Middlewares/Third_Party/FreeRTOS/Source/queue.c **** 			const int8_t cTxLock = pxQueue->cTxLock;
 986:Middlewares/Third_Party/FreeRTOS/Source/queue.c **** 			const UBaseType_t uxPreviousMessagesWaiting = pxQueue->uxMessagesWaiting;
 987:Middlewares/Third_Party/FreeRTOS/Source/queue.c **** 
 988:Middlewares/Third_Party/FreeRTOS/Source/queue.c **** 			traceQUEUE_SEND_FROM_ISR( pxQueue );
 989:Middlewares/Third_Party/FreeRTOS/Source/queue.c **** 
 990:Middlewares/Third_Party/FreeRTOS/Source/queue.c **** 			/* Semaphores use xQueueGiveFromISR(), so pxQueue will not be a
 991:Middlewares/Third_Party/FreeRTOS/Source/queue.c **** 			semaphore or mutex.  That means prvCopyDataToQueue() cannot result
 992:Middlewares/Third_Party/FreeRTOS/Source/queue.c **** 			in a task disinheriting a priority and prvCopyDataToQueue() can be
 993:Middlewares/Third_Party/FreeRTOS/Source/queue.c **** 			called here even though the disinherit function does not check if
 994:Middlewares/Third_Party/FreeRTOS/Source/queue.c **** 			the scheduler is suspended before accessing the ready lists. */
 995:Middlewares/Third_Party/FreeRTOS/Source/queue.c **** 			( void ) prvCopyDataToQueue( pxQueue, pvItemToQueue, xCopyPosition );
 996:Middlewares/Third_Party/FreeRTOS/Source/queue.c **** 
 997:Middlewares/Third_Party/FreeRTOS/Source/queue.c **** 			/* The event list is not altered if the queue is locked.  This will
 998:Middlewares/Third_Party/FreeRTOS/Source/queue.c **** 			be done when the queue is unlocked later. */
 999:Middlewares/Third_Party/FreeRTOS/Source/queue.c **** 			if( cTxLock == queueUNLOCKED )
1000:Middlewares/Third_Party/FreeRTOS/Source/queue.c **** 			{
1001:Middlewares/Third_Party/FreeRTOS/Source/queue.c **** 				#if ( configUSE_QUEUE_SETS == 1 )
ARM GAS  C:\Users\Asus\AppData\Local\Temp\ccbtHMUK.s 			page 19


1002:Middlewares/Third_Party/FreeRTOS/Source/queue.c **** 				{
1003:Middlewares/Third_Party/FreeRTOS/Source/queue.c **** 					if( pxQueue->pxQueueSetContainer != NULL )
1004:Middlewares/Third_Party/FreeRTOS/Source/queue.c **** 					{
1005:Middlewares/Third_Party/FreeRTOS/Source/queue.c **** 						if( ( xCopyPosition == queueOVERWRITE ) && ( uxPreviousMessagesWaiting != ( UBaseType_t ) 0 )
1006:Middlewares/Third_Party/FreeRTOS/Source/queue.c **** 						{
1007:Middlewares/Third_Party/FreeRTOS/Source/queue.c **** 							/* Do not notify the queue set as an existing item
1008:Middlewares/Third_Party/FreeRTOS/Source/queue.c **** 							was overwritten in the queue so the number of items
1009:Middlewares/Third_Party/FreeRTOS/Source/queue.c **** 							in the queue has not changed. */
1010:Middlewares/Third_Party/FreeRTOS/Source/queue.c **** 							mtCOVERAGE_TEST_MARKER();
1011:Middlewares/Third_Party/FreeRTOS/Source/queue.c **** 						}
1012:Middlewares/Third_Party/FreeRTOS/Source/queue.c **** 						else if( prvNotifyQueueSetContainer( pxQueue ) != pdFALSE )
1013:Middlewares/Third_Party/FreeRTOS/Source/queue.c **** 						{
1014:Middlewares/Third_Party/FreeRTOS/Source/queue.c **** 							/* The queue is a member of a queue set, and posting
1015:Middlewares/Third_Party/FreeRTOS/Source/queue.c **** 							to the queue set caused a higher priority task to
1016:Middlewares/Third_Party/FreeRTOS/Source/queue.c **** 							unblock.  A context switch is required. */
1017:Middlewares/Third_Party/FreeRTOS/Source/queue.c **** 							if( pxHigherPriorityTaskWoken != NULL )
1018:Middlewares/Third_Party/FreeRTOS/Source/queue.c **** 							{
1019:Middlewares/Third_Party/FreeRTOS/Source/queue.c **** 								*pxHigherPriorityTaskWoken = pdTRUE;
1020:Middlewares/Third_Party/FreeRTOS/Source/queue.c **** 							}
1021:Middlewares/Third_Party/FreeRTOS/Source/queue.c **** 							else
1022:Middlewares/Third_Party/FreeRTOS/Source/queue.c **** 							{
1023:Middlewares/Third_Party/FreeRTOS/Source/queue.c **** 								mtCOVERAGE_TEST_MARKER();
1024:Middlewares/Third_Party/FreeRTOS/Source/queue.c **** 							}
1025:Middlewares/Third_Party/FreeRTOS/Source/queue.c **** 						}
1026:Middlewares/Third_Party/FreeRTOS/Source/queue.c **** 						else
1027:Middlewares/Third_Party/FreeRTOS/Source/queue.c **** 						{
1028:Middlewares/Third_Party/FreeRTOS/Source/queue.c **** 							mtCOVERAGE_TEST_MARKER();
1029:Middlewares/Third_Party/FreeRTOS/Source/queue.c **** 						}
1030:Middlewares/Third_Party/FreeRTOS/Source/queue.c **** 					}
1031:Middlewares/Third_Party/FreeRTOS/Source/queue.c **** 					else
1032:Middlewares/Third_Party/FreeRTOS/Source/queue.c **** 					{
1033:Middlewares/Third_Party/FreeRTOS/Source/queue.c **** 						if( listLIST_IS_EMPTY( &( pxQueue->xTasksWaitingToReceive ) ) == pdFALSE )
1034:Middlewares/Third_Party/FreeRTOS/Source/queue.c **** 						{
1035:Middlewares/Third_Party/FreeRTOS/Source/queue.c **** 							if( xTaskRemoveFromEventList( &( pxQueue->xTasksWaitingToReceive ) ) != pdFALSE )
1036:Middlewares/Third_Party/FreeRTOS/Source/queue.c **** 							{
1037:Middlewares/Third_Party/FreeRTOS/Source/queue.c **** 								/* The task waiting has a higher priority so
1038:Middlewares/Third_Party/FreeRTOS/Source/queue.c **** 								record that a context switch is required. */
1039:Middlewares/Third_Party/FreeRTOS/Source/queue.c **** 								if( pxHigherPriorityTaskWoken != NULL )
1040:Middlewares/Third_Party/FreeRTOS/Source/queue.c **** 								{
1041:Middlewares/Third_Party/FreeRTOS/Source/queue.c **** 									*pxHigherPriorityTaskWoken = pdTRUE;
1042:Middlewares/Third_Party/FreeRTOS/Source/queue.c **** 								}
1043:Middlewares/Third_Party/FreeRTOS/Source/queue.c **** 								else
1044:Middlewares/Third_Party/FreeRTOS/Source/queue.c **** 								{
1045:Middlewares/Third_Party/FreeRTOS/Source/queue.c **** 									mtCOVERAGE_TEST_MARKER();
1046:Middlewares/Third_Party/FreeRTOS/Source/queue.c **** 								}
1047:Middlewares/Third_Party/FreeRTOS/Source/queue.c **** 							}
1048:Middlewares/Third_Party/FreeRTOS/Source/queue.c **** 							else
1049:Middlewares/Third_Party/FreeRTOS/Source/queue.c **** 							{
1050:Middlewares/Third_Party/FreeRTOS/Source/queue.c **** 								mtCOVERAGE_TEST_MARKER();
1051:Middlewares/Third_Party/FreeRTOS/Source/queue.c **** 							}
1052:Middlewares/Third_Party/FreeRTOS/Source/queue.c **** 						}
1053:Middlewares/Third_Party/FreeRTOS/Source/queue.c **** 						else
1054:Middlewares/Third_Party/FreeRTOS/Source/queue.c **** 						{
1055:Middlewares/Third_Party/FreeRTOS/Source/queue.c **** 							mtCOVERAGE_TEST_MARKER();
1056:Middlewares/Third_Party/FreeRTOS/Source/queue.c **** 						}
1057:Middlewares/Third_Party/FreeRTOS/Source/queue.c **** 					}
1058:Middlewares/Third_Party/FreeRTOS/Source/queue.c **** 				}
ARM GAS  C:\Users\Asus\AppData\Local\Temp\ccbtHMUK.s 			page 20


1059:Middlewares/Third_Party/FreeRTOS/Source/queue.c **** 				#else /* configUSE_QUEUE_SETS */
1060:Middlewares/Third_Party/FreeRTOS/Source/queue.c **** 				{
1061:Middlewares/Third_Party/FreeRTOS/Source/queue.c **** 					if( listLIST_IS_EMPTY( &( pxQueue->xTasksWaitingToReceive ) ) == pdFALSE )
1062:Middlewares/Third_Party/FreeRTOS/Source/queue.c **** 					{
1063:Middlewares/Third_Party/FreeRTOS/Source/queue.c **** 						if( xTaskRemoveFromEventList( &( pxQueue->xTasksWaitingToReceive ) ) != pdFALSE )
1064:Middlewares/Third_Party/FreeRTOS/Source/queue.c **** 						{
1065:Middlewares/Third_Party/FreeRTOS/Source/queue.c **** 							/* The task waiting has a higher priority so record that a
1066:Middlewares/Third_Party/FreeRTOS/Source/queue.c **** 							context	switch is required. */
1067:Middlewares/Third_Party/FreeRTOS/Source/queue.c **** 							if( pxHigherPriorityTaskWoken != NULL )
1068:Middlewares/Third_Party/FreeRTOS/Source/queue.c **** 							{
1069:Middlewares/Third_Party/FreeRTOS/Source/queue.c **** 								*pxHigherPriorityTaskWoken = pdTRUE;
1070:Middlewares/Third_Party/FreeRTOS/Source/queue.c **** 							}
1071:Middlewares/Third_Party/FreeRTOS/Source/queue.c **** 							else
1072:Middlewares/Third_Party/FreeRTOS/Source/queue.c **** 							{
1073:Middlewares/Third_Party/FreeRTOS/Source/queue.c **** 								mtCOVERAGE_TEST_MARKER();
1074:Middlewares/Third_Party/FreeRTOS/Source/queue.c **** 							}
1075:Middlewares/Third_Party/FreeRTOS/Source/queue.c **** 						}
1076:Middlewares/Third_Party/FreeRTOS/Source/queue.c **** 						else
1077:Middlewares/Third_Party/FreeRTOS/Source/queue.c **** 						{
1078:Middlewares/Third_Party/FreeRTOS/Source/queue.c **** 							mtCOVERAGE_TEST_MARKER();
1079:Middlewares/Third_Party/FreeRTOS/Source/queue.c **** 						}
1080:Middlewares/Third_Party/FreeRTOS/Source/queue.c **** 					}
1081:Middlewares/Third_Party/FreeRTOS/Source/queue.c **** 					else
1082:Middlewares/Third_Party/FreeRTOS/Source/queue.c **** 					{
1083:Middlewares/Third_Party/FreeRTOS/Source/queue.c **** 						mtCOVERAGE_TEST_MARKER();
1084:Middlewares/Third_Party/FreeRTOS/Source/queue.c **** 					}
1085:Middlewares/Third_Party/FreeRTOS/Source/queue.c **** 					
1086:Middlewares/Third_Party/FreeRTOS/Source/queue.c **** 					/* Not used in this path. */
1087:Middlewares/Third_Party/FreeRTOS/Source/queue.c **** 					( void ) uxPreviousMessagesWaiting;
1088:Middlewares/Third_Party/FreeRTOS/Source/queue.c **** 				}
1089:Middlewares/Third_Party/FreeRTOS/Source/queue.c **** 				#endif /* configUSE_QUEUE_SETS */
1090:Middlewares/Third_Party/FreeRTOS/Source/queue.c **** 			}
1091:Middlewares/Third_Party/FreeRTOS/Source/queue.c **** 			else
1092:Middlewares/Third_Party/FreeRTOS/Source/queue.c **** 			{
1093:Middlewares/Third_Party/FreeRTOS/Source/queue.c **** 				/* Increment the lock count so the task that unlocks the queue
1094:Middlewares/Third_Party/FreeRTOS/Source/queue.c **** 				knows that data was posted while it was locked. */
1095:Middlewares/Third_Party/FreeRTOS/Source/queue.c **** 				pxQueue->cTxLock = ( int8_t ) ( cTxLock + 1 );
1096:Middlewares/Third_Party/FreeRTOS/Source/queue.c **** 			}
1097:Middlewares/Third_Party/FreeRTOS/Source/queue.c **** 
1098:Middlewares/Third_Party/FreeRTOS/Source/queue.c **** 			xReturn = pdPASS;
1099:Middlewares/Third_Party/FreeRTOS/Source/queue.c **** 		}
1100:Middlewares/Third_Party/FreeRTOS/Source/queue.c **** 		else
1101:Middlewares/Third_Party/FreeRTOS/Source/queue.c **** 		{
1102:Middlewares/Third_Party/FreeRTOS/Source/queue.c **** 			traceQUEUE_SEND_FROM_ISR_FAILED( pxQueue );
1103:Middlewares/Third_Party/FreeRTOS/Source/queue.c **** 			xReturn = errQUEUE_FULL;
1104:Middlewares/Third_Party/FreeRTOS/Source/queue.c **** 		}
1105:Middlewares/Third_Party/FreeRTOS/Source/queue.c **** 	}
1106:Middlewares/Third_Party/FreeRTOS/Source/queue.c **** 	portCLEAR_INTERRUPT_MASK_FROM_ISR( uxSavedInterruptStatus );
1107:Middlewares/Third_Party/FreeRTOS/Source/queue.c **** 
1108:Middlewares/Third_Party/FreeRTOS/Source/queue.c **** 	return xReturn;
1109:Middlewares/Third_Party/FreeRTOS/Source/queue.c **** }
1110:Middlewares/Third_Party/FreeRTOS/Source/queue.c **** /*-----------------------------------------------------------*/
1111:Middlewares/Third_Party/FreeRTOS/Source/queue.c **** 
1112:Middlewares/Third_Party/FreeRTOS/Source/queue.c **** BaseType_t xQueueGiveFromISR( QueueHandle_t xQueue, BaseType_t * const pxHigherPriorityTaskWoken )
1113:Middlewares/Third_Party/FreeRTOS/Source/queue.c **** {
1114:Middlewares/Third_Party/FreeRTOS/Source/queue.c **** BaseType_t xReturn;
1115:Middlewares/Third_Party/FreeRTOS/Source/queue.c **** UBaseType_t uxSavedInterruptStatus;
ARM GAS  C:\Users\Asus\AppData\Local\Temp\ccbtHMUK.s 			page 21


1116:Middlewares/Third_Party/FreeRTOS/Source/queue.c **** Queue_t * const pxQueue = xQueue;
1117:Middlewares/Third_Party/FreeRTOS/Source/queue.c **** 
1118:Middlewares/Third_Party/FreeRTOS/Source/queue.c **** 	/* Similar to xQueueGenericSendFromISR() but used with semaphores where the
1119:Middlewares/Third_Party/FreeRTOS/Source/queue.c **** 	item size is 0.  Don't directly wake a task that was blocked on a queue
1120:Middlewares/Third_Party/FreeRTOS/Source/queue.c **** 	read, instead return a flag to say whether a context switch is required or
1121:Middlewares/Third_Party/FreeRTOS/Source/queue.c **** 	not (i.e. has a task with a higher priority than us been woken by this
1122:Middlewares/Third_Party/FreeRTOS/Source/queue.c **** 	post). */
1123:Middlewares/Third_Party/FreeRTOS/Source/queue.c **** 
1124:Middlewares/Third_Party/FreeRTOS/Source/queue.c **** 	configASSERT( pxQueue );
1125:Middlewares/Third_Party/FreeRTOS/Source/queue.c **** 
1126:Middlewares/Third_Party/FreeRTOS/Source/queue.c **** 	/* xQueueGenericSendFromISR() should be used instead of xQueueGiveFromISR()
1127:Middlewares/Third_Party/FreeRTOS/Source/queue.c **** 	if the item size is not 0. */
1128:Middlewares/Third_Party/FreeRTOS/Source/queue.c **** 	configASSERT( pxQueue->uxItemSize == 0 );
1129:Middlewares/Third_Party/FreeRTOS/Source/queue.c **** 
1130:Middlewares/Third_Party/FreeRTOS/Source/queue.c **** 	/* Normally a mutex would not be given from an interrupt, especially if
1131:Middlewares/Third_Party/FreeRTOS/Source/queue.c **** 	there is a mutex holder, as priority inheritance makes no sense for an
1132:Middlewares/Third_Party/FreeRTOS/Source/queue.c **** 	interrupts, only tasks. */
1133:Middlewares/Third_Party/FreeRTOS/Source/queue.c **** 	configASSERT( !( ( pxQueue->uxQueueType == queueQUEUE_IS_MUTEX ) && ( pxQueue->u.xSemaphore.xMutex
1134:Middlewares/Third_Party/FreeRTOS/Source/queue.c **** 
1135:Middlewares/Third_Party/FreeRTOS/Source/queue.c **** 	/* RTOS ports that support interrupt nesting have the concept of a maximum
1136:Middlewares/Third_Party/FreeRTOS/Source/queue.c **** 	system call (or maximum API call) interrupt priority.  Interrupts that are
1137:Middlewares/Third_Party/FreeRTOS/Source/queue.c **** 	above the maximum system call priority are kept permanently enabled, even
1138:Middlewares/Third_Party/FreeRTOS/Source/queue.c **** 	when the RTOS kernel is in a critical section, but cannot make any calls to
1139:Middlewares/Third_Party/FreeRTOS/Source/queue.c **** 	FreeRTOS API functions.  If configASSERT() is defined in FreeRTOSConfig.h
1140:Middlewares/Third_Party/FreeRTOS/Source/queue.c **** 	then portASSERT_IF_INTERRUPT_PRIORITY_INVALID() will result in an assertion
1141:Middlewares/Third_Party/FreeRTOS/Source/queue.c **** 	failure if a FreeRTOS API function is called from an interrupt that has been
1142:Middlewares/Third_Party/FreeRTOS/Source/queue.c **** 	assigned a priority above the configured maximum system call priority.
1143:Middlewares/Third_Party/FreeRTOS/Source/queue.c **** 	Only FreeRTOS functions that end in FromISR can be called from interrupts
1144:Middlewares/Third_Party/FreeRTOS/Source/queue.c **** 	that have been assigned a priority at or (logically) below the maximum
1145:Middlewares/Third_Party/FreeRTOS/Source/queue.c **** 	system call	interrupt priority.  FreeRTOS maintains a separate interrupt
1146:Middlewares/Third_Party/FreeRTOS/Source/queue.c **** 	safe API to ensure interrupt entry is as fast and as simple as possible.
1147:Middlewares/Third_Party/FreeRTOS/Source/queue.c **** 	More information (albeit Cortex-M specific) is provided on the following
1148:Middlewares/Third_Party/FreeRTOS/Source/queue.c **** 	link: http://www.freertos.org/RTOS-Cortex-M3-M4.html */
1149:Middlewares/Third_Party/FreeRTOS/Source/queue.c **** 	portASSERT_IF_INTERRUPT_PRIORITY_INVALID();
1150:Middlewares/Third_Party/FreeRTOS/Source/queue.c **** 
1151:Middlewares/Third_Party/FreeRTOS/Source/queue.c **** 	uxSavedInterruptStatus = portSET_INTERRUPT_MASK_FROM_ISR();
1152:Middlewares/Third_Party/FreeRTOS/Source/queue.c **** 	{
1153:Middlewares/Third_Party/FreeRTOS/Source/queue.c **** 		const UBaseType_t uxMessagesWaiting = pxQueue->uxMessagesWaiting;
1154:Middlewares/Third_Party/FreeRTOS/Source/queue.c **** 
1155:Middlewares/Third_Party/FreeRTOS/Source/queue.c **** 		/* When the queue is used to implement a semaphore no data is ever
1156:Middlewares/Third_Party/FreeRTOS/Source/queue.c **** 		moved through the queue but it is still valid to see if the queue 'has
1157:Middlewares/Third_Party/FreeRTOS/Source/queue.c **** 		space'. */
1158:Middlewares/Third_Party/FreeRTOS/Source/queue.c **** 		if( uxMessagesWaiting < pxQueue->uxLength )
1159:Middlewares/Third_Party/FreeRTOS/Source/queue.c **** 		{
1160:Middlewares/Third_Party/FreeRTOS/Source/queue.c **** 			const int8_t cTxLock = pxQueue->cTxLock;
1161:Middlewares/Third_Party/FreeRTOS/Source/queue.c **** 
1162:Middlewares/Third_Party/FreeRTOS/Source/queue.c **** 			traceQUEUE_SEND_FROM_ISR( pxQueue );
1163:Middlewares/Third_Party/FreeRTOS/Source/queue.c **** 
1164:Middlewares/Third_Party/FreeRTOS/Source/queue.c **** 			/* A task can only have an inherited priority if it is a mutex
1165:Middlewares/Third_Party/FreeRTOS/Source/queue.c **** 			holder - and if there is a mutex holder then the mutex cannot be
1166:Middlewares/Third_Party/FreeRTOS/Source/queue.c **** 			given from an ISR.  As this is the ISR version of the function it
1167:Middlewares/Third_Party/FreeRTOS/Source/queue.c **** 			can be assumed there is no mutex holder and no need to determine if
1168:Middlewares/Third_Party/FreeRTOS/Source/queue.c **** 			priority disinheritance is needed.  Simply increase the count of
1169:Middlewares/Third_Party/FreeRTOS/Source/queue.c **** 			messages (semaphores) available. */
1170:Middlewares/Third_Party/FreeRTOS/Source/queue.c **** 			pxQueue->uxMessagesWaiting = uxMessagesWaiting + ( UBaseType_t ) 1;
1171:Middlewares/Third_Party/FreeRTOS/Source/queue.c **** 
1172:Middlewares/Third_Party/FreeRTOS/Source/queue.c **** 			/* The event list is not altered if the queue is locked.  This will
ARM GAS  C:\Users\Asus\AppData\Local\Temp\ccbtHMUK.s 			page 22


1173:Middlewares/Third_Party/FreeRTOS/Source/queue.c **** 			be done when the queue is unlocked later. */
1174:Middlewares/Third_Party/FreeRTOS/Source/queue.c **** 			if( cTxLock == queueUNLOCKED )
1175:Middlewares/Third_Party/FreeRTOS/Source/queue.c **** 			{
1176:Middlewares/Third_Party/FreeRTOS/Source/queue.c **** 				#if ( configUSE_QUEUE_SETS == 1 )
1177:Middlewares/Third_Party/FreeRTOS/Source/queue.c **** 				{
1178:Middlewares/Third_Party/FreeRTOS/Source/queue.c **** 					if( pxQueue->pxQueueSetContainer != NULL )
1179:Middlewares/Third_Party/FreeRTOS/Source/queue.c **** 					{
1180:Middlewares/Third_Party/FreeRTOS/Source/queue.c **** 						if( prvNotifyQueueSetContainer( pxQueue ) != pdFALSE )
1181:Middlewares/Third_Party/FreeRTOS/Source/queue.c **** 						{
1182:Middlewares/Third_Party/FreeRTOS/Source/queue.c **** 							/* The semaphore is a member of a queue set, and
1183:Middlewares/Third_Party/FreeRTOS/Source/queue.c **** 							posting	to the queue set caused a higher priority
1184:Middlewares/Third_Party/FreeRTOS/Source/queue.c **** 							task to	unblock.  A context switch is required. */
1185:Middlewares/Third_Party/FreeRTOS/Source/queue.c **** 							if( pxHigherPriorityTaskWoken != NULL )
1186:Middlewares/Third_Party/FreeRTOS/Source/queue.c **** 							{
1187:Middlewares/Third_Party/FreeRTOS/Source/queue.c **** 								*pxHigherPriorityTaskWoken = pdTRUE;
1188:Middlewares/Third_Party/FreeRTOS/Source/queue.c **** 							}
1189:Middlewares/Third_Party/FreeRTOS/Source/queue.c **** 							else
1190:Middlewares/Third_Party/FreeRTOS/Source/queue.c **** 							{
1191:Middlewares/Third_Party/FreeRTOS/Source/queue.c **** 								mtCOVERAGE_TEST_MARKER();
1192:Middlewares/Third_Party/FreeRTOS/Source/queue.c **** 							}
1193:Middlewares/Third_Party/FreeRTOS/Source/queue.c **** 						}
1194:Middlewares/Third_Party/FreeRTOS/Source/queue.c **** 						else
1195:Middlewares/Third_Party/FreeRTOS/Source/queue.c **** 						{
1196:Middlewares/Third_Party/FreeRTOS/Source/queue.c **** 							mtCOVERAGE_TEST_MARKER();
1197:Middlewares/Third_Party/FreeRTOS/Source/queue.c **** 						}
1198:Middlewares/Third_Party/FreeRTOS/Source/queue.c **** 					}
1199:Middlewares/Third_Party/FreeRTOS/Source/queue.c **** 					else
1200:Middlewares/Third_Party/FreeRTOS/Source/queue.c **** 					{
1201:Middlewares/Third_Party/FreeRTOS/Source/queue.c **** 						if( listLIST_IS_EMPTY( &( pxQueue->xTasksWaitingToReceive ) ) == pdFALSE )
1202:Middlewares/Third_Party/FreeRTOS/Source/queue.c **** 						{
1203:Middlewares/Third_Party/FreeRTOS/Source/queue.c **** 							if( xTaskRemoveFromEventList( &( pxQueue->xTasksWaitingToReceive ) ) != pdFALSE )
1204:Middlewares/Third_Party/FreeRTOS/Source/queue.c **** 							{
1205:Middlewares/Third_Party/FreeRTOS/Source/queue.c **** 								/* The task waiting has a higher priority so
1206:Middlewares/Third_Party/FreeRTOS/Source/queue.c **** 								record that a context switch is required. */
1207:Middlewares/Third_Party/FreeRTOS/Source/queue.c **** 								if( pxHigherPriorityTaskWoken != NULL )
1208:Middlewares/Third_Party/FreeRTOS/Source/queue.c **** 								{
1209:Middlewares/Third_Party/FreeRTOS/Source/queue.c **** 									*pxHigherPriorityTaskWoken = pdTRUE;
1210:Middlewares/Third_Party/FreeRTOS/Source/queue.c **** 								}
1211:Middlewares/Third_Party/FreeRTOS/Source/queue.c **** 								else
1212:Middlewares/Third_Party/FreeRTOS/Source/queue.c **** 								{
1213:Middlewares/Third_Party/FreeRTOS/Source/queue.c **** 									mtCOVERAGE_TEST_MARKER();
1214:Middlewares/Third_Party/FreeRTOS/Source/queue.c **** 								}
1215:Middlewares/Third_Party/FreeRTOS/Source/queue.c **** 							}
1216:Middlewares/Third_Party/FreeRTOS/Source/queue.c **** 							else
1217:Middlewares/Third_Party/FreeRTOS/Source/queue.c **** 							{
1218:Middlewares/Third_Party/FreeRTOS/Source/queue.c **** 								mtCOVERAGE_TEST_MARKER();
1219:Middlewares/Third_Party/FreeRTOS/Source/queue.c **** 							}
1220:Middlewares/Third_Party/FreeRTOS/Source/queue.c **** 						}
1221:Middlewares/Third_Party/FreeRTOS/Source/queue.c **** 						else
1222:Middlewares/Third_Party/FreeRTOS/Source/queue.c **** 						{
1223:Middlewares/Third_Party/FreeRTOS/Source/queue.c **** 							mtCOVERAGE_TEST_MARKER();
1224:Middlewares/Third_Party/FreeRTOS/Source/queue.c **** 						}
1225:Middlewares/Third_Party/FreeRTOS/Source/queue.c **** 					}
1226:Middlewares/Third_Party/FreeRTOS/Source/queue.c **** 				}
1227:Middlewares/Third_Party/FreeRTOS/Source/queue.c **** 				#else /* configUSE_QUEUE_SETS */
1228:Middlewares/Third_Party/FreeRTOS/Source/queue.c **** 				{
1229:Middlewares/Third_Party/FreeRTOS/Source/queue.c **** 					if( listLIST_IS_EMPTY( &( pxQueue->xTasksWaitingToReceive ) ) == pdFALSE )
ARM GAS  C:\Users\Asus\AppData\Local\Temp\ccbtHMUK.s 			page 23


1230:Middlewares/Third_Party/FreeRTOS/Source/queue.c **** 					{
1231:Middlewares/Third_Party/FreeRTOS/Source/queue.c **** 						if( xTaskRemoveFromEventList( &( pxQueue->xTasksWaitingToReceive ) ) != pdFALSE )
1232:Middlewares/Third_Party/FreeRTOS/Source/queue.c **** 						{
1233:Middlewares/Third_Party/FreeRTOS/Source/queue.c **** 							/* The task waiting has a higher priority so record that a
1234:Middlewares/Third_Party/FreeRTOS/Source/queue.c **** 							context	switch is required. */
1235:Middlewares/Third_Party/FreeRTOS/Source/queue.c **** 							if( pxHigherPriorityTaskWoken != NULL )
1236:Middlewares/Third_Party/FreeRTOS/Source/queue.c **** 							{
1237:Middlewares/Third_Party/FreeRTOS/Source/queue.c **** 								*pxHigherPriorityTaskWoken = pdTRUE;
1238:Middlewares/Third_Party/FreeRTOS/Source/queue.c **** 							}
1239:Middlewares/Third_Party/FreeRTOS/Source/queue.c **** 							else
1240:Middlewares/Third_Party/FreeRTOS/Source/queue.c **** 							{
1241:Middlewares/Third_Party/FreeRTOS/Source/queue.c **** 								mtCOVERAGE_TEST_MARKER();
1242:Middlewares/Third_Party/FreeRTOS/Source/queue.c **** 							}
1243:Middlewares/Third_Party/FreeRTOS/Source/queue.c **** 						}
1244:Middlewares/Third_Party/FreeRTOS/Source/queue.c **** 						else
1245:Middlewares/Third_Party/FreeRTOS/Source/queue.c **** 						{
1246:Middlewares/Third_Party/FreeRTOS/Source/queue.c **** 							mtCOVERAGE_TEST_MARKER();
1247:Middlewares/Third_Party/FreeRTOS/Source/queue.c **** 						}
1248:Middlewares/Third_Party/FreeRTOS/Source/queue.c **** 					}
1249:Middlewares/Third_Party/FreeRTOS/Source/queue.c **** 					else
1250:Middlewares/Third_Party/FreeRTOS/Source/queue.c **** 					{
1251:Middlewares/Third_Party/FreeRTOS/Source/queue.c **** 						mtCOVERAGE_TEST_MARKER();
1252:Middlewares/Third_Party/FreeRTOS/Source/queue.c **** 					}
1253:Middlewares/Third_Party/FreeRTOS/Source/queue.c **** 				}
1254:Middlewares/Third_Party/FreeRTOS/Source/queue.c **** 				#endif /* configUSE_QUEUE_SETS */
1255:Middlewares/Third_Party/FreeRTOS/Source/queue.c **** 			}
1256:Middlewares/Third_Party/FreeRTOS/Source/queue.c **** 			else
1257:Middlewares/Third_Party/FreeRTOS/Source/queue.c **** 			{
1258:Middlewares/Third_Party/FreeRTOS/Source/queue.c **** 				/* Increment the lock count so the task that unlocks the queue
1259:Middlewares/Third_Party/FreeRTOS/Source/queue.c **** 				knows that data was posted while it was locked. */
1260:Middlewares/Third_Party/FreeRTOS/Source/queue.c **** 				pxQueue->cTxLock = ( int8_t ) ( cTxLock + 1 );
1261:Middlewares/Third_Party/FreeRTOS/Source/queue.c **** 			}
1262:Middlewares/Third_Party/FreeRTOS/Source/queue.c **** 
1263:Middlewares/Third_Party/FreeRTOS/Source/queue.c **** 			xReturn = pdPASS;
1264:Middlewares/Third_Party/FreeRTOS/Source/queue.c **** 		}
1265:Middlewares/Third_Party/FreeRTOS/Source/queue.c **** 		else
1266:Middlewares/Third_Party/FreeRTOS/Source/queue.c **** 		{
1267:Middlewares/Third_Party/FreeRTOS/Source/queue.c **** 			traceQUEUE_SEND_FROM_ISR_FAILED( pxQueue );
1268:Middlewares/Third_Party/FreeRTOS/Source/queue.c **** 			xReturn = errQUEUE_FULL;
1269:Middlewares/Third_Party/FreeRTOS/Source/queue.c **** 		}
1270:Middlewares/Third_Party/FreeRTOS/Source/queue.c **** 	}
1271:Middlewares/Third_Party/FreeRTOS/Source/queue.c **** 	portCLEAR_INTERRUPT_MASK_FROM_ISR( uxSavedInterruptStatus );
1272:Middlewares/Third_Party/FreeRTOS/Source/queue.c **** 
1273:Middlewares/Third_Party/FreeRTOS/Source/queue.c **** 	return xReturn;
1274:Middlewares/Third_Party/FreeRTOS/Source/queue.c **** }
1275:Middlewares/Third_Party/FreeRTOS/Source/queue.c **** /*-----------------------------------------------------------*/
1276:Middlewares/Third_Party/FreeRTOS/Source/queue.c **** 
1277:Middlewares/Third_Party/FreeRTOS/Source/queue.c **** BaseType_t xQueueReceive( QueueHandle_t xQueue, void * const pvBuffer, TickType_t xTicksToWait )
1278:Middlewares/Third_Party/FreeRTOS/Source/queue.c **** {
1279:Middlewares/Third_Party/FreeRTOS/Source/queue.c **** BaseType_t xEntryTimeSet = pdFALSE;
1280:Middlewares/Third_Party/FreeRTOS/Source/queue.c **** TimeOut_t xTimeOut;
1281:Middlewares/Third_Party/FreeRTOS/Source/queue.c **** Queue_t * const pxQueue = xQueue;
1282:Middlewares/Third_Party/FreeRTOS/Source/queue.c **** 
1283:Middlewares/Third_Party/FreeRTOS/Source/queue.c **** 	/* Check the pointer is not NULL. */
1284:Middlewares/Third_Party/FreeRTOS/Source/queue.c **** 	configASSERT( ( pxQueue ) );
1285:Middlewares/Third_Party/FreeRTOS/Source/queue.c **** 
1286:Middlewares/Third_Party/FreeRTOS/Source/queue.c **** 	/* The buffer into which data is received can only be NULL if the data size
ARM GAS  C:\Users\Asus\AppData\Local\Temp\ccbtHMUK.s 			page 24


1287:Middlewares/Third_Party/FreeRTOS/Source/queue.c **** 	is zero (so no data is copied into the buffer. */
1288:Middlewares/Third_Party/FreeRTOS/Source/queue.c **** 	configASSERT( !( ( ( pvBuffer ) == NULL ) && ( ( pxQueue )->uxItemSize != ( UBaseType_t ) 0U ) ) )
1289:Middlewares/Third_Party/FreeRTOS/Source/queue.c **** 
1290:Middlewares/Third_Party/FreeRTOS/Source/queue.c **** 	/* Cannot block if the scheduler is suspended. */
1291:Middlewares/Third_Party/FreeRTOS/Source/queue.c **** 	#if ( ( INCLUDE_xTaskGetSchedulerState == 1 ) || ( configUSE_TIMERS == 1 ) )
1292:Middlewares/Third_Party/FreeRTOS/Source/queue.c **** 	{
1293:Middlewares/Third_Party/FreeRTOS/Source/queue.c **** 		configASSERT( !( ( xTaskGetSchedulerState() == taskSCHEDULER_SUSPENDED ) && ( xTicksToWait != 0 )
1294:Middlewares/Third_Party/FreeRTOS/Source/queue.c **** 	}
1295:Middlewares/Third_Party/FreeRTOS/Source/queue.c **** 	#endif
1296:Middlewares/Third_Party/FreeRTOS/Source/queue.c **** 
1297:Middlewares/Third_Party/FreeRTOS/Source/queue.c **** 
1298:Middlewares/Third_Party/FreeRTOS/Source/queue.c **** 	/*lint -save -e904  This function relaxes the coding standard somewhat to
1299:Middlewares/Third_Party/FreeRTOS/Source/queue.c **** 	allow return statements within the function itself.  This is done in the
1300:Middlewares/Third_Party/FreeRTOS/Source/queue.c **** 	interest of execution time efficiency. */
1301:Middlewares/Third_Party/FreeRTOS/Source/queue.c **** 	for( ;; )
1302:Middlewares/Third_Party/FreeRTOS/Source/queue.c **** 	{
1303:Middlewares/Third_Party/FreeRTOS/Source/queue.c **** 		taskENTER_CRITICAL();
1304:Middlewares/Third_Party/FreeRTOS/Source/queue.c **** 		{
1305:Middlewares/Third_Party/FreeRTOS/Source/queue.c **** 			const UBaseType_t uxMessagesWaiting = pxQueue->uxMessagesWaiting;
1306:Middlewares/Third_Party/FreeRTOS/Source/queue.c **** 
1307:Middlewares/Third_Party/FreeRTOS/Source/queue.c **** 			/* Is there data in the queue now?  To be running the calling task
1308:Middlewares/Third_Party/FreeRTOS/Source/queue.c **** 			must be the highest priority task wanting to access the queue. */
1309:Middlewares/Third_Party/FreeRTOS/Source/queue.c **** 			if( uxMessagesWaiting > ( UBaseType_t ) 0 )
1310:Middlewares/Third_Party/FreeRTOS/Source/queue.c **** 			{
1311:Middlewares/Third_Party/FreeRTOS/Source/queue.c **** 				/* Data available, remove one item. */
1312:Middlewares/Third_Party/FreeRTOS/Source/queue.c **** 				prvCopyDataFromQueue( pxQueue, pvBuffer );
1313:Middlewares/Third_Party/FreeRTOS/Source/queue.c **** 				traceQUEUE_RECEIVE( pxQueue );
1314:Middlewares/Third_Party/FreeRTOS/Source/queue.c **** 				pxQueue->uxMessagesWaiting = uxMessagesWaiting - ( UBaseType_t ) 1;
1315:Middlewares/Third_Party/FreeRTOS/Source/queue.c **** 
1316:Middlewares/Third_Party/FreeRTOS/Source/queue.c **** 				/* There is now space in the queue, were any tasks waiting to
1317:Middlewares/Third_Party/FreeRTOS/Source/queue.c **** 				post to the queue?  If so, unblock the highest priority waiting
1318:Middlewares/Third_Party/FreeRTOS/Source/queue.c **** 				task. */
1319:Middlewares/Third_Party/FreeRTOS/Source/queue.c **** 				if( listLIST_IS_EMPTY( &( pxQueue->xTasksWaitingToSend ) ) == pdFALSE )
1320:Middlewares/Third_Party/FreeRTOS/Source/queue.c **** 				{
1321:Middlewares/Third_Party/FreeRTOS/Source/queue.c **** 					if( xTaskRemoveFromEventList( &( pxQueue->xTasksWaitingToSend ) ) != pdFALSE )
1322:Middlewares/Third_Party/FreeRTOS/Source/queue.c **** 					{
1323:Middlewares/Third_Party/FreeRTOS/Source/queue.c **** 						queueYIELD_IF_USING_PREEMPTION();
1324:Middlewares/Third_Party/FreeRTOS/Source/queue.c **** 					}
1325:Middlewares/Third_Party/FreeRTOS/Source/queue.c **** 					else
1326:Middlewares/Third_Party/FreeRTOS/Source/queue.c **** 					{
1327:Middlewares/Third_Party/FreeRTOS/Source/queue.c **** 						mtCOVERAGE_TEST_MARKER();
1328:Middlewares/Third_Party/FreeRTOS/Source/queue.c **** 					}
1329:Middlewares/Third_Party/FreeRTOS/Source/queue.c **** 				}
1330:Middlewares/Third_Party/FreeRTOS/Source/queue.c **** 				else
1331:Middlewares/Third_Party/FreeRTOS/Source/queue.c **** 				{
1332:Middlewares/Third_Party/FreeRTOS/Source/queue.c **** 					mtCOVERAGE_TEST_MARKER();
1333:Middlewares/Third_Party/FreeRTOS/Source/queue.c **** 				}
1334:Middlewares/Third_Party/FreeRTOS/Source/queue.c **** 
1335:Middlewares/Third_Party/FreeRTOS/Source/queue.c **** 				taskEXIT_CRITICAL();
1336:Middlewares/Third_Party/FreeRTOS/Source/queue.c **** 				return pdPASS;
1337:Middlewares/Third_Party/FreeRTOS/Source/queue.c **** 			}
1338:Middlewares/Third_Party/FreeRTOS/Source/queue.c **** 			else
1339:Middlewares/Third_Party/FreeRTOS/Source/queue.c **** 			{
1340:Middlewares/Third_Party/FreeRTOS/Source/queue.c **** 				if( xTicksToWait == ( TickType_t ) 0 )
1341:Middlewares/Third_Party/FreeRTOS/Source/queue.c **** 				{
1342:Middlewares/Third_Party/FreeRTOS/Source/queue.c **** 					/* The queue was empty and no block time is specified (or
1343:Middlewares/Third_Party/FreeRTOS/Source/queue.c **** 					the block time has expired) so leave now. */
ARM GAS  C:\Users\Asus\AppData\Local\Temp\ccbtHMUK.s 			page 25


1344:Middlewares/Third_Party/FreeRTOS/Source/queue.c **** 					taskEXIT_CRITICAL();
1345:Middlewares/Third_Party/FreeRTOS/Source/queue.c **** 					traceQUEUE_RECEIVE_FAILED( pxQueue );
1346:Middlewares/Third_Party/FreeRTOS/Source/queue.c **** 					return errQUEUE_EMPTY;
1347:Middlewares/Third_Party/FreeRTOS/Source/queue.c **** 				}
1348:Middlewares/Third_Party/FreeRTOS/Source/queue.c **** 				else if( xEntryTimeSet == pdFALSE )
1349:Middlewares/Third_Party/FreeRTOS/Source/queue.c **** 				{
1350:Middlewares/Third_Party/FreeRTOS/Source/queue.c **** 					/* The queue was empty and a block time was specified so
1351:Middlewares/Third_Party/FreeRTOS/Source/queue.c **** 					configure the timeout structure. */
1352:Middlewares/Third_Party/FreeRTOS/Source/queue.c **** 					vTaskInternalSetTimeOutState( &xTimeOut );
1353:Middlewares/Third_Party/FreeRTOS/Source/queue.c **** 					xEntryTimeSet = pdTRUE;
1354:Middlewares/Third_Party/FreeRTOS/Source/queue.c **** 				}
1355:Middlewares/Third_Party/FreeRTOS/Source/queue.c **** 				else
1356:Middlewares/Third_Party/FreeRTOS/Source/queue.c **** 				{
1357:Middlewares/Third_Party/FreeRTOS/Source/queue.c **** 					/* Entry time was already set. */
1358:Middlewares/Third_Party/FreeRTOS/Source/queue.c **** 					mtCOVERAGE_TEST_MARKER();
1359:Middlewares/Third_Party/FreeRTOS/Source/queue.c **** 				}
1360:Middlewares/Third_Party/FreeRTOS/Source/queue.c **** 			}
1361:Middlewares/Third_Party/FreeRTOS/Source/queue.c **** 		}
1362:Middlewares/Third_Party/FreeRTOS/Source/queue.c **** 		taskEXIT_CRITICAL();
1363:Middlewares/Third_Party/FreeRTOS/Source/queue.c **** 
1364:Middlewares/Third_Party/FreeRTOS/Source/queue.c **** 		/* Interrupts and other tasks can send to and receive from the queue
1365:Middlewares/Third_Party/FreeRTOS/Source/queue.c **** 		now the critical section has been exited. */
1366:Middlewares/Third_Party/FreeRTOS/Source/queue.c **** 
1367:Middlewares/Third_Party/FreeRTOS/Source/queue.c **** 		vTaskSuspendAll();
1368:Middlewares/Third_Party/FreeRTOS/Source/queue.c **** 		prvLockQueue( pxQueue );
1369:Middlewares/Third_Party/FreeRTOS/Source/queue.c **** 
1370:Middlewares/Third_Party/FreeRTOS/Source/queue.c **** 		/* Update the timeout state to see if it has expired yet. */
1371:Middlewares/Third_Party/FreeRTOS/Source/queue.c **** 		if( xTaskCheckForTimeOut( &xTimeOut, &xTicksToWait ) == pdFALSE )
1372:Middlewares/Third_Party/FreeRTOS/Source/queue.c **** 		{
1373:Middlewares/Third_Party/FreeRTOS/Source/queue.c **** 			/* The timeout has not expired.  If the queue is still empty place
1374:Middlewares/Third_Party/FreeRTOS/Source/queue.c **** 			the task on the list of tasks waiting to receive from the queue. */
1375:Middlewares/Third_Party/FreeRTOS/Source/queue.c **** 			if( prvIsQueueEmpty( pxQueue ) != pdFALSE )
1376:Middlewares/Third_Party/FreeRTOS/Source/queue.c **** 			{
1377:Middlewares/Third_Party/FreeRTOS/Source/queue.c **** 				traceBLOCKING_ON_QUEUE_RECEIVE( pxQueue );
1378:Middlewares/Third_Party/FreeRTOS/Source/queue.c **** 				vTaskPlaceOnEventList( &( pxQueue->xTasksWaitingToReceive ), xTicksToWait );
1379:Middlewares/Third_Party/FreeRTOS/Source/queue.c **** 				prvUnlockQueue( pxQueue );
1380:Middlewares/Third_Party/FreeRTOS/Source/queue.c **** 				if( xTaskResumeAll() == pdFALSE )
1381:Middlewares/Third_Party/FreeRTOS/Source/queue.c **** 				{
1382:Middlewares/Third_Party/FreeRTOS/Source/queue.c **** 					portYIELD_WITHIN_API();
1383:Middlewares/Third_Party/FreeRTOS/Source/queue.c **** 				}
1384:Middlewares/Third_Party/FreeRTOS/Source/queue.c **** 				else
1385:Middlewares/Third_Party/FreeRTOS/Source/queue.c **** 				{
1386:Middlewares/Third_Party/FreeRTOS/Source/queue.c **** 					mtCOVERAGE_TEST_MARKER();
1387:Middlewares/Third_Party/FreeRTOS/Source/queue.c **** 				}
1388:Middlewares/Third_Party/FreeRTOS/Source/queue.c **** 			}
1389:Middlewares/Third_Party/FreeRTOS/Source/queue.c **** 			else
1390:Middlewares/Third_Party/FreeRTOS/Source/queue.c **** 			{
1391:Middlewares/Third_Party/FreeRTOS/Source/queue.c **** 				/* The queue contains data again.  Loop back to try and read the
1392:Middlewares/Third_Party/FreeRTOS/Source/queue.c **** 				data. */
1393:Middlewares/Third_Party/FreeRTOS/Source/queue.c **** 				prvUnlockQueue( pxQueue );
1394:Middlewares/Third_Party/FreeRTOS/Source/queue.c **** 				( void ) xTaskResumeAll();
1395:Middlewares/Third_Party/FreeRTOS/Source/queue.c **** 			}
1396:Middlewares/Third_Party/FreeRTOS/Source/queue.c **** 		}
1397:Middlewares/Third_Party/FreeRTOS/Source/queue.c **** 		else
1398:Middlewares/Third_Party/FreeRTOS/Source/queue.c **** 		{
1399:Middlewares/Third_Party/FreeRTOS/Source/queue.c **** 			/* Timed out.  If there is no data in the queue exit, otherwise loop
1400:Middlewares/Third_Party/FreeRTOS/Source/queue.c **** 			back and attempt to read the data. */
ARM GAS  C:\Users\Asus\AppData\Local\Temp\ccbtHMUK.s 			page 26


1401:Middlewares/Third_Party/FreeRTOS/Source/queue.c **** 			prvUnlockQueue( pxQueue );
1402:Middlewares/Third_Party/FreeRTOS/Source/queue.c **** 			( void ) xTaskResumeAll();
1403:Middlewares/Third_Party/FreeRTOS/Source/queue.c **** 
1404:Middlewares/Third_Party/FreeRTOS/Source/queue.c **** 			if( prvIsQueueEmpty( pxQueue ) != pdFALSE )
1405:Middlewares/Third_Party/FreeRTOS/Source/queue.c **** 			{
1406:Middlewares/Third_Party/FreeRTOS/Source/queue.c **** 				traceQUEUE_RECEIVE_FAILED( pxQueue );
1407:Middlewares/Third_Party/FreeRTOS/Source/queue.c **** 				return errQUEUE_EMPTY;
1408:Middlewares/Third_Party/FreeRTOS/Source/queue.c **** 			}
1409:Middlewares/Third_Party/FreeRTOS/Source/queue.c **** 			else
1410:Middlewares/Third_Party/FreeRTOS/Source/queue.c **** 			{
1411:Middlewares/Third_Party/FreeRTOS/Source/queue.c **** 				mtCOVERAGE_TEST_MARKER();
1412:Middlewares/Third_Party/FreeRTOS/Source/queue.c **** 			}
1413:Middlewares/Third_Party/FreeRTOS/Source/queue.c **** 		}
1414:Middlewares/Third_Party/FreeRTOS/Source/queue.c **** 	} /*lint -restore */
1415:Middlewares/Third_Party/FreeRTOS/Source/queue.c **** }
1416:Middlewares/Third_Party/FreeRTOS/Source/queue.c **** /*-----------------------------------------------------------*/
1417:Middlewares/Third_Party/FreeRTOS/Source/queue.c **** 
1418:Middlewares/Third_Party/FreeRTOS/Source/queue.c **** BaseType_t xQueueSemaphoreTake( QueueHandle_t xQueue, TickType_t xTicksToWait )
1419:Middlewares/Third_Party/FreeRTOS/Source/queue.c **** {
1420:Middlewares/Third_Party/FreeRTOS/Source/queue.c **** BaseType_t xEntryTimeSet = pdFALSE;
1421:Middlewares/Third_Party/FreeRTOS/Source/queue.c **** TimeOut_t xTimeOut;
1422:Middlewares/Third_Party/FreeRTOS/Source/queue.c **** Queue_t * const pxQueue = xQueue;
1423:Middlewares/Third_Party/FreeRTOS/Source/queue.c **** 
1424:Middlewares/Third_Party/FreeRTOS/Source/queue.c **** #if( configUSE_MUTEXES == 1 )
1425:Middlewares/Third_Party/FreeRTOS/Source/queue.c **** 	BaseType_t xInheritanceOccurred = pdFALSE;
1426:Middlewares/Third_Party/FreeRTOS/Source/queue.c **** #endif
1427:Middlewares/Third_Party/FreeRTOS/Source/queue.c **** 
1428:Middlewares/Third_Party/FreeRTOS/Source/queue.c **** 	/* Check the queue pointer is not NULL. */
1429:Middlewares/Third_Party/FreeRTOS/Source/queue.c **** 	configASSERT( ( pxQueue ) );
1430:Middlewares/Third_Party/FreeRTOS/Source/queue.c **** 
1431:Middlewares/Third_Party/FreeRTOS/Source/queue.c **** 	/* Check this really is a semaphore, in which case the item size will be
1432:Middlewares/Third_Party/FreeRTOS/Source/queue.c **** 	0. */
1433:Middlewares/Third_Party/FreeRTOS/Source/queue.c **** 	configASSERT( pxQueue->uxItemSize == 0 );
1434:Middlewares/Third_Party/FreeRTOS/Source/queue.c **** 
1435:Middlewares/Third_Party/FreeRTOS/Source/queue.c **** 	/* Cannot block if the scheduler is suspended. */
1436:Middlewares/Third_Party/FreeRTOS/Source/queue.c **** 	#if ( ( INCLUDE_xTaskGetSchedulerState == 1 ) || ( configUSE_TIMERS == 1 ) )
1437:Middlewares/Third_Party/FreeRTOS/Source/queue.c **** 	{
1438:Middlewares/Third_Party/FreeRTOS/Source/queue.c **** 		configASSERT( !( ( xTaskGetSchedulerState() == taskSCHEDULER_SUSPENDED ) && ( xTicksToWait != 0 )
1439:Middlewares/Third_Party/FreeRTOS/Source/queue.c **** 	}
1440:Middlewares/Third_Party/FreeRTOS/Source/queue.c **** 	#endif
1441:Middlewares/Third_Party/FreeRTOS/Source/queue.c **** 
1442:Middlewares/Third_Party/FreeRTOS/Source/queue.c **** 
1443:Middlewares/Third_Party/FreeRTOS/Source/queue.c **** 	/*lint -save -e904 This function relaxes the coding standard somewhat to allow return
1444:Middlewares/Third_Party/FreeRTOS/Source/queue.c **** 	statements within the function itself.  This is done in the interest
1445:Middlewares/Third_Party/FreeRTOS/Source/queue.c **** 	of execution time efficiency. */
1446:Middlewares/Third_Party/FreeRTOS/Source/queue.c **** 	for( ;; )
1447:Middlewares/Third_Party/FreeRTOS/Source/queue.c **** 	{
1448:Middlewares/Third_Party/FreeRTOS/Source/queue.c **** 		taskENTER_CRITICAL();
1449:Middlewares/Third_Party/FreeRTOS/Source/queue.c **** 		{
1450:Middlewares/Third_Party/FreeRTOS/Source/queue.c **** 			/* Semaphores are queues with an item size of 0, and where the
1451:Middlewares/Third_Party/FreeRTOS/Source/queue.c **** 			number of messages in the queue is the semaphore's count value. */
1452:Middlewares/Third_Party/FreeRTOS/Source/queue.c **** 			const UBaseType_t uxSemaphoreCount = pxQueue->uxMessagesWaiting;
1453:Middlewares/Third_Party/FreeRTOS/Source/queue.c **** 
1454:Middlewares/Third_Party/FreeRTOS/Source/queue.c **** 			/* Is there data in the queue now?  To be running the calling task
1455:Middlewares/Third_Party/FreeRTOS/Source/queue.c **** 			must be the highest priority task wanting to access the queue. */
1456:Middlewares/Third_Party/FreeRTOS/Source/queue.c **** 			if( uxSemaphoreCount > ( UBaseType_t ) 0 )
1457:Middlewares/Third_Party/FreeRTOS/Source/queue.c **** 			{
ARM GAS  C:\Users\Asus\AppData\Local\Temp\ccbtHMUK.s 			page 27


1458:Middlewares/Third_Party/FreeRTOS/Source/queue.c **** 				traceQUEUE_RECEIVE( pxQueue );
1459:Middlewares/Third_Party/FreeRTOS/Source/queue.c **** 
1460:Middlewares/Third_Party/FreeRTOS/Source/queue.c **** 				/* Semaphores are queues with a data size of zero and where the
1461:Middlewares/Third_Party/FreeRTOS/Source/queue.c **** 				messages waiting is the semaphore's count.  Reduce the count. */
1462:Middlewares/Third_Party/FreeRTOS/Source/queue.c **** 				pxQueue->uxMessagesWaiting = uxSemaphoreCount - ( UBaseType_t ) 1;
1463:Middlewares/Third_Party/FreeRTOS/Source/queue.c **** 
1464:Middlewares/Third_Party/FreeRTOS/Source/queue.c **** 				#if ( configUSE_MUTEXES == 1 )
1465:Middlewares/Third_Party/FreeRTOS/Source/queue.c **** 				{
1466:Middlewares/Third_Party/FreeRTOS/Source/queue.c **** 					if( pxQueue->uxQueueType == queueQUEUE_IS_MUTEX )
1467:Middlewares/Third_Party/FreeRTOS/Source/queue.c **** 					{
1468:Middlewares/Third_Party/FreeRTOS/Source/queue.c **** 						/* Record the information required to implement
1469:Middlewares/Third_Party/FreeRTOS/Source/queue.c **** 						priority inheritance should it become necessary. */
1470:Middlewares/Third_Party/FreeRTOS/Source/queue.c **** 						pxQueue->u.xSemaphore.xMutexHolder = pvTaskIncrementMutexHeldCount();
1471:Middlewares/Third_Party/FreeRTOS/Source/queue.c **** 					}
1472:Middlewares/Third_Party/FreeRTOS/Source/queue.c **** 					else
1473:Middlewares/Third_Party/FreeRTOS/Source/queue.c **** 					{
1474:Middlewares/Third_Party/FreeRTOS/Source/queue.c **** 						mtCOVERAGE_TEST_MARKER();
1475:Middlewares/Third_Party/FreeRTOS/Source/queue.c **** 					}
1476:Middlewares/Third_Party/FreeRTOS/Source/queue.c **** 				}
1477:Middlewares/Third_Party/FreeRTOS/Source/queue.c **** 				#endif /* configUSE_MUTEXES */
1478:Middlewares/Third_Party/FreeRTOS/Source/queue.c **** 
1479:Middlewares/Third_Party/FreeRTOS/Source/queue.c **** 				/* Check to see if other tasks are blocked waiting to give the
1480:Middlewares/Third_Party/FreeRTOS/Source/queue.c **** 				semaphore, and if so, unblock the highest priority such task. */
1481:Middlewares/Third_Party/FreeRTOS/Source/queue.c **** 				if( listLIST_IS_EMPTY( &( pxQueue->xTasksWaitingToSend ) ) == pdFALSE )
1482:Middlewares/Third_Party/FreeRTOS/Source/queue.c **** 				{
1483:Middlewares/Third_Party/FreeRTOS/Source/queue.c **** 					if( xTaskRemoveFromEventList( &( pxQueue->xTasksWaitingToSend ) ) != pdFALSE )
1484:Middlewares/Third_Party/FreeRTOS/Source/queue.c **** 					{
1485:Middlewares/Third_Party/FreeRTOS/Source/queue.c **** 						queueYIELD_IF_USING_PREEMPTION();
1486:Middlewares/Third_Party/FreeRTOS/Source/queue.c **** 					}
1487:Middlewares/Third_Party/FreeRTOS/Source/queue.c **** 					else
1488:Middlewares/Third_Party/FreeRTOS/Source/queue.c **** 					{
1489:Middlewares/Third_Party/FreeRTOS/Source/queue.c **** 						mtCOVERAGE_TEST_MARKER();
1490:Middlewares/Third_Party/FreeRTOS/Source/queue.c **** 					}
1491:Middlewares/Third_Party/FreeRTOS/Source/queue.c **** 				}
1492:Middlewares/Third_Party/FreeRTOS/Source/queue.c **** 				else
1493:Middlewares/Third_Party/FreeRTOS/Source/queue.c **** 				{
1494:Middlewares/Third_Party/FreeRTOS/Source/queue.c **** 					mtCOVERAGE_TEST_MARKER();
1495:Middlewares/Third_Party/FreeRTOS/Source/queue.c **** 				}
1496:Middlewares/Third_Party/FreeRTOS/Source/queue.c **** 
1497:Middlewares/Third_Party/FreeRTOS/Source/queue.c **** 				taskEXIT_CRITICAL();
1498:Middlewares/Third_Party/FreeRTOS/Source/queue.c **** 				return pdPASS;
1499:Middlewares/Third_Party/FreeRTOS/Source/queue.c **** 			}
1500:Middlewares/Third_Party/FreeRTOS/Source/queue.c **** 			else
1501:Middlewares/Third_Party/FreeRTOS/Source/queue.c **** 			{
1502:Middlewares/Third_Party/FreeRTOS/Source/queue.c **** 				if( xTicksToWait == ( TickType_t ) 0 )
1503:Middlewares/Third_Party/FreeRTOS/Source/queue.c **** 				{
1504:Middlewares/Third_Party/FreeRTOS/Source/queue.c **** 					/* For inheritance to have occurred there must have been an
1505:Middlewares/Third_Party/FreeRTOS/Source/queue.c **** 					initial timeout, and an adjusted timeout cannot become 0, as
1506:Middlewares/Third_Party/FreeRTOS/Source/queue.c **** 					if it were 0 the function would have exited. */
1507:Middlewares/Third_Party/FreeRTOS/Source/queue.c **** 					#if( configUSE_MUTEXES == 1 )
1508:Middlewares/Third_Party/FreeRTOS/Source/queue.c **** 					{
1509:Middlewares/Third_Party/FreeRTOS/Source/queue.c **** 						configASSERT( xInheritanceOccurred == pdFALSE );
1510:Middlewares/Third_Party/FreeRTOS/Source/queue.c **** 					}
1511:Middlewares/Third_Party/FreeRTOS/Source/queue.c **** 					#endif /* configUSE_MUTEXES */
1512:Middlewares/Third_Party/FreeRTOS/Source/queue.c **** 
1513:Middlewares/Third_Party/FreeRTOS/Source/queue.c **** 					/* The semaphore count was 0 and no block time is specified
1514:Middlewares/Third_Party/FreeRTOS/Source/queue.c **** 					(or the block time has expired) so exit now. */
ARM GAS  C:\Users\Asus\AppData\Local\Temp\ccbtHMUK.s 			page 28


1515:Middlewares/Third_Party/FreeRTOS/Source/queue.c **** 					taskEXIT_CRITICAL();
1516:Middlewares/Third_Party/FreeRTOS/Source/queue.c **** 					traceQUEUE_RECEIVE_FAILED( pxQueue );
1517:Middlewares/Third_Party/FreeRTOS/Source/queue.c **** 					return errQUEUE_EMPTY;
1518:Middlewares/Third_Party/FreeRTOS/Source/queue.c **** 				}
1519:Middlewares/Third_Party/FreeRTOS/Source/queue.c **** 				else if( xEntryTimeSet == pdFALSE )
1520:Middlewares/Third_Party/FreeRTOS/Source/queue.c **** 				{
1521:Middlewares/Third_Party/FreeRTOS/Source/queue.c **** 					/* The semaphore count was 0 and a block time was specified
1522:Middlewares/Third_Party/FreeRTOS/Source/queue.c **** 					so configure the timeout structure ready to block. */
1523:Middlewares/Third_Party/FreeRTOS/Source/queue.c **** 					vTaskInternalSetTimeOutState( &xTimeOut );
1524:Middlewares/Third_Party/FreeRTOS/Source/queue.c **** 					xEntryTimeSet = pdTRUE;
1525:Middlewares/Third_Party/FreeRTOS/Source/queue.c **** 				}
1526:Middlewares/Third_Party/FreeRTOS/Source/queue.c **** 				else
1527:Middlewares/Third_Party/FreeRTOS/Source/queue.c **** 				{
1528:Middlewares/Third_Party/FreeRTOS/Source/queue.c **** 					/* Entry time was already set. */
1529:Middlewares/Third_Party/FreeRTOS/Source/queue.c **** 					mtCOVERAGE_TEST_MARKER();
1530:Middlewares/Third_Party/FreeRTOS/Source/queue.c **** 				}
1531:Middlewares/Third_Party/FreeRTOS/Source/queue.c **** 			}
1532:Middlewares/Third_Party/FreeRTOS/Source/queue.c **** 		}
1533:Middlewares/Third_Party/FreeRTOS/Source/queue.c **** 		taskEXIT_CRITICAL();
1534:Middlewares/Third_Party/FreeRTOS/Source/queue.c **** 
1535:Middlewares/Third_Party/FreeRTOS/Source/queue.c **** 		/* Interrupts and other tasks can give to and take from the semaphore
1536:Middlewares/Third_Party/FreeRTOS/Source/queue.c **** 		now the critical section has been exited. */
1537:Middlewares/Third_Party/FreeRTOS/Source/queue.c **** 
1538:Middlewares/Third_Party/FreeRTOS/Source/queue.c **** 		vTaskSuspendAll();
1539:Middlewares/Third_Party/FreeRTOS/Source/queue.c **** 		prvLockQueue( pxQueue );
1540:Middlewares/Third_Party/FreeRTOS/Source/queue.c **** 
1541:Middlewares/Third_Party/FreeRTOS/Source/queue.c **** 		/* Update the timeout state to see if it has expired yet. */
1542:Middlewares/Third_Party/FreeRTOS/Source/queue.c **** 		if( xTaskCheckForTimeOut( &xTimeOut, &xTicksToWait ) == pdFALSE )
1543:Middlewares/Third_Party/FreeRTOS/Source/queue.c **** 		{
1544:Middlewares/Third_Party/FreeRTOS/Source/queue.c **** 			/* A block time is specified and not expired.  If the semaphore
1545:Middlewares/Third_Party/FreeRTOS/Source/queue.c **** 			count is 0 then enter the Blocked state to wait for a semaphore to
1546:Middlewares/Third_Party/FreeRTOS/Source/queue.c **** 			become available.  As semaphores are implemented with queues the
1547:Middlewares/Third_Party/FreeRTOS/Source/queue.c **** 			queue being empty is equivalent to the semaphore count being 0. */
1548:Middlewares/Third_Party/FreeRTOS/Source/queue.c **** 			if( prvIsQueueEmpty( pxQueue ) != pdFALSE )
1549:Middlewares/Third_Party/FreeRTOS/Source/queue.c **** 			{
1550:Middlewares/Third_Party/FreeRTOS/Source/queue.c **** 				traceBLOCKING_ON_QUEUE_RECEIVE( pxQueue );
1551:Middlewares/Third_Party/FreeRTOS/Source/queue.c **** 
1552:Middlewares/Third_Party/FreeRTOS/Source/queue.c **** 				#if ( configUSE_MUTEXES == 1 )
1553:Middlewares/Third_Party/FreeRTOS/Source/queue.c **** 				{
1554:Middlewares/Third_Party/FreeRTOS/Source/queue.c **** 					if( pxQueue->uxQueueType == queueQUEUE_IS_MUTEX )
1555:Middlewares/Third_Party/FreeRTOS/Source/queue.c **** 					{
1556:Middlewares/Third_Party/FreeRTOS/Source/queue.c **** 						taskENTER_CRITICAL();
1557:Middlewares/Third_Party/FreeRTOS/Source/queue.c **** 						{
1558:Middlewares/Third_Party/FreeRTOS/Source/queue.c **** 							xInheritanceOccurred = xTaskPriorityInherit( pxQueue->u.xSemaphore.xMutexHolder );
1559:Middlewares/Third_Party/FreeRTOS/Source/queue.c **** 						}
1560:Middlewares/Third_Party/FreeRTOS/Source/queue.c **** 						taskEXIT_CRITICAL();
1561:Middlewares/Third_Party/FreeRTOS/Source/queue.c **** 					}
1562:Middlewares/Third_Party/FreeRTOS/Source/queue.c **** 					else
1563:Middlewares/Third_Party/FreeRTOS/Source/queue.c **** 					{
1564:Middlewares/Third_Party/FreeRTOS/Source/queue.c **** 						mtCOVERAGE_TEST_MARKER();
1565:Middlewares/Third_Party/FreeRTOS/Source/queue.c **** 					}
1566:Middlewares/Third_Party/FreeRTOS/Source/queue.c **** 				}
1567:Middlewares/Third_Party/FreeRTOS/Source/queue.c **** 				#endif
1568:Middlewares/Third_Party/FreeRTOS/Source/queue.c **** 
1569:Middlewares/Third_Party/FreeRTOS/Source/queue.c **** 				vTaskPlaceOnEventList( &( pxQueue->xTasksWaitingToReceive ), xTicksToWait );
1570:Middlewares/Third_Party/FreeRTOS/Source/queue.c **** 				prvUnlockQueue( pxQueue );
1571:Middlewares/Third_Party/FreeRTOS/Source/queue.c **** 				if( xTaskResumeAll() == pdFALSE )
ARM GAS  C:\Users\Asus\AppData\Local\Temp\ccbtHMUK.s 			page 29


1572:Middlewares/Third_Party/FreeRTOS/Source/queue.c **** 				{
1573:Middlewares/Third_Party/FreeRTOS/Source/queue.c **** 					portYIELD_WITHIN_API();
1574:Middlewares/Third_Party/FreeRTOS/Source/queue.c **** 				}
1575:Middlewares/Third_Party/FreeRTOS/Source/queue.c **** 				else
1576:Middlewares/Third_Party/FreeRTOS/Source/queue.c **** 				{
1577:Middlewares/Third_Party/FreeRTOS/Source/queue.c **** 					mtCOVERAGE_TEST_MARKER();
1578:Middlewares/Third_Party/FreeRTOS/Source/queue.c **** 				}
1579:Middlewares/Third_Party/FreeRTOS/Source/queue.c **** 			}
1580:Middlewares/Third_Party/FreeRTOS/Source/queue.c **** 			else
1581:Middlewares/Third_Party/FreeRTOS/Source/queue.c **** 			{
1582:Middlewares/Third_Party/FreeRTOS/Source/queue.c **** 				/* There was no timeout and the semaphore count was not 0, so
1583:Middlewares/Third_Party/FreeRTOS/Source/queue.c **** 				attempt to take the semaphore again. */
1584:Middlewares/Third_Party/FreeRTOS/Source/queue.c **** 				prvUnlockQueue( pxQueue );
1585:Middlewares/Third_Party/FreeRTOS/Source/queue.c **** 				( void ) xTaskResumeAll();
1586:Middlewares/Third_Party/FreeRTOS/Source/queue.c **** 			}
1587:Middlewares/Third_Party/FreeRTOS/Source/queue.c **** 		}
1588:Middlewares/Third_Party/FreeRTOS/Source/queue.c **** 		else
1589:Middlewares/Third_Party/FreeRTOS/Source/queue.c **** 		{
1590:Middlewares/Third_Party/FreeRTOS/Source/queue.c **** 			/* Timed out. */
1591:Middlewares/Third_Party/FreeRTOS/Source/queue.c **** 			prvUnlockQueue( pxQueue );
1592:Middlewares/Third_Party/FreeRTOS/Source/queue.c **** 			( void ) xTaskResumeAll();
1593:Middlewares/Third_Party/FreeRTOS/Source/queue.c **** 
1594:Middlewares/Third_Party/FreeRTOS/Source/queue.c **** 			/* If the semaphore count is 0 exit now as the timeout has
1595:Middlewares/Third_Party/FreeRTOS/Source/queue.c **** 			expired.  Otherwise return to attempt to take the semaphore that is
1596:Middlewares/Third_Party/FreeRTOS/Source/queue.c **** 			known to be available.  As semaphores are implemented by queues the
1597:Middlewares/Third_Party/FreeRTOS/Source/queue.c **** 			queue being empty is equivalent to the semaphore count being 0. */
1598:Middlewares/Third_Party/FreeRTOS/Source/queue.c **** 			if( prvIsQueueEmpty( pxQueue ) != pdFALSE )
1599:Middlewares/Third_Party/FreeRTOS/Source/queue.c **** 			{
1600:Middlewares/Third_Party/FreeRTOS/Source/queue.c **** 				#if ( configUSE_MUTEXES == 1 )
1601:Middlewares/Third_Party/FreeRTOS/Source/queue.c **** 				{
1602:Middlewares/Third_Party/FreeRTOS/Source/queue.c **** 					/* xInheritanceOccurred could only have be set if
1603:Middlewares/Third_Party/FreeRTOS/Source/queue.c **** 					pxQueue->uxQueueType == queueQUEUE_IS_MUTEX so no need to
1604:Middlewares/Third_Party/FreeRTOS/Source/queue.c **** 					test the mutex type again to check it is actually a mutex. */
1605:Middlewares/Third_Party/FreeRTOS/Source/queue.c **** 					if( xInheritanceOccurred != pdFALSE )
1606:Middlewares/Third_Party/FreeRTOS/Source/queue.c **** 					{
1607:Middlewares/Third_Party/FreeRTOS/Source/queue.c **** 						taskENTER_CRITICAL();
1608:Middlewares/Third_Party/FreeRTOS/Source/queue.c **** 						{
1609:Middlewares/Third_Party/FreeRTOS/Source/queue.c **** 							UBaseType_t uxHighestWaitingPriority;
1610:Middlewares/Third_Party/FreeRTOS/Source/queue.c **** 
1611:Middlewares/Third_Party/FreeRTOS/Source/queue.c **** 							/* This task blocking on the mutex caused another
1612:Middlewares/Third_Party/FreeRTOS/Source/queue.c **** 							task to inherit this task's priority.  Now this task
1613:Middlewares/Third_Party/FreeRTOS/Source/queue.c **** 							has timed out the priority should be disinherited
1614:Middlewares/Third_Party/FreeRTOS/Source/queue.c **** 							again, but only as low as the next highest priority
1615:Middlewares/Third_Party/FreeRTOS/Source/queue.c **** 							task that is waiting for the same mutex. */
1616:Middlewares/Third_Party/FreeRTOS/Source/queue.c **** 							uxHighestWaitingPriority = prvGetDisinheritPriorityAfterTimeout( pxQueue );
1617:Middlewares/Third_Party/FreeRTOS/Source/queue.c **** 							vTaskPriorityDisinheritAfterTimeout( pxQueue->u.xSemaphore.xMutexHolder, uxHighestWaitingPri
1618:Middlewares/Third_Party/FreeRTOS/Source/queue.c **** 						}
1619:Middlewares/Third_Party/FreeRTOS/Source/queue.c **** 						taskEXIT_CRITICAL();
1620:Middlewares/Third_Party/FreeRTOS/Source/queue.c **** 					}
1621:Middlewares/Third_Party/FreeRTOS/Source/queue.c **** 				}
1622:Middlewares/Third_Party/FreeRTOS/Source/queue.c **** 				#endif /* configUSE_MUTEXES */
1623:Middlewares/Third_Party/FreeRTOS/Source/queue.c **** 
1624:Middlewares/Third_Party/FreeRTOS/Source/queue.c **** 				traceQUEUE_RECEIVE_FAILED( pxQueue );
1625:Middlewares/Third_Party/FreeRTOS/Source/queue.c **** 				return errQUEUE_EMPTY;
1626:Middlewares/Third_Party/FreeRTOS/Source/queue.c **** 			}
1627:Middlewares/Third_Party/FreeRTOS/Source/queue.c **** 			else
1628:Middlewares/Third_Party/FreeRTOS/Source/queue.c **** 			{
ARM GAS  C:\Users\Asus\AppData\Local\Temp\ccbtHMUK.s 			page 30


1629:Middlewares/Third_Party/FreeRTOS/Source/queue.c **** 				mtCOVERAGE_TEST_MARKER();
1630:Middlewares/Third_Party/FreeRTOS/Source/queue.c **** 			}
1631:Middlewares/Third_Party/FreeRTOS/Source/queue.c **** 		}
1632:Middlewares/Third_Party/FreeRTOS/Source/queue.c **** 	} /*lint -restore */
1633:Middlewares/Third_Party/FreeRTOS/Source/queue.c **** }
1634:Middlewares/Third_Party/FreeRTOS/Source/queue.c **** /*-----------------------------------------------------------*/
1635:Middlewares/Third_Party/FreeRTOS/Source/queue.c **** 
1636:Middlewares/Third_Party/FreeRTOS/Source/queue.c **** BaseType_t xQueuePeek( QueueHandle_t xQueue, void * const pvBuffer, TickType_t xTicksToWait )
1637:Middlewares/Third_Party/FreeRTOS/Source/queue.c **** {
1638:Middlewares/Third_Party/FreeRTOS/Source/queue.c **** BaseType_t xEntryTimeSet = pdFALSE;
1639:Middlewares/Third_Party/FreeRTOS/Source/queue.c **** TimeOut_t xTimeOut;
1640:Middlewares/Third_Party/FreeRTOS/Source/queue.c **** int8_t *pcOriginalReadPosition;
1641:Middlewares/Third_Party/FreeRTOS/Source/queue.c **** Queue_t * const pxQueue = xQueue;
1642:Middlewares/Third_Party/FreeRTOS/Source/queue.c **** 
1643:Middlewares/Third_Party/FreeRTOS/Source/queue.c **** 	/* Check the pointer is not NULL. */
1644:Middlewares/Third_Party/FreeRTOS/Source/queue.c **** 	configASSERT( ( pxQueue ) );
1645:Middlewares/Third_Party/FreeRTOS/Source/queue.c **** 
1646:Middlewares/Third_Party/FreeRTOS/Source/queue.c **** 	/* The buffer into which data is received can only be NULL if the data size
1647:Middlewares/Third_Party/FreeRTOS/Source/queue.c **** 	is zero (so no data is copied into the buffer. */
1648:Middlewares/Third_Party/FreeRTOS/Source/queue.c **** 	configASSERT( !( ( ( pvBuffer ) == NULL ) && ( ( pxQueue )->uxItemSize != ( UBaseType_t ) 0U ) ) )
1649:Middlewares/Third_Party/FreeRTOS/Source/queue.c **** 
1650:Middlewares/Third_Party/FreeRTOS/Source/queue.c **** 	/* Cannot block if the scheduler is suspended. */
1651:Middlewares/Third_Party/FreeRTOS/Source/queue.c **** 	#if ( ( INCLUDE_xTaskGetSchedulerState == 1 ) || ( configUSE_TIMERS == 1 ) )
1652:Middlewares/Third_Party/FreeRTOS/Source/queue.c **** 	{
1653:Middlewares/Third_Party/FreeRTOS/Source/queue.c **** 		configASSERT( !( ( xTaskGetSchedulerState() == taskSCHEDULER_SUSPENDED ) && ( xTicksToWait != 0 )
1654:Middlewares/Third_Party/FreeRTOS/Source/queue.c **** 	}
1655:Middlewares/Third_Party/FreeRTOS/Source/queue.c **** 	#endif
1656:Middlewares/Third_Party/FreeRTOS/Source/queue.c **** 
1657:Middlewares/Third_Party/FreeRTOS/Source/queue.c **** 
1658:Middlewares/Third_Party/FreeRTOS/Source/queue.c **** 	/*lint -save -e904  This function relaxes the coding standard somewhat to
1659:Middlewares/Third_Party/FreeRTOS/Source/queue.c **** 	allow return statements within the function itself.  This is done in the
1660:Middlewares/Third_Party/FreeRTOS/Source/queue.c **** 	interest of execution time efficiency. */
1661:Middlewares/Third_Party/FreeRTOS/Source/queue.c **** 	for( ;; )
1662:Middlewares/Third_Party/FreeRTOS/Source/queue.c **** 	{
1663:Middlewares/Third_Party/FreeRTOS/Source/queue.c **** 		taskENTER_CRITICAL();
1664:Middlewares/Third_Party/FreeRTOS/Source/queue.c **** 		{
1665:Middlewares/Third_Party/FreeRTOS/Source/queue.c **** 			const UBaseType_t uxMessagesWaiting = pxQueue->uxMessagesWaiting;
1666:Middlewares/Third_Party/FreeRTOS/Source/queue.c **** 
1667:Middlewares/Third_Party/FreeRTOS/Source/queue.c **** 			/* Is there data in the queue now?  To be running the calling task
1668:Middlewares/Third_Party/FreeRTOS/Source/queue.c **** 			must be the highest priority task wanting to access the queue. */
1669:Middlewares/Third_Party/FreeRTOS/Source/queue.c **** 			if( uxMessagesWaiting > ( UBaseType_t ) 0 )
1670:Middlewares/Third_Party/FreeRTOS/Source/queue.c **** 			{
1671:Middlewares/Third_Party/FreeRTOS/Source/queue.c **** 				/* Remember the read position so it can be reset after the data
1672:Middlewares/Third_Party/FreeRTOS/Source/queue.c **** 				is read from the queue as this function is only peeking the
1673:Middlewares/Third_Party/FreeRTOS/Source/queue.c **** 				data, not removing it. */
1674:Middlewares/Third_Party/FreeRTOS/Source/queue.c **** 				pcOriginalReadPosition = pxQueue->u.xQueue.pcReadFrom;
1675:Middlewares/Third_Party/FreeRTOS/Source/queue.c **** 
1676:Middlewares/Third_Party/FreeRTOS/Source/queue.c **** 				prvCopyDataFromQueue( pxQueue, pvBuffer );
1677:Middlewares/Third_Party/FreeRTOS/Source/queue.c **** 				traceQUEUE_PEEK( pxQueue );
1678:Middlewares/Third_Party/FreeRTOS/Source/queue.c **** 
1679:Middlewares/Third_Party/FreeRTOS/Source/queue.c **** 				/* The data is not being removed, so reset the read pointer. */
1680:Middlewares/Third_Party/FreeRTOS/Source/queue.c **** 				pxQueue->u.xQueue.pcReadFrom = pcOriginalReadPosition;
1681:Middlewares/Third_Party/FreeRTOS/Source/queue.c **** 
1682:Middlewares/Third_Party/FreeRTOS/Source/queue.c **** 				/* The data is being left in the queue, so see if there are
1683:Middlewares/Third_Party/FreeRTOS/Source/queue.c **** 				any other tasks waiting for the data. */
1684:Middlewares/Third_Party/FreeRTOS/Source/queue.c **** 				if( listLIST_IS_EMPTY( &( pxQueue->xTasksWaitingToReceive ) ) == pdFALSE )
1685:Middlewares/Third_Party/FreeRTOS/Source/queue.c **** 				{
ARM GAS  C:\Users\Asus\AppData\Local\Temp\ccbtHMUK.s 			page 31


1686:Middlewares/Third_Party/FreeRTOS/Source/queue.c **** 					if( xTaskRemoveFromEventList( &( pxQueue->xTasksWaitingToReceive ) ) != pdFALSE )
1687:Middlewares/Third_Party/FreeRTOS/Source/queue.c **** 					{
1688:Middlewares/Third_Party/FreeRTOS/Source/queue.c **** 						/* The task waiting has a higher priority than this task. */
1689:Middlewares/Third_Party/FreeRTOS/Source/queue.c **** 						queueYIELD_IF_USING_PREEMPTION();
1690:Middlewares/Third_Party/FreeRTOS/Source/queue.c **** 					}
1691:Middlewares/Third_Party/FreeRTOS/Source/queue.c **** 					else
1692:Middlewares/Third_Party/FreeRTOS/Source/queue.c **** 					{
1693:Middlewares/Third_Party/FreeRTOS/Source/queue.c **** 						mtCOVERAGE_TEST_MARKER();
1694:Middlewares/Third_Party/FreeRTOS/Source/queue.c **** 					}
1695:Middlewares/Third_Party/FreeRTOS/Source/queue.c **** 				}
1696:Middlewares/Third_Party/FreeRTOS/Source/queue.c **** 				else
1697:Middlewares/Third_Party/FreeRTOS/Source/queue.c **** 				{
1698:Middlewares/Third_Party/FreeRTOS/Source/queue.c **** 					mtCOVERAGE_TEST_MARKER();
1699:Middlewares/Third_Party/FreeRTOS/Source/queue.c **** 				}
1700:Middlewares/Third_Party/FreeRTOS/Source/queue.c **** 
1701:Middlewares/Third_Party/FreeRTOS/Source/queue.c **** 				taskEXIT_CRITICAL();
1702:Middlewares/Third_Party/FreeRTOS/Source/queue.c **** 				return pdPASS;
1703:Middlewares/Third_Party/FreeRTOS/Source/queue.c **** 			}
1704:Middlewares/Third_Party/FreeRTOS/Source/queue.c **** 			else
1705:Middlewares/Third_Party/FreeRTOS/Source/queue.c **** 			{
1706:Middlewares/Third_Party/FreeRTOS/Source/queue.c **** 				if( xTicksToWait == ( TickType_t ) 0 )
1707:Middlewares/Third_Party/FreeRTOS/Source/queue.c **** 				{
1708:Middlewares/Third_Party/FreeRTOS/Source/queue.c **** 					/* The queue was empty and no block time is specified (or
1709:Middlewares/Third_Party/FreeRTOS/Source/queue.c **** 					the block time has expired) so leave now. */
1710:Middlewares/Third_Party/FreeRTOS/Source/queue.c **** 					taskEXIT_CRITICAL();
1711:Middlewares/Third_Party/FreeRTOS/Source/queue.c **** 					traceQUEUE_PEEK_FAILED( pxQueue );
1712:Middlewares/Third_Party/FreeRTOS/Source/queue.c **** 					return errQUEUE_EMPTY;
1713:Middlewares/Third_Party/FreeRTOS/Source/queue.c **** 				}
1714:Middlewares/Third_Party/FreeRTOS/Source/queue.c **** 				else if( xEntryTimeSet == pdFALSE )
1715:Middlewares/Third_Party/FreeRTOS/Source/queue.c **** 				{
1716:Middlewares/Third_Party/FreeRTOS/Source/queue.c **** 					/* The queue was empty and a block time was specified so
1717:Middlewares/Third_Party/FreeRTOS/Source/queue.c **** 					configure the timeout structure ready to enter the blocked
1718:Middlewares/Third_Party/FreeRTOS/Source/queue.c **** 					state. */
1719:Middlewares/Third_Party/FreeRTOS/Source/queue.c **** 					vTaskInternalSetTimeOutState( &xTimeOut );
1720:Middlewares/Third_Party/FreeRTOS/Source/queue.c **** 					xEntryTimeSet = pdTRUE;
1721:Middlewares/Third_Party/FreeRTOS/Source/queue.c **** 				}
1722:Middlewares/Third_Party/FreeRTOS/Source/queue.c **** 				else
1723:Middlewares/Third_Party/FreeRTOS/Source/queue.c **** 				{
1724:Middlewares/Third_Party/FreeRTOS/Source/queue.c **** 					/* Entry time was already set. */
1725:Middlewares/Third_Party/FreeRTOS/Source/queue.c **** 					mtCOVERAGE_TEST_MARKER();
1726:Middlewares/Third_Party/FreeRTOS/Source/queue.c **** 				}
1727:Middlewares/Third_Party/FreeRTOS/Source/queue.c **** 			}
1728:Middlewares/Third_Party/FreeRTOS/Source/queue.c **** 		}
1729:Middlewares/Third_Party/FreeRTOS/Source/queue.c **** 		taskEXIT_CRITICAL();
1730:Middlewares/Third_Party/FreeRTOS/Source/queue.c **** 
1731:Middlewares/Third_Party/FreeRTOS/Source/queue.c **** 		/* Interrupts and other tasks can send to and receive from the queue
1732:Middlewares/Third_Party/FreeRTOS/Source/queue.c **** 		now the critical section has been exited. */
1733:Middlewares/Third_Party/FreeRTOS/Source/queue.c **** 
1734:Middlewares/Third_Party/FreeRTOS/Source/queue.c **** 		vTaskSuspendAll();
1735:Middlewares/Third_Party/FreeRTOS/Source/queue.c **** 		prvLockQueue( pxQueue );
1736:Middlewares/Third_Party/FreeRTOS/Source/queue.c **** 
1737:Middlewares/Third_Party/FreeRTOS/Source/queue.c **** 		/* Update the timeout state to see if it has expired yet. */
1738:Middlewares/Third_Party/FreeRTOS/Source/queue.c **** 		if( xTaskCheckForTimeOut( &xTimeOut, &xTicksToWait ) == pdFALSE )
1739:Middlewares/Third_Party/FreeRTOS/Source/queue.c **** 		{
1740:Middlewares/Third_Party/FreeRTOS/Source/queue.c **** 			/* Timeout has not expired yet, check to see if there is data in the
1741:Middlewares/Third_Party/FreeRTOS/Source/queue.c **** 			queue now, and if not enter the Blocked state to wait for data. */
1742:Middlewares/Third_Party/FreeRTOS/Source/queue.c **** 			if( prvIsQueueEmpty( pxQueue ) != pdFALSE )
ARM GAS  C:\Users\Asus\AppData\Local\Temp\ccbtHMUK.s 			page 32


1743:Middlewares/Third_Party/FreeRTOS/Source/queue.c **** 			{
1744:Middlewares/Third_Party/FreeRTOS/Source/queue.c **** 				traceBLOCKING_ON_QUEUE_PEEK( pxQueue );
1745:Middlewares/Third_Party/FreeRTOS/Source/queue.c **** 				vTaskPlaceOnEventList( &( pxQueue->xTasksWaitingToReceive ), xTicksToWait );
1746:Middlewares/Third_Party/FreeRTOS/Source/queue.c **** 				prvUnlockQueue( pxQueue );
1747:Middlewares/Third_Party/FreeRTOS/Source/queue.c **** 				if( xTaskResumeAll() == pdFALSE )
1748:Middlewares/Third_Party/FreeRTOS/Source/queue.c **** 				{
1749:Middlewares/Third_Party/FreeRTOS/Source/queue.c **** 					portYIELD_WITHIN_API();
1750:Middlewares/Third_Party/FreeRTOS/Source/queue.c **** 				}
1751:Middlewares/Third_Party/FreeRTOS/Source/queue.c **** 				else
1752:Middlewares/Third_Party/FreeRTOS/Source/queue.c **** 				{
1753:Middlewares/Third_Party/FreeRTOS/Source/queue.c **** 					mtCOVERAGE_TEST_MARKER();
1754:Middlewares/Third_Party/FreeRTOS/Source/queue.c **** 				}
1755:Middlewares/Third_Party/FreeRTOS/Source/queue.c **** 			}
1756:Middlewares/Third_Party/FreeRTOS/Source/queue.c **** 			else
1757:Middlewares/Third_Party/FreeRTOS/Source/queue.c **** 			{
1758:Middlewares/Third_Party/FreeRTOS/Source/queue.c **** 				/* There is data in the queue now, so don't enter the blocked
1759:Middlewares/Third_Party/FreeRTOS/Source/queue.c **** 				state, instead return to try and obtain the data. */
1760:Middlewares/Third_Party/FreeRTOS/Source/queue.c **** 				prvUnlockQueue( pxQueue );
1761:Middlewares/Third_Party/FreeRTOS/Source/queue.c **** 				( void ) xTaskResumeAll();
1762:Middlewares/Third_Party/FreeRTOS/Source/queue.c **** 			}
1763:Middlewares/Third_Party/FreeRTOS/Source/queue.c **** 		}
1764:Middlewares/Third_Party/FreeRTOS/Source/queue.c **** 		else
1765:Middlewares/Third_Party/FreeRTOS/Source/queue.c **** 		{
1766:Middlewares/Third_Party/FreeRTOS/Source/queue.c **** 			/* The timeout has expired.  If there is still no data in the queue
1767:Middlewares/Third_Party/FreeRTOS/Source/queue.c **** 			exit, otherwise go back and try to read the data again. */
1768:Middlewares/Third_Party/FreeRTOS/Source/queue.c **** 			prvUnlockQueue( pxQueue );
1769:Middlewares/Third_Party/FreeRTOS/Source/queue.c **** 			( void ) xTaskResumeAll();
1770:Middlewares/Third_Party/FreeRTOS/Source/queue.c **** 
1771:Middlewares/Third_Party/FreeRTOS/Source/queue.c **** 			if( prvIsQueueEmpty( pxQueue ) != pdFALSE )
1772:Middlewares/Third_Party/FreeRTOS/Source/queue.c **** 			{
1773:Middlewares/Third_Party/FreeRTOS/Source/queue.c **** 				traceQUEUE_PEEK_FAILED( pxQueue );
1774:Middlewares/Third_Party/FreeRTOS/Source/queue.c **** 				return errQUEUE_EMPTY;
1775:Middlewares/Third_Party/FreeRTOS/Source/queue.c **** 			}
1776:Middlewares/Third_Party/FreeRTOS/Source/queue.c **** 			else
1777:Middlewares/Third_Party/FreeRTOS/Source/queue.c **** 			{
1778:Middlewares/Third_Party/FreeRTOS/Source/queue.c **** 				mtCOVERAGE_TEST_MARKER();
1779:Middlewares/Third_Party/FreeRTOS/Source/queue.c **** 			}
1780:Middlewares/Third_Party/FreeRTOS/Source/queue.c **** 		}
1781:Middlewares/Third_Party/FreeRTOS/Source/queue.c **** 	} /*lint -restore */
1782:Middlewares/Third_Party/FreeRTOS/Source/queue.c **** }
1783:Middlewares/Third_Party/FreeRTOS/Source/queue.c **** /*-----------------------------------------------------------*/
1784:Middlewares/Third_Party/FreeRTOS/Source/queue.c **** 
1785:Middlewares/Third_Party/FreeRTOS/Source/queue.c **** BaseType_t xQueueReceiveFromISR( QueueHandle_t xQueue, void * const pvBuffer, BaseType_t * const px
1786:Middlewares/Third_Party/FreeRTOS/Source/queue.c **** {
1787:Middlewares/Third_Party/FreeRTOS/Source/queue.c **** BaseType_t xReturn;
1788:Middlewares/Third_Party/FreeRTOS/Source/queue.c **** UBaseType_t uxSavedInterruptStatus;
1789:Middlewares/Third_Party/FreeRTOS/Source/queue.c **** Queue_t * const pxQueue = xQueue;
1790:Middlewares/Third_Party/FreeRTOS/Source/queue.c **** 
1791:Middlewares/Third_Party/FreeRTOS/Source/queue.c **** 	configASSERT( pxQueue );
1792:Middlewares/Third_Party/FreeRTOS/Source/queue.c **** 	configASSERT( !( ( pvBuffer == NULL ) && ( pxQueue->uxItemSize != ( UBaseType_t ) 0U ) ) );
1793:Middlewares/Third_Party/FreeRTOS/Source/queue.c **** 
1794:Middlewares/Third_Party/FreeRTOS/Source/queue.c **** 	/* RTOS ports that support interrupt nesting have the concept of a maximum
1795:Middlewares/Third_Party/FreeRTOS/Source/queue.c **** 	system call (or maximum API call) interrupt priority.  Interrupts that are
1796:Middlewares/Third_Party/FreeRTOS/Source/queue.c **** 	above the maximum system call priority are kept permanently enabled, even
1797:Middlewares/Third_Party/FreeRTOS/Source/queue.c **** 	when the RTOS kernel is in a critical section, but cannot make any calls to
1798:Middlewares/Third_Party/FreeRTOS/Source/queue.c **** 	FreeRTOS API functions.  If configASSERT() is defined in FreeRTOSConfig.h
1799:Middlewares/Third_Party/FreeRTOS/Source/queue.c **** 	then portASSERT_IF_INTERRUPT_PRIORITY_INVALID() will result in an assertion
ARM GAS  C:\Users\Asus\AppData\Local\Temp\ccbtHMUK.s 			page 33


1800:Middlewares/Third_Party/FreeRTOS/Source/queue.c **** 	failure if a FreeRTOS API function is called from an interrupt that has been
1801:Middlewares/Third_Party/FreeRTOS/Source/queue.c **** 	assigned a priority above the configured maximum system call priority.
1802:Middlewares/Third_Party/FreeRTOS/Source/queue.c **** 	Only FreeRTOS functions that end in FromISR can be called from interrupts
1803:Middlewares/Third_Party/FreeRTOS/Source/queue.c **** 	that have been assigned a priority at or (logically) below the maximum
1804:Middlewares/Third_Party/FreeRTOS/Source/queue.c **** 	system call	interrupt priority.  FreeRTOS maintains a separate interrupt
1805:Middlewares/Third_Party/FreeRTOS/Source/queue.c **** 	safe API to ensure interrupt entry is as fast and as simple as possible.
1806:Middlewares/Third_Party/FreeRTOS/Source/queue.c **** 	More information (albeit Cortex-M specific) is provided on the following
1807:Middlewares/Third_Party/FreeRTOS/Source/queue.c **** 	link: http://www.freertos.org/RTOS-Cortex-M3-M4.html */
1808:Middlewares/Third_Party/FreeRTOS/Source/queue.c **** 	portASSERT_IF_INTERRUPT_PRIORITY_INVALID();
1809:Middlewares/Third_Party/FreeRTOS/Source/queue.c **** 
1810:Middlewares/Third_Party/FreeRTOS/Source/queue.c **** 	uxSavedInterruptStatus = portSET_INTERRUPT_MASK_FROM_ISR();
1811:Middlewares/Third_Party/FreeRTOS/Source/queue.c **** 	{
1812:Middlewares/Third_Party/FreeRTOS/Source/queue.c **** 		const UBaseType_t uxMessagesWaiting = pxQueue->uxMessagesWaiting;
1813:Middlewares/Third_Party/FreeRTOS/Source/queue.c **** 
1814:Middlewares/Third_Party/FreeRTOS/Source/queue.c **** 		/* Cannot block in an ISR, so check there is data available. */
1815:Middlewares/Third_Party/FreeRTOS/Source/queue.c **** 		if( uxMessagesWaiting > ( UBaseType_t ) 0 )
1816:Middlewares/Third_Party/FreeRTOS/Source/queue.c **** 		{
1817:Middlewares/Third_Party/FreeRTOS/Source/queue.c **** 			const int8_t cRxLock = pxQueue->cRxLock;
1818:Middlewares/Third_Party/FreeRTOS/Source/queue.c **** 
1819:Middlewares/Third_Party/FreeRTOS/Source/queue.c **** 			traceQUEUE_RECEIVE_FROM_ISR( pxQueue );
1820:Middlewares/Third_Party/FreeRTOS/Source/queue.c **** 
1821:Middlewares/Third_Party/FreeRTOS/Source/queue.c **** 			prvCopyDataFromQueue( pxQueue, pvBuffer );
1822:Middlewares/Third_Party/FreeRTOS/Source/queue.c **** 			pxQueue->uxMessagesWaiting = uxMessagesWaiting - ( UBaseType_t ) 1;
1823:Middlewares/Third_Party/FreeRTOS/Source/queue.c **** 
1824:Middlewares/Third_Party/FreeRTOS/Source/queue.c **** 			/* If the queue is locked the event list will not be modified.
1825:Middlewares/Third_Party/FreeRTOS/Source/queue.c **** 			Instead update the lock count so the task that unlocks the queue
1826:Middlewares/Third_Party/FreeRTOS/Source/queue.c **** 			will know that an ISR has removed data while the queue was
1827:Middlewares/Third_Party/FreeRTOS/Source/queue.c **** 			locked. */
1828:Middlewares/Third_Party/FreeRTOS/Source/queue.c **** 			if( cRxLock == queueUNLOCKED )
1829:Middlewares/Third_Party/FreeRTOS/Source/queue.c **** 			{
1830:Middlewares/Third_Party/FreeRTOS/Source/queue.c **** 				if( listLIST_IS_EMPTY( &( pxQueue->xTasksWaitingToSend ) ) == pdFALSE )
1831:Middlewares/Third_Party/FreeRTOS/Source/queue.c **** 				{
1832:Middlewares/Third_Party/FreeRTOS/Source/queue.c **** 					if( xTaskRemoveFromEventList( &( pxQueue->xTasksWaitingToSend ) ) != pdFALSE )
1833:Middlewares/Third_Party/FreeRTOS/Source/queue.c **** 					{
1834:Middlewares/Third_Party/FreeRTOS/Source/queue.c **** 						/* The task waiting has a higher priority than us so
1835:Middlewares/Third_Party/FreeRTOS/Source/queue.c **** 						force a context switch. */
1836:Middlewares/Third_Party/FreeRTOS/Source/queue.c **** 						if( pxHigherPriorityTaskWoken != NULL )
1837:Middlewares/Third_Party/FreeRTOS/Source/queue.c **** 						{
1838:Middlewares/Third_Party/FreeRTOS/Source/queue.c **** 							*pxHigherPriorityTaskWoken = pdTRUE;
1839:Middlewares/Third_Party/FreeRTOS/Source/queue.c **** 						}
1840:Middlewares/Third_Party/FreeRTOS/Source/queue.c **** 						else
1841:Middlewares/Third_Party/FreeRTOS/Source/queue.c **** 						{
1842:Middlewares/Third_Party/FreeRTOS/Source/queue.c **** 							mtCOVERAGE_TEST_MARKER();
1843:Middlewares/Third_Party/FreeRTOS/Source/queue.c **** 						}
1844:Middlewares/Third_Party/FreeRTOS/Source/queue.c **** 					}
1845:Middlewares/Third_Party/FreeRTOS/Source/queue.c **** 					else
1846:Middlewares/Third_Party/FreeRTOS/Source/queue.c **** 					{
1847:Middlewares/Third_Party/FreeRTOS/Source/queue.c **** 						mtCOVERAGE_TEST_MARKER();
1848:Middlewares/Third_Party/FreeRTOS/Source/queue.c **** 					}
1849:Middlewares/Third_Party/FreeRTOS/Source/queue.c **** 				}
1850:Middlewares/Third_Party/FreeRTOS/Source/queue.c **** 				else
1851:Middlewares/Third_Party/FreeRTOS/Source/queue.c **** 				{
1852:Middlewares/Third_Party/FreeRTOS/Source/queue.c **** 					mtCOVERAGE_TEST_MARKER();
1853:Middlewares/Third_Party/FreeRTOS/Source/queue.c **** 				}
1854:Middlewares/Third_Party/FreeRTOS/Source/queue.c **** 			}
1855:Middlewares/Third_Party/FreeRTOS/Source/queue.c **** 			else
1856:Middlewares/Third_Party/FreeRTOS/Source/queue.c **** 			{
ARM GAS  C:\Users\Asus\AppData\Local\Temp\ccbtHMUK.s 			page 34


1857:Middlewares/Third_Party/FreeRTOS/Source/queue.c **** 				/* Increment the lock count so the task that unlocks the queue
1858:Middlewares/Third_Party/FreeRTOS/Source/queue.c **** 				knows that data was removed while it was locked. */
1859:Middlewares/Third_Party/FreeRTOS/Source/queue.c **** 				pxQueue->cRxLock = ( int8_t ) ( cRxLock + 1 );
1860:Middlewares/Third_Party/FreeRTOS/Source/queue.c **** 			}
1861:Middlewares/Third_Party/FreeRTOS/Source/queue.c **** 
1862:Middlewares/Third_Party/FreeRTOS/Source/queue.c **** 			xReturn = pdPASS;
1863:Middlewares/Third_Party/FreeRTOS/Source/queue.c **** 		}
1864:Middlewares/Third_Party/FreeRTOS/Source/queue.c **** 		else
1865:Middlewares/Third_Party/FreeRTOS/Source/queue.c **** 		{
1866:Middlewares/Third_Party/FreeRTOS/Source/queue.c **** 			xReturn = pdFAIL;
1867:Middlewares/Third_Party/FreeRTOS/Source/queue.c **** 			traceQUEUE_RECEIVE_FROM_ISR_FAILED( pxQueue );
1868:Middlewares/Third_Party/FreeRTOS/Source/queue.c **** 		}
1869:Middlewares/Third_Party/FreeRTOS/Source/queue.c **** 	}
1870:Middlewares/Third_Party/FreeRTOS/Source/queue.c **** 	portCLEAR_INTERRUPT_MASK_FROM_ISR( uxSavedInterruptStatus );
1871:Middlewares/Third_Party/FreeRTOS/Source/queue.c **** 
1872:Middlewares/Third_Party/FreeRTOS/Source/queue.c **** 	return xReturn;
1873:Middlewares/Third_Party/FreeRTOS/Source/queue.c **** }
1874:Middlewares/Third_Party/FreeRTOS/Source/queue.c **** /*-----------------------------------------------------------*/
1875:Middlewares/Third_Party/FreeRTOS/Source/queue.c **** 
1876:Middlewares/Third_Party/FreeRTOS/Source/queue.c **** BaseType_t xQueuePeekFromISR( QueueHandle_t xQueue,  void * const pvBuffer )
1877:Middlewares/Third_Party/FreeRTOS/Source/queue.c **** {
1878:Middlewares/Third_Party/FreeRTOS/Source/queue.c **** BaseType_t xReturn;
1879:Middlewares/Third_Party/FreeRTOS/Source/queue.c **** UBaseType_t uxSavedInterruptStatus;
1880:Middlewares/Third_Party/FreeRTOS/Source/queue.c **** int8_t *pcOriginalReadPosition;
1881:Middlewares/Third_Party/FreeRTOS/Source/queue.c **** Queue_t * const pxQueue = xQueue;
1882:Middlewares/Third_Party/FreeRTOS/Source/queue.c **** 
1883:Middlewares/Third_Party/FreeRTOS/Source/queue.c **** 	configASSERT( pxQueue );
1884:Middlewares/Third_Party/FreeRTOS/Source/queue.c **** 	configASSERT( !( ( pvBuffer == NULL ) && ( pxQueue->uxItemSize != ( UBaseType_t ) 0U ) ) );
1885:Middlewares/Third_Party/FreeRTOS/Source/queue.c **** 	configASSERT( pxQueue->uxItemSize != 0 ); /* Can't peek a semaphore. */
1886:Middlewares/Third_Party/FreeRTOS/Source/queue.c **** 
1887:Middlewares/Third_Party/FreeRTOS/Source/queue.c **** 	/* RTOS ports that support interrupt nesting have the concept of a maximum
1888:Middlewares/Third_Party/FreeRTOS/Source/queue.c **** 	system call (or maximum API call) interrupt priority.  Interrupts that are
1889:Middlewares/Third_Party/FreeRTOS/Source/queue.c **** 	above the maximum system call priority are kept permanently enabled, even
1890:Middlewares/Third_Party/FreeRTOS/Source/queue.c **** 	when the RTOS kernel is in a critical section, but cannot make any calls to
1891:Middlewares/Third_Party/FreeRTOS/Source/queue.c **** 	FreeRTOS API functions.  If configASSERT() is defined in FreeRTOSConfig.h
1892:Middlewares/Third_Party/FreeRTOS/Source/queue.c **** 	then portASSERT_IF_INTERRUPT_PRIORITY_INVALID() will result in an assertion
1893:Middlewares/Third_Party/FreeRTOS/Source/queue.c **** 	failure if a FreeRTOS API function is called from an interrupt that has been
1894:Middlewares/Third_Party/FreeRTOS/Source/queue.c **** 	assigned a priority above the configured maximum system call priority.
1895:Middlewares/Third_Party/FreeRTOS/Source/queue.c **** 	Only FreeRTOS functions that end in FromISR can be called from interrupts
1896:Middlewares/Third_Party/FreeRTOS/Source/queue.c **** 	that have been assigned a priority at or (logically) below the maximum
1897:Middlewares/Third_Party/FreeRTOS/Source/queue.c **** 	system call	interrupt priority.  FreeRTOS maintains a separate interrupt
1898:Middlewares/Third_Party/FreeRTOS/Source/queue.c **** 	safe API to ensure interrupt entry is as fast and as simple as possible.
1899:Middlewares/Third_Party/FreeRTOS/Source/queue.c **** 	More information (albeit Cortex-M specific) is provided on the following
1900:Middlewares/Third_Party/FreeRTOS/Source/queue.c **** 	link: http://www.freertos.org/RTOS-Cortex-M3-M4.html */
1901:Middlewares/Third_Party/FreeRTOS/Source/queue.c **** 	portASSERT_IF_INTERRUPT_PRIORITY_INVALID();
1902:Middlewares/Third_Party/FreeRTOS/Source/queue.c **** 
1903:Middlewares/Third_Party/FreeRTOS/Source/queue.c **** 	uxSavedInterruptStatus = portSET_INTERRUPT_MASK_FROM_ISR();
1904:Middlewares/Third_Party/FreeRTOS/Source/queue.c **** 	{
1905:Middlewares/Third_Party/FreeRTOS/Source/queue.c **** 		/* Cannot block in an ISR, so check there is data available. */
1906:Middlewares/Third_Party/FreeRTOS/Source/queue.c **** 		if( pxQueue->uxMessagesWaiting > ( UBaseType_t ) 0 )
1907:Middlewares/Third_Party/FreeRTOS/Source/queue.c **** 		{
1908:Middlewares/Third_Party/FreeRTOS/Source/queue.c **** 			traceQUEUE_PEEK_FROM_ISR( pxQueue );
1909:Middlewares/Third_Party/FreeRTOS/Source/queue.c **** 
1910:Middlewares/Third_Party/FreeRTOS/Source/queue.c **** 			/* Remember the read position so it can be reset as nothing is
1911:Middlewares/Third_Party/FreeRTOS/Source/queue.c **** 			actually being removed from the queue. */
1912:Middlewares/Third_Party/FreeRTOS/Source/queue.c **** 			pcOriginalReadPosition = pxQueue->u.xQueue.pcReadFrom;
1913:Middlewares/Third_Party/FreeRTOS/Source/queue.c **** 			prvCopyDataFromQueue( pxQueue, pvBuffer );
ARM GAS  C:\Users\Asus\AppData\Local\Temp\ccbtHMUK.s 			page 35


1914:Middlewares/Third_Party/FreeRTOS/Source/queue.c **** 			pxQueue->u.xQueue.pcReadFrom = pcOriginalReadPosition;
1915:Middlewares/Third_Party/FreeRTOS/Source/queue.c **** 
1916:Middlewares/Third_Party/FreeRTOS/Source/queue.c **** 			xReturn = pdPASS;
1917:Middlewares/Third_Party/FreeRTOS/Source/queue.c **** 		}
1918:Middlewares/Third_Party/FreeRTOS/Source/queue.c **** 		else
1919:Middlewares/Third_Party/FreeRTOS/Source/queue.c **** 		{
1920:Middlewares/Third_Party/FreeRTOS/Source/queue.c **** 			xReturn = pdFAIL;
1921:Middlewares/Third_Party/FreeRTOS/Source/queue.c **** 			traceQUEUE_PEEK_FROM_ISR_FAILED( pxQueue );
1922:Middlewares/Third_Party/FreeRTOS/Source/queue.c **** 		}
1923:Middlewares/Third_Party/FreeRTOS/Source/queue.c **** 	}
1924:Middlewares/Third_Party/FreeRTOS/Source/queue.c **** 	portCLEAR_INTERRUPT_MASK_FROM_ISR( uxSavedInterruptStatus );
1925:Middlewares/Third_Party/FreeRTOS/Source/queue.c **** 
1926:Middlewares/Third_Party/FreeRTOS/Source/queue.c **** 	return xReturn;
1927:Middlewares/Third_Party/FreeRTOS/Source/queue.c **** }
1928:Middlewares/Third_Party/FreeRTOS/Source/queue.c **** /*-----------------------------------------------------------*/
1929:Middlewares/Third_Party/FreeRTOS/Source/queue.c **** 
1930:Middlewares/Third_Party/FreeRTOS/Source/queue.c **** UBaseType_t uxQueueMessagesWaiting( const QueueHandle_t xQueue )
1931:Middlewares/Third_Party/FreeRTOS/Source/queue.c **** {
1932:Middlewares/Third_Party/FreeRTOS/Source/queue.c **** UBaseType_t uxReturn;
1933:Middlewares/Third_Party/FreeRTOS/Source/queue.c **** 
1934:Middlewares/Third_Party/FreeRTOS/Source/queue.c **** 	configASSERT( xQueue );
1935:Middlewares/Third_Party/FreeRTOS/Source/queue.c **** 
1936:Middlewares/Third_Party/FreeRTOS/Source/queue.c **** 	taskENTER_CRITICAL();
1937:Middlewares/Third_Party/FreeRTOS/Source/queue.c **** 	{
1938:Middlewares/Third_Party/FreeRTOS/Source/queue.c **** 		uxReturn = ( ( Queue_t * ) xQueue )->uxMessagesWaiting;
1939:Middlewares/Third_Party/FreeRTOS/Source/queue.c **** 	}
1940:Middlewares/Third_Party/FreeRTOS/Source/queue.c **** 	taskEXIT_CRITICAL();
1941:Middlewares/Third_Party/FreeRTOS/Source/queue.c **** 
1942:Middlewares/Third_Party/FreeRTOS/Source/queue.c **** 	return uxReturn;
1943:Middlewares/Third_Party/FreeRTOS/Source/queue.c **** } /*lint !e818 Pointer cannot be declared const as xQueue is a typedef not pointer. */
1944:Middlewares/Third_Party/FreeRTOS/Source/queue.c **** /*-----------------------------------------------------------*/
1945:Middlewares/Third_Party/FreeRTOS/Source/queue.c **** 
1946:Middlewares/Third_Party/FreeRTOS/Source/queue.c **** UBaseType_t uxQueueSpacesAvailable( const QueueHandle_t xQueue )
1947:Middlewares/Third_Party/FreeRTOS/Source/queue.c **** {
1948:Middlewares/Third_Party/FreeRTOS/Source/queue.c **** UBaseType_t uxReturn;
1949:Middlewares/Third_Party/FreeRTOS/Source/queue.c **** Queue_t * const pxQueue = xQueue;
1950:Middlewares/Third_Party/FreeRTOS/Source/queue.c **** 
1951:Middlewares/Third_Party/FreeRTOS/Source/queue.c **** 	configASSERT( pxQueue );
1952:Middlewares/Third_Party/FreeRTOS/Source/queue.c **** 
1953:Middlewares/Third_Party/FreeRTOS/Source/queue.c **** 	taskENTER_CRITICAL();
1954:Middlewares/Third_Party/FreeRTOS/Source/queue.c **** 	{
1955:Middlewares/Third_Party/FreeRTOS/Source/queue.c **** 		uxReturn = pxQueue->uxLength - pxQueue->uxMessagesWaiting;
1956:Middlewares/Third_Party/FreeRTOS/Source/queue.c **** 	}
1957:Middlewares/Third_Party/FreeRTOS/Source/queue.c **** 	taskEXIT_CRITICAL();
1958:Middlewares/Third_Party/FreeRTOS/Source/queue.c **** 
1959:Middlewares/Third_Party/FreeRTOS/Source/queue.c **** 	return uxReturn;
1960:Middlewares/Third_Party/FreeRTOS/Source/queue.c **** } /*lint !e818 Pointer cannot be declared const as xQueue is a typedef not pointer. */
1961:Middlewares/Third_Party/FreeRTOS/Source/queue.c **** /*-----------------------------------------------------------*/
1962:Middlewares/Third_Party/FreeRTOS/Source/queue.c **** 
1963:Middlewares/Third_Party/FreeRTOS/Source/queue.c **** UBaseType_t uxQueueMessagesWaitingFromISR( const QueueHandle_t xQueue )
1964:Middlewares/Third_Party/FreeRTOS/Source/queue.c **** {
1965:Middlewares/Third_Party/FreeRTOS/Source/queue.c **** UBaseType_t uxReturn;
1966:Middlewares/Third_Party/FreeRTOS/Source/queue.c **** Queue_t * const pxQueue = xQueue;
1967:Middlewares/Third_Party/FreeRTOS/Source/queue.c **** 
1968:Middlewares/Third_Party/FreeRTOS/Source/queue.c **** 	configASSERT( pxQueue );
1969:Middlewares/Third_Party/FreeRTOS/Source/queue.c **** 	uxReturn = pxQueue->uxMessagesWaiting;
1970:Middlewares/Third_Party/FreeRTOS/Source/queue.c **** 
ARM GAS  C:\Users\Asus\AppData\Local\Temp\ccbtHMUK.s 			page 36


1971:Middlewares/Third_Party/FreeRTOS/Source/queue.c **** 	return uxReturn;
1972:Middlewares/Third_Party/FreeRTOS/Source/queue.c **** } /*lint !e818 Pointer cannot be declared const as xQueue is a typedef not pointer. */
1973:Middlewares/Third_Party/FreeRTOS/Source/queue.c **** /*-----------------------------------------------------------*/
1974:Middlewares/Third_Party/FreeRTOS/Source/queue.c **** 
1975:Middlewares/Third_Party/FreeRTOS/Source/queue.c **** void vQueueDelete( QueueHandle_t xQueue )
1976:Middlewares/Third_Party/FreeRTOS/Source/queue.c **** {
1977:Middlewares/Third_Party/FreeRTOS/Source/queue.c **** Queue_t * const pxQueue = xQueue;
1978:Middlewares/Third_Party/FreeRTOS/Source/queue.c **** 
1979:Middlewares/Third_Party/FreeRTOS/Source/queue.c **** 	configASSERT( pxQueue );
1980:Middlewares/Third_Party/FreeRTOS/Source/queue.c **** 	traceQUEUE_DELETE( pxQueue );
1981:Middlewares/Third_Party/FreeRTOS/Source/queue.c **** 
1982:Middlewares/Third_Party/FreeRTOS/Source/queue.c **** 	#if ( configQUEUE_REGISTRY_SIZE > 0 )
1983:Middlewares/Third_Party/FreeRTOS/Source/queue.c **** 	{
1984:Middlewares/Third_Party/FreeRTOS/Source/queue.c **** 		vQueueUnregisterQueue( pxQueue );
1985:Middlewares/Third_Party/FreeRTOS/Source/queue.c **** 	}
1986:Middlewares/Third_Party/FreeRTOS/Source/queue.c **** 	#endif
1987:Middlewares/Third_Party/FreeRTOS/Source/queue.c **** 
1988:Middlewares/Third_Party/FreeRTOS/Source/queue.c **** 	#if( ( configSUPPORT_DYNAMIC_ALLOCATION == 1 ) && ( configSUPPORT_STATIC_ALLOCATION == 0 ) )
1989:Middlewares/Third_Party/FreeRTOS/Source/queue.c **** 	{
1990:Middlewares/Third_Party/FreeRTOS/Source/queue.c **** 		/* The queue can only have been allocated dynamically - free it
1991:Middlewares/Third_Party/FreeRTOS/Source/queue.c **** 		again. */
1992:Middlewares/Third_Party/FreeRTOS/Source/queue.c **** 		vPortFree( pxQueue );
1993:Middlewares/Third_Party/FreeRTOS/Source/queue.c **** 	}
1994:Middlewares/Third_Party/FreeRTOS/Source/queue.c **** 	#elif( ( configSUPPORT_DYNAMIC_ALLOCATION == 1 ) && ( configSUPPORT_STATIC_ALLOCATION == 1 ) )
1995:Middlewares/Third_Party/FreeRTOS/Source/queue.c **** 	{
1996:Middlewares/Third_Party/FreeRTOS/Source/queue.c **** 		/* The queue could have been allocated statically or dynamically, so
1997:Middlewares/Third_Party/FreeRTOS/Source/queue.c **** 		check before attempting to free the memory. */
1998:Middlewares/Third_Party/FreeRTOS/Source/queue.c **** 		if( pxQueue->ucStaticallyAllocated == ( uint8_t ) pdFALSE )
1999:Middlewares/Third_Party/FreeRTOS/Source/queue.c **** 		{
2000:Middlewares/Third_Party/FreeRTOS/Source/queue.c **** 			vPortFree( pxQueue );
2001:Middlewares/Third_Party/FreeRTOS/Source/queue.c **** 		}
2002:Middlewares/Third_Party/FreeRTOS/Source/queue.c **** 		else
2003:Middlewares/Third_Party/FreeRTOS/Source/queue.c **** 		{
2004:Middlewares/Third_Party/FreeRTOS/Source/queue.c **** 			mtCOVERAGE_TEST_MARKER();
2005:Middlewares/Third_Party/FreeRTOS/Source/queue.c **** 		}
2006:Middlewares/Third_Party/FreeRTOS/Source/queue.c **** 	}
2007:Middlewares/Third_Party/FreeRTOS/Source/queue.c **** 	#else
2008:Middlewares/Third_Party/FreeRTOS/Source/queue.c **** 	{
2009:Middlewares/Third_Party/FreeRTOS/Source/queue.c **** 		/* The queue must have been statically allocated, so is not going to be
2010:Middlewares/Third_Party/FreeRTOS/Source/queue.c **** 		deleted.  Avoid compiler warnings about the unused parameter. */
2011:Middlewares/Third_Party/FreeRTOS/Source/queue.c **** 		( void ) pxQueue;
2012:Middlewares/Third_Party/FreeRTOS/Source/queue.c **** 	}
2013:Middlewares/Third_Party/FreeRTOS/Source/queue.c **** 	#endif /* configSUPPORT_DYNAMIC_ALLOCATION */
2014:Middlewares/Third_Party/FreeRTOS/Source/queue.c **** }
2015:Middlewares/Third_Party/FreeRTOS/Source/queue.c **** /*-----------------------------------------------------------*/
2016:Middlewares/Third_Party/FreeRTOS/Source/queue.c **** 
2017:Middlewares/Third_Party/FreeRTOS/Source/queue.c **** #if ( configUSE_TRACE_FACILITY == 1 )
2018:Middlewares/Third_Party/FreeRTOS/Source/queue.c **** 
2019:Middlewares/Third_Party/FreeRTOS/Source/queue.c **** 	UBaseType_t uxQueueGetQueueNumber( QueueHandle_t xQueue )
2020:Middlewares/Third_Party/FreeRTOS/Source/queue.c **** 	{
2021:Middlewares/Third_Party/FreeRTOS/Source/queue.c **** 		return ( ( Queue_t * ) xQueue )->uxQueueNumber;
2022:Middlewares/Third_Party/FreeRTOS/Source/queue.c **** 	}
2023:Middlewares/Third_Party/FreeRTOS/Source/queue.c **** 
2024:Middlewares/Third_Party/FreeRTOS/Source/queue.c **** #endif /* configUSE_TRACE_FACILITY */
2025:Middlewares/Third_Party/FreeRTOS/Source/queue.c **** /*-----------------------------------------------------------*/
2026:Middlewares/Third_Party/FreeRTOS/Source/queue.c **** 
2027:Middlewares/Third_Party/FreeRTOS/Source/queue.c **** #if ( configUSE_TRACE_FACILITY == 1 )
ARM GAS  C:\Users\Asus\AppData\Local\Temp\ccbtHMUK.s 			page 37


2028:Middlewares/Third_Party/FreeRTOS/Source/queue.c **** 
2029:Middlewares/Third_Party/FreeRTOS/Source/queue.c **** 	void vQueueSetQueueNumber( QueueHandle_t xQueue, UBaseType_t uxQueueNumber )
2030:Middlewares/Third_Party/FreeRTOS/Source/queue.c **** 	{
2031:Middlewares/Third_Party/FreeRTOS/Source/queue.c **** 		( ( Queue_t * ) xQueue )->uxQueueNumber = uxQueueNumber;
2032:Middlewares/Third_Party/FreeRTOS/Source/queue.c **** 	}
2033:Middlewares/Third_Party/FreeRTOS/Source/queue.c **** 
2034:Middlewares/Third_Party/FreeRTOS/Source/queue.c **** #endif /* configUSE_TRACE_FACILITY */
2035:Middlewares/Third_Party/FreeRTOS/Source/queue.c **** /*-----------------------------------------------------------*/
2036:Middlewares/Third_Party/FreeRTOS/Source/queue.c **** 
2037:Middlewares/Third_Party/FreeRTOS/Source/queue.c **** #if ( configUSE_TRACE_FACILITY == 1 )
2038:Middlewares/Third_Party/FreeRTOS/Source/queue.c **** 
2039:Middlewares/Third_Party/FreeRTOS/Source/queue.c **** 	uint8_t ucQueueGetQueueType( QueueHandle_t xQueue )
2040:Middlewares/Third_Party/FreeRTOS/Source/queue.c **** 	{
2041:Middlewares/Third_Party/FreeRTOS/Source/queue.c **** 		return ( ( Queue_t * ) xQueue )->ucQueueType;
2042:Middlewares/Third_Party/FreeRTOS/Source/queue.c **** 	}
2043:Middlewares/Third_Party/FreeRTOS/Source/queue.c **** 
2044:Middlewares/Third_Party/FreeRTOS/Source/queue.c **** #endif /* configUSE_TRACE_FACILITY */
2045:Middlewares/Third_Party/FreeRTOS/Source/queue.c **** /*-----------------------------------------------------------*/
2046:Middlewares/Third_Party/FreeRTOS/Source/queue.c **** 
2047:Middlewares/Third_Party/FreeRTOS/Source/queue.c **** #if( configUSE_MUTEXES == 1 )
2048:Middlewares/Third_Party/FreeRTOS/Source/queue.c **** 
2049:Middlewares/Third_Party/FreeRTOS/Source/queue.c **** 	static UBaseType_t prvGetDisinheritPriorityAfterTimeout( const Queue_t * const pxQueue )
2050:Middlewares/Third_Party/FreeRTOS/Source/queue.c **** 	{
  27              		.loc 1 2050 2 view -0
  28              		.cfi_startproc
  29              		@ args = 0, pretend = 0, frame = 0
  30              		@ frame_needed = 0, uses_anonymous_args = 0
  31              		@ link register save eliminated.
  32              		.loc 1 2050 2 is_stmt 0 view .LVU1
  33 0000 0300     		movs	r3, r0
2051:Middlewares/Third_Party/FreeRTOS/Source/queue.c **** 	UBaseType_t uxHighestPriorityOfWaitingTasks;
  34              		.loc 1 2051 2 is_stmt 1 view .LVU2
2052:Middlewares/Third_Party/FreeRTOS/Source/queue.c **** 
2053:Middlewares/Third_Party/FreeRTOS/Source/queue.c **** 		/* If a task waiting for a mutex causes the mutex holder to inherit a
2054:Middlewares/Third_Party/FreeRTOS/Source/queue.c **** 		priority, but the waiting task times out, then the holder should
2055:Middlewares/Third_Party/FreeRTOS/Source/queue.c **** 		disinherit the priority - but only down to the highest priority of any
2056:Middlewares/Third_Party/FreeRTOS/Source/queue.c **** 		other tasks that are waiting for the same mutex.  For this purpose,
2057:Middlewares/Third_Party/FreeRTOS/Source/queue.c **** 		return the priority of the highest priority task that is waiting for the
2058:Middlewares/Third_Party/FreeRTOS/Source/queue.c **** 		mutex. */
2059:Middlewares/Third_Party/FreeRTOS/Source/queue.c **** 		if( listCURRENT_LIST_LENGTH( &( pxQueue->xTasksWaitingToReceive ) ) > 0U )
  35              		.loc 1 2059 3 view .LVU3
  36              		.loc 1 2059 7 is_stmt 0 view .LVU4
  37 0002 406A     		ldr	r0, [r0, #36]
  38              	.LVL1:
  39              		.loc 1 2059 5 view .LVU5
  40 0004 0028     		cmp	r0, #0
  41 0006 03D0     		beq	.L1
2060:Middlewares/Third_Party/FreeRTOS/Source/queue.c **** 		{
2061:Middlewares/Third_Party/FreeRTOS/Source/queue.c **** 			uxHighestPriorityOfWaitingTasks = ( UBaseType_t ) configMAX_PRIORITIES - ( UBaseType_t ) listGET
  42              		.loc 1 2061 4 is_stmt 1 view .LVU6
  43              		.loc 1 2061 93 is_stmt 0 view .LVU7
  44 0008 1B6B     		ldr	r3, [r3, #48]
  45              	.LVL2:
  46              		.loc 1 2061 93 view .LVU8
  47 000a 1B68     		ldr	r3, [r3]
  48              		.loc 1 2061 36 view .LVU9
  49 000c 0720     		movs	r0, #7
ARM GAS  C:\Users\Asus\AppData\Local\Temp\ccbtHMUK.s 			page 38


  50 000e C01A     		subs	r0, r0, r3
  51              	.LVL3:
2062:Middlewares/Third_Party/FreeRTOS/Source/queue.c **** 		}
2063:Middlewares/Third_Party/FreeRTOS/Source/queue.c **** 		else
2064:Middlewares/Third_Party/FreeRTOS/Source/queue.c **** 		{
2065:Middlewares/Third_Party/FreeRTOS/Source/queue.c **** 			uxHighestPriorityOfWaitingTasks = tskIDLE_PRIORITY;
2066:Middlewares/Third_Party/FreeRTOS/Source/queue.c **** 		}
2067:Middlewares/Third_Party/FreeRTOS/Source/queue.c **** 
2068:Middlewares/Third_Party/FreeRTOS/Source/queue.c **** 		return uxHighestPriorityOfWaitingTasks;
  52              		.loc 1 2068 3 is_stmt 1 view .LVU10
  53              	.L1:
2069:Middlewares/Third_Party/FreeRTOS/Source/queue.c **** 	}
  54              		.loc 1 2069 2 is_stmt 0 view .LVU11
  55              		@ sp needed
  56 0010 7047     		bx	lr
  57              		.cfi_endproc
  58              	.LFE17:
  60              		.section	.text.prvIsQueueFull,"ax",%progbits
  61              		.align	1
  62              		.syntax unified
  63              		.code	16
  64              		.thumb_func
  66              	prvIsQueueFull:
  67              	.LVL4:
  68              	.LFB23:
2070:Middlewares/Third_Party/FreeRTOS/Source/queue.c **** 
2071:Middlewares/Third_Party/FreeRTOS/Source/queue.c **** #endif /* configUSE_MUTEXES */
2072:Middlewares/Third_Party/FreeRTOS/Source/queue.c **** /*-----------------------------------------------------------*/
2073:Middlewares/Third_Party/FreeRTOS/Source/queue.c **** 
2074:Middlewares/Third_Party/FreeRTOS/Source/queue.c **** static BaseType_t prvCopyDataToQueue( Queue_t * const pxQueue, const void *pvItemToQueue, const Bas
2075:Middlewares/Third_Party/FreeRTOS/Source/queue.c **** {
2076:Middlewares/Third_Party/FreeRTOS/Source/queue.c **** BaseType_t xReturn = pdFALSE;
2077:Middlewares/Third_Party/FreeRTOS/Source/queue.c **** UBaseType_t uxMessagesWaiting;
2078:Middlewares/Third_Party/FreeRTOS/Source/queue.c **** 
2079:Middlewares/Third_Party/FreeRTOS/Source/queue.c **** 	/* This function is called from a critical section. */
2080:Middlewares/Third_Party/FreeRTOS/Source/queue.c **** 
2081:Middlewares/Third_Party/FreeRTOS/Source/queue.c **** 	uxMessagesWaiting = pxQueue->uxMessagesWaiting;
2082:Middlewares/Third_Party/FreeRTOS/Source/queue.c **** 
2083:Middlewares/Third_Party/FreeRTOS/Source/queue.c **** 	if( pxQueue->uxItemSize == ( UBaseType_t ) 0 )
2084:Middlewares/Third_Party/FreeRTOS/Source/queue.c **** 	{
2085:Middlewares/Third_Party/FreeRTOS/Source/queue.c **** 		#if ( configUSE_MUTEXES == 1 )
2086:Middlewares/Third_Party/FreeRTOS/Source/queue.c **** 		{
2087:Middlewares/Third_Party/FreeRTOS/Source/queue.c **** 			if( pxQueue->uxQueueType == queueQUEUE_IS_MUTEX )
2088:Middlewares/Third_Party/FreeRTOS/Source/queue.c **** 			{
2089:Middlewares/Third_Party/FreeRTOS/Source/queue.c **** 				/* The mutex is no longer being held. */
2090:Middlewares/Third_Party/FreeRTOS/Source/queue.c **** 				xReturn = xTaskPriorityDisinherit( pxQueue->u.xSemaphore.xMutexHolder );
2091:Middlewares/Third_Party/FreeRTOS/Source/queue.c **** 				pxQueue->u.xSemaphore.xMutexHolder = NULL;
2092:Middlewares/Third_Party/FreeRTOS/Source/queue.c **** 			}
2093:Middlewares/Third_Party/FreeRTOS/Source/queue.c **** 			else
2094:Middlewares/Third_Party/FreeRTOS/Source/queue.c **** 			{
2095:Middlewares/Third_Party/FreeRTOS/Source/queue.c **** 				mtCOVERAGE_TEST_MARKER();
2096:Middlewares/Third_Party/FreeRTOS/Source/queue.c **** 			}
2097:Middlewares/Third_Party/FreeRTOS/Source/queue.c **** 		}
2098:Middlewares/Third_Party/FreeRTOS/Source/queue.c **** 		#endif /* configUSE_MUTEXES */
2099:Middlewares/Third_Party/FreeRTOS/Source/queue.c **** 	}
2100:Middlewares/Third_Party/FreeRTOS/Source/queue.c **** 	else if( xPosition == queueSEND_TO_BACK )
2101:Middlewares/Third_Party/FreeRTOS/Source/queue.c **** 	{
ARM GAS  C:\Users\Asus\AppData\Local\Temp\ccbtHMUK.s 			page 39


2102:Middlewares/Third_Party/FreeRTOS/Source/queue.c **** 		( void ) memcpy( ( void * ) pxQueue->pcWriteTo, pvItemToQueue, ( size_t ) pxQueue->uxItemSize ); 
2103:Middlewares/Third_Party/FreeRTOS/Source/queue.c **** 		pxQueue->pcWriteTo += pxQueue->uxItemSize; /*lint !e9016 Pointer arithmetic on char types ok, esp
2104:Middlewares/Third_Party/FreeRTOS/Source/queue.c **** 		if( pxQueue->pcWriteTo >= pxQueue->u.xQueue.pcTail ) /*lint !e946 MISRA exception justified as co
2105:Middlewares/Third_Party/FreeRTOS/Source/queue.c **** 		{
2106:Middlewares/Third_Party/FreeRTOS/Source/queue.c **** 			pxQueue->pcWriteTo = pxQueue->pcHead;
2107:Middlewares/Third_Party/FreeRTOS/Source/queue.c **** 		}
2108:Middlewares/Third_Party/FreeRTOS/Source/queue.c **** 		else
2109:Middlewares/Third_Party/FreeRTOS/Source/queue.c **** 		{
2110:Middlewares/Third_Party/FreeRTOS/Source/queue.c **** 			mtCOVERAGE_TEST_MARKER();
2111:Middlewares/Third_Party/FreeRTOS/Source/queue.c **** 		}
2112:Middlewares/Third_Party/FreeRTOS/Source/queue.c **** 	}
2113:Middlewares/Third_Party/FreeRTOS/Source/queue.c **** 	else
2114:Middlewares/Third_Party/FreeRTOS/Source/queue.c **** 	{
2115:Middlewares/Third_Party/FreeRTOS/Source/queue.c **** 		( void ) memcpy( ( void * ) pxQueue->u.xQueue.pcReadFrom, pvItemToQueue, ( size_t ) pxQueue->uxIt
2116:Middlewares/Third_Party/FreeRTOS/Source/queue.c **** 		pxQueue->u.xQueue.pcReadFrom -= pxQueue->uxItemSize;
2117:Middlewares/Third_Party/FreeRTOS/Source/queue.c **** 		if( pxQueue->u.xQueue.pcReadFrom < pxQueue->pcHead ) /*lint !e946 MISRA exception justified as co
2118:Middlewares/Third_Party/FreeRTOS/Source/queue.c **** 		{
2119:Middlewares/Third_Party/FreeRTOS/Source/queue.c **** 			pxQueue->u.xQueue.pcReadFrom = ( pxQueue->u.xQueue.pcTail - pxQueue->uxItemSize );
2120:Middlewares/Third_Party/FreeRTOS/Source/queue.c **** 		}
2121:Middlewares/Third_Party/FreeRTOS/Source/queue.c **** 		else
2122:Middlewares/Third_Party/FreeRTOS/Source/queue.c **** 		{
2123:Middlewares/Third_Party/FreeRTOS/Source/queue.c **** 			mtCOVERAGE_TEST_MARKER();
2124:Middlewares/Third_Party/FreeRTOS/Source/queue.c **** 		}
2125:Middlewares/Third_Party/FreeRTOS/Source/queue.c **** 
2126:Middlewares/Third_Party/FreeRTOS/Source/queue.c **** 		if( xPosition == queueOVERWRITE )
2127:Middlewares/Third_Party/FreeRTOS/Source/queue.c **** 		{
2128:Middlewares/Third_Party/FreeRTOS/Source/queue.c **** 			if( uxMessagesWaiting > ( UBaseType_t ) 0 )
2129:Middlewares/Third_Party/FreeRTOS/Source/queue.c **** 			{
2130:Middlewares/Third_Party/FreeRTOS/Source/queue.c **** 				/* An item is not being added but overwritten, so subtract
2131:Middlewares/Third_Party/FreeRTOS/Source/queue.c **** 				one from the recorded number of items in the queue so when
2132:Middlewares/Third_Party/FreeRTOS/Source/queue.c **** 				one is added again below the number of recorded items remains
2133:Middlewares/Third_Party/FreeRTOS/Source/queue.c **** 				correct. */
2134:Middlewares/Third_Party/FreeRTOS/Source/queue.c **** 				--uxMessagesWaiting;
2135:Middlewares/Third_Party/FreeRTOS/Source/queue.c **** 			}
2136:Middlewares/Third_Party/FreeRTOS/Source/queue.c **** 			else
2137:Middlewares/Third_Party/FreeRTOS/Source/queue.c **** 			{
2138:Middlewares/Third_Party/FreeRTOS/Source/queue.c **** 				mtCOVERAGE_TEST_MARKER();
2139:Middlewares/Third_Party/FreeRTOS/Source/queue.c **** 			}
2140:Middlewares/Third_Party/FreeRTOS/Source/queue.c **** 		}
2141:Middlewares/Third_Party/FreeRTOS/Source/queue.c **** 		else
2142:Middlewares/Third_Party/FreeRTOS/Source/queue.c **** 		{
2143:Middlewares/Third_Party/FreeRTOS/Source/queue.c **** 			mtCOVERAGE_TEST_MARKER();
2144:Middlewares/Third_Party/FreeRTOS/Source/queue.c **** 		}
2145:Middlewares/Third_Party/FreeRTOS/Source/queue.c **** 	}
2146:Middlewares/Third_Party/FreeRTOS/Source/queue.c **** 
2147:Middlewares/Third_Party/FreeRTOS/Source/queue.c **** 	pxQueue->uxMessagesWaiting = uxMessagesWaiting + ( UBaseType_t ) 1;
2148:Middlewares/Third_Party/FreeRTOS/Source/queue.c **** 
2149:Middlewares/Third_Party/FreeRTOS/Source/queue.c **** 	return xReturn;
2150:Middlewares/Third_Party/FreeRTOS/Source/queue.c **** }
2151:Middlewares/Third_Party/FreeRTOS/Source/queue.c **** /*-----------------------------------------------------------*/
2152:Middlewares/Third_Party/FreeRTOS/Source/queue.c **** 
2153:Middlewares/Third_Party/FreeRTOS/Source/queue.c **** static void prvCopyDataFromQueue( Queue_t * const pxQueue, void * const pvBuffer )
2154:Middlewares/Third_Party/FreeRTOS/Source/queue.c **** {
2155:Middlewares/Third_Party/FreeRTOS/Source/queue.c **** 	if( pxQueue->uxItemSize != ( UBaseType_t ) 0 )
2156:Middlewares/Third_Party/FreeRTOS/Source/queue.c **** 	{
2157:Middlewares/Third_Party/FreeRTOS/Source/queue.c **** 		pxQueue->u.xQueue.pcReadFrom += pxQueue->uxItemSize; /*lint !e9016 Pointer arithmetic on char typ
2158:Middlewares/Third_Party/FreeRTOS/Source/queue.c **** 		if( pxQueue->u.xQueue.pcReadFrom >= pxQueue->u.xQueue.pcTail ) /*lint !e946 MISRA exception justi
ARM GAS  C:\Users\Asus\AppData\Local\Temp\ccbtHMUK.s 			page 40


2159:Middlewares/Third_Party/FreeRTOS/Source/queue.c **** 		{
2160:Middlewares/Third_Party/FreeRTOS/Source/queue.c **** 			pxQueue->u.xQueue.pcReadFrom = pxQueue->pcHead;
2161:Middlewares/Third_Party/FreeRTOS/Source/queue.c **** 		}
2162:Middlewares/Third_Party/FreeRTOS/Source/queue.c **** 		else
2163:Middlewares/Third_Party/FreeRTOS/Source/queue.c **** 		{
2164:Middlewares/Third_Party/FreeRTOS/Source/queue.c **** 			mtCOVERAGE_TEST_MARKER();
2165:Middlewares/Third_Party/FreeRTOS/Source/queue.c **** 		}
2166:Middlewares/Third_Party/FreeRTOS/Source/queue.c **** 		( void ) memcpy( ( void * ) pvBuffer, ( void * ) pxQueue->u.xQueue.pcReadFrom, ( size_t ) pxQueue
2167:Middlewares/Third_Party/FreeRTOS/Source/queue.c **** 	}
2168:Middlewares/Third_Party/FreeRTOS/Source/queue.c **** }
2169:Middlewares/Third_Party/FreeRTOS/Source/queue.c **** /*-----------------------------------------------------------*/
2170:Middlewares/Third_Party/FreeRTOS/Source/queue.c **** 
2171:Middlewares/Third_Party/FreeRTOS/Source/queue.c **** static void prvUnlockQueue( Queue_t * const pxQueue )
2172:Middlewares/Third_Party/FreeRTOS/Source/queue.c **** {
2173:Middlewares/Third_Party/FreeRTOS/Source/queue.c **** 	/* THIS FUNCTION MUST BE CALLED WITH THE SCHEDULER SUSPENDED. */
2174:Middlewares/Third_Party/FreeRTOS/Source/queue.c **** 
2175:Middlewares/Third_Party/FreeRTOS/Source/queue.c **** 	/* The lock counts contains the number of extra data items placed or
2176:Middlewares/Third_Party/FreeRTOS/Source/queue.c **** 	removed from the queue while the queue was locked.  When a queue is
2177:Middlewares/Third_Party/FreeRTOS/Source/queue.c **** 	locked items can be added or removed, but the event lists cannot be
2178:Middlewares/Third_Party/FreeRTOS/Source/queue.c **** 	updated. */
2179:Middlewares/Third_Party/FreeRTOS/Source/queue.c **** 	taskENTER_CRITICAL();
2180:Middlewares/Third_Party/FreeRTOS/Source/queue.c **** 	{
2181:Middlewares/Third_Party/FreeRTOS/Source/queue.c **** 		int8_t cTxLock = pxQueue->cTxLock;
2182:Middlewares/Third_Party/FreeRTOS/Source/queue.c **** 
2183:Middlewares/Third_Party/FreeRTOS/Source/queue.c **** 		/* See if data was added to the queue while it was locked. */
2184:Middlewares/Third_Party/FreeRTOS/Source/queue.c **** 		while( cTxLock > queueLOCKED_UNMODIFIED )
2185:Middlewares/Third_Party/FreeRTOS/Source/queue.c **** 		{
2186:Middlewares/Third_Party/FreeRTOS/Source/queue.c **** 			/* Data was posted while the queue was locked.  Are any tasks
2187:Middlewares/Third_Party/FreeRTOS/Source/queue.c **** 			blocked waiting for data to become available? */
2188:Middlewares/Third_Party/FreeRTOS/Source/queue.c **** 			#if ( configUSE_QUEUE_SETS == 1 )
2189:Middlewares/Third_Party/FreeRTOS/Source/queue.c **** 			{
2190:Middlewares/Third_Party/FreeRTOS/Source/queue.c **** 				if( pxQueue->pxQueueSetContainer != NULL )
2191:Middlewares/Third_Party/FreeRTOS/Source/queue.c **** 				{
2192:Middlewares/Third_Party/FreeRTOS/Source/queue.c **** 					if( prvNotifyQueueSetContainer( pxQueue ) != pdFALSE )
2193:Middlewares/Third_Party/FreeRTOS/Source/queue.c **** 					{
2194:Middlewares/Third_Party/FreeRTOS/Source/queue.c **** 						/* The queue is a member of a queue set, and posting to
2195:Middlewares/Third_Party/FreeRTOS/Source/queue.c **** 						the queue set caused a higher priority task to unblock.
2196:Middlewares/Third_Party/FreeRTOS/Source/queue.c **** 						A context switch is required. */
2197:Middlewares/Third_Party/FreeRTOS/Source/queue.c **** 						vTaskMissedYield();
2198:Middlewares/Third_Party/FreeRTOS/Source/queue.c **** 					}
2199:Middlewares/Third_Party/FreeRTOS/Source/queue.c **** 					else
2200:Middlewares/Third_Party/FreeRTOS/Source/queue.c **** 					{
2201:Middlewares/Third_Party/FreeRTOS/Source/queue.c **** 						mtCOVERAGE_TEST_MARKER();
2202:Middlewares/Third_Party/FreeRTOS/Source/queue.c **** 					}
2203:Middlewares/Third_Party/FreeRTOS/Source/queue.c **** 				}
2204:Middlewares/Third_Party/FreeRTOS/Source/queue.c **** 				else
2205:Middlewares/Third_Party/FreeRTOS/Source/queue.c **** 				{
2206:Middlewares/Third_Party/FreeRTOS/Source/queue.c **** 					/* Tasks that are removed from the event list will get
2207:Middlewares/Third_Party/FreeRTOS/Source/queue.c **** 					added to the pending ready list as the scheduler is still
2208:Middlewares/Third_Party/FreeRTOS/Source/queue.c **** 					suspended. */
2209:Middlewares/Third_Party/FreeRTOS/Source/queue.c **** 					if( listLIST_IS_EMPTY( &( pxQueue->xTasksWaitingToReceive ) ) == pdFALSE )
2210:Middlewares/Third_Party/FreeRTOS/Source/queue.c **** 					{
2211:Middlewares/Third_Party/FreeRTOS/Source/queue.c **** 						if( xTaskRemoveFromEventList( &( pxQueue->xTasksWaitingToReceive ) ) != pdFALSE )
2212:Middlewares/Third_Party/FreeRTOS/Source/queue.c **** 						{
2213:Middlewares/Third_Party/FreeRTOS/Source/queue.c **** 							/* The task waiting has a higher priority so record that a
2214:Middlewares/Third_Party/FreeRTOS/Source/queue.c **** 							context	switch is required. */
2215:Middlewares/Third_Party/FreeRTOS/Source/queue.c **** 							vTaskMissedYield();
ARM GAS  C:\Users\Asus\AppData\Local\Temp\ccbtHMUK.s 			page 41


2216:Middlewares/Third_Party/FreeRTOS/Source/queue.c **** 						}
2217:Middlewares/Third_Party/FreeRTOS/Source/queue.c **** 						else
2218:Middlewares/Third_Party/FreeRTOS/Source/queue.c **** 						{
2219:Middlewares/Third_Party/FreeRTOS/Source/queue.c **** 							mtCOVERAGE_TEST_MARKER();
2220:Middlewares/Third_Party/FreeRTOS/Source/queue.c **** 						}
2221:Middlewares/Third_Party/FreeRTOS/Source/queue.c **** 					}
2222:Middlewares/Third_Party/FreeRTOS/Source/queue.c **** 					else
2223:Middlewares/Third_Party/FreeRTOS/Source/queue.c **** 					{
2224:Middlewares/Third_Party/FreeRTOS/Source/queue.c **** 						break;
2225:Middlewares/Third_Party/FreeRTOS/Source/queue.c **** 					}
2226:Middlewares/Third_Party/FreeRTOS/Source/queue.c **** 				}
2227:Middlewares/Third_Party/FreeRTOS/Source/queue.c **** 			}
2228:Middlewares/Third_Party/FreeRTOS/Source/queue.c **** 			#else /* configUSE_QUEUE_SETS */
2229:Middlewares/Third_Party/FreeRTOS/Source/queue.c **** 			{
2230:Middlewares/Third_Party/FreeRTOS/Source/queue.c **** 				/* Tasks that are removed from the event list will get added to
2231:Middlewares/Third_Party/FreeRTOS/Source/queue.c **** 				the pending ready list as the scheduler is still suspended. */
2232:Middlewares/Third_Party/FreeRTOS/Source/queue.c **** 				if( listLIST_IS_EMPTY( &( pxQueue->xTasksWaitingToReceive ) ) == pdFALSE )
2233:Middlewares/Third_Party/FreeRTOS/Source/queue.c **** 				{
2234:Middlewares/Third_Party/FreeRTOS/Source/queue.c **** 					if( xTaskRemoveFromEventList( &( pxQueue->xTasksWaitingToReceive ) ) != pdFALSE )
2235:Middlewares/Third_Party/FreeRTOS/Source/queue.c **** 					{
2236:Middlewares/Third_Party/FreeRTOS/Source/queue.c **** 						/* The task waiting has a higher priority so record that
2237:Middlewares/Third_Party/FreeRTOS/Source/queue.c **** 						a context switch is required. */
2238:Middlewares/Third_Party/FreeRTOS/Source/queue.c **** 						vTaskMissedYield();
2239:Middlewares/Third_Party/FreeRTOS/Source/queue.c **** 					}
2240:Middlewares/Third_Party/FreeRTOS/Source/queue.c **** 					else
2241:Middlewares/Third_Party/FreeRTOS/Source/queue.c **** 					{
2242:Middlewares/Third_Party/FreeRTOS/Source/queue.c **** 						mtCOVERAGE_TEST_MARKER();
2243:Middlewares/Third_Party/FreeRTOS/Source/queue.c **** 					}
2244:Middlewares/Third_Party/FreeRTOS/Source/queue.c **** 				}
2245:Middlewares/Third_Party/FreeRTOS/Source/queue.c **** 				else
2246:Middlewares/Third_Party/FreeRTOS/Source/queue.c **** 				{
2247:Middlewares/Third_Party/FreeRTOS/Source/queue.c **** 					break;
2248:Middlewares/Third_Party/FreeRTOS/Source/queue.c **** 				}
2249:Middlewares/Third_Party/FreeRTOS/Source/queue.c **** 			}
2250:Middlewares/Third_Party/FreeRTOS/Source/queue.c **** 			#endif /* configUSE_QUEUE_SETS */
2251:Middlewares/Third_Party/FreeRTOS/Source/queue.c **** 
2252:Middlewares/Third_Party/FreeRTOS/Source/queue.c **** 			--cTxLock;
2253:Middlewares/Third_Party/FreeRTOS/Source/queue.c **** 		}
2254:Middlewares/Third_Party/FreeRTOS/Source/queue.c **** 
2255:Middlewares/Third_Party/FreeRTOS/Source/queue.c **** 		pxQueue->cTxLock = queueUNLOCKED;
2256:Middlewares/Third_Party/FreeRTOS/Source/queue.c **** 	}
2257:Middlewares/Third_Party/FreeRTOS/Source/queue.c **** 	taskEXIT_CRITICAL();
2258:Middlewares/Third_Party/FreeRTOS/Source/queue.c **** 
2259:Middlewares/Third_Party/FreeRTOS/Source/queue.c **** 	/* Do the same for the Rx lock. */
2260:Middlewares/Third_Party/FreeRTOS/Source/queue.c **** 	taskENTER_CRITICAL();
2261:Middlewares/Third_Party/FreeRTOS/Source/queue.c **** 	{
2262:Middlewares/Third_Party/FreeRTOS/Source/queue.c **** 		int8_t cRxLock = pxQueue->cRxLock;
2263:Middlewares/Third_Party/FreeRTOS/Source/queue.c **** 
2264:Middlewares/Third_Party/FreeRTOS/Source/queue.c **** 		while( cRxLock > queueLOCKED_UNMODIFIED )
2265:Middlewares/Third_Party/FreeRTOS/Source/queue.c **** 		{
2266:Middlewares/Third_Party/FreeRTOS/Source/queue.c **** 			if( listLIST_IS_EMPTY( &( pxQueue->xTasksWaitingToSend ) ) == pdFALSE )
2267:Middlewares/Third_Party/FreeRTOS/Source/queue.c **** 			{
2268:Middlewares/Third_Party/FreeRTOS/Source/queue.c **** 				if( xTaskRemoveFromEventList( &( pxQueue->xTasksWaitingToSend ) ) != pdFALSE )
2269:Middlewares/Third_Party/FreeRTOS/Source/queue.c **** 				{
2270:Middlewares/Third_Party/FreeRTOS/Source/queue.c **** 					vTaskMissedYield();
2271:Middlewares/Third_Party/FreeRTOS/Source/queue.c **** 				}
2272:Middlewares/Third_Party/FreeRTOS/Source/queue.c **** 				else
ARM GAS  C:\Users\Asus\AppData\Local\Temp\ccbtHMUK.s 			page 42


2273:Middlewares/Third_Party/FreeRTOS/Source/queue.c **** 				{
2274:Middlewares/Third_Party/FreeRTOS/Source/queue.c **** 					mtCOVERAGE_TEST_MARKER();
2275:Middlewares/Third_Party/FreeRTOS/Source/queue.c **** 				}
2276:Middlewares/Third_Party/FreeRTOS/Source/queue.c **** 
2277:Middlewares/Third_Party/FreeRTOS/Source/queue.c **** 				--cRxLock;
2278:Middlewares/Third_Party/FreeRTOS/Source/queue.c **** 			}
2279:Middlewares/Third_Party/FreeRTOS/Source/queue.c **** 			else
2280:Middlewares/Third_Party/FreeRTOS/Source/queue.c **** 			{
2281:Middlewares/Third_Party/FreeRTOS/Source/queue.c **** 				break;
2282:Middlewares/Third_Party/FreeRTOS/Source/queue.c **** 			}
2283:Middlewares/Third_Party/FreeRTOS/Source/queue.c **** 		}
2284:Middlewares/Third_Party/FreeRTOS/Source/queue.c **** 
2285:Middlewares/Third_Party/FreeRTOS/Source/queue.c **** 		pxQueue->cRxLock = queueUNLOCKED;
2286:Middlewares/Third_Party/FreeRTOS/Source/queue.c **** 	}
2287:Middlewares/Third_Party/FreeRTOS/Source/queue.c **** 	taskEXIT_CRITICAL();
2288:Middlewares/Third_Party/FreeRTOS/Source/queue.c **** }
2289:Middlewares/Third_Party/FreeRTOS/Source/queue.c **** /*-----------------------------------------------------------*/
2290:Middlewares/Third_Party/FreeRTOS/Source/queue.c **** 
2291:Middlewares/Third_Party/FreeRTOS/Source/queue.c **** static BaseType_t prvIsQueueEmpty( const Queue_t *pxQueue )
2292:Middlewares/Third_Party/FreeRTOS/Source/queue.c **** {
2293:Middlewares/Third_Party/FreeRTOS/Source/queue.c **** BaseType_t xReturn;
2294:Middlewares/Third_Party/FreeRTOS/Source/queue.c **** 
2295:Middlewares/Third_Party/FreeRTOS/Source/queue.c **** 	taskENTER_CRITICAL();
2296:Middlewares/Third_Party/FreeRTOS/Source/queue.c **** 	{
2297:Middlewares/Third_Party/FreeRTOS/Source/queue.c **** 		if( pxQueue->uxMessagesWaiting == ( UBaseType_t )  0 )
2298:Middlewares/Third_Party/FreeRTOS/Source/queue.c **** 		{
2299:Middlewares/Third_Party/FreeRTOS/Source/queue.c **** 			xReturn = pdTRUE;
2300:Middlewares/Third_Party/FreeRTOS/Source/queue.c **** 		}
2301:Middlewares/Third_Party/FreeRTOS/Source/queue.c **** 		else
2302:Middlewares/Third_Party/FreeRTOS/Source/queue.c **** 		{
2303:Middlewares/Third_Party/FreeRTOS/Source/queue.c **** 			xReturn = pdFALSE;
2304:Middlewares/Third_Party/FreeRTOS/Source/queue.c **** 		}
2305:Middlewares/Third_Party/FreeRTOS/Source/queue.c **** 	}
2306:Middlewares/Third_Party/FreeRTOS/Source/queue.c **** 	taskEXIT_CRITICAL();
2307:Middlewares/Third_Party/FreeRTOS/Source/queue.c **** 
2308:Middlewares/Third_Party/FreeRTOS/Source/queue.c **** 	return xReturn;
2309:Middlewares/Third_Party/FreeRTOS/Source/queue.c **** }
2310:Middlewares/Third_Party/FreeRTOS/Source/queue.c **** /*-----------------------------------------------------------*/
2311:Middlewares/Third_Party/FreeRTOS/Source/queue.c **** 
2312:Middlewares/Third_Party/FreeRTOS/Source/queue.c **** BaseType_t xQueueIsQueueEmptyFromISR( const QueueHandle_t xQueue )
2313:Middlewares/Third_Party/FreeRTOS/Source/queue.c **** {
2314:Middlewares/Third_Party/FreeRTOS/Source/queue.c **** BaseType_t xReturn;
2315:Middlewares/Third_Party/FreeRTOS/Source/queue.c **** Queue_t * const pxQueue = xQueue;
2316:Middlewares/Third_Party/FreeRTOS/Source/queue.c **** 
2317:Middlewares/Third_Party/FreeRTOS/Source/queue.c **** 	configASSERT( pxQueue );
2318:Middlewares/Third_Party/FreeRTOS/Source/queue.c **** 	if( pxQueue->uxMessagesWaiting == ( UBaseType_t ) 0 )
2319:Middlewares/Third_Party/FreeRTOS/Source/queue.c **** 	{
2320:Middlewares/Third_Party/FreeRTOS/Source/queue.c **** 		xReturn = pdTRUE;
2321:Middlewares/Third_Party/FreeRTOS/Source/queue.c **** 	}
2322:Middlewares/Third_Party/FreeRTOS/Source/queue.c **** 	else
2323:Middlewares/Third_Party/FreeRTOS/Source/queue.c **** 	{
2324:Middlewares/Third_Party/FreeRTOS/Source/queue.c **** 		xReturn = pdFALSE;
2325:Middlewares/Third_Party/FreeRTOS/Source/queue.c **** 	}
2326:Middlewares/Third_Party/FreeRTOS/Source/queue.c **** 
2327:Middlewares/Third_Party/FreeRTOS/Source/queue.c **** 	return xReturn;
2328:Middlewares/Third_Party/FreeRTOS/Source/queue.c **** } /*lint !e818 xQueue could not be pointer to const because it is a typedef. */
2329:Middlewares/Third_Party/FreeRTOS/Source/queue.c **** /*-----------------------------------------------------------*/
ARM GAS  C:\Users\Asus\AppData\Local\Temp\ccbtHMUK.s 			page 43


2330:Middlewares/Third_Party/FreeRTOS/Source/queue.c **** 
2331:Middlewares/Third_Party/FreeRTOS/Source/queue.c **** static BaseType_t prvIsQueueFull( const Queue_t *pxQueue )
2332:Middlewares/Third_Party/FreeRTOS/Source/queue.c **** {
  69              		.loc 1 2332 1 is_stmt 1 view -0
  70              		.cfi_startproc
  71              		@ args = 0, pretend = 0, frame = 0
  72              		@ frame_needed = 0, uses_anonymous_args = 0
  73              		.loc 1 2332 1 is_stmt 0 view .LVU13
  74 0000 10B5     		push	{r4, lr}
  75              		.cfi_def_cfa_offset 8
  76              		.cfi_offset 4, -8
  77              		.cfi_offset 14, -4
  78 0002 0400     		movs	r4, r0
2333:Middlewares/Third_Party/FreeRTOS/Source/queue.c **** BaseType_t xReturn;
  79              		.loc 1 2333 1 is_stmt 1 view .LVU14
2334:Middlewares/Third_Party/FreeRTOS/Source/queue.c **** 
2335:Middlewares/Third_Party/FreeRTOS/Source/queue.c **** 	taskENTER_CRITICAL();
  80              		.loc 1 2335 2 view .LVU15
  81 0004 FFF7FEFF 		bl	vPortEnterCritical
  82              	.LVL5:
2336:Middlewares/Third_Party/FreeRTOS/Source/queue.c **** 	{
2337:Middlewares/Third_Party/FreeRTOS/Source/queue.c **** 		if( pxQueue->uxMessagesWaiting == pxQueue->uxLength )
  83              		.loc 1 2337 3 view .LVU16
  84              		.loc 1 2337 14 is_stmt 0 view .LVU17
  85 0008 A26B     		ldr	r2, [r4, #56]
  86              		.loc 1 2337 44 view .LVU18
  87 000a E36B     		ldr	r3, [r4, #60]
  88              		.loc 1 2337 5 view .LVU19
  89 000c 9A42     		cmp	r2, r3
  90 000e 04D0     		beq	.L6
2338:Middlewares/Third_Party/FreeRTOS/Source/queue.c **** 		{
2339:Middlewares/Third_Party/FreeRTOS/Source/queue.c **** 			xReturn = pdTRUE;
2340:Middlewares/Third_Party/FreeRTOS/Source/queue.c **** 		}
2341:Middlewares/Third_Party/FreeRTOS/Source/queue.c **** 		else
2342:Middlewares/Third_Party/FreeRTOS/Source/queue.c **** 		{
2343:Middlewares/Third_Party/FreeRTOS/Source/queue.c **** 			xReturn = pdFALSE;
  91              		.loc 1 2343 12 view .LVU20
  92 0010 0024     		movs	r4, #0
  93              	.LVL6:
  94              	.L4:
2344:Middlewares/Third_Party/FreeRTOS/Source/queue.c **** 		}
2345:Middlewares/Third_Party/FreeRTOS/Source/queue.c **** 	}
2346:Middlewares/Third_Party/FreeRTOS/Source/queue.c **** 	taskEXIT_CRITICAL();
  95              		.loc 1 2346 2 is_stmt 1 view .LVU21
  96 0012 FFF7FEFF 		bl	vPortExitCritical
  97              	.LVL7:
2347:Middlewares/Third_Party/FreeRTOS/Source/queue.c **** 
2348:Middlewares/Third_Party/FreeRTOS/Source/queue.c **** 	return xReturn;
  98              		.loc 1 2348 2 view .LVU22
2349:Middlewares/Third_Party/FreeRTOS/Source/queue.c **** }
  99              		.loc 1 2349 1 is_stmt 0 view .LVU23
 100 0016 2000     		movs	r0, r4
 101              		@ sp needed
 102              	.LVL8:
 103              		.loc 1 2349 1 view .LVU24
 104 0018 10BD     		pop	{r4, pc}
 105              	.LVL9:
ARM GAS  C:\Users\Asus\AppData\Local\Temp\ccbtHMUK.s 			page 44


 106              	.L6:
2339:Middlewares/Third_Party/FreeRTOS/Source/queue.c **** 		}
 107              		.loc 1 2339 12 view .LVU25
 108 001a 0124     		movs	r4, #1
 109              	.LVL10:
2339:Middlewares/Third_Party/FreeRTOS/Source/queue.c **** 		}
 110              		.loc 1 2339 12 view .LVU26
 111 001c F9E7     		b	.L4
 112              		.cfi_endproc
 113              	.LFE23:
 115              		.section	.text.prvIsQueueEmpty,"ax",%progbits
 116              		.align	1
 117              		.syntax unified
 118              		.code	16
 119              		.thumb_func
 121              	prvIsQueueEmpty:
 122              	.LVL11:
 123              	.LFB21:
2292:Middlewares/Third_Party/FreeRTOS/Source/queue.c **** BaseType_t xReturn;
 124              		.loc 1 2292 1 is_stmt 1 view -0
 125              		.cfi_startproc
 126              		@ args = 0, pretend = 0, frame = 0
 127              		@ frame_needed = 0, uses_anonymous_args = 0
2292:Middlewares/Third_Party/FreeRTOS/Source/queue.c **** BaseType_t xReturn;
 128              		.loc 1 2292 1 is_stmt 0 view .LVU28
 129 0000 10B5     		push	{r4, lr}
 130              		.cfi_def_cfa_offset 8
 131              		.cfi_offset 4, -8
 132              		.cfi_offset 14, -4
 133 0002 0400     		movs	r4, r0
2293:Middlewares/Third_Party/FreeRTOS/Source/queue.c **** 
 134              		.loc 1 2293 1 is_stmt 1 view .LVU29
2295:Middlewares/Third_Party/FreeRTOS/Source/queue.c **** 	{
 135              		.loc 1 2295 2 view .LVU30
 136 0004 FFF7FEFF 		bl	vPortEnterCritical
 137              	.LVL12:
2297:Middlewares/Third_Party/FreeRTOS/Source/queue.c **** 		{
 138              		.loc 1 2297 3 view .LVU31
2297:Middlewares/Third_Party/FreeRTOS/Source/queue.c **** 		{
 139              		.loc 1 2297 14 is_stmt 0 view .LVU32
 140 0008 A36B     		ldr	r3, [r4, #56]
2297:Middlewares/Third_Party/FreeRTOS/Source/queue.c **** 		{
 141              		.loc 1 2297 5 view .LVU33
 142 000a 002B     		cmp	r3, #0
 143 000c 04D1     		bne	.L9
2299:Middlewares/Third_Party/FreeRTOS/Source/queue.c **** 		}
 144              		.loc 1 2299 12 view .LVU34
 145 000e 0124     		movs	r4, #1
 146              	.LVL13:
 147              	.L8:
2306:Middlewares/Third_Party/FreeRTOS/Source/queue.c **** 
 148              		.loc 1 2306 2 is_stmt 1 view .LVU35
 149 0010 FFF7FEFF 		bl	vPortExitCritical
 150              	.LVL14:
2308:Middlewares/Third_Party/FreeRTOS/Source/queue.c **** }
 151              		.loc 1 2308 2 view .LVU36
2309:Middlewares/Third_Party/FreeRTOS/Source/queue.c **** /*-----------------------------------------------------------*/
ARM GAS  C:\Users\Asus\AppData\Local\Temp\ccbtHMUK.s 			page 45


 152              		.loc 1 2309 1 is_stmt 0 view .LVU37
 153 0014 2000     		movs	r0, r4
 154              		@ sp needed
 155              	.LVL15:
2309:Middlewares/Third_Party/FreeRTOS/Source/queue.c **** /*-----------------------------------------------------------*/
 156              		.loc 1 2309 1 view .LVU38
 157 0016 10BD     		pop	{r4, pc}
 158              	.LVL16:
 159              	.L9:
2303:Middlewares/Third_Party/FreeRTOS/Source/queue.c **** 		}
 160              		.loc 1 2303 12 view .LVU39
 161 0018 0024     		movs	r4, #0
 162              	.LVL17:
2303:Middlewares/Third_Party/FreeRTOS/Source/queue.c **** 		}
 163              		.loc 1 2303 12 view .LVU40
 164 001a F9E7     		b	.L8
 165              		.cfi_endproc
 166              	.LFE21:
 168              		.section	.text.prvCopyDataToQueue,"ax",%progbits
 169              		.align	1
 170              		.syntax unified
 171              		.code	16
 172              		.thumb_func
 174              	prvCopyDataToQueue:
 175              	.LVL18:
 176              	.LFB18:
2075:Middlewares/Third_Party/FreeRTOS/Source/queue.c **** BaseType_t xReturn = pdFALSE;
 177              		.loc 1 2075 1 is_stmt 1 view -0
 178              		.cfi_startproc
 179              		@ args = 0, pretend = 0, frame = 0
 180              		@ frame_needed = 0, uses_anonymous_args = 0
2075:Middlewares/Third_Party/FreeRTOS/Source/queue.c **** BaseType_t xReturn = pdFALSE;
 181              		.loc 1 2075 1 is_stmt 0 view .LVU42
 182 0000 70B5     		push	{r4, r5, r6, lr}
 183              		.cfi_def_cfa_offset 16
 184              		.cfi_offset 4, -16
 185              		.cfi_offset 5, -12
 186              		.cfi_offset 6, -8
 187              		.cfi_offset 14, -4
 188 0002 0400     		movs	r4, r0
 189 0004 1500     		movs	r5, r2
2076:Middlewares/Third_Party/FreeRTOS/Source/queue.c **** UBaseType_t uxMessagesWaiting;
 190              		.loc 1 2076 1 is_stmt 1 view .LVU43
 191              	.LVL19:
2077:Middlewares/Third_Party/FreeRTOS/Source/queue.c **** 
 192              		.loc 1 2077 1 view .LVU44
2081:Middlewares/Third_Party/FreeRTOS/Source/queue.c **** 
 193              		.loc 1 2081 2 view .LVU45
2081:Middlewares/Third_Party/FreeRTOS/Source/queue.c **** 
 194              		.loc 1 2081 20 is_stmt 0 view .LVU46
 195 0006 866B     		ldr	r6, [r0, #56]
 196              	.LVL20:
2083:Middlewares/Third_Party/FreeRTOS/Source/queue.c **** 	{
 197              		.loc 1 2083 2 is_stmt 1 view .LVU47
2083:Middlewares/Third_Party/FreeRTOS/Source/queue.c **** 	{
 198              		.loc 1 2083 13 is_stmt 0 view .LVU48
 199 0008 026C     		ldr	r2, [r0, #64]
ARM GAS  C:\Users\Asus\AppData\Local\Temp\ccbtHMUK.s 			page 46


 200              	.LVL21:
2083:Middlewares/Third_Party/FreeRTOS/Source/queue.c **** 	{
 201              		.loc 1 2083 4 view .LVU49
 202 000a 002A     		cmp	r2, #0
 203 000c 0CD1     		bne	.L11
2087:Middlewares/Third_Party/FreeRTOS/Source/queue.c **** 			{
 204              		.loc 1 2087 4 is_stmt 1 view .LVU50
2087:Middlewares/Third_Party/FreeRTOS/Source/queue.c **** 			{
 205              		.loc 1 2087 15 is_stmt 0 view .LVU51
 206 000e 0368     		ldr	r3, [r0]
2087:Middlewares/Third_Party/FreeRTOS/Source/queue.c **** 			{
 207              		.loc 1 2087 6 view .LVU52
 208 0010 002B     		cmp	r3, #0
 209 0012 03D0     		beq	.L19
2076:Middlewares/Third_Party/FreeRTOS/Source/queue.c **** UBaseType_t uxMessagesWaiting;
 210              		.loc 1 2076 12 view .LVU53
 211 0014 0020     		movs	r0, #0
 212              	.LVL22:
 213              	.L12:
2143:Middlewares/Third_Party/FreeRTOS/Source/queue.c **** 		}
 214              		.loc 1 2143 28 is_stmt 1 view .LVU54
2147:Middlewares/Third_Party/FreeRTOS/Source/queue.c **** 
 215              		.loc 1 2147 2 view .LVU55
2147:Middlewares/Third_Party/FreeRTOS/Source/queue.c **** 
 216              		.loc 1 2147 49 is_stmt 0 view .LVU56
 217 0016 0136     		adds	r6, r6, #1
 218              	.LVL23:
2147:Middlewares/Third_Party/FreeRTOS/Source/queue.c **** 
 219              		.loc 1 2147 29 view .LVU57
 220 0018 A663     		str	r6, [r4, #56]
2149:Middlewares/Third_Party/FreeRTOS/Source/queue.c **** }
 221              		.loc 1 2149 2 is_stmt 1 view .LVU58
2150:Middlewares/Third_Party/FreeRTOS/Source/queue.c **** /*-----------------------------------------------------------*/
 222              		.loc 1 2150 1 is_stmt 0 view .LVU59
 223              		@ sp needed
 224              	.LVL24:
 225              	.LVL25:
 226              	.LVL26:
2150:Middlewares/Third_Party/FreeRTOS/Source/queue.c **** /*-----------------------------------------------------------*/
 227              		.loc 1 2150 1 view .LVU60
 228 001a 70BD     		pop	{r4, r5, r6, pc}
 229              	.LVL27:
 230              	.L19:
2090:Middlewares/Third_Party/FreeRTOS/Source/queue.c **** 				pxQueue->u.xSemaphore.xMutexHolder = NULL;
 231              		.loc 1 2090 5 is_stmt 1 view .LVU61
2090:Middlewares/Third_Party/FreeRTOS/Source/queue.c **** 				pxQueue->u.xSemaphore.xMutexHolder = NULL;
 232              		.loc 1 2090 15 is_stmt 0 view .LVU62
 233 001c 8068     		ldr	r0, [r0, #8]
 234              	.LVL28:
2090:Middlewares/Third_Party/FreeRTOS/Source/queue.c **** 				pxQueue->u.xSemaphore.xMutexHolder = NULL;
 235              		.loc 1 2090 15 view .LVU63
 236 001e FFF7FEFF 		bl	xTaskPriorityDisinherit
 237              	.LVL29:
2091:Middlewares/Third_Party/FreeRTOS/Source/queue.c **** 			}
 238              		.loc 1 2091 5 is_stmt 1 view .LVU64
2091:Middlewares/Third_Party/FreeRTOS/Source/queue.c **** 			}
 239              		.loc 1 2091 40 is_stmt 0 view .LVU65
ARM GAS  C:\Users\Asus\AppData\Local\Temp\ccbtHMUK.s 			page 47


 240 0022 0023     		movs	r3, #0
 241 0024 A360     		str	r3, [r4, #8]
 242 0026 F6E7     		b	.L12
 243              	.LVL30:
 244              	.L11:
2100:Middlewares/Third_Party/FreeRTOS/Source/queue.c **** 	{
 245              		.loc 1 2100 7 is_stmt 1 view .LVU66
2100:Middlewares/Third_Party/FreeRTOS/Source/queue.c **** 	{
 246              		.loc 1 2100 9 is_stmt 0 view .LVU67
 247 0028 002D     		cmp	r5, #0
 248 002a 0DD1     		bne	.L13
2102:Middlewares/Third_Party/FreeRTOS/Source/queue.c **** 		pxQueue->pcWriteTo += pxQueue->uxItemSize; /*lint !e9016 Pointer arithmetic on char types ok, esp
 249              		.loc 1 2102 3 is_stmt 1 view .LVU68
2102:Middlewares/Third_Party/FreeRTOS/Source/queue.c **** 		pxQueue->pcWriteTo += pxQueue->uxItemSize; /*lint !e9016 Pointer arithmetic on char types ok, esp
 250              		.loc 1 2102 38 is_stmt 0 view .LVU69
 251 002c 4068     		ldr	r0, [r0, #4]
 252              	.LVL31:
2102:Middlewares/Third_Party/FreeRTOS/Source/queue.c **** 		pxQueue->pcWriteTo += pxQueue->uxItemSize; /*lint !e9016 Pointer arithmetic on char types ok, esp
 253              		.loc 1 2102 12 view .LVU70
 254 002e FFF7FEFF 		bl	memcpy
 255              	.LVL32:
2103:Middlewares/Third_Party/FreeRTOS/Source/queue.c **** 		if( pxQueue->pcWriteTo >= pxQueue->u.xQueue.pcTail ) /*lint !e946 MISRA exception justified as co
 256              		.loc 1 2103 3 is_stmt 1 view .LVU71
2103:Middlewares/Third_Party/FreeRTOS/Source/queue.c **** 		if( pxQueue->pcWriteTo >= pxQueue->u.xQueue.pcTail ) /*lint !e946 MISRA exception justified as co
 257              		.loc 1 2103 10 is_stmt 0 view .LVU72
 258 0032 6368     		ldr	r3, [r4, #4]
2103:Middlewares/Third_Party/FreeRTOS/Source/queue.c **** 		if( pxQueue->pcWriteTo >= pxQueue->u.xQueue.pcTail ) /*lint !e946 MISRA exception justified as co
 259              		.loc 1 2103 32 view .LVU73
 260 0034 226C     		ldr	r2, [r4, #64]
2103:Middlewares/Third_Party/FreeRTOS/Source/queue.c **** 		if( pxQueue->pcWriteTo >= pxQueue->u.xQueue.pcTail ) /*lint !e946 MISRA exception justified as co
 261              		.loc 1 2103 22 view .LVU74
 262 0036 9B18     		adds	r3, r3, r2
 263 0038 6360     		str	r3, [r4, #4]
2104:Middlewares/Third_Party/FreeRTOS/Source/queue.c **** 		{
 264              		.loc 1 2104 3 is_stmt 1 view .LVU75
2104:Middlewares/Third_Party/FreeRTOS/Source/queue.c **** 		{
 265              		.loc 1 2104 46 is_stmt 0 view .LVU76
 266 003a A268     		ldr	r2, [r4, #8]
2104:Middlewares/Third_Party/FreeRTOS/Source/queue.c **** 		{
 267              		.loc 1 2104 5 view .LVU77
 268 003c 9342     		cmp	r3, r2
 269 003e 1AD3     		bcc	.L16
2106:Middlewares/Third_Party/FreeRTOS/Source/queue.c **** 		}
 270              		.loc 1 2106 4 is_stmt 1 view .LVU78
2106:Middlewares/Third_Party/FreeRTOS/Source/queue.c **** 		}
 271              		.loc 1 2106 32 is_stmt 0 view .LVU79
 272 0040 2368     		ldr	r3, [r4]
2106:Middlewares/Third_Party/FreeRTOS/Source/queue.c **** 		}
 273              		.loc 1 2106 23 view .LVU80
 274 0042 6360     		str	r3, [r4, #4]
2076:Middlewares/Third_Party/FreeRTOS/Source/queue.c **** UBaseType_t uxMessagesWaiting;
 275              		.loc 1 2076 12 view .LVU81
 276 0044 2800     		movs	r0, r5
 277 0046 E6E7     		b	.L12
 278              	.LVL33:
 279              	.L13:
2115:Middlewares/Third_Party/FreeRTOS/Source/queue.c **** 		pxQueue->u.xQueue.pcReadFrom -= pxQueue->uxItemSize;
ARM GAS  C:\Users\Asus\AppData\Local\Temp\ccbtHMUK.s 			page 48


 280              		.loc 1 2115 3 is_stmt 1 view .LVU82
2115:Middlewares/Third_Party/FreeRTOS/Source/queue.c **** 		pxQueue->u.xQueue.pcReadFrom -= pxQueue->uxItemSize;
 281              		.loc 1 2115 48 is_stmt 0 view .LVU83
 282 0048 C068     		ldr	r0, [r0, #12]
 283              	.LVL34:
2115:Middlewares/Third_Party/FreeRTOS/Source/queue.c **** 		pxQueue->u.xQueue.pcReadFrom -= pxQueue->uxItemSize;
 284              		.loc 1 2115 12 view .LVU84
 285 004a FFF7FEFF 		bl	memcpy
 286              	.LVL35:
2116:Middlewares/Third_Party/FreeRTOS/Source/queue.c **** 		if( pxQueue->u.xQueue.pcReadFrom < pxQueue->pcHead ) /*lint !e946 MISRA exception justified as co
 287              		.loc 1 2116 3 is_stmt 1 view .LVU85
2116:Middlewares/Third_Party/FreeRTOS/Source/queue.c **** 		if( pxQueue->u.xQueue.pcReadFrom < pxQueue->pcHead ) /*lint !e946 MISRA exception justified as co
 288              		.loc 1 2116 20 is_stmt 0 view .LVU86
 289 004e E368     		ldr	r3, [r4, #12]
2116:Middlewares/Third_Party/FreeRTOS/Source/queue.c **** 		if( pxQueue->u.xQueue.pcReadFrom < pxQueue->pcHead ) /*lint !e946 MISRA exception justified as co
 290              		.loc 1 2116 42 view .LVU87
 291 0050 226C     		ldr	r2, [r4, #64]
2116:Middlewares/Third_Party/FreeRTOS/Source/queue.c **** 		if( pxQueue->u.xQueue.pcReadFrom < pxQueue->pcHead ) /*lint !e946 MISRA exception justified as co
 292              		.loc 1 2116 32 view .LVU88
 293 0052 5142     		rsbs	r1, r2, #0
 294 0054 9B1A     		subs	r3, r3, r2
 295 0056 E360     		str	r3, [r4, #12]
2117:Middlewares/Third_Party/FreeRTOS/Source/queue.c **** 		{
 296              		.loc 1 2117 3 is_stmt 1 view .LVU89
2117:Middlewares/Third_Party/FreeRTOS/Source/queue.c **** 		{
 297              		.loc 1 2117 45 is_stmt 0 view .LVU90
 298 0058 2268     		ldr	r2, [r4]
2117:Middlewares/Third_Party/FreeRTOS/Source/queue.c **** 		{
 299              		.loc 1 2117 5 view .LVU91
 300 005a 9342     		cmp	r3, r2
 301 005c 02D2     		bcs	.L14
2119:Middlewares/Third_Party/FreeRTOS/Source/queue.c **** 		}
 302              		.loc 1 2119 4 is_stmt 1 view .LVU92
2119:Middlewares/Third_Party/FreeRTOS/Source/queue.c **** 		}
 303              		.loc 1 2119 54 is_stmt 0 view .LVU93
 304 005e A368     		ldr	r3, [r4, #8]
2119:Middlewares/Third_Party/FreeRTOS/Source/queue.c **** 		}
 305              		.loc 1 2119 62 view .LVU94
 306 0060 5B18     		adds	r3, r3, r1
2119:Middlewares/Third_Party/FreeRTOS/Source/queue.c **** 		}
 307              		.loc 1 2119 33 view .LVU95
 308 0062 E360     		str	r3, [r4, #12]
 309              	.L14:
2123:Middlewares/Third_Party/FreeRTOS/Source/queue.c **** 		}
 310              		.loc 1 2123 28 is_stmt 1 view .LVU96
2126:Middlewares/Third_Party/FreeRTOS/Source/queue.c **** 		{
 311              		.loc 1 2126 3 view .LVU97
2126:Middlewares/Third_Party/FreeRTOS/Source/queue.c **** 		{
 312              		.loc 1 2126 5 is_stmt 0 view .LVU98
 313 0064 022D     		cmp	r5, #2
 314 0066 01D0     		beq	.L20
2076:Middlewares/Third_Party/FreeRTOS/Source/queue.c **** UBaseType_t uxMessagesWaiting;
 315              		.loc 1 2076 12 view .LVU99
 316 0068 0020     		movs	r0, #0
 317 006a D4E7     		b	.L12
 318              	.L20:
2128:Middlewares/Third_Party/FreeRTOS/Source/queue.c **** 			{
ARM GAS  C:\Users\Asus\AppData\Local\Temp\ccbtHMUK.s 			page 49


 319              		.loc 1 2128 4 is_stmt 1 view .LVU100
2128:Middlewares/Third_Party/FreeRTOS/Source/queue.c **** 			{
 320              		.loc 1 2128 6 is_stmt 0 view .LVU101
 321 006c 002E     		cmp	r6, #0
 322 006e 04D0     		beq	.L18
2134:Middlewares/Third_Party/FreeRTOS/Source/queue.c **** 			}
 323              		.loc 1 2134 5 is_stmt 1 view .LVU102
 324 0070 013E     		subs	r6, r6, #1
 325              	.LVL36:
2076:Middlewares/Third_Party/FreeRTOS/Source/queue.c **** UBaseType_t uxMessagesWaiting;
 326              		.loc 1 2076 12 is_stmt 0 view .LVU103
 327 0072 0020     		movs	r0, #0
 328 0074 CFE7     		b	.L12
 329              	.L16:
2076:Middlewares/Third_Party/FreeRTOS/Source/queue.c **** UBaseType_t uxMessagesWaiting;
 330              		.loc 1 2076 12 view .LVU104
 331 0076 2800     		movs	r0, r5
 332 0078 CDE7     		b	.L12
 333              	.L18:
2076:Middlewares/Third_Party/FreeRTOS/Source/queue.c **** UBaseType_t uxMessagesWaiting;
 334              		.loc 1 2076 12 view .LVU105
 335 007a 0020     		movs	r0, #0
 336 007c CBE7     		b	.L12
 337              		.cfi_endproc
 338              	.LFE18:
 340              		.section	.text.prvCopyDataFromQueue,"ax",%progbits
 341              		.align	1
 342              		.syntax unified
 343              		.code	16
 344              		.thumb_func
 346              	prvCopyDataFromQueue:
 347              	.LVL37:
 348              	.LFB19:
2154:Middlewares/Third_Party/FreeRTOS/Source/queue.c **** 	if( pxQueue->uxItemSize != ( UBaseType_t ) 0 )
 349              		.loc 1 2154 1 is_stmt 1 view -0
 350              		.cfi_startproc
 351              		@ args = 0, pretend = 0, frame = 0
 352              		@ frame_needed = 0, uses_anonymous_args = 0
2154:Middlewares/Third_Party/FreeRTOS/Source/queue.c **** 	if( pxQueue->uxItemSize != ( UBaseType_t ) 0 )
 353              		.loc 1 2154 1 is_stmt 0 view .LVU107
 354 0000 10B5     		push	{r4, lr}
 355              		.cfi_def_cfa_offset 8
 356              		.cfi_offset 4, -8
 357              		.cfi_offset 14, -4
 358 0002 0300     		movs	r3, r0
 359 0004 0800     		movs	r0, r1
 360              	.LVL38:
2155:Middlewares/Third_Party/FreeRTOS/Source/queue.c **** 	{
 361              		.loc 1 2155 2 is_stmt 1 view .LVU108
2155:Middlewares/Third_Party/FreeRTOS/Source/queue.c **** 	{
 362              		.loc 1 2155 13 is_stmt 0 view .LVU109
 363 0006 1A6C     		ldr	r2, [r3, #64]
2155:Middlewares/Third_Party/FreeRTOS/Source/queue.c **** 	{
 364              		.loc 1 2155 4 view .LVU110
 365 0008 002A     		cmp	r2, #0
 366 000a 0AD0     		beq	.L21
2157:Middlewares/Third_Party/FreeRTOS/Source/queue.c **** 		if( pxQueue->u.xQueue.pcReadFrom >= pxQueue->u.xQueue.pcTail ) /*lint !e946 MISRA exception justi
ARM GAS  C:\Users\Asus\AppData\Local\Temp\ccbtHMUK.s 			page 50


 367              		.loc 1 2157 3 is_stmt 1 view .LVU111
2157:Middlewares/Third_Party/FreeRTOS/Source/queue.c **** 		if( pxQueue->u.xQueue.pcReadFrom >= pxQueue->u.xQueue.pcTail ) /*lint !e946 MISRA exception justi
 368              		.loc 1 2157 20 is_stmt 0 view .LVU112
 369 000c DC68     		ldr	r4, [r3, #12]
2157:Middlewares/Third_Party/FreeRTOS/Source/queue.c **** 		if( pxQueue->u.xQueue.pcReadFrom >= pxQueue->u.xQueue.pcTail ) /*lint !e946 MISRA exception justi
 370              		.loc 1 2157 32 view .LVU113
 371 000e A418     		adds	r4, r4, r2
 372 0010 DC60     		str	r4, [r3, #12]
2158:Middlewares/Third_Party/FreeRTOS/Source/queue.c **** 		{
 373              		.loc 1 2158 3 is_stmt 1 view .LVU114
2158:Middlewares/Third_Party/FreeRTOS/Source/queue.c **** 		{
 374              		.loc 1 2158 56 is_stmt 0 view .LVU115
 375 0012 9968     		ldr	r1, [r3, #8]
 376              	.LVL39:
2158:Middlewares/Third_Party/FreeRTOS/Source/queue.c **** 		{
 377              		.loc 1 2158 5 view .LVU116
 378 0014 8C42     		cmp	r4, r1
 379 0016 01D3     		bcc	.L23
2160:Middlewares/Third_Party/FreeRTOS/Source/queue.c **** 		}
 380              		.loc 1 2160 4 is_stmt 1 view .LVU117
2160:Middlewares/Third_Party/FreeRTOS/Source/queue.c **** 		}
 381              		.loc 1 2160 42 is_stmt 0 view .LVU118
 382 0018 1968     		ldr	r1, [r3]
2160:Middlewares/Third_Party/FreeRTOS/Source/queue.c **** 		}
 383              		.loc 1 2160 33 view .LVU119
 384 001a D960     		str	r1, [r3, #12]
 385              	.L23:
2164:Middlewares/Third_Party/FreeRTOS/Source/queue.c **** 		}
 386              		.loc 1 2164 28 is_stmt 1 view .LVU120
2166:Middlewares/Third_Party/FreeRTOS/Source/queue.c **** 	}
 387              		.loc 1 2166 3 view .LVU121
2166:Middlewares/Third_Party/FreeRTOS/Source/queue.c **** 	}
 388              		.loc 1 2166 69 is_stmt 0 view .LVU122
 389 001c D968     		ldr	r1, [r3, #12]
2166:Middlewares/Third_Party/FreeRTOS/Source/queue.c **** 	}
 390              		.loc 1 2166 12 view .LVU123
 391 001e FFF7FEFF 		bl	memcpy
 392              	.LVL40:
 393              	.L21:
2168:Middlewares/Third_Party/FreeRTOS/Source/queue.c **** /*-----------------------------------------------------------*/
 394              		.loc 1 2168 1 view .LVU124
 395              		@ sp needed
 396 0022 10BD     		pop	{r4, pc}
 397              		.cfi_endproc
 398              	.LFE19:
 400              		.section	.text.prvUnlockQueue,"ax",%progbits
 401              		.align	1
 402              		.syntax unified
 403              		.code	16
 404              		.thumb_func
 406              	prvUnlockQueue:
 407              	.LVL41:
 408              	.LFB20:
2172:Middlewares/Third_Party/FreeRTOS/Source/queue.c **** 	/* THIS FUNCTION MUST BE CALLED WITH THE SCHEDULER SUSPENDED. */
 409              		.loc 1 2172 1 is_stmt 1 view -0
 410              		.cfi_startproc
 411              		@ args = 0, pretend = 0, frame = 0
ARM GAS  C:\Users\Asus\AppData\Local\Temp\ccbtHMUK.s 			page 51


 412              		@ frame_needed = 0, uses_anonymous_args = 0
2172:Middlewares/Third_Party/FreeRTOS/Source/queue.c **** 	/* THIS FUNCTION MUST BE CALLED WITH THE SCHEDULER SUSPENDED. */
 413              		.loc 1 2172 1 is_stmt 0 view .LVU126
 414 0000 70B5     		push	{r4, r5, r6, lr}
 415              		.cfi_def_cfa_offset 16
 416              		.cfi_offset 4, -16
 417              		.cfi_offset 5, -12
 418              		.cfi_offset 6, -8
 419              		.cfi_offset 14, -4
 420 0002 0500     		movs	r5, r0
2179:Middlewares/Third_Party/FreeRTOS/Source/queue.c **** 	{
 421              		.loc 1 2179 2 is_stmt 1 view .LVU127
 422 0004 FFF7FEFF 		bl	vPortEnterCritical
 423              	.LVL42:
 424              	.LBB2:
2181:Middlewares/Third_Party/FreeRTOS/Source/queue.c **** 
 425              		.loc 1 2181 3 view .LVU128
2181:Middlewares/Third_Party/FreeRTOS/Source/queue.c **** 
 426              		.loc 1 2181 10 is_stmt 0 view .LVU129
 427 0008 4523     		movs	r3, #69
 428 000a EC5C     		ldrb	r4, [r5, r3]
 429 000c 64B2     		sxtb	r4, r4
 430              	.LVL43:
2184:Middlewares/Third_Party/FreeRTOS/Source/queue.c **** 		{
 431              		.loc 1 2184 3 is_stmt 1 view .LVU130
2184:Middlewares/Third_Party/FreeRTOS/Source/queue.c **** 		{
 432              		.loc 1 2184 8 is_stmt 0 view .LVU131
 433 000e 01E0     		b	.L25
 434              	.L27:
2242:Middlewares/Third_Party/FreeRTOS/Source/queue.c **** 					}
 435              		.loc 1 2242 31 is_stmt 1 view .LVU132
2252:Middlewares/Third_Party/FreeRTOS/Source/queue.c **** 		}
 436              		.loc 1 2252 4 view .LVU133
 437 0010 013C     		subs	r4, r4, #1
 438              	.LVL44:
2252:Middlewares/Third_Party/FreeRTOS/Source/queue.c **** 		}
 439              		.loc 1 2252 4 is_stmt 0 view .LVU134
 440 0012 64B2     		sxtb	r4, r4
 441              	.LVL45:
 442              	.L25:
2184:Middlewares/Third_Party/FreeRTOS/Source/queue.c **** 		{
 443              		.loc 1 2184 18 is_stmt 1 view .LVU135
 444 0014 002C     		cmp	r4, #0
 445 0016 0BDD     		ble	.L26
2232:Middlewares/Third_Party/FreeRTOS/Source/queue.c **** 				{
 446              		.loc 1 2232 5 view .LVU136
2232:Middlewares/Third_Party/FreeRTOS/Source/queue.c **** 				{
 447              		.loc 1 2232 9 is_stmt 0 view .LVU137
 448 0018 6B6A     		ldr	r3, [r5, #36]
2232:Middlewares/Third_Party/FreeRTOS/Source/queue.c **** 				{
 449              		.loc 1 2232 7 view .LVU138
 450 001a 002B     		cmp	r3, #0
 451 001c 08D0     		beq	.L26
2234:Middlewares/Third_Party/FreeRTOS/Source/queue.c **** 					{
 452              		.loc 1 2234 6 is_stmt 1 view .LVU139
2234:Middlewares/Third_Party/FreeRTOS/Source/queue.c **** 					{
 453              		.loc 1 2234 36 is_stmt 0 view .LVU140
ARM GAS  C:\Users\Asus\AppData\Local\Temp\ccbtHMUK.s 			page 52


 454 001e 2800     		movs	r0, r5
 455 0020 2430     		adds	r0, r0, #36
2234:Middlewares/Third_Party/FreeRTOS/Source/queue.c **** 					{
 456              		.loc 1 2234 10 view .LVU141
 457 0022 FFF7FEFF 		bl	xTaskRemoveFromEventList
 458              	.LVL46:
2234:Middlewares/Third_Party/FreeRTOS/Source/queue.c **** 					{
 459              		.loc 1 2234 8 view .LVU142
 460 0026 0028     		cmp	r0, #0
 461 0028 F2D0     		beq	.L27
2238:Middlewares/Third_Party/FreeRTOS/Source/queue.c **** 					}
 462              		.loc 1 2238 7 is_stmt 1 view .LVU143
 463 002a FFF7FEFF 		bl	vTaskMissedYield
 464              	.LVL47:
 465 002e EFE7     		b	.L27
 466              	.L26:
2255:Middlewares/Third_Party/FreeRTOS/Source/queue.c **** 	}
 467              		.loc 1 2255 3 view .LVU144
2255:Middlewares/Third_Party/FreeRTOS/Source/queue.c **** 	}
 468              		.loc 1 2255 20 is_stmt 0 view .LVU145
 469 0030 4523     		movs	r3, #69
 470 0032 FF22     		movs	r2, #255
 471 0034 EA54     		strb	r2, [r5, r3]
 472              	.LBE2:
2257:Middlewares/Third_Party/FreeRTOS/Source/queue.c **** 
 473              		.loc 1 2257 2 is_stmt 1 view .LVU146
 474 0036 FFF7FEFF 		bl	vPortExitCritical
 475              	.LVL48:
2260:Middlewares/Third_Party/FreeRTOS/Source/queue.c **** 	{
 476              		.loc 1 2260 2 view .LVU147
 477 003a FFF7FEFF 		bl	vPortEnterCritical
 478              	.LVL49:
 479              	.LBB3:
2262:Middlewares/Third_Party/FreeRTOS/Source/queue.c **** 
 480              		.loc 1 2262 3 view .LVU148
2262:Middlewares/Third_Party/FreeRTOS/Source/queue.c **** 
 481              		.loc 1 2262 10 is_stmt 0 view .LVU149
 482 003e 4423     		movs	r3, #68
 483 0040 EC5C     		ldrb	r4, [r5, r3]
 484              	.LVL50:
2262:Middlewares/Third_Party/FreeRTOS/Source/queue.c **** 
 485              		.loc 1 2262 10 view .LVU150
 486 0042 64B2     		sxtb	r4, r4
 487              	.LVL51:
2264:Middlewares/Third_Party/FreeRTOS/Source/queue.c **** 		{
 488              		.loc 1 2264 3 is_stmt 1 view .LVU151
2264:Middlewares/Third_Party/FreeRTOS/Source/queue.c **** 		{
 489              		.loc 1 2264 8 is_stmt 0 view .LVU152
 490 0044 01E0     		b	.L29
 491              	.L31:
2274:Middlewares/Third_Party/FreeRTOS/Source/queue.c **** 				}
 492              		.loc 1 2274 30 is_stmt 1 view .LVU153
2277:Middlewares/Third_Party/FreeRTOS/Source/queue.c **** 			}
 493              		.loc 1 2277 5 view .LVU154
 494 0046 013C     		subs	r4, r4, #1
 495              	.LVL52:
2277:Middlewares/Third_Party/FreeRTOS/Source/queue.c **** 			}
ARM GAS  C:\Users\Asus\AppData\Local\Temp\ccbtHMUK.s 			page 53


 496              		.loc 1 2277 5 is_stmt 0 view .LVU155
 497 0048 64B2     		sxtb	r4, r4
 498              	.LVL53:
 499              	.L29:
2264:Middlewares/Third_Party/FreeRTOS/Source/queue.c **** 		{
 500              		.loc 1 2264 18 is_stmt 1 view .LVU156
 501 004a 002C     		cmp	r4, #0
 502 004c 0BDD     		ble	.L30
2266:Middlewares/Third_Party/FreeRTOS/Source/queue.c **** 			{
 503              		.loc 1 2266 4 view .LVU157
2266:Middlewares/Third_Party/FreeRTOS/Source/queue.c **** 			{
 504              		.loc 1 2266 8 is_stmt 0 view .LVU158
 505 004e 2B69     		ldr	r3, [r5, #16]
2266:Middlewares/Third_Party/FreeRTOS/Source/queue.c **** 			{
 506              		.loc 1 2266 6 view .LVU159
 507 0050 002B     		cmp	r3, #0
 508 0052 08D0     		beq	.L30
2268:Middlewares/Third_Party/FreeRTOS/Source/queue.c **** 				{
 509              		.loc 1 2268 5 is_stmt 1 view .LVU160
2268:Middlewares/Third_Party/FreeRTOS/Source/queue.c **** 				{
 510              		.loc 1 2268 35 is_stmt 0 view .LVU161
 511 0054 2800     		movs	r0, r5
 512 0056 1030     		adds	r0, r0, #16
2268:Middlewares/Third_Party/FreeRTOS/Source/queue.c **** 				{
 513              		.loc 1 2268 9 view .LVU162
 514 0058 FFF7FEFF 		bl	xTaskRemoveFromEventList
 515              	.LVL54:
2268:Middlewares/Third_Party/FreeRTOS/Source/queue.c **** 				{
 516              		.loc 1 2268 7 view .LVU163
 517 005c 0028     		cmp	r0, #0
 518 005e F2D0     		beq	.L31
2270:Middlewares/Third_Party/FreeRTOS/Source/queue.c **** 				}
 519              		.loc 1 2270 6 is_stmt 1 view .LVU164
 520 0060 FFF7FEFF 		bl	vTaskMissedYield
 521              	.LVL55:
 522 0064 EFE7     		b	.L31
 523              	.L30:
2285:Middlewares/Third_Party/FreeRTOS/Source/queue.c **** 	}
 524              		.loc 1 2285 3 view .LVU165
2285:Middlewares/Third_Party/FreeRTOS/Source/queue.c **** 	}
 525              		.loc 1 2285 20 is_stmt 0 view .LVU166
 526 0066 4423     		movs	r3, #68
 527 0068 FF22     		movs	r2, #255
 528 006a EA54     		strb	r2, [r5, r3]
 529              	.LBE3:
2287:Middlewares/Third_Party/FreeRTOS/Source/queue.c **** }
 530              		.loc 1 2287 2 is_stmt 1 view .LVU167
 531 006c FFF7FEFF 		bl	vPortExitCritical
 532              	.LVL56:
2288:Middlewares/Third_Party/FreeRTOS/Source/queue.c **** /*-----------------------------------------------------------*/
 533              		.loc 1 2288 1 is_stmt 0 view .LVU168
 534              		@ sp needed
 535              	.LVL57:
 536              	.LVL58:
2288:Middlewares/Third_Party/FreeRTOS/Source/queue.c **** /*-----------------------------------------------------------*/
 537              		.loc 1 2288 1 view .LVU169
 538 0070 70BD     		pop	{r4, r5, r6, pc}
ARM GAS  C:\Users\Asus\AppData\Local\Temp\ccbtHMUK.s 			page 54


 539              		.cfi_endproc
 540              	.LFE20:
 542              		.section	.text.xQueueGenericReset,"ax",%progbits
 543              		.align	1
 544              		.global	xQueueGenericReset
 545              		.syntax unified
 546              		.code	16
 547              		.thumb_func
 549              	xQueueGenericReset:
 550              	.LVL59:
 551              	.LFB0:
 256:Middlewares/Third_Party/FreeRTOS/Source/queue.c **** Queue_t * const pxQueue = xQueue;
 552              		.loc 1 256 1 is_stmt 1 view -0
 553              		.cfi_startproc
 554              		@ args = 0, pretend = 0, frame = 0
 555              		@ frame_needed = 0, uses_anonymous_args = 0
 256:Middlewares/Third_Party/FreeRTOS/Source/queue.c **** Queue_t * const pxQueue = xQueue;
 556              		.loc 1 256 1 is_stmt 0 view .LVU171
 557 0000 70B5     		push	{r4, r5, r6, lr}
 558              		.cfi_def_cfa_offset 16
 559              		.cfi_offset 4, -16
 560              		.cfi_offset 5, -12
 561              		.cfi_offset 6, -8
 562              		.cfi_offset 14, -4
 563 0002 0400     		movs	r4, r0
 564 0004 0D00     		movs	r5, r1
 257:Middlewares/Third_Party/FreeRTOS/Source/queue.c **** 
 565              		.loc 1 257 1 is_stmt 1 view .LVU172
 566              	.LVL60:
 259:Middlewares/Third_Party/FreeRTOS/Source/queue.c **** 
 567              		.loc 1 259 2 view .LVU173
 568 0006 0028     		cmp	r0, #0
 569 0008 1DD0     		beq	.L38
 259:Middlewares/Third_Party/FreeRTOS/Source/queue.c **** 
 570              		.loc 1 259 25 discriminator 2 view .LVU174
 261:Middlewares/Third_Party/FreeRTOS/Source/queue.c **** 	{
 571              		.loc 1 261 2 discriminator 2 view .LVU175
 572 000a FFF7FEFF 		bl	vPortEnterCritical
 573              	.LVL61:
 263:Middlewares/Third_Party/FreeRTOS/Source/queue.c **** 		pxQueue->uxMessagesWaiting = ( UBaseType_t ) 0U;
 574              		.loc 1 263 3 discriminator 2 view .LVU176
 263:Middlewares/Third_Party/FreeRTOS/Source/queue.c **** 		pxQueue->uxMessagesWaiting = ( UBaseType_t ) 0U;
 575              		.loc 1 263 37 is_stmt 0 discriminator 2 view .LVU177
 576 000e 2268     		ldr	r2, [r4]
 263:Middlewares/Third_Party/FreeRTOS/Source/queue.c **** 		pxQueue->uxMessagesWaiting = ( UBaseType_t ) 0U;
 577              		.loc 1 263 57 discriminator 2 view .LVU178
 578 0010 E36B     		ldr	r3, [r4, #60]
 263:Middlewares/Third_Party/FreeRTOS/Source/queue.c **** 		pxQueue->uxMessagesWaiting = ( UBaseType_t ) 0U;
 579              		.loc 1 263 77 discriminator 2 view .LVU179
 580 0012 206C     		ldr	r0, [r4, #64]
 263:Middlewares/Third_Party/FreeRTOS/Source/queue.c **** 		pxQueue->uxMessagesWaiting = ( UBaseType_t ) 0U;
 581              		.loc 1 263 68 discriminator 2 view .LVU180
 582 0014 0100     		movs	r1, r0
 583 0016 5943     		muls	r1, r3
 263:Middlewares/Third_Party/FreeRTOS/Source/queue.c **** 		pxQueue->uxMessagesWaiting = ( UBaseType_t ) 0U;
 584              		.loc 1 263 46 discriminator 2 view .LVU181
 585 0018 5118     		adds	r1, r2, r1
ARM GAS  C:\Users\Asus\AppData\Local\Temp\ccbtHMUK.s 			page 55


 263:Middlewares/Third_Party/FreeRTOS/Source/queue.c **** 		pxQueue->uxMessagesWaiting = ( UBaseType_t ) 0U;
 586              		.loc 1 263 28 discriminator 2 view .LVU182
 587 001a A160     		str	r1, [r4, #8]
 264:Middlewares/Third_Party/FreeRTOS/Source/queue.c **** 		pxQueue->pcWriteTo = pxQueue->pcHead;
 588              		.loc 1 264 3 is_stmt 1 discriminator 2 view .LVU183
 264:Middlewares/Third_Party/FreeRTOS/Source/queue.c **** 		pxQueue->pcWriteTo = pxQueue->pcHead;
 589              		.loc 1 264 30 is_stmt 0 discriminator 2 view .LVU184
 590 001c 0021     		movs	r1, #0
 591 001e A163     		str	r1, [r4, #56]
 265:Middlewares/Third_Party/FreeRTOS/Source/queue.c **** 		pxQueue->u.xQueue.pcReadFrom = pxQueue->pcHead + ( ( pxQueue->uxLength - 1U ) * pxQueue->uxItemSi
 592              		.loc 1 265 3 is_stmt 1 discriminator 2 view .LVU185
 265:Middlewares/Third_Party/FreeRTOS/Source/queue.c **** 		pxQueue->u.xQueue.pcReadFrom = pxQueue->pcHead + ( ( pxQueue->uxLength - 1U ) * pxQueue->uxItemSi
 593              		.loc 1 265 22 is_stmt 0 discriminator 2 view .LVU186
 594 0020 6260     		str	r2, [r4, #4]
 266:Middlewares/Third_Party/FreeRTOS/Source/queue.c **** 		pxQueue->cRxLock = queueUNLOCKED;
 595              		.loc 1 266 3 is_stmt 1 discriminator 2 view .LVU187
 266:Middlewares/Third_Party/FreeRTOS/Source/queue.c **** 		pxQueue->cRxLock = queueUNLOCKED;
 596              		.loc 1 266 74 is_stmt 0 discriminator 2 view .LVU188
 597 0022 013B     		subs	r3, r3, #1
 266:Middlewares/Third_Party/FreeRTOS/Source/queue.c **** 		pxQueue->cRxLock = queueUNLOCKED;
 598              		.loc 1 266 81 discriminator 2 view .LVU189
 599 0024 4343     		muls	r3, r0
 266:Middlewares/Third_Party/FreeRTOS/Source/queue.c **** 		pxQueue->cRxLock = queueUNLOCKED;
 600              		.loc 1 266 50 discriminator 2 view .LVU190
 601 0026 D218     		adds	r2, r2, r3
 266:Middlewares/Third_Party/FreeRTOS/Source/queue.c **** 		pxQueue->cRxLock = queueUNLOCKED;
 602              		.loc 1 266 32 discriminator 2 view .LVU191
 603 0028 E260     		str	r2, [r4, #12]
 267:Middlewares/Third_Party/FreeRTOS/Source/queue.c **** 		pxQueue->cTxLock = queueUNLOCKED;
 604              		.loc 1 267 3 is_stmt 1 discriminator 2 view .LVU192
 267:Middlewares/Third_Party/FreeRTOS/Source/queue.c **** 		pxQueue->cTxLock = queueUNLOCKED;
 605              		.loc 1 267 20 is_stmt 0 discriminator 2 view .LVU193
 606 002a FF23     		movs	r3, #255
 607 002c 4422     		movs	r2, #68
 608 002e A354     		strb	r3, [r4, r2]
 268:Middlewares/Third_Party/FreeRTOS/Source/queue.c **** 
 609              		.loc 1 268 3 is_stmt 1 discriminator 2 view .LVU194
 268:Middlewares/Third_Party/FreeRTOS/Source/queue.c **** 
 610              		.loc 1 268 20 is_stmt 0 discriminator 2 view .LVU195
 611 0030 0132     		adds	r2, r2, #1
 612 0032 A354     		strb	r3, [r4, r2]
 270:Middlewares/Third_Party/FreeRTOS/Source/queue.c **** 		{
 613              		.loc 1 270 3 is_stmt 1 discriminator 2 view .LVU196
 270:Middlewares/Third_Party/FreeRTOS/Source/queue.c **** 		{
 614              		.loc 1 270 5 is_stmt 0 discriminator 2 view .LVU197
 615 0034 002D     		cmp	r5, #0
 616 0036 11D1     		bne	.L36
 277:Middlewares/Third_Party/FreeRTOS/Source/queue.c **** 			{
 617              		.loc 1 277 4 is_stmt 1 view .LVU198
 277:Middlewares/Third_Party/FreeRTOS/Source/queue.c **** 			{
 618              		.loc 1 277 8 is_stmt 0 view .LVU199
 619 0038 2369     		ldr	r3, [r4, #16]
 277:Middlewares/Third_Party/FreeRTOS/Source/queue.c **** 			{
 620              		.loc 1 277 6 view .LVU200
 621 003a 002B     		cmp	r3, #0
 622 003c 05D1     		bne	.L39
 623              	.L37:
ARM GAS  C:\Users\Asus\AppData\Local\Temp\ccbtHMUK.s 			page 56


 300:Middlewares/Third_Party/FreeRTOS/Source/queue.c **** 
 624              		.loc 1 300 2 is_stmt 1 view .LVU201
 625 003e FFF7FEFF 		bl	vPortExitCritical
 626              	.LVL62:
 304:Middlewares/Third_Party/FreeRTOS/Source/queue.c **** }
 627              		.loc 1 304 2 view .LVU202
 305:Middlewares/Third_Party/FreeRTOS/Source/queue.c **** /*-----------------------------------------------------------*/
 628              		.loc 1 305 1 is_stmt 0 view .LVU203
 629 0042 0120     		movs	r0, #1
 630              		@ sp needed
 631              	.LVL63:
 632              	.LVL64:
 305:Middlewares/Third_Party/FreeRTOS/Source/queue.c **** /*-----------------------------------------------------------*/
 633              		.loc 1 305 1 view .LVU204
 634 0044 70BD     		pop	{r4, r5, r6, pc}
 635              	.LVL65:
 636              	.L38:
 259:Middlewares/Third_Party/FreeRTOS/Source/queue.c **** 
 637              		.loc 1 259 2 is_stmt 1 discriminator 1 view .LVU205
 638              		.syntax divided
 639              	@ 259 "Middlewares/Third_Party/FreeRTOS/Source/queue.c" 1
 640 0046 72B6     		 cpsid i 
 641              	@ 0 "" 2
 642              		.thumb
 643              		.syntax unified
 644              	.L35:
 259:Middlewares/Third_Party/FreeRTOS/Source/queue.c **** 
 645              		.loc 1 259 2 discriminator 1 view .LVU206
 259:Middlewares/Third_Party/FreeRTOS/Source/queue.c **** 
 646              		.loc 1 259 2 discriminator 1 view .LVU207
 647 0048 FEE7     		b	.L35
 648              	.LVL66:
 649              	.L39:
 279:Middlewares/Third_Party/FreeRTOS/Source/queue.c **** 				{
 650              		.loc 1 279 5 view .LVU208
 279:Middlewares/Third_Party/FreeRTOS/Source/queue.c **** 				{
 651              		.loc 1 279 35 is_stmt 0 view .LVU209
 652 004a 2000     		movs	r0, r4
 653 004c 1030     		adds	r0, r0, #16
 279:Middlewares/Third_Party/FreeRTOS/Source/queue.c **** 				{
 654              		.loc 1 279 9 view .LVU210
 655 004e FFF7FEFF 		bl	xTaskRemoveFromEventList
 656              	.LVL67:
 279:Middlewares/Third_Party/FreeRTOS/Source/queue.c **** 				{
 657              		.loc 1 279 7 view .LVU211
 658 0052 0028     		cmp	r0, #0
 659 0054 F3D0     		beq	.L37
 281:Middlewares/Third_Party/FreeRTOS/Source/queue.c **** 				}
 660              		.loc 1 281 6 is_stmt 1 view .LVU212
 661 0056 FFF7FEFF 		bl	vPortYield
 662              	.LVL68:
 663 005a F0E7     		b	.L37
 664              	.L36:
 296:Middlewares/Third_Party/FreeRTOS/Source/queue.c **** 			vListInitialise( &( pxQueue->xTasksWaitingToReceive ) );
 665              		.loc 1 296 4 view .LVU213
 666 005c 2000     		movs	r0, r4
 667 005e 1030     		adds	r0, r0, #16
ARM GAS  C:\Users\Asus\AppData\Local\Temp\ccbtHMUK.s 			page 57


 668 0060 FFF7FEFF 		bl	vListInitialise
 669              	.LVL69:
 297:Middlewares/Third_Party/FreeRTOS/Source/queue.c **** 		}
 670              		.loc 1 297 4 view .LVU214
 671 0064 2000     		movs	r0, r4
 672 0066 2430     		adds	r0, r0, #36
 673 0068 FFF7FEFF 		bl	vListInitialise
 674              	.LVL70:
 675 006c E7E7     		b	.L37
 676              		.cfi_endproc
 677              	.LFE0:
 679              		.section	.text.prvInitialiseNewQueue,"ax",%progbits
 680              		.align	1
 681              		.syntax unified
 682              		.code	16
 683              		.thumb_func
 685              	prvInitialiseNewQueue:
 686              	.LVL71:
 687              	.LFB2:
 423:Middlewares/Third_Party/FreeRTOS/Source/queue.c **** 	/* Remove compiler warnings about unused parameters should
 688              		.loc 1 423 1 view -0
 689              		.cfi_startproc
 690              		@ args = 4, pretend = 0, frame = 0
 691              		@ frame_needed = 0, uses_anonymous_args = 0
 423:Middlewares/Third_Party/FreeRTOS/Source/queue.c **** 	/* Remove compiler warnings about unused parameters should
 692              		.loc 1 423 1 is_stmt 0 view .LVU216
 693 0000 10B5     		push	{r4, lr}
 694              		.cfi_def_cfa_offset 8
 695              		.cfi_offset 4, -8
 696              		.cfi_offset 14, -4
 697 0002 0300     		movs	r3, r0
 698              	.LVL72:
 423:Middlewares/Third_Party/FreeRTOS/Source/queue.c **** 	/* Remove compiler warnings about unused parameters should
 699              		.loc 1 423 1 view .LVU217
 700 0004 0298     		ldr	r0, [sp, #8]
 701              	.LVL73:
 426:Middlewares/Third_Party/FreeRTOS/Source/queue.c **** 
 702              		.loc 1 426 2 is_stmt 1 view .LVU218
 428:Middlewares/Third_Party/FreeRTOS/Source/queue.c **** 	{
 703              		.loc 1 428 2 view .LVU219
 428:Middlewares/Third_Party/FreeRTOS/Source/queue.c **** 	{
 704              		.loc 1 428 4 is_stmt 0 view .LVU220
 705 0006 0029     		cmp	r1, #0
 706 0008 06D1     		bne	.L41
 434:Middlewares/Third_Party/FreeRTOS/Source/queue.c **** 	}
 707              		.loc 1 434 3 is_stmt 1 view .LVU221
 434:Middlewares/Third_Party/FreeRTOS/Source/queue.c **** 	}
 708              		.loc 1 434 22 is_stmt 0 view .LVU222
 709 000a 0060     		str	r0, [r0]
 710              	.L42:
 444:Middlewares/Third_Party/FreeRTOS/Source/queue.c **** 	pxNewQueue->uxItemSize = uxItemSize;
 711              		.loc 1 444 2 is_stmt 1 view .LVU223
 444:Middlewares/Third_Party/FreeRTOS/Source/queue.c **** 	pxNewQueue->uxItemSize = uxItemSize;
 712              		.loc 1 444 23 is_stmt 0 view .LVU224
 713 000c C363     		str	r3, [r0, #60]
 445:Middlewares/Third_Party/FreeRTOS/Source/queue.c **** 	( void ) xQueueGenericReset( pxNewQueue, pdTRUE );
 714              		.loc 1 445 2 is_stmt 1 view .LVU225
ARM GAS  C:\Users\Asus\AppData\Local\Temp\ccbtHMUK.s 			page 58


 445:Middlewares/Third_Party/FreeRTOS/Source/queue.c **** 	( void ) xQueueGenericReset( pxNewQueue, pdTRUE );
 715              		.loc 1 445 25 is_stmt 0 view .LVU226
 716 000e 0164     		str	r1, [r0, #64]
 446:Middlewares/Third_Party/FreeRTOS/Source/queue.c **** 
 717              		.loc 1 446 2 is_stmt 1 view .LVU227
 446:Middlewares/Third_Party/FreeRTOS/Source/queue.c **** 
 718              		.loc 1 446 11 is_stmt 0 view .LVU228
 719 0010 0121     		movs	r1, #1
 720              	.LVL74:
 446:Middlewares/Third_Party/FreeRTOS/Source/queue.c **** 
 721              		.loc 1 446 11 view .LVU229
 722 0012 FFF7FEFF 		bl	xQueueGenericReset
 723              	.LVL75:
 460:Middlewares/Third_Party/FreeRTOS/Source/queue.c **** }
 724              		.loc 1 460 33 is_stmt 1 view .LVU230
 461:Middlewares/Third_Party/FreeRTOS/Source/queue.c **** /*-----------------------------------------------------------*/
 725              		.loc 1 461 1 is_stmt 0 view .LVU231
 726              		@ sp needed
 727 0016 10BD     		pop	{r4, pc}
 728              	.LVL76:
 729              	.L41:
 439:Middlewares/Third_Party/FreeRTOS/Source/queue.c **** 	}
 730              		.loc 1 439 3 is_stmt 1 view .LVU232
 439:Middlewares/Third_Party/FreeRTOS/Source/queue.c **** 	}
 731              		.loc 1 439 22 is_stmt 0 view .LVU233
 732 0018 0260     		str	r2, [r0]
 733 001a F7E7     		b	.L42
 734              		.cfi_endproc
 735              	.LFE2:
 737              		.section	.text.xQueueGenericCreate,"ax",%progbits
 738              		.align	1
 739              		.global	xQueueGenericCreate
 740              		.syntax unified
 741              		.code	16
 742              		.thumb_func
 744              	xQueueGenericCreate:
 745              	.LVL77:
 746              	.LFB1:
 369:Middlewares/Third_Party/FreeRTOS/Source/queue.c **** 	Queue_t *pxNewQueue;
 747              		.loc 1 369 2 is_stmt 1 view -0
 748              		.cfi_startproc
 749              		@ args = 0, pretend = 0, frame = 0
 750              		@ frame_needed = 0, uses_anonymous_args = 0
 369:Middlewares/Third_Party/FreeRTOS/Source/queue.c **** 	Queue_t *pxNewQueue;
 751              		.loc 1 369 2 is_stmt 0 view .LVU235
 752 0000 F0B5     		push	{r4, r5, r6, r7, lr}
 753              		.cfi_def_cfa_offset 20
 754              		.cfi_offset 4, -20
 755              		.cfi_offset 5, -16
 756              		.cfi_offset 6, -12
 757              		.cfi_offset 7, -8
 758              		.cfi_offset 14, -4
 759 0002 83B0     		sub	sp, sp, #12
 760              		.cfi_def_cfa_offset 32
 761 0004 0400     		movs	r4, r0
 762 0006 0D00     		movs	r5, r1
 763 0008 1600     		movs	r6, r2
ARM GAS  C:\Users\Asus\AppData\Local\Temp\ccbtHMUK.s 			page 59


 370:Middlewares/Third_Party/FreeRTOS/Source/queue.c **** 	size_t xQueueSizeInBytes;
 764              		.loc 1 370 2 is_stmt 1 view .LVU236
 371:Middlewares/Third_Party/FreeRTOS/Source/queue.c **** 	uint8_t *pucQueueStorage;
 765              		.loc 1 371 2 view .LVU237
 372:Middlewares/Third_Party/FreeRTOS/Source/queue.c **** 
 766              		.loc 1 372 2 view .LVU238
 374:Middlewares/Third_Party/FreeRTOS/Source/queue.c **** 
 767              		.loc 1 374 3 view .LVU239
 768 000a 0028     		cmp	r0, #0
 769 000c 01D1     		bne	.L44
 374:Middlewares/Third_Party/FreeRTOS/Source/queue.c **** 
 770              		.loc 1 374 3 discriminator 1 view .LVU240
 771              		.syntax divided
 772              	@ 374 "Middlewares/Third_Party/FreeRTOS/Source/queue.c" 1
 773 000e 72B6     		 cpsid i 
 774              	@ 0 "" 2
 775              		.thumb
 776              		.syntax unified
 777              	.L45:
 374:Middlewares/Third_Party/FreeRTOS/Source/queue.c **** 
 778              		.loc 1 374 3 discriminator 1 view .LVU241
 374:Middlewares/Third_Party/FreeRTOS/Source/queue.c **** 
 779              		.loc 1 374 3 discriminator 1 view .LVU242
 780 0010 FEE7     		b	.L45
 781              	.L44:
 374:Middlewares/Third_Party/FreeRTOS/Source/queue.c **** 
 782              		.loc 1 374 52 discriminator 2 view .LVU243
 379:Middlewares/Third_Party/FreeRTOS/Source/queue.c **** 
 783              		.loc 1 379 3 discriminator 2 view .LVU244
 379:Middlewares/Third_Party/FreeRTOS/Source/queue.c **** 
 784              		.loc 1 379 21 is_stmt 0 discriminator 2 view .LVU245
 785 0012 0800     		movs	r0, r1
 786              	.LVL78:
 379:Middlewares/Third_Party/FreeRTOS/Source/queue.c **** 
 787              		.loc 1 379 21 discriminator 2 view .LVU246
 788 0014 6043     		muls	r0, r4
 789              	.LVL79:
 390:Middlewares/Third_Party/FreeRTOS/Source/queue.c **** 
 790              		.loc 1 390 3 is_stmt 1 discriminator 2 view .LVU247
 390:Middlewares/Third_Party/FreeRTOS/Source/queue.c **** 
 791              		.loc 1 390 30 is_stmt 0 discriminator 2 view .LVU248
 792 0016 4830     		adds	r0, r0, #72
 793              	.LVL80:
 390:Middlewares/Third_Party/FreeRTOS/Source/queue.c **** 
 794              		.loc 1 390 30 discriminator 2 view .LVU249
 795 0018 FFF7FEFF 		bl	pvPortMalloc
 796              	.LVL81:
 390:Middlewares/Third_Party/FreeRTOS/Source/queue.c **** 
 797              		.loc 1 390 30 discriminator 2 view .LVU250
 798 001c 071E     		subs	r7, r0, #0
 799              	.LVL82:
 392:Middlewares/Third_Party/FreeRTOS/Source/queue.c **** 		{
 800              		.loc 1 392 3 is_stmt 1 discriminator 2 view .LVU251
 392:Middlewares/Third_Party/FreeRTOS/Source/queue.c **** 		{
 801              		.loc 1 392 5 is_stmt 0 discriminator 2 view .LVU252
 802 001e 07D0     		beq	.L43
 396:Middlewares/Third_Party/FreeRTOS/Source/queue.c **** 			pucQueueStorage += sizeof( Queue_t ); /*lint !e9016 Pointer arithmetic allowed on char types, es
ARM GAS  C:\Users\Asus\AppData\Local\Temp\ccbtHMUK.s 			page 60


 803              		.loc 1 396 4 is_stmt 1 view .LVU253
 804              	.LVL83:
 397:Middlewares/Third_Party/FreeRTOS/Source/queue.c **** 
 805              		.loc 1 397 4 view .LVU254
 397:Middlewares/Third_Party/FreeRTOS/Source/queue.c **** 
 806              		.loc 1 397 20 is_stmt 0 view .LVU255
 807 0020 0200     		movs	r2, r0
 808 0022 4832     		adds	r2, r2, #72
 809              	.LVL84:
 408:Middlewares/Third_Party/FreeRTOS/Source/queue.c **** 		}
 810              		.loc 1 408 4 is_stmt 1 view .LVU256
 811 0024 0090     		str	r0, [sp]
 812 0026 3300     		movs	r3, r6
 813 0028 2900     		movs	r1, r5
 814 002a 2000     		movs	r0, r4
 815              	.LVL85:
 408:Middlewares/Third_Party/FreeRTOS/Source/queue.c **** 		}
 816              		.loc 1 408 4 is_stmt 0 view .LVU257
 817 002c FFF7FEFF 		bl	prvInitialiseNewQueue
 818              	.LVL86:
 412:Middlewares/Third_Party/FreeRTOS/Source/queue.c **** 			mtCOVERAGE_TEST_MARKER();
 819              		.loc 1 412 43 is_stmt 1 view .LVU258
 413:Middlewares/Third_Party/FreeRTOS/Source/queue.c **** 		}
 820              		.loc 1 413 28 view .LVU259
 416:Middlewares/Third_Party/FreeRTOS/Source/queue.c **** 	}
 821              		.loc 1 416 3 view .LVU260
 822              	.L43:
 417:Middlewares/Third_Party/FreeRTOS/Source/queue.c **** 
 823              		.loc 1 417 2 is_stmt 0 view .LVU261
 824 0030 3800     		movs	r0, r7
 825 0032 03B0     		add	sp, sp, #12
 826              		@ sp needed
 827              	.LVL87:
 828              	.LVL88:
 829              	.LVL89:
 417:Middlewares/Third_Party/FreeRTOS/Source/queue.c **** 
 830              		.loc 1 417 2 view .LVU262
 831 0034 F0BD     		pop	{r4, r5, r6, r7, pc}
 832              		.cfi_endproc
 833              	.LFE1:
 835              		.section	.text.xQueueGenericSend,"ax",%progbits
 836              		.align	1
 837              		.global	xQueueGenericSend
 838              		.syntax unified
 839              		.code	16
 840              		.thumb_func
 842              	xQueueGenericSend:
 843              	.LVL90:
 844              	.LFB5:
 741:Middlewares/Third_Party/FreeRTOS/Source/queue.c **** BaseType_t xEntryTimeSet = pdFALSE, xYieldRequired;
 845              		.loc 1 741 1 is_stmt 1 view -0
 846              		.cfi_startproc
 847              		@ args = 0, pretend = 0, frame = 16
 848              		@ frame_needed = 0, uses_anonymous_args = 0
 741:Middlewares/Third_Party/FreeRTOS/Source/queue.c **** BaseType_t xEntryTimeSet = pdFALSE, xYieldRequired;
 849              		.loc 1 741 1 is_stmt 0 view .LVU264
 850 0000 F0B5     		push	{r4, r5, r6, r7, lr}
ARM GAS  C:\Users\Asus\AppData\Local\Temp\ccbtHMUK.s 			page 61


 851              		.cfi_def_cfa_offset 20
 852              		.cfi_offset 4, -20
 853              		.cfi_offset 5, -16
 854              		.cfi_offset 6, -12
 855              		.cfi_offset 7, -8
 856              		.cfi_offset 14, -4
 857 0002 85B0     		sub	sp, sp, #20
 858              		.cfi_def_cfa_offset 40
 859 0004 0400     		movs	r4, r0
 860 0006 0F00     		movs	r7, r1
 861 0008 0192     		str	r2, [sp, #4]
 862 000a 1D00     		movs	r5, r3
 742:Middlewares/Third_Party/FreeRTOS/Source/queue.c **** TimeOut_t xTimeOut;
 863              		.loc 1 742 1 is_stmt 1 view .LVU265
 864              	.LVL91:
 743:Middlewares/Third_Party/FreeRTOS/Source/queue.c **** Queue_t * const pxQueue = xQueue;
 865              		.loc 1 743 1 view .LVU266
 744:Middlewares/Third_Party/FreeRTOS/Source/queue.c **** 
 866              		.loc 1 744 1 view .LVU267
 746:Middlewares/Third_Party/FreeRTOS/Source/queue.c **** 	configASSERT( !( ( pvItemToQueue == NULL ) && ( pxQueue->uxItemSize != ( UBaseType_t ) 0U ) ) );
 867              		.loc 1 746 2 view .LVU268
 868 000c 0028     		cmp	r0, #0
 869 000e 08D0     		beq	.L72
 746:Middlewares/Third_Party/FreeRTOS/Source/queue.c **** 	configASSERT( !( ( pvItemToQueue == NULL ) && ( pxQueue->uxItemSize != ( UBaseType_t ) 0U ) ) );
 870              		.loc 1 746 25 discriminator 2 view .LVU269
 747:Middlewares/Third_Party/FreeRTOS/Source/queue.c **** 	configASSERT( !( ( xCopyPosition == queueOVERWRITE ) && ( pxQueue->uxLength != 1 ) ) );
 871              		.loc 1 747 2 discriminator 2 view .LVU270
 872 0010 0029     		cmp	r1, #0
 873 0012 08D0     		beq	.L73
 874              	.LVL92:
 875              	.L50:
 747:Middlewares/Third_Party/FreeRTOS/Source/queue.c **** 	configASSERT( !( ( xCopyPosition == queueOVERWRITE ) && ( pxQueue->uxLength != 1 ) ) );
 876              		.loc 1 747 97 discriminator 8 view .LVU271
 748:Middlewares/Third_Party/FreeRTOS/Source/queue.c **** 	#if ( ( INCLUDE_xTaskGetSchedulerState == 1 ) || ( configUSE_TIMERS == 1 ) )
 877              		.loc 1 748 2 discriminator 8 view .LVU272
 878 0014 022D     		cmp	r5, #2
 879 0016 0BD1     		bne	.L52
 748:Middlewares/Third_Party/FreeRTOS/Source/queue.c **** 	#if ( ( INCLUDE_xTaskGetSchedulerState == 1 ) || ( configUSE_TIMERS == 1 ) )
 880              		.loc 1 748 2 is_stmt 0 discriminator 2 view .LVU273
 881 0018 E36B     		ldr	r3, [r4, #60]
 882 001a 012B     		cmp	r3, #1
 883 001c 08D0     		beq	.L52
 748:Middlewares/Third_Party/FreeRTOS/Source/queue.c **** 	#if ( ( INCLUDE_xTaskGetSchedulerState == 1 ) || ( configUSE_TIMERS == 1 ) )
 884              		.loc 1 748 2 is_stmt 1 view .LVU274
 885              		.syntax divided
 886              	@ 748 "Middlewares/Third_Party/FreeRTOS/Source/queue.c" 1
 887 001e 72B6     		 cpsid i 
 888              	@ 0 "" 2
 889              		.thumb
 890              		.syntax unified
 891              	.L53:
 748:Middlewares/Third_Party/FreeRTOS/Source/queue.c **** 	#if ( ( INCLUDE_xTaskGetSchedulerState == 1 ) || ( configUSE_TIMERS == 1 ) )
 892              		.loc 1 748 2 discriminator 3 view .LVU275
 748:Middlewares/Third_Party/FreeRTOS/Source/queue.c **** 	#if ( ( INCLUDE_xTaskGetSchedulerState == 1 ) || ( configUSE_TIMERS == 1 ) )
 893              		.loc 1 748 2 discriminator 3 view .LVU276
 894 0020 FEE7     		b	.L53
 895              	.LVL93:
ARM GAS  C:\Users\Asus\AppData\Local\Temp\ccbtHMUK.s 			page 62


 896              	.L72:
 746:Middlewares/Third_Party/FreeRTOS/Source/queue.c **** 	configASSERT( !( ( pvItemToQueue == NULL ) && ( pxQueue->uxItemSize != ( UBaseType_t ) 0U ) ) );
 897              		.loc 1 746 2 discriminator 1 view .LVU277
 898              		.syntax divided
 899              	@ 746 "Middlewares/Third_Party/FreeRTOS/Source/queue.c" 1
 900 0022 72B6     		 cpsid i 
 901              	@ 0 "" 2
 902              		.thumb
 903              		.syntax unified
 904              	.L49:
 746:Middlewares/Third_Party/FreeRTOS/Source/queue.c **** 	configASSERT( !( ( pvItemToQueue == NULL ) && ( pxQueue->uxItemSize != ( UBaseType_t ) 0U ) ) );
 905              		.loc 1 746 2 discriminator 1 view .LVU278
 746:Middlewares/Third_Party/FreeRTOS/Source/queue.c **** 	configASSERT( !( ( pvItemToQueue == NULL ) && ( pxQueue->uxItemSize != ( UBaseType_t ) 0U ) ) );
 906              		.loc 1 746 2 discriminator 1 view .LVU279
 907 0024 FEE7     		b	.L49
 908              	.L73:
 747:Middlewares/Third_Party/FreeRTOS/Source/queue.c **** 	configASSERT( !( ( xCopyPosition == queueOVERWRITE ) && ( pxQueue->uxLength != 1 ) ) );
 909              		.loc 1 747 2 is_stmt 0 discriminator 2 view .LVU280
 910 0026 036C     		ldr	r3, [r0, #64]
 911              	.LVL94:
 747:Middlewares/Third_Party/FreeRTOS/Source/queue.c **** 	configASSERT( !( ( xCopyPosition == queueOVERWRITE ) && ( pxQueue->uxLength != 1 ) ) );
 912              		.loc 1 747 2 discriminator 2 view .LVU281
 913 0028 002B     		cmp	r3, #0
 914 002a F3D0     		beq	.L50
 747:Middlewares/Third_Party/FreeRTOS/Source/queue.c **** 	configASSERT( !( ( xCopyPosition == queueOVERWRITE ) && ( pxQueue->uxLength != 1 ) ) );
 915              		.loc 1 747 2 is_stmt 1 view .LVU282
 916              		.syntax divided
 917              	@ 747 "Middlewares/Third_Party/FreeRTOS/Source/queue.c" 1
 918 002c 72B6     		 cpsid i 
 919              	@ 0 "" 2
 920              		.thumb
 921              		.syntax unified
 922              	.L51:
 747:Middlewares/Third_Party/FreeRTOS/Source/queue.c **** 	configASSERT( !( ( xCopyPosition == queueOVERWRITE ) && ( pxQueue->uxLength != 1 ) ) );
 923              		.loc 1 747 2 discriminator 2 view .LVU283
 747:Middlewares/Third_Party/FreeRTOS/Source/queue.c **** 	configASSERT( !( ( xCopyPosition == queueOVERWRITE ) && ( pxQueue->uxLength != 1 ) ) );
 924              		.loc 1 747 2 discriminator 2 view .LVU284
 925 002e FEE7     		b	.L51
 926              	.L52:
 748:Middlewares/Third_Party/FreeRTOS/Source/queue.c **** 	#if ( ( INCLUDE_xTaskGetSchedulerState == 1 ) || ( configUSE_TIMERS == 1 ) )
 927              		.loc 1 748 88 discriminator 8 view .LVU285
 751:Middlewares/Third_Party/FreeRTOS/Source/queue.c **** 	}
 928              		.loc 1 751 3 discriminator 8 view .LVU286
 929 0030 FFF7FEFF 		bl	xTaskGetSchedulerState
 930              	.LVL95:
 751:Middlewares/Third_Party/FreeRTOS/Source/queue.c **** 	}
 931              		.loc 1 751 3 is_stmt 0 discriminator 8 view .LVU287
 932 0034 061E     		subs	r6, r0, #0
 933 0036 04D1     		bne	.L69
 751:Middlewares/Third_Party/FreeRTOS/Source/queue.c **** 	}
 934              		.loc 1 751 3 discriminator 2 view .LVU288
 935 0038 019B     		ldr	r3, [sp, #4]
 936 003a 002B     		cmp	r3, #0
 937 003c 32D0     		beq	.L56
 751:Middlewares/Third_Party/FreeRTOS/Source/queue.c **** 	}
 938              		.loc 1 751 3 is_stmt 1 discriminator 7 view .LVU289
 939              		.syntax divided
ARM GAS  C:\Users\Asus\AppData\Local\Temp\ccbtHMUK.s 			page 63


 940              	@ 751 "Middlewares/Third_Party/FreeRTOS/Source/queue.c" 1
 941 003e 72B6     		 cpsid i 
 942              	@ 0 "" 2
 943              		.thumb
 944              		.syntax unified
 945              	.L55:
 751:Middlewares/Third_Party/FreeRTOS/Source/queue.c **** 	}
 946              		.loc 1 751 3 discriminator 4 view .LVU290
 751:Middlewares/Third_Party/FreeRTOS/Source/queue.c **** 	}
 947              		.loc 1 751 3 discriminator 4 view .LVU291
 948 0040 FEE7     		b	.L55
 949              	.L69:
 950 0042 0026     		movs	r6, #0
 951 0044 2EE0     		b	.L56
 952              	.LVL96:
 953              	.L57:
 769:Middlewares/Third_Party/FreeRTOS/Source/queue.c **** 
 954              		.loc 1 769 31 view .LVU292
 833:Middlewares/Third_Party/FreeRTOS/Source/queue.c **** 
 955              		.loc 1 833 6 view .LVU293
 833:Middlewares/Third_Party/FreeRTOS/Source/queue.c **** 
 956              		.loc 1 833 23 is_stmt 0 view .LVU294
 957 0046 2A00     		movs	r2, r5
 958 0048 3900     		movs	r1, r7
 959 004a 2000     		movs	r0, r4
 960 004c FFF7FEFF 		bl	prvCopyDataToQueue
 961              	.LVL97:
 837:Middlewares/Third_Party/FreeRTOS/Source/queue.c **** 					{
 962              		.loc 1 837 6 is_stmt 1 view .LVU295
 837:Middlewares/Third_Party/FreeRTOS/Source/queue.c **** 					{
 963              		.loc 1 837 10 is_stmt 0 view .LVU296
 964 0050 636A     		ldr	r3, [r4, #36]
 837:Middlewares/Third_Party/FreeRTOS/Source/queue.c **** 					{
 965              		.loc 1 837 8 view .LVU297
 966 0052 002B     		cmp	r3, #0
 967 0054 06D1     		bne	.L74
 852:Middlewares/Third_Party/FreeRTOS/Source/queue.c **** 					{
 968              		.loc 1 852 11 is_stmt 1 view .LVU298
 852:Middlewares/Third_Party/FreeRTOS/Source/queue.c **** 					{
 969              		.loc 1 852 13 is_stmt 0 view .LVU299
 970 0056 0028     		cmp	r0, #0
 971 0058 0DD1     		bne	.L75
 972              	.LVL98:
 973              	.L60:
 862:Middlewares/Third_Party/FreeRTOS/Source/queue.c **** 					}
 974              		.loc 1 862 31 is_stmt 1 view .LVU300
 867:Middlewares/Third_Party/FreeRTOS/Source/queue.c **** 				return pdPASS;
 975              		.loc 1 867 5 view .LVU301
 976 005a FFF7FEFF 		bl	vPortExitCritical
 977              	.LVL99:
 868:Middlewares/Third_Party/FreeRTOS/Source/queue.c **** 			}
 978              		.loc 1 868 5 view .LVU302
 868:Middlewares/Third_Party/FreeRTOS/Source/queue.c **** 			}
 979              		.loc 1 868 12 is_stmt 0 view .LVU303
 980 005e 0120     		movs	r0, #1
 981              	.LVL100:
 982              	.L47:
ARM GAS  C:\Users\Asus\AppData\Local\Temp\ccbtHMUK.s 			page 64


 947:Middlewares/Third_Party/FreeRTOS/Source/queue.c **** /*-----------------------------------------------------------*/
 983              		.loc 1 947 1 view .LVU304
 984 0060 05B0     		add	sp, sp, #20
 985              		@ sp needed
 986              	.LVL101:
 987              	.LVL102:
 988              	.LVL103:
 989              	.LVL104:
 947:Middlewares/Third_Party/FreeRTOS/Source/queue.c **** /*-----------------------------------------------------------*/
 990              		.loc 1 947 1 view .LVU305
 991 0062 F0BD     		pop	{r4, r5, r6, r7, pc}
 992              	.LVL105:
 993              	.L74:
 839:Middlewares/Third_Party/FreeRTOS/Source/queue.c **** 						{
 994              		.loc 1 839 7 is_stmt 1 view .LVU306
 839:Middlewares/Third_Party/FreeRTOS/Source/queue.c **** 						{
 995              		.loc 1 839 37 is_stmt 0 view .LVU307
 996 0064 2000     		movs	r0, r4
 997              	.LVL106:
 839:Middlewares/Third_Party/FreeRTOS/Source/queue.c **** 						{
 998              		.loc 1 839 37 view .LVU308
 999 0066 2430     		adds	r0, r0, #36
 839:Middlewares/Third_Party/FreeRTOS/Source/queue.c **** 						{
 1000              		.loc 1 839 11 view .LVU309
 1001 0068 FFF7FEFF 		bl	xTaskRemoveFromEventList
 1002              	.LVL107:
 839:Middlewares/Third_Party/FreeRTOS/Source/queue.c **** 						{
 1003              		.loc 1 839 9 view .LVU310
 1004 006c 0028     		cmp	r0, #0
 1005 006e F4D0     		beq	.L60
 845:Middlewares/Third_Party/FreeRTOS/Source/queue.c **** 						}
 1006              		.loc 1 845 8 is_stmt 1 view .LVU311
 1007 0070 FFF7FEFF 		bl	vPortYield
 1008              	.LVL108:
 1009 0074 F1E7     		b	.L60
 1010              	.LVL109:
 1011              	.L75:
 858:Middlewares/Third_Party/FreeRTOS/Source/queue.c **** 					}
 1012              		.loc 1 858 7 view .LVU312
 1013 0076 FFF7FEFF 		bl	vPortYield
 1014              	.LVL110:
 858:Middlewares/Third_Party/FreeRTOS/Source/queue.c **** 					}
 1015              		.loc 1 858 7 is_stmt 0 view .LVU313
 1016 007a EEE7     		b	.L60
 1017              	.LVL111:
 1018              	.L76:
 876:Middlewares/Third_Party/FreeRTOS/Source/queue.c **** 
 1019              		.loc 1 876 6 is_stmt 1 view .LVU314
 1020 007c FFF7FEFF 		bl	vPortExitCritical
 1021              	.LVL112:
 880:Middlewares/Third_Party/FreeRTOS/Source/queue.c **** 					return errQUEUE_FULL;
 1022              		.loc 1 880 39 view .LVU315
 881:Middlewares/Third_Party/FreeRTOS/Source/queue.c **** 				}
 1023              		.loc 1 881 6 view .LVU316
 881:Middlewares/Third_Party/FreeRTOS/Source/queue.c **** 				}
 1024              		.loc 1 881 13 is_stmt 0 view .LVU317
 1025 0080 0020     		movs	r0, #0
ARM GAS  C:\Users\Asus\AppData\Local\Temp\ccbtHMUK.s 			page 65


 1026 0082 EDE7     		b	.L47
 1027              	.L77:
 887:Middlewares/Third_Party/FreeRTOS/Source/queue.c **** 					xEntryTimeSet = pdTRUE;
 1028              		.loc 1 887 6 is_stmt 1 view .LVU318
 1029 0084 02A8     		add	r0, sp, #8
 1030 0086 FFF7FEFF 		bl	vTaskInternalSetTimeOutState
 1031              	.LVL113:
 888:Middlewares/Third_Party/FreeRTOS/Source/queue.c **** 				}
 1032              		.loc 1 888 6 view .LVU319
 888:Middlewares/Third_Party/FreeRTOS/Source/queue.c **** 				}
 1033              		.loc 1 888 20 is_stmt 0 view .LVU320
 1034 008a 0136     		adds	r6, r6, #1
 1035 008c 17E0     		b	.L63
 1036              	.LVL114:
 1037              	.L78:
 903:Middlewares/Third_Party/FreeRTOS/Source/queue.c **** 
 1038              		.loc 1 903 3 is_stmt 1 discriminator 1 view .LVU321
 1039 008e 0022     		movs	r2, #0
 1040 0090 E254     		strb	r2, [r4, r3]
 1041 0092 1FE0     		b	.L64
 1042              	.L79:
 903:Middlewares/Third_Party/FreeRTOS/Source/queue.c **** 
 1043              		.loc 1 903 3 discriminator 4 view .LVU322
 1044 0094 0022     		movs	r2, #0
 1045 0096 E254     		strb	r2, [r4, r3]
 1046 0098 21E0     		b	.L65
 1047              	.L67:
 933:Middlewares/Third_Party/FreeRTOS/Source/queue.c **** 				( void ) xTaskResumeAll();
 1048              		.loc 1 933 5 view .LVU323
 1049 009a 2000     		movs	r0, r4
 1050 009c FFF7FEFF 		bl	prvUnlockQueue
 1051              	.LVL115:
 934:Middlewares/Third_Party/FreeRTOS/Source/queue.c **** 			}
 1052              		.loc 1 934 5 view .LVU324
 934:Middlewares/Third_Party/FreeRTOS/Source/queue.c **** 			}
 1053              		.loc 1 934 14 is_stmt 0 view .LVU325
 1054 00a0 FFF7FEFF 		bl	xTaskResumeAll
 1055              	.LVL116:
 1056              	.L56:
 751:Middlewares/Third_Party/FreeRTOS/Source/queue.c **** 	}
 1057              		.loc 1 751 104 is_stmt 1 discriminator 8 view .LVU326
 759:Middlewares/Third_Party/FreeRTOS/Source/queue.c **** 	{
 1058              		.loc 1 759 2 discriminator 8 view .LVU327
 761:Middlewares/Third_Party/FreeRTOS/Source/queue.c **** 		{
 1059              		.loc 1 761 3 discriminator 8 view .LVU328
 1060 00a4 FFF7FEFF 		bl	vPortEnterCritical
 1061              	.LVL117:
 767:Middlewares/Third_Party/FreeRTOS/Source/queue.c **** 			{
 1062              		.loc 1 767 4 discriminator 8 view .LVU329
 767:Middlewares/Third_Party/FreeRTOS/Source/queue.c **** 			{
 1063              		.loc 1 767 17 is_stmt 0 discriminator 8 view .LVU330
 1064 00a8 A26B     		ldr	r2, [r4, #56]
 767:Middlewares/Third_Party/FreeRTOS/Source/queue.c **** 			{
 1065              		.loc 1 767 46 discriminator 8 view .LVU331
 1066 00aa E36B     		ldr	r3, [r4, #60]
 767:Middlewares/Third_Party/FreeRTOS/Source/queue.c **** 			{
 1067              		.loc 1 767 6 discriminator 8 view .LVU332
ARM GAS  C:\Users\Asus\AppData\Local\Temp\ccbtHMUK.s 			page 66


 1068 00ac 9A42     		cmp	r2, r3
 1069 00ae CAD3     		bcc	.L57
 767:Middlewares/Third_Party/FreeRTOS/Source/queue.c **** 			{
 1070              		.loc 1 767 59 discriminator 1 view .LVU333
 1071 00b0 022D     		cmp	r5, #2
 1072 00b2 C8D0     		beq	.L57
 872:Middlewares/Third_Party/FreeRTOS/Source/queue.c **** 				{
 1073              		.loc 1 872 5 is_stmt 1 view .LVU334
 872:Middlewares/Third_Party/FreeRTOS/Source/queue.c **** 				{
 1074              		.loc 1 872 22 is_stmt 0 view .LVU335
 1075 00b4 019B     		ldr	r3, [sp, #4]
 872:Middlewares/Third_Party/FreeRTOS/Source/queue.c **** 				{
 1076              		.loc 1 872 7 view .LVU336
 1077 00b6 002B     		cmp	r3, #0
 1078 00b8 E0D0     		beq	.L76
 883:Middlewares/Third_Party/FreeRTOS/Source/queue.c **** 				{
 1079              		.loc 1 883 10 is_stmt 1 view .LVU337
 883:Middlewares/Third_Party/FreeRTOS/Source/queue.c **** 				{
 1080              		.loc 1 883 12 is_stmt 0 view .LVU338
 1081 00ba 002E     		cmp	r6, #0
 1082 00bc E2D0     		beq	.L77
 1083              	.LVL118:
 1084              	.L63:
 893:Middlewares/Third_Party/FreeRTOS/Source/queue.c **** 				}
 1085              		.loc 1 893 30 is_stmt 1 view .LVU339
 897:Middlewares/Third_Party/FreeRTOS/Source/queue.c **** 
 1086              		.loc 1 897 3 view .LVU340
 1087 00be FFF7FEFF 		bl	vPortExitCritical
 1088              	.LVL119:
 902:Middlewares/Third_Party/FreeRTOS/Source/queue.c **** 		prvLockQueue( pxQueue );
 1089              		.loc 1 902 3 view .LVU341
 1090 00c2 FFF7FEFF 		bl	vTaskSuspendAll
 1091              	.LVL120:
 903:Middlewares/Third_Party/FreeRTOS/Source/queue.c **** 
 1092              		.loc 1 903 3 view .LVU342
 1093 00c6 FFF7FEFF 		bl	vPortEnterCritical
 1094              	.LVL121:
 903:Middlewares/Third_Party/FreeRTOS/Source/queue.c **** 
 1095              		.loc 1 903 3 view .LVU343
 1096 00ca 4423     		movs	r3, #68
 1097 00cc E25C     		ldrb	r2, [r4, r3]
 1098 00ce 52B2     		sxtb	r2, r2
 1099 00d0 0132     		adds	r2, r2, #1
 1100 00d2 DCD0     		beq	.L78
 1101              	.L64:
 903:Middlewares/Third_Party/FreeRTOS/Source/queue.c **** 
 1102              		.loc 1 903 3 discriminator 3 view .LVU344
 1103 00d4 4523     		movs	r3, #69
 1104 00d6 E25C     		ldrb	r2, [r4, r3]
 1105 00d8 52B2     		sxtb	r2, r2
 1106 00da 0132     		adds	r2, r2, #1
 1107 00dc DAD0     		beq	.L79
 1108              	.L65:
 903:Middlewares/Third_Party/FreeRTOS/Source/queue.c **** 
 1109              		.loc 1 903 3 discriminator 6 view .LVU345
 1110 00de FFF7FEFF 		bl	vPortExitCritical
 1111              	.LVL122:
ARM GAS  C:\Users\Asus\AppData\Local\Temp\ccbtHMUK.s 			page 67


 906:Middlewares/Third_Party/FreeRTOS/Source/queue.c **** 		{
 1112              		.loc 1 906 3 discriminator 6 view .LVU346
 906:Middlewares/Third_Party/FreeRTOS/Source/queue.c **** 		{
 1113              		.loc 1 906 7 is_stmt 0 discriminator 6 view .LVU347
 1114 00e2 01A9     		add	r1, sp, #4
 1115 00e4 02A8     		add	r0, sp, #8
 1116 00e6 FFF7FEFF 		bl	xTaskCheckForTimeOut
 1117              	.LVL123:
 906:Middlewares/Third_Party/FreeRTOS/Source/queue.c **** 		{
 1118              		.loc 1 906 5 discriminator 6 view .LVU348
 1119 00ea 0028     		cmp	r0, #0
 1120 00ec 13D1     		bne	.L66
 908:Middlewares/Third_Party/FreeRTOS/Source/queue.c **** 			{
 1121              		.loc 1 908 4 is_stmt 1 view .LVU349
 908:Middlewares/Third_Party/FreeRTOS/Source/queue.c **** 			{
 1122              		.loc 1 908 8 is_stmt 0 view .LVU350
 1123 00ee 2000     		movs	r0, r4
 1124 00f0 FFF7FEFF 		bl	prvIsQueueFull
 1125              	.LVL124:
 908:Middlewares/Third_Party/FreeRTOS/Source/queue.c **** 			{
 1126              		.loc 1 908 6 view .LVU351
 1127 00f4 0028     		cmp	r0, #0
 1128 00f6 D0D0     		beq	.L67
 910:Middlewares/Third_Party/FreeRTOS/Source/queue.c **** 				vTaskPlaceOnEventList( &( pxQueue->xTasksWaitingToSend ), xTicksToWait );
 1129              		.loc 1 910 43 is_stmt 1 view .LVU352
 911:Middlewares/Third_Party/FreeRTOS/Source/queue.c **** 
 1130              		.loc 1 911 5 view .LVU353
 1131 00f8 0199     		ldr	r1, [sp, #4]
 1132 00fa 2000     		movs	r0, r4
 1133 00fc 1030     		adds	r0, r0, #16
 1134 00fe FFF7FEFF 		bl	vTaskPlaceOnEventList
 1135              	.LVL125:
 918:Middlewares/Third_Party/FreeRTOS/Source/queue.c **** 
 1136              		.loc 1 918 5 view .LVU354
 1137 0102 2000     		movs	r0, r4
 1138 0104 FFF7FEFF 		bl	prvUnlockQueue
 1139              	.LVL126:
 925:Middlewares/Third_Party/FreeRTOS/Source/queue.c **** 				{
 1140              		.loc 1 925 5 view .LVU355
 925:Middlewares/Third_Party/FreeRTOS/Source/queue.c **** 				{
 1141              		.loc 1 925 9 is_stmt 0 view .LVU356
 1142 0108 FFF7FEFF 		bl	xTaskResumeAll
 1143              	.LVL127:
 925:Middlewares/Third_Party/FreeRTOS/Source/queue.c **** 				{
 1144              		.loc 1 925 7 view .LVU357
 1145 010c 0028     		cmp	r0, #0
 1146 010e C9D1     		bne	.L56
 927:Middlewares/Third_Party/FreeRTOS/Source/queue.c **** 				}
 1147              		.loc 1 927 6 is_stmt 1 view .LVU358
 1148 0110 FFF7FEFF 		bl	vPortYield
 1149              	.LVL128:
 1150 0114 C6E7     		b	.L56
 1151              	.L66:
 940:Middlewares/Third_Party/FreeRTOS/Source/queue.c **** 			( void ) xTaskResumeAll();
 1152              		.loc 1 940 4 view .LVU359
 1153 0116 2000     		movs	r0, r4
 1154 0118 FFF7FEFF 		bl	prvUnlockQueue
ARM GAS  C:\Users\Asus\AppData\Local\Temp\ccbtHMUK.s 			page 68


 1155              	.LVL129:
 941:Middlewares/Third_Party/FreeRTOS/Source/queue.c **** 
 1156              		.loc 1 941 4 view .LVU360
 941:Middlewares/Third_Party/FreeRTOS/Source/queue.c **** 
 1157              		.loc 1 941 13 is_stmt 0 view .LVU361
 1158 011c FFF7FEFF 		bl	xTaskResumeAll
 1159              	.LVL130:
 943:Middlewares/Third_Party/FreeRTOS/Source/queue.c **** 			return errQUEUE_FULL;
 1160              		.loc 1 943 37 is_stmt 1 view .LVU362
 944:Middlewares/Third_Party/FreeRTOS/Source/queue.c **** 		}
 1161              		.loc 1 944 4 view .LVU363
 944:Middlewares/Third_Party/FreeRTOS/Source/queue.c **** 		}
 1162              		.loc 1 944 11 is_stmt 0 view .LVU364
 1163 0120 0020     		movs	r0, #0
 1164 0122 9DE7     		b	.L47
 1165              		.cfi_endproc
 1166              	.LFE5:
 1168              		.section	.text.prvInitialiseMutex,"ax",%progbits
 1169              		.align	1
 1170              		.syntax unified
 1171              		.code	16
 1172              		.thumb_func
 1174              	prvInitialiseMutex:
 1175              	.LVL131:
 1176              	.LFB3:
 467:Middlewares/Third_Party/FreeRTOS/Source/queue.c **** 		if( pxNewQueue != NULL )
 1177              		.loc 1 467 2 is_stmt 1 view -0
 1178              		.cfi_startproc
 1179              		@ args = 0, pretend = 0, frame = 0
 1180              		@ frame_needed = 0, uses_anonymous_args = 0
 467:Middlewares/Third_Party/FreeRTOS/Source/queue.c **** 		if( pxNewQueue != NULL )
 1181              		.loc 1 467 2 is_stmt 0 view .LVU366
 1182 0000 10B5     		push	{r4, lr}
 1183              		.cfi_def_cfa_offset 8
 1184              		.cfi_offset 4, -8
 1185              		.cfi_offset 14, -4
 468:Middlewares/Third_Party/FreeRTOS/Source/queue.c **** 		{
 1186              		.loc 1 468 3 is_stmt 1 view .LVU367
 468:Middlewares/Third_Party/FreeRTOS/Source/queue.c **** 		{
 1187              		.loc 1 468 5 is_stmt 0 view .LVU368
 1188 0002 0028     		cmp	r0, #0
 1189 0004 07D0     		beq	.L80
 474:Middlewares/Third_Party/FreeRTOS/Source/queue.c **** 			pxNewQueue->uxQueueType = queueQUEUE_IS_MUTEX;
 1190              		.loc 1 474 4 is_stmt 1 view .LVU369
 474:Middlewares/Third_Party/FreeRTOS/Source/queue.c **** 			pxNewQueue->uxQueueType = queueQUEUE_IS_MUTEX;
 1191              		.loc 1 474 42 is_stmt 0 view .LVU370
 1192 0006 0023     		movs	r3, #0
 1193 0008 8360     		str	r3, [r0, #8]
 475:Middlewares/Third_Party/FreeRTOS/Source/queue.c **** 
 1194              		.loc 1 475 4 is_stmt 1 view .LVU371
 475:Middlewares/Third_Party/FreeRTOS/Source/queue.c **** 
 1195              		.loc 1 475 28 is_stmt 0 view .LVU372
 1196 000a 0360     		str	r3, [r0]
 478:Middlewares/Third_Party/FreeRTOS/Source/queue.c **** 
 1197              		.loc 1 478 4 is_stmt 1 view .LVU373
 478:Middlewares/Third_Party/FreeRTOS/Source/queue.c **** 
 1198              		.loc 1 478 50 is_stmt 0 view .LVU374
ARM GAS  C:\Users\Asus\AppData\Local\Temp\ccbtHMUK.s 			page 69


 1199 000c C360     		str	r3, [r0, #12]
 480:Middlewares/Third_Party/FreeRTOS/Source/queue.c **** 
 1200              		.loc 1 480 35 is_stmt 1 view .LVU375
 483:Middlewares/Third_Party/FreeRTOS/Source/queue.c **** 		}
 1201              		.loc 1 483 4 view .LVU376
 483:Middlewares/Third_Party/FreeRTOS/Source/queue.c **** 		}
 1202              		.loc 1 483 13 is_stmt 0 view .LVU377
 1203 000e 0022     		movs	r2, #0
 1204 0010 0021     		movs	r1, #0
 1205 0012 FFF7FEFF 		bl	xQueueGenericSend
 1206              	.LVL132:
 487:Middlewares/Third_Party/FreeRTOS/Source/queue.c **** 		}
 1207              		.loc 1 487 30 is_stmt 1 view .LVU378
 1208              	.L80:
 489:Middlewares/Third_Party/FreeRTOS/Source/queue.c **** 
 1209              		.loc 1 489 2 is_stmt 0 view .LVU379
 1210              		@ sp needed
 1211 0016 10BD     		pop	{r4, pc}
 1212              		.cfi_endproc
 1213              	.LFE3:
 1215              		.section	.text.xQueueCreateMutex,"ax",%progbits
 1216              		.align	1
 1217              		.global	xQueueCreateMutex
 1218              		.syntax unified
 1219              		.code	16
 1220              		.thumb_func
 1222              	xQueueCreateMutex:
 1223              	.LVL133:
 1224              	.LFB4:
 497:Middlewares/Third_Party/FreeRTOS/Source/queue.c **** 	QueueHandle_t xNewQueue;
 1225              		.loc 1 497 2 is_stmt 1 view -0
 1226              		.cfi_startproc
 1227              		@ args = 0, pretend = 0, frame = 0
 1228              		@ frame_needed = 0, uses_anonymous_args = 0
 497:Middlewares/Third_Party/FreeRTOS/Source/queue.c **** 	QueueHandle_t xNewQueue;
 1229              		.loc 1 497 2 is_stmt 0 view .LVU381
 1230 0000 10B5     		push	{r4, lr}
 1231              		.cfi_def_cfa_offset 8
 1232              		.cfi_offset 4, -8
 1233              		.cfi_offset 14, -4
 1234 0002 0200     		movs	r2, r0
 498:Middlewares/Third_Party/FreeRTOS/Source/queue.c **** 	const UBaseType_t uxMutexLength = ( UBaseType_t ) 1, uxMutexSize = ( UBaseType_t ) 0;
 1235              		.loc 1 498 2 is_stmt 1 view .LVU382
 499:Middlewares/Third_Party/FreeRTOS/Source/queue.c **** 
 1236              		.loc 1 499 2 view .LVU383
 1237              	.LVL134:
 501:Middlewares/Third_Party/FreeRTOS/Source/queue.c **** 		prvInitialiseMutex( ( Queue_t * ) xNewQueue );
 1238              		.loc 1 501 3 view .LVU384
 501:Middlewares/Third_Party/FreeRTOS/Source/queue.c **** 		prvInitialiseMutex( ( Queue_t * ) xNewQueue );
 1239              		.loc 1 501 15 is_stmt 0 view .LVU385
 1240 0004 0021     		movs	r1, #0
 1241 0006 0120     		movs	r0, #1
 1242              	.LVL135:
 501:Middlewares/Third_Party/FreeRTOS/Source/queue.c **** 		prvInitialiseMutex( ( Queue_t * ) xNewQueue );
 1243              		.loc 1 501 15 view .LVU386
 1244 0008 FFF7FEFF 		bl	xQueueGenericCreate
 1245              	.LVL136:
ARM GAS  C:\Users\Asus\AppData\Local\Temp\ccbtHMUK.s 			page 70


 1246 000c 0400     		movs	r4, r0
 1247              	.LVL137:
 502:Middlewares/Third_Party/FreeRTOS/Source/queue.c **** 
 1248              		.loc 1 502 3 is_stmt 1 view .LVU387
 1249 000e FFF7FEFF 		bl	prvInitialiseMutex
 1250              	.LVL138:
 504:Middlewares/Third_Party/FreeRTOS/Source/queue.c **** 	}
 1251              		.loc 1 504 3 view .LVU388
 505:Middlewares/Third_Party/FreeRTOS/Source/queue.c **** 
 1252              		.loc 1 505 2 is_stmt 0 view .LVU389
 1253 0012 2000     		movs	r0, r4
 1254              		@ sp needed
 1255              	.LVL139:
 505:Middlewares/Third_Party/FreeRTOS/Source/queue.c **** 
 1256              		.loc 1 505 2 view .LVU390
 1257 0014 10BD     		pop	{r4, pc}
 1258              		.cfi_endproc
 1259              	.LFE4:
 1261              		.section	.text.xQueueGenericSendFromISR,"ax",%progbits
 1262              		.align	1
 1263              		.global	xQueueGenericSendFromISR
 1264              		.syntax unified
 1265              		.code	16
 1266              		.thumb_func
 1268              	xQueueGenericSendFromISR:
 1269              	.LVL140:
 1270              	.LFB6:
 951:Middlewares/Third_Party/FreeRTOS/Source/queue.c **** BaseType_t xReturn;
 1271              		.loc 1 951 1 is_stmt 1 view -0
 1272              		.cfi_startproc
 1273              		@ args = 0, pretend = 0, frame = 8
 1274              		@ frame_needed = 0, uses_anonymous_args = 0
 951:Middlewares/Third_Party/FreeRTOS/Source/queue.c **** BaseType_t xReturn;
 1275              		.loc 1 951 1 is_stmt 0 view .LVU392
 1276 0000 F0B5     		push	{r4, r5, r6, r7, lr}
 1277              		.cfi_def_cfa_offset 20
 1278              		.cfi_offset 4, -20
 1279              		.cfi_offset 5, -16
 1280              		.cfi_offset 6, -12
 1281              		.cfi_offset 7, -8
 1282              		.cfi_offset 14, -4
 1283 0002 C646     		mov	lr, r8
 1284 0004 00B5     		push	{lr}
 1285              		.cfi_def_cfa_offset 24
 1286              		.cfi_offset 8, -24
 1287 0006 82B0     		sub	sp, sp, #8
 1288              		.cfi_def_cfa_offset 32
 1289 0008 0400     		movs	r4, r0
 1290 000a 0F00     		movs	r7, r1
 1291 000c 0192     		str	r2, [sp, #4]
 1292 000e 1D00     		movs	r5, r3
 952:Middlewares/Third_Party/FreeRTOS/Source/queue.c **** UBaseType_t uxSavedInterruptStatus;
 1293              		.loc 1 952 1 is_stmt 1 view .LVU393
 953:Middlewares/Third_Party/FreeRTOS/Source/queue.c **** Queue_t * const pxQueue = xQueue;
 1294              		.loc 1 953 1 view .LVU394
 954:Middlewares/Third_Party/FreeRTOS/Source/queue.c **** 
 1295              		.loc 1 954 1 view .LVU395
ARM GAS  C:\Users\Asus\AppData\Local\Temp\ccbtHMUK.s 			page 71


 1296              	.LVL141:
 956:Middlewares/Third_Party/FreeRTOS/Source/queue.c **** 	configASSERT( !( ( pvItemToQueue == NULL ) && ( pxQueue->uxItemSize != ( UBaseType_t ) 0U ) ) );
 1297              		.loc 1 956 2 view .LVU396
 1298 0010 0028     		cmp	r0, #0
 1299 0012 08D0     		beq	.L97
 956:Middlewares/Third_Party/FreeRTOS/Source/queue.c **** 	configASSERT( !( ( pvItemToQueue == NULL ) && ( pxQueue->uxItemSize != ( UBaseType_t ) 0U ) ) );
 1300              		.loc 1 956 25 discriminator 2 view .LVU397
 957:Middlewares/Third_Party/FreeRTOS/Source/queue.c **** 	configASSERT( !( ( xCopyPosition == queueOVERWRITE ) && ( pxQueue->uxLength != 1 ) ) );
 1301              		.loc 1 957 2 discriminator 2 view .LVU398
 1302 0014 0029     		cmp	r1, #0
 1303 0016 08D0     		beq	.L98
 1304              	.LVL142:
 1305              	.L86:
 957:Middlewares/Third_Party/FreeRTOS/Source/queue.c **** 	configASSERT( !( ( xCopyPosition == queueOVERWRITE ) && ( pxQueue->uxLength != 1 ) ) );
 1306              		.loc 1 957 97 discriminator 8 view .LVU399
 958:Middlewares/Third_Party/FreeRTOS/Source/queue.c **** 
 1307              		.loc 1 958 2 discriminator 8 view .LVU400
 1308 0018 022D     		cmp	r5, #2
 1309 001a 0BD1     		bne	.L88
 958:Middlewares/Third_Party/FreeRTOS/Source/queue.c **** 
 1310              		.loc 1 958 2 is_stmt 0 discriminator 2 view .LVU401
 1311 001c E36B     		ldr	r3, [r4, #60]
 1312 001e 012B     		cmp	r3, #1
 1313 0020 08D0     		beq	.L88
 958:Middlewares/Third_Party/FreeRTOS/Source/queue.c **** 
 1314              		.loc 1 958 2 is_stmt 1 view .LVU402
 1315              		.syntax divided
 1316              	@ 958 "Middlewares/Third_Party/FreeRTOS/Source/queue.c" 1
 1317 0022 72B6     		 cpsid i 
 1318              	@ 0 "" 2
 1319              		.thumb
 1320              		.syntax unified
 1321              	.L89:
 958:Middlewares/Third_Party/FreeRTOS/Source/queue.c **** 
 1322              		.loc 1 958 2 discriminator 3 view .LVU403
 958:Middlewares/Third_Party/FreeRTOS/Source/queue.c **** 
 1323              		.loc 1 958 2 discriminator 3 view .LVU404
 1324 0024 FEE7     		b	.L89
 1325              	.LVL143:
 1326              	.L97:
 956:Middlewares/Third_Party/FreeRTOS/Source/queue.c **** 	configASSERT( !( ( pvItemToQueue == NULL ) && ( pxQueue->uxItemSize != ( UBaseType_t ) 0U ) ) );
 1327              		.loc 1 956 2 discriminator 1 view .LVU405
 1328              		.syntax divided
 1329              	@ 956 "Middlewares/Third_Party/FreeRTOS/Source/queue.c" 1
 1330 0026 72B6     		 cpsid i 
 1331              	@ 0 "" 2
 1332              		.thumb
 1333              		.syntax unified
 1334              	.L85:
 956:Middlewares/Third_Party/FreeRTOS/Source/queue.c **** 	configASSERT( !( ( pvItemToQueue == NULL ) && ( pxQueue->uxItemSize != ( UBaseType_t ) 0U ) ) );
 1335              		.loc 1 956 2 discriminator 1 view .LVU406
 956:Middlewares/Third_Party/FreeRTOS/Source/queue.c **** 	configASSERT( !( ( pvItemToQueue == NULL ) && ( pxQueue->uxItemSize != ( UBaseType_t ) 0U ) ) );
 1336              		.loc 1 956 2 discriminator 1 view .LVU407
 1337 0028 FEE7     		b	.L85
 1338              	.L98:
 957:Middlewares/Third_Party/FreeRTOS/Source/queue.c **** 	configASSERT( !( ( xCopyPosition == queueOVERWRITE ) && ( pxQueue->uxLength != 1 ) ) );
 1339              		.loc 1 957 2 is_stmt 0 discriminator 2 view .LVU408
ARM GAS  C:\Users\Asus\AppData\Local\Temp\ccbtHMUK.s 			page 72


 1340 002a 036C     		ldr	r3, [r0, #64]
 1341              	.LVL144:
 957:Middlewares/Third_Party/FreeRTOS/Source/queue.c **** 	configASSERT( !( ( xCopyPosition == queueOVERWRITE ) && ( pxQueue->uxLength != 1 ) ) );
 1342              		.loc 1 957 2 discriminator 2 view .LVU409
 1343 002c 002B     		cmp	r3, #0
 1344 002e F3D0     		beq	.L86
 957:Middlewares/Third_Party/FreeRTOS/Source/queue.c **** 	configASSERT( !( ( xCopyPosition == queueOVERWRITE ) && ( pxQueue->uxLength != 1 ) ) );
 1345              		.loc 1 957 2 is_stmt 1 view .LVU410
 1346              		.syntax divided
 1347              	@ 957 "Middlewares/Third_Party/FreeRTOS/Source/queue.c" 1
 1348 0030 72B6     		 cpsid i 
 1349              	@ 0 "" 2
 1350              		.thumb
 1351              		.syntax unified
 1352              	.L87:
 957:Middlewares/Third_Party/FreeRTOS/Source/queue.c **** 	configASSERT( !( ( xCopyPosition == queueOVERWRITE ) && ( pxQueue->uxLength != 1 ) ) );
 1353              		.loc 1 957 2 discriminator 2 view .LVU411
 957:Middlewares/Third_Party/FreeRTOS/Source/queue.c **** 	configASSERT( !( ( xCopyPosition == queueOVERWRITE ) && ( pxQueue->uxLength != 1 ) ) );
 1354              		.loc 1 957 2 discriminator 2 view .LVU412
 1355 0032 FEE7     		b	.L87
 1356              	.L88:
 958:Middlewares/Third_Party/FreeRTOS/Source/queue.c **** 
 1357              		.loc 1 958 88 discriminator 8 view .LVU413
 974:Middlewares/Third_Party/FreeRTOS/Source/queue.c **** 
 1358              		.loc 1 974 44 discriminator 8 view .LVU414
 981:Middlewares/Third_Party/FreeRTOS/Source/queue.c **** 	{
 1359              		.loc 1 981 2 discriminator 8 view .LVU415
 981:Middlewares/Third_Party/FreeRTOS/Source/queue.c **** 	{
 1360              		.loc 1 981 27 is_stmt 0 discriminator 8 view .LVU416
 1361 0034 FFF7FEFF 		bl	ulSetInterruptMaskFromISR
 1362              	.LVL145:
 981:Middlewares/Third_Party/FreeRTOS/Source/queue.c **** 	{
 1363              		.loc 1 981 27 discriminator 8 view .LVU417
 1364 0038 0600     		movs	r6, r0
 1365              	.LVL146:
 983:Middlewares/Third_Party/FreeRTOS/Source/queue.c **** 		{
 1366              		.loc 1 983 3 is_stmt 1 discriminator 8 view .LVU418
 983:Middlewares/Third_Party/FreeRTOS/Source/queue.c **** 		{
 1367              		.loc 1 983 16 is_stmt 0 discriminator 8 view .LVU419
 1368 003a A26B     		ldr	r2, [r4, #56]
 983:Middlewares/Third_Party/FreeRTOS/Source/queue.c **** 		{
 1369              		.loc 1 983 45 discriminator 8 view .LVU420
 1370 003c E36B     		ldr	r3, [r4, #60]
 983:Middlewares/Third_Party/FreeRTOS/Source/queue.c **** 		{
 1371              		.loc 1 983 5 discriminator 8 view .LVU421
 1372 003e 9A42     		cmp	r2, r3
 1373 0040 0AD3     		bcc	.L90
 983:Middlewares/Third_Party/FreeRTOS/Source/queue.c **** 		{
 1374              		.loc 1 983 58 discriminator 1 view .LVU422
 1375 0042 022D     		cmp	r5, #2
 1376 0044 08D0     		beq	.L90
1103:Middlewares/Third_Party/FreeRTOS/Source/queue.c **** 		}
 1377              		.loc 1 1103 12 view .LVU423
 1378 0046 0024     		movs	r4, #0
 1379              	.LVL147:
 1380              	.L91:
1106:Middlewares/Third_Party/FreeRTOS/Source/queue.c **** 
ARM GAS  C:\Users\Asus\AppData\Local\Temp\ccbtHMUK.s 			page 73


 1381              		.loc 1 1106 2 is_stmt 1 view .LVU424
 1382 0048 3000     		movs	r0, r6
 1383 004a FFF7FEFF 		bl	vClearInterruptMaskFromISR
 1384              	.LVL148:
1108:Middlewares/Third_Party/FreeRTOS/Source/queue.c **** }
 1385              		.loc 1 1108 2 view .LVU425
1109:Middlewares/Third_Party/FreeRTOS/Source/queue.c **** /*-----------------------------------------------------------*/
 1386              		.loc 1 1109 1 is_stmt 0 view .LVU426
 1387 004e 2000     		movs	r0, r4
 1388 0050 02B0     		add	sp, sp, #8
 1389              		@ sp needed
 1390              	.LVL149:
 1391              	.LVL150:
 1392              	.LVL151:
 1393              	.LVL152:
1109:Middlewares/Third_Party/FreeRTOS/Source/queue.c **** /*-----------------------------------------------------------*/
 1394              		.loc 1 1109 1 view .LVU427
 1395 0052 80BC     		pop	{r7}
 1396 0054 B846     		mov	r8, r7
 1397 0056 F0BD     		pop	{r4, r5, r6, r7, pc}
 1398              	.LVL153:
 1399              	.L90:
 1400              	.LBB4:
 985:Middlewares/Third_Party/FreeRTOS/Source/queue.c **** 			const UBaseType_t uxPreviousMessagesWaiting = pxQueue->uxMessagesWaiting;
 1401              		.loc 1 985 4 is_stmt 1 view .LVU428
 985:Middlewares/Third_Party/FreeRTOS/Source/queue.c **** 			const UBaseType_t uxPreviousMessagesWaiting = pxQueue->uxMessagesWaiting;
 1402              		.loc 1 985 17 is_stmt 0 view .LVU429
 1403 0058 4523     		movs	r3, #69
 1404 005a E35C     		ldrb	r3, [r4, r3]
 1405 005c 5BB2     		sxtb	r3, r3
 1406 005e 9846     		mov	r8, r3
 1407              	.LVL154:
 986:Middlewares/Third_Party/FreeRTOS/Source/queue.c **** 
 1408              		.loc 1 986 4 is_stmt 1 view .LVU430
 986:Middlewares/Third_Party/FreeRTOS/Source/queue.c **** 
 1409              		.loc 1 986 22 is_stmt 0 view .LVU431
 1410 0060 A36B     		ldr	r3, [r4, #56]
 988:Middlewares/Third_Party/FreeRTOS/Source/queue.c **** 
 1411              		.loc 1 988 39 is_stmt 1 view .LVU432
 995:Middlewares/Third_Party/FreeRTOS/Source/queue.c **** 
 1412              		.loc 1 995 4 view .LVU433
 995:Middlewares/Third_Party/FreeRTOS/Source/queue.c **** 
 1413              		.loc 1 995 13 is_stmt 0 view .LVU434
 1414 0062 2A00     		movs	r2, r5
 1415 0064 3900     		movs	r1, r7
 1416 0066 2000     		movs	r0, r4
 1417              	.LVL155:
 995:Middlewares/Third_Party/FreeRTOS/Source/queue.c **** 
 1418              		.loc 1 995 13 view .LVU435
 1419 0068 FFF7FEFF 		bl	prvCopyDataToQueue
 1420              	.LVL156:
 999:Middlewares/Third_Party/FreeRTOS/Source/queue.c **** 			{
 1421              		.loc 1 999 4 is_stmt 1 view .LVU436
 999:Middlewares/Third_Party/FreeRTOS/Source/queue.c **** 			{
 1422              		.loc 1 999 6 is_stmt 0 view .LVU437
 1423 006c 4346     		mov	r3, r8
 1424 006e 0133     		adds	r3, r3, #1
ARM GAS  C:\Users\Asus\AppData\Local\Temp\ccbtHMUK.s 			page 74


 1425 0070 06D0     		beq	.L99
1095:Middlewares/Third_Party/FreeRTOS/Source/queue.c **** 			}
 1426              		.loc 1 1095 5 is_stmt 1 view .LVU438
1095:Middlewares/Third_Party/FreeRTOS/Source/queue.c **** 			}
 1427              		.loc 1 1095 45 is_stmt 0 view .LVU439
 1428 0072 4346     		mov	r3, r8
 1429 0074 0133     		adds	r3, r3, #1
1095:Middlewares/Third_Party/FreeRTOS/Source/queue.c **** 			}
 1430              		.loc 1 1095 24 view .LVU440
 1431 0076 5BB2     		sxtb	r3, r3
1095:Middlewares/Third_Party/FreeRTOS/Source/queue.c **** 			}
 1432              		.loc 1 1095 22 view .LVU441
 1433 0078 4522     		movs	r2, #69
 1434 007a A354     		strb	r3, [r4, r2]
1098:Middlewares/Third_Party/FreeRTOS/Source/queue.c **** 		}
 1435              		.loc 1 1098 12 view .LVU442
 1436 007c 0124     		movs	r4, #1
 1437              	.LVL157:
1098:Middlewares/Third_Party/FreeRTOS/Source/queue.c **** 		}
 1438              		.loc 1 1098 12 view .LVU443
 1439 007e E3E7     		b	.L91
 1440              	.LVL158:
 1441              	.L99:
1061:Middlewares/Third_Party/FreeRTOS/Source/queue.c **** 					{
 1442              		.loc 1 1061 6 is_stmt 1 view .LVU444
1061:Middlewares/Third_Party/FreeRTOS/Source/queue.c **** 					{
 1443              		.loc 1 1061 10 is_stmt 0 view .LVU445
 1444 0080 636A     		ldr	r3, [r4, #36]
1061:Middlewares/Third_Party/FreeRTOS/Source/queue.c **** 					{
 1445              		.loc 1 1061 8 view .LVU446
 1446 0082 002B     		cmp	r3, #0
 1447 0084 01D1     		bne	.L100
1098:Middlewares/Third_Party/FreeRTOS/Source/queue.c **** 		}
 1448              		.loc 1 1098 12 view .LVU447
 1449 0086 0124     		movs	r4, #1
 1450              	.LVL159:
1098:Middlewares/Third_Party/FreeRTOS/Source/queue.c **** 		}
 1451              		.loc 1 1098 12 view .LVU448
 1452 0088 DEE7     		b	.L91
 1453              	.LVL160:
 1454              	.L100:
1063:Middlewares/Third_Party/FreeRTOS/Source/queue.c **** 						{
 1455              		.loc 1 1063 7 is_stmt 1 view .LVU449
1063:Middlewares/Third_Party/FreeRTOS/Source/queue.c **** 						{
 1456              		.loc 1 1063 37 is_stmt 0 view .LVU450
 1457 008a 2000     		movs	r0, r4
 1458 008c 2430     		adds	r0, r0, #36
1063:Middlewares/Third_Party/FreeRTOS/Source/queue.c **** 						{
 1459              		.loc 1 1063 11 view .LVU451
 1460 008e FFF7FEFF 		bl	xTaskRemoveFromEventList
 1461              	.LVL161:
1063:Middlewares/Third_Party/FreeRTOS/Source/queue.c **** 						{
 1462              		.loc 1 1063 9 view .LVU452
 1463 0092 0028     		cmp	r0, #0
 1464 0094 06D0     		beq	.L95
1067:Middlewares/Third_Party/FreeRTOS/Source/queue.c **** 							{
 1465              		.loc 1 1067 8 is_stmt 1 view .LVU453
ARM GAS  C:\Users\Asus\AppData\Local\Temp\ccbtHMUK.s 			page 75


1067:Middlewares/Third_Party/FreeRTOS/Source/queue.c **** 							{
 1466              		.loc 1 1067 10 is_stmt 0 view .LVU454
 1467 0096 019A     		ldr	r2, [sp, #4]
 1468 0098 002A     		cmp	r2, #0
 1469 009a 05D0     		beq	.L96
1069:Middlewares/Third_Party/FreeRTOS/Source/queue.c **** 							}
 1470              		.loc 1 1069 9 is_stmt 1 view .LVU455
1069:Middlewares/Third_Party/FreeRTOS/Source/queue.c **** 							}
 1471              		.loc 1 1069 36 is_stmt 0 view .LVU456
 1472 009c 0123     		movs	r3, #1
 1473 009e 1360     		str	r3, [r2]
1098:Middlewares/Third_Party/FreeRTOS/Source/queue.c **** 		}
 1474              		.loc 1 1098 12 view .LVU457
 1475 00a0 0124     		movs	r4, #1
 1476              	.LVL162:
1098:Middlewares/Third_Party/FreeRTOS/Source/queue.c **** 		}
 1477              		.loc 1 1098 12 view .LVU458
 1478 00a2 D1E7     		b	.L91
 1479              	.LVL163:
 1480              	.L95:
1098:Middlewares/Third_Party/FreeRTOS/Source/queue.c **** 		}
 1481              		.loc 1 1098 12 view .LVU459
 1482 00a4 0124     		movs	r4, #1
 1483              	.LVL164:
1098:Middlewares/Third_Party/FreeRTOS/Source/queue.c **** 		}
 1484              		.loc 1 1098 12 view .LVU460
 1485 00a6 CFE7     		b	.L91
 1486              	.LVL165:
 1487              	.L96:
1098:Middlewares/Third_Party/FreeRTOS/Source/queue.c **** 		}
 1488              		.loc 1 1098 12 view .LVU461
 1489 00a8 0124     		movs	r4, #1
 1490              	.LVL166:
1098:Middlewares/Third_Party/FreeRTOS/Source/queue.c **** 		}
 1491              		.loc 1 1098 12 view .LVU462
 1492 00aa CDE7     		b	.L91
 1493              	.LBE4:
 1494              		.cfi_endproc
 1495              	.LFE6:
 1497              		.section	.text.xQueueGiveFromISR,"ax",%progbits
 1498              		.align	1
 1499              		.global	xQueueGiveFromISR
 1500              		.syntax unified
 1501              		.code	16
 1502              		.thumb_func
 1504              	xQueueGiveFromISR:
 1505              	.LVL167:
 1506              	.LFB7:
1113:Middlewares/Third_Party/FreeRTOS/Source/queue.c **** BaseType_t xReturn;
 1507              		.loc 1 1113 1 is_stmt 1 view -0
 1508              		.cfi_startproc
 1509              		@ args = 0, pretend = 0, frame = 0
 1510              		@ frame_needed = 0, uses_anonymous_args = 0
1113:Middlewares/Third_Party/FreeRTOS/Source/queue.c **** BaseType_t xReturn;
 1511              		.loc 1 1113 1 is_stmt 0 view .LVU464
 1512 0000 70B5     		push	{r4, r5, r6, lr}
 1513              		.cfi_def_cfa_offset 16
ARM GAS  C:\Users\Asus\AppData\Local\Temp\ccbtHMUK.s 			page 76


 1514              		.cfi_offset 4, -16
 1515              		.cfi_offset 5, -12
 1516              		.cfi_offset 6, -8
 1517              		.cfi_offset 14, -4
 1518 0002 0400     		movs	r4, r0
 1519 0004 0D00     		movs	r5, r1
1114:Middlewares/Third_Party/FreeRTOS/Source/queue.c **** UBaseType_t uxSavedInterruptStatus;
 1520              		.loc 1 1114 1 is_stmt 1 view .LVU465
1115:Middlewares/Third_Party/FreeRTOS/Source/queue.c **** Queue_t * const pxQueue = xQueue;
 1521              		.loc 1 1115 1 view .LVU466
1116:Middlewares/Third_Party/FreeRTOS/Source/queue.c **** 
 1522              		.loc 1 1116 1 view .LVU467
 1523              	.LVL168:
1124:Middlewares/Third_Party/FreeRTOS/Source/queue.c **** 
 1524              		.loc 1 1124 2 view .LVU468
 1525 0006 0028     		cmp	r0, #0
 1526 0008 04D0     		beq	.L114
1124:Middlewares/Third_Party/FreeRTOS/Source/queue.c **** 
 1527              		.loc 1 1124 25 discriminator 2 view .LVU469
1128:Middlewares/Third_Party/FreeRTOS/Source/queue.c **** 
 1528              		.loc 1 1128 2 discriminator 2 view .LVU470
 1529 000a 036C     		ldr	r3, [r0, #64]
 1530 000c 002B     		cmp	r3, #0
 1531 000e 03D0     		beq	.L104
1128:Middlewares/Third_Party/FreeRTOS/Source/queue.c **** 
 1532              		.loc 1 1128 2 discriminator 1 view .LVU471
 1533              		.syntax divided
 1534              	@ 1128 "Middlewares/Third_Party/FreeRTOS/Source/queue.c" 1
 1535 0010 72B6     		 cpsid i 
 1536              	@ 0 "" 2
 1537              		.thumb
 1538              		.syntax unified
 1539              	.L105:
1128:Middlewares/Third_Party/FreeRTOS/Source/queue.c **** 
 1540              		.loc 1 1128 2 discriminator 2 view .LVU472
1128:Middlewares/Third_Party/FreeRTOS/Source/queue.c **** 
 1541              		.loc 1 1128 2 discriminator 2 view .LVU473
 1542 0012 FEE7     		b	.L105
 1543              	.L114:
1124:Middlewares/Third_Party/FreeRTOS/Source/queue.c **** 
 1544              		.loc 1 1124 2 discriminator 1 view .LVU474
 1545              		.syntax divided
 1546              	@ 1124 "Middlewares/Third_Party/FreeRTOS/Source/queue.c" 1
 1547 0014 72B6     		 cpsid i 
 1548              	@ 0 "" 2
 1549              		.thumb
 1550              		.syntax unified
 1551              	.L103:
1124:Middlewares/Third_Party/FreeRTOS/Source/queue.c **** 
 1552              		.loc 1 1124 2 discriminator 1 view .LVU475
1124:Middlewares/Third_Party/FreeRTOS/Source/queue.c **** 
 1553              		.loc 1 1124 2 discriminator 1 view .LVU476
 1554 0016 FEE7     		b	.L103
 1555              	.L104:
1128:Middlewares/Third_Party/FreeRTOS/Source/queue.c **** 
 1556              		.loc 1 1128 42 discriminator 2 view .LVU477
1133:Middlewares/Third_Party/FreeRTOS/Source/queue.c **** 
ARM GAS  C:\Users\Asus\AppData\Local\Temp\ccbtHMUK.s 			page 77


 1557              		.loc 1 1133 2 discriminator 2 view .LVU478
 1558 0018 0368     		ldr	r3, [r0]
 1559 001a 002B     		cmp	r3, #0
 1560 001c 13D0     		beq	.L115
 1561              	.L106:
1133:Middlewares/Third_Party/FreeRTOS/Source/queue.c **** 
 1562              		.loc 1 1133 120 discriminator 8 view .LVU479
1149:Middlewares/Third_Party/FreeRTOS/Source/queue.c **** 
 1563              		.loc 1 1149 44 discriminator 8 view .LVU480
1151:Middlewares/Third_Party/FreeRTOS/Source/queue.c **** 	{
 1564              		.loc 1 1151 2 discriminator 8 view .LVU481
1151:Middlewares/Third_Party/FreeRTOS/Source/queue.c **** 	{
 1565              		.loc 1 1151 27 is_stmt 0 discriminator 8 view .LVU482
 1566 001e FFF7FEFF 		bl	ulSetInterruptMaskFromISR
 1567              	.LVL169:
1151:Middlewares/Third_Party/FreeRTOS/Source/queue.c **** 	{
 1568              		.loc 1 1151 27 discriminator 8 view .LVU483
 1569 0022 0600     		movs	r6, r0
 1570              	.LVL170:
 1571              	.LBB5:
1153:Middlewares/Third_Party/FreeRTOS/Source/queue.c **** 
 1572              		.loc 1 1153 3 is_stmt 1 discriminator 8 view .LVU484
1153:Middlewares/Third_Party/FreeRTOS/Source/queue.c **** 
 1573              		.loc 1 1153 21 is_stmt 0 discriminator 8 view .LVU485
 1574 0024 A26B     		ldr	r2, [r4, #56]
 1575              	.LVL171:
1158:Middlewares/Third_Party/FreeRTOS/Source/queue.c **** 		{
 1576              		.loc 1 1158 3 is_stmt 1 discriminator 8 view .LVU486
1158:Middlewares/Third_Party/FreeRTOS/Source/queue.c **** 		{
 1577              		.loc 1 1158 34 is_stmt 0 discriminator 8 view .LVU487
 1578 0026 E36B     		ldr	r3, [r4, #60]
1158:Middlewares/Third_Party/FreeRTOS/Source/queue.c **** 		{
 1579              		.loc 1 1158 5 discriminator 8 view .LVU488
 1580 0028 9342     		cmp	r3, r2
 1581 002a 22D9     		bls	.L110
 1582              	.LBB6:
1160:Middlewares/Third_Party/FreeRTOS/Source/queue.c **** 
 1583              		.loc 1 1160 4 is_stmt 1 view .LVU489
1160:Middlewares/Third_Party/FreeRTOS/Source/queue.c **** 
 1584              		.loc 1 1160 17 is_stmt 0 view .LVU490
 1585 002c 4523     		movs	r3, #69
 1586 002e E35C     		ldrb	r3, [r4, r3]
 1587 0030 5BB2     		sxtb	r3, r3
 1588              	.LVL172:
1162:Middlewares/Third_Party/FreeRTOS/Source/queue.c **** 
 1589              		.loc 1 1162 39 is_stmt 1 view .LVU491
1170:Middlewares/Third_Party/FreeRTOS/Source/queue.c **** 
 1590              		.loc 1 1170 4 view .LVU492
1170:Middlewares/Third_Party/FreeRTOS/Source/queue.c **** 
 1591              		.loc 1 1170 51 is_stmt 0 view .LVU493
 1592 0032 0132     		adds	r2, r2, #1
 1593              	.LVL173:
1170:Middlewares/Third_Party/FreeRTOS/Source/queue.c **** 
 1594              		.loc 1 1170 31 view .LVU494
 1595 0034 A263     		str	r2, [r4, #56]
1174:Middlewares/Third_Party/FreeRTOS/Source/queue.c **** 			{
 1596              		.loc 1 1174 4 is_stmt 1 view .LVU495
ARM GAS  C:\Users\Asus\AppData\Local\Temp\ccbtHMUK.s 			page 78


1174:Middlewares/Third_Party/FreeRTOS/Source/queue.c **** 			{
 1597              		.loc 1 1174 6 is_stmt 0 view .LVU496
 1598 0036 5A1C     		adds	r2, r3, #1
 1599 0038 0AD0     		beq	.L116
 1600              	.LVL174:
1260:Middlewares/Third_Party/FreeRTOS/Source/queue.c **** 			}
 1601              		.loc 1 1260 5 is_stmt 1 view .LVU497
1260:Middlewares/Third_Party/FreeRTOS/Source/queue.c **** 			}
 1602              		.loc 1 1260 45 is_stmt 0 view .LVU498
 1603 003a 0133     		adds	r3, r3, #1
 1604              	.LVL175:
1260:Middlewares/Third_Party/FreeRTOS/Source/queue.c **** 			}
 1605              		.loc 1 1260 24 view .LVU499
 1606 003c 5BB2     		sxtb	r3, r3
 1607              	.LVL176:
1260:Middlewares/Third_Party/FreeRTOS/Source/queue.c **** 			}
 1608              		.loc 1 1260 22 view .LVU500
 1609 003e 4522     		movs	r2, #69
 1610 0040 A354     		strb	r3, [r4, r2]
 1611              	.LVL177:
1263:Middlewares/Third_Party/FreeRTOS/Source/queue.c **** 		}
 1612              		.loc 1 1263 12 view .LVU501
 1613 0042 0124     		movs	r4, #1
 1614              	.LVL178:
1263:Middlewares/Third_Party/FreeRTOS/Source/queue.c **** 		}
 1615              		.loc 1 1263 12 view .LVU502
 1616 0044 16E0     		b	.L108
 1617              	.LVL179:
 1618              	.L115:
1263:Middlewares/Third_Party/FreeRTOS/Source/queue.c **** 		}
 1619              		.loc 1 1263 12 view .LVU503
 1620              	.LBE6:
 1621              	.LBE5:
1133:Middlewares/Third_Party/FreeRTOS/Source/queue.c **** 
 1622              		.loc 1 1133 2 discriminator 2 view .LVU504
 1623 0046 8368     		ldr	r3, [r0, #8]
 1624 0048 002B     		cmp	r3, #0
 1625 004a E8D0     		beq	.L106
1133:Middlewares/Third_Party/FreeRTOS/Source/queue.c **** 
 1626              		.loc 1 1133 2 is_stmt 1 view .LVU505
 1627              		.syntax divided
 1628              	@ 1133 "Middlewares/Third_Party/FreeRTOS/Source/queue.c" 1
 1629 004c 72B6     		 cpsid i 
 1630              	@ 0 "" 2
 1631              		.thumb
 1632              		.syntax unified
 1633              	.L107:
1133:Middlewares/Third_Party/FreeRTOS/Source/queue.c **** 
 1634              		.loc 1 1133 2 discriminator 3 view .LVU506
1133:Middlewares/Third_Party/FreeRTOS/Source/queue.c **** 
 1635              		.loc 1 1133 2 discriminator 3 view .LVU507
 1636 004e FEE7     		b	.L107
 1637              	.LVL180:
 1638              	.L116:
 1639              	.LBB9:
 1640              	.LBB7:
1229:Middlewares/Third_Party/FreeRTOS/Source/queue.c **** 					{
ARM GAS  C:\Users\Asus\AppData\Local\Temp\ccbtHMUK.s 			page 79


 1641              		.loc 1 1229 6 view .LVU508
1229:Middlewares/Third_Party/FreeRTOS/Source/queue.c **** 					{
 1642              		.loc 1 1229 10 is_stmt 0 view .LVU509
 1643 0050 636A     		ldr	r3, [r4, #36]
 1644              	.LVL181:
1229:Middlewares/Third_Party/FreeRTOS/Source/queue.c **** 					{
 1645              		.loc 1 1229 8 view .LVU510
 1646 0052 002B     		cmp	r3, #0
 1647 0054 01D1     		bne	.L117
1263:Middlewares/Third_Party/FreeRTOS/Source/queue.c **** 		}
 1648              		.loc 1 1263 12 view .LVU511
 1649 0056 0124     		movs	r4, #1
 1650              	.LVL182:
1263:Middlewares/Third_Party/FreeRTOS/Source/queue.c **** 		}
 1651              		.loc 1 1263 12 view .LVU512
 1652 0058 0CE0     		b	.L108
 1653              	.LVL183:
 1654              	.L117:
1231:Middlewares/Third_Party/FreeRTOS/Source/queue.c **** 						{
 1655              		.loc 1 1231 7 is_stmt 1 view .LVU513
1231:Middlewares/Third_Party/FreeRTOS/Source/queue.c **** 						{
 1656              		.loc 1 1231 37 is_stmt 0 view .LVU514
 1657 005a 2000     		movs	r0, r4
 1658              	.LVL184:
1231:Middlewares/Third_Party/FreeRTOS/Source/queue.c **** 						{
 1659              		.loc 1 1231 37 view .LVU515
 1660 005c 2430     		adds	r0, r0, #36
1231:Middlewares/Third_Party/FreeRTOS/Source/queue.c **** 						{
 1661              		.loc 1 1231 11 view .LVU516
 1662 005e FFF7FEFF 		bl	xTaskRemoveFromEventList
 1663              	.LVL185:
1231:Middlewares/Third_Party/FreeRTOS/Source/queue.c **** 						{
 1664              		.loc 1 1231 9 view .LVU517
 1665 0062 0028     		cmp	r0, #0
 1666 0064 0BD0     		beq	.L112
1235:Middlewares/Third_Party/FreeRTOS/Source/queue.c **** 							{
 1667              		.loc 1 1235 8 is_stmt 1 view .LVU518
1235:Middlewares/Third_Party/FreeRTOS/Source/queue.c **** 							{
 1668              		.loc 1 1235 10 is_stmt 0 view .LVU519
 1669 0066 002D     		cmp	r5, #0
 1670 0068 0BD0     		beq	.L113
1237:Middlewares/Third_Party/FreeRTOS/Source/queue.c **** 							}
 1671              		.loc 1 1237 9 is_stmt 1 view .LVU520
1237:Middlewares/Third_Party/FreeRTOS/Source/queue.c **** 							}
 1672              		.loc 1 1237 36 is_stmt 0 view .LVU521
 1673 006a 0123     		movs	r3, #1
 1674 006c 2B60     		str	r3, [r5]
1263:Middlewares/Third_Party/FreeRTOS/Source/queue.c **** 		}
 1675              		.loc 1 1263 12 view .LVU522
 1676 006e 0124     		movs	r4, #1
 1677              	.LVL186:
1263:Middlewares/Third_Party/FreeRTOS/Source/queue.c **** 		}
 1678              		.loc 1 1263 12 view .LVU523
 1679 0070 00E0     		b	.L108
 1680              	.LVL187:
 1681              	.L110:
1263:Middlewares/Third_Party/FreeRTOS/Source/queue.c **** 		}
ARM GAS  C:\Users\Asus\AppData\Local\Temp\ccbtHMUK.s 			page 80


 1682              		.loc 1 1263 12 view .LVU524
 1683              	.LBE7:
1268:Middlewares/Third_Party/FreeRTOS/Source/queue.c **** 		}
 1684              		.loc 1 1268 12 view .LVU525
 1685 0072 0024     		movs	r4, #0
 1686              	.LVL188:
 1687              	.L108:
1268:Middlewares/Third_Party/FreeRTOS/Source/queue.c **** 		}
 1688              		.loc 1 1268 12 view .LVU526
 1689              	.LBE9:
1271:Middlewares/Third_Party/FreeRTOS/Source/queue.c **** 
 1690              		.loc 1 1271 2 is_stmt 1 view .LVU527
 1691 0074 3000     		movs	r0, r6
 1692 0076 FFF7FEFF 		bl	vClearInterruptMaskFromISR
 1693              	.LVL189:
1273:Middlewares/Third_Party/FreeRTOS/Source/queue.c **** }
 1694              		.loc 1 1273 2 view .LVU528
1274:Middlewares/Third_Party/FreeRTOS/Source/queue.c **** /*-----------------------------------------------------------*/
 1695              		.loc 1 1274 1 is_stmt 0 view .LVU529
 1696 007a 2000     		movs	r0, r4
 1697              		@ sp needed
 1698              	.LVL190:
 1699              	.LVL191:
 1700              	.LVL192:
1274:Middlewares/Third_Party/FreeRTOS/Source/queue.c **** /*-----------------------------------------------------------*/
 1701              		.loc 1 1274 1 view .LVU530
 1702 007c 70BD     		pop	{r4, r5, r6, pc}
 1703              	.LVL193:
 1704              	.L112:
 1705              	.LBB10:
 1706              	.LBB8:
1263:Middlewares/Third_Party/FreeRTOS/Source/queue.c **** 		}
 1707              		.loc 1 1263 12 view .LVU531
 1708 007e 0124     		movs	r4, #1
 1709              	.LVL194:
1263:Middlewares/Third_Party/FreeRTOS/Source/queue.c **** 		}
 1710              		.loc 1 1263 12 view .LVU532
 1711 0080 F8E7     		b	.L108
 1712              	.LVL195:
 1713              	.L113:
1263:Middlewares/Third_Party/FreeRTOS/Source/queue.c **** 		}
 1714              		.loc 1 1263 12 view .LVU533
 1715 0082 0124     		movs	r4, #1
 1716              	.LVL196:
1263:Middlewares/Third_Party/FreeRTOS/Source/queue.c **** 		}
 1717              		.loc 1 1263 12 view .LVU534
 1718 0084 F6E7     		b	.L108
 1719              	.LBE8:
 1720              	.LBE10:
 1721              		.cfi_endproc
 1722              	.LFE7:
 1724              		.section	.text.xQueueReceive,"ax",%progbits
 1725              		.align	1
 1726              		.global	xQueueReceive
 1727              		.syntax unified
 1728              		.code	16
 1729              		.thumb_func
ARM GAS  C:\Users\Asus\AppData\Local\Temp\ccbtHMUK.s 			page 81


 1731              	xQueueReceive:
 1732              	.LVL197:
 1733              	.LFB8:
1278:Middlewares/Third_Party/FreeRTOS/Source/queue.c **** BaseType_t xEntryTimeSet = pdFALSE;
 1734              		.loc 1 1278 1 is_stmt 1 view -0
 1735              		.cfi_startproc
 1736              		@ args = 0, pretend = 0, frame = 16
 1737              		@ frame_needed = 0, uses_anonymous_args = 0
1278:Middlewares/Third_Party/FreeRTOS/Source/queue.c **** BaseType_t xEntryTimeSet = pdFALSE;
 1738              		.loc 1 1278 1 is_stmt 0 view .LVU536
 1739 0000 F0B5     		push	{r4, r5, r6, r7, lr}
 1740              		.cfi_def_cfa_offset 20
 1741              		.cfi_offset 4, -20
 1742              		.cfi_offset 5, -16
 1743              		.cfi_offset 6, -12
 1744              		.cfi_offset 7, -8
 1745              		.cfi_offset 14, -4
 1746 0002 85B0     		sub	sp, sp, #20
 1747              		.cfi_def_cfa_offset 40
 1748 0004 0400     		movs	r4, r0
 1749 0006 0E00     		movs	r6, r1
 1750 0008 0192     		str	r2, [sp, #4]
1279:Middlewares/Third_Party/FreeRTOS/Source/queue.c **** TimeOut_t xTimeOut;
 1751              		.loc 1 1279 1 is_stmt 1 view .LVU537
 1752              	.LVL198:
1280:Middlewares/Third_Party/FreeRTOS/Source/queue.c **** Queue_t * const pxQueue = xQueue;
 1753              		.loc 1 1280 1 view .LVU538
1281:Middlewares/Third_Party/FreeRTOS/Source/queue.c **** 
 1754              		.loc 1 1281 1 view .LVU539
1284:Middlewares/Third_Party/FreeRTOS/Source/queue.c **** 
 1755              		.loc 1 1284 2 view .LVU540
 1756 000a 0028     		cmp	r0, #0
 1757 000c 0AD0     		beq	.L139
1284:Middlewares/Third_Party/FreeRTOS/Source/queue.c **** 
 1758              		.loc 1 1284 29 discriminator 2 view .LVU541
1288:Middlewares/Third_Party/FreeRTOS/Source/queue.c **** 
 1759              		.loc 1 1288 2 discriminator 2 view .LVU542
 1760 000e 0029     		cmp	r1, #0
 1761 0010 0AD0     		beq	.L140
 1762              	.L121:
1288:Middlewares/Third_Party/FreeRTOS/Source/queue.c **** 
 1763              		.loc 1 1288 100 discriminator 8 view .LVU543
1293:Middlewares/Third_Party/FreeRTOS/Source/queue.c **** 	}
 1764              		.loc 1 1293 3 discriminator 8 view .LVU544
 1765 0012 FFF7FEFF 		bl	xTaskGetSchedulerState
 1766              	.LVL199:
1293:Middlewares/Third_Party/FreeRTOS/Source/queue.c **** 	}
 1767              		.loc 1 1293 3 is_stmt 0 discriminator 8 view .LVU545
 1768 0016 051E     		subs	r5, r0, #0
 1769 0018 0BD1     		bne	.L136
1293:Middlewares/Third_Party/FreeRTOS/Source/queue.c **** 	}
 1770              		.loc 1 1293 3 discriminator 2 view .LVU546
 1771 001a 019B     		ldr	r3, [sp, #4]
 1772 001c 002B     		cmp	r3, #0
 1773 001e 42D0     		beq	.L125
1293:Middlewares/Third_Party/FreeRTOS/Source/queue.c **** 	}
 1774              		.loc 1 1293 3 is_stmt 1 discriminator 7 view .LVU547
ARM GAS  C:\Users\Asus\AppData\Local\Temp\ccbtHMUK.s 			page 82


 1775              		.syntax divided
 1776              	@ 1293 "Middlewares/Third_Party/FreeRTOS/Source/queue.c" 1
 1777 0020 72B6     		 cpsid i 
 1778              	@ 0 "" 2
 1779              		.thumb
 1780              		.syntax unified
 1781              	.L124:
1293:Middlewares/Third_Party/FreeRTOS/Source/queue.c **** 	}
 1782              		.loc 1 1293 3 discriminator 3 view .LVU548
1293:Middlewares/Third_Party/FreeRTOS/Source/queue.c **** 	}
 1783              		.loc 1 1293 3 discriminator 3 view .LVU549
 1784 0022 FEE7     		b	.L124
 1785              	.LVL200:
 1786              	.L139:
1284:Middlewares/Third_Party/FreeRTOS/Source/queue.c **** 
 1787              		.loc 1 1284 2 discriminator 1 view .LVU550
 1788              		.syntax divided
 1789              	@ 1284 "Middlewares/Third_Party/FreeRTOS/Source/queue.c" 1
 1790 0024 72B6     		 cpsid i 
 1791              	@ 0 "" 2
 1792              		.thumb
 1793              		.syntax unified
 1794              	.L120:
1284:Middlewares/Third_Party/FreeRTOS/Source/queue.c **** 
 1795              		.loc 1 1284 2 discriminator 1 view .LVU551
1284:Middlewares/Third_Party/FreeRTOS/Source/queue.c **** 
 1796              		.loc 1 1284 2 discriminator 1 view .LVU552
 1797 0026 FEE7     		b	.L120
 1798              	.L140:
1288:Middlewares/Third_Party/FreeRTOS/Source/queue.c **** 
 1799              		.loc 1 1288 2 is_stmt 0 discriminator 2 view .LVU553
 1800 0028 036C     		ldr	r3, [r0, #64]
 1801 002a 002B     		cmp	r3, #0
 1802 002c F1D0     		beq	.L121
1288:Middlewares/Third_Party/FreeRTOS/Source/queue.c **** 
 1803              		.loc 1 1288 2 is_stmt 1 view .LVU554
 1804              		.syntax divided
 1805              	@ 1288 "Middlewares/Third_Party/FreeRTOS/Source/queue.c" 1
 1806 002e 72B6     		 cpsid i 
 1807              	@ 0 "" 2
 1808              		.thumb
 1809              		.syntax unified
 1810              	.L122:
1288:Middlewares/Third_Party/FreeRTOS/Source/queue.c **** 
 1811              		.loc 1 1288 2 discriminator 2 view .LVU555
1288:Middlewares/Third_Party/FreeRTOS/Source/queue.c **** 
 1812              		.loc 1 1288 2 discriminator 2 view .LVU556
 1813 0030 FEE7     		b	.L122
 1814              	.LVL201:
 1815              	.L136:
1288:Middlewares/Third_Party/FreeRTOS/Source/queue.c **** 
 1816              		.loc 1 1288 2 is_stmt 0 discriminator 2 view .LVU557
 1817 0032 0025     		movs	r5, #0
 1818 0034 37E0     		b	.L125
 1819              	.LVL202:
 1820              	.L143:
 1821              	.LBB11:
ARM GAS  C:\Users\Asus\AppData\Local\Temp\ccbtHMUK.s 			page 83


1312:Middlewares/Third_Party/FreeRTOS/Source/queue.c **** 				traceQUEUE_RECEIVE( pxQueue );
 1822              		.loc 1 1312 5 is_stmt 1 view .LVU558
 1823 0036 3100     		movs	r1, r6
 1824 0038 2000     		movs	r0, r4
 1825 003a FFF7FEFF 		bl	prvCopyDataFromQueue
 1826              	.LVL203:
1313:Middlewares/Third_Party/FreeRTOS/Source/queue.c **** 				pxQueue->uxMessagesWaiting = uxMessagesWaiting - ( UBaseType_t ) 1;
 1827              		.loc 1 1313 34 view .LVU559
1314:Middlewares/Third_Party/FreeRTOS/Source/queue.c **** 
 1828              		.loc 1 1314 5 view .LVU560
1314:Middlewares/Third_Party/FreeRTOS/Source/queue.c **** 
 1829              		.loc 1 1314 52 is_stmt 0 view .LVU561
 1830 003e 013F     		subs	r7, r7, #1
 1831              	.LVL204:
1314:Middlewares/Third_Party/FreeRTOS/Source/queue.c **** 
 1832              		.loc 1 1314 32 view .LVU562
 1833 0040 A763     		str	r7, [r4, #56]
1319:Middlewares/Third_Party/FreeRTOS/Source/queue.c **** 				{
 1834              		.loc 1 1319 5 is_stmt 1 view .LVU563
1319:Middlewares/Third_Party/FreeRTOS/Source/queue.c **** 				{
 1835              		.loc 1 1319 9 is_stmt 0 view .LVU564
 1836 0042 2369     		ldr	r3, [r4, #16]
1319:Middlewares/Third_Party/FreeRTOS/Source/queue.c **** 				{
 1837              		.loc 1 1319 7 view .LVU565
 1838 0044 002B     		cmp	r3, #0
 1839 0046 04D1     		bne	.L141
 1840              	.L127:
1332:Middlewares/Third_Party/FreeRTOS/Source/queue.c **** 				}
 1841              		.loc 1 1332 30 is_stmt 1 view .LVU566
1335:Middlewares/Third_Party/FreeRTOS/Source/queue.c **** 				return pdPASS;
 1842              		.loc 1 1335 5 view .LVU567
 1843 0048 FFF7FEFF 		bl	vPortExitCritical
 1844              	.LVL205:
1336:Middlewares/Third_Party/FreeRTOS/Source/queue.c **** 			}
 1845              		.loc 1 1336 5 view .LVU568
1336:Middlewares/Third_Party/FreeRTOS/Source/queue.c **** 			}
 1846              		.loc 1 1336 12 is_stmt 0 view .LVU569
 1847 004c 0120     		movs	r0, #1
 1848              	.LVL206:
 1849              	.L118:
1336:Middlewares/Third_Party/FreeRTOS/Source/queue.c **** 			}
 1850              		.loc 1 1336 12 view .LVU570
 1851              	.LBE11:
1415:Middlewares/Third_Party/FreeRTOS/Source/queue.c **** /*-----------------------------------------------------------*/
 1852              		.loc 1 1415 1 view .LVU571
 1853 004e 05B0     		add	sp, sp, #20
 1854              		@ sp needed
 1855              	.LVL207:
 1856              	.LVL208:
 1857              	.LVL209:
1415:Middlewares/Third_Party/FreeRTOS/Source/queue.c **** /*-----------------------------------------------------------*/
 1858              		.loc 1 1415 1 view .LVU572
 1859 0050 F0BD     		pop	{r4, r5, r6, r7, pc}
 1860              	.LVL210:
 1861              	.L141:
 1862              	.LBB12:
1321:Middlewares/Third_Party/FreeRTOS/Source/queue.c **** 					{
ARM GAS  C:\Users\Asus\AppData\Local\Temp\ccbtHMUK.s 			page 84


 1863              		.loc 1 1321 6 is_stmt 1 view .LVU573
1321:Middlewares/Third_Party/FreeRTOS/Source/queue.c **** 					{
 1864              		.loc 1 1321 36 is_stmt 0 view .LVU574
 1865 0052 2000     		movs	r0, r4
 1866 0054 1030     		adds	r0, r0, #16
1321:Middlewares/Third_Party/FreeRTOS/Source/queue.c **** 					{
 1867              		.loc 1 1321 10 view .LVU575
 1868 0056 FFF7FEFF 		bl	xTaskRemoveFromEventList
 1869              	.LVL211:
1321:Middlewares/Third_Party/FreeRTOS/Source/queue.c **** 					{
 1870              		.loc 1 1321 8 view .LVU576
 1871 005a 0028     		cmp	r0, #0
 1872 005c F4D0     		beq	.L127
1323:Middlewares/Third_Party/FreeRTOS/Source/queue.c **** 					}
 1873              		.loc 1 1323 7 is_stmt 1 view .LVU577
 1874 005e FFF7FEFF 		bl	vPortYield
 1875              	.LVL212:
 1876 0062 F1E7     		b	.L127
 1877              	.LVL213:
 1878              	.L144:
1344:Middlewares/Third_Party/FreeRTOS/Source/queue.c **** 					traceQUEUE_RECEIVE_FAILED( pxQueue );
 1879              		.loc 1 1344 6 view .LVU578
 1880 0064 FFF7FEFF 		bl	vPortExitCritical
 1881              	.LVL214:
1345:Middlewares/Third_Party/FreeRTOS/Source/queue.c **** 					return errQUEUE_EMPTY;
 1882              		.loc 1 1345 42 view .LVU579
1346:Middlewares/Third_Party/FreeRTOS/Source/queue.c **** 				}
 1883              		.loc 1 1346 6 view .LVU580
1346:Middlewares/Third_Party/FreeRTOS/Source/queue.c **** 				}
 1884              		.loc 1 1346 13 is_stmt 0 view .LVU581
 1885 0068 0020     		movs	r0, #0
 1886 006a F0E7     		b	.L118
 1887              	.L145:
1352:Middlewares/Third_Party/FreeRTOS/Source/queue.c **** 					xEntryTimeSet = pdTRUE;
 1888              		.loc 1 1352 6 is_stmt 1 view .LVU582
 1889 006c 02A8     		add	r0, sp, #8
 1890 006e FFF7FEFF 		bl	vTaskInternalSetTimeOutState
 1891              	.LVL215:
1353:Middlewares/Third_Party/FreeRTOS/Source/queue.c **** 				}
 1892              		.loc 1 1353 6 view .LVU583
1353:Middlewares/Third_Party/FreeRTOS/Source/queue.c **** 				}
 1893              		.loc 1 1353 20 is_stmt 0 view .LVU584
 1894 0072 0135     		adds	r5, r5, #1
 1895 0074 21E0     		b	.L130
 1896              	.LVL216:
 1897              	.L146:
1353:Middlewares/Third_Party/FreeRTOS/Source/queue.c **** 				}
 1898              		.loc 1 1353 20 view .LVU585
 1899              	.LBE12:
1368:Middlewares/Third_Party/FreeRTOS/Source/queue.c **** 
 1900              		.loc 1 1368 3 is_stmt 1 discriminator 1 view .LVU586
 1901 0076 4423     		movs	r3, #68
 1902 0078 0022     		movs	r2, #0
 1903 007a E254     		strb	r2, [r4, r3]
 1904 007c 28E0     		b	.L131
 1905              	.L147:
1368:Middlewares/Third_Party/FreeRTOS/Source/queue.c **** 
ARM GAS  C:\Users\Asus\AppData\Local\Temp\ccbtHMUK.s 			page 85


 1906              		.loc 1 1368 3 discriminator 4 view .LVU587
 1907 007e 4523     		movs	r3, #69
 1908 0080 0022     		movs	r2, #0
 1909 0082 E254     		strb	r2, [r4, r3]
 1910 0084 29E0     		b	.L132
 1911              	.L134:
1393:Middlewares/Third_Party/FreeRTOS/Source/queue.c **** 				( void ) xTaskResumeAll();
 1912              		.loc 1 1393 5 view .LVU588
 1913 0086 2000     		movs	r0, r4
 1914 0088 FFF7FEFF 		bl	prvUnlockQueue
 1915              	.LVL217:
1394:Middlewares/Third_Party/FreeRTOS/Source/queue.c **** 			}
 1916              		.loc 1 1394 5 view .LVU589
1394:Middlewares/Third_Party/FreeRTOS/Source/queue.c **** 			}
 1917              		.loc 1 1394 14 is_stmt 0 view .LVU590
 1918 008c FFF7FEFF 		bl	xTaskResumeAll
 1919              	.LVL218:
 1920 0090 09E0     		b	.L125
 1921              	.L133:
1401:Middlewares/Third_Party/FreeRTOS/Source/queue.c **** 			( void ) xTaskResumeAll();
 1922              		.loc 1 1401 4 is_stmt 1 view .LVU591
 1923 0092 2000     		movs	r0, r4
 1924 0094 FFF7FEFF 		bl	prvUnlockQueue
 1925              	.LVL219:
1402:Middlewares/Third_Party/FreeRTOS/Source/queue.c **** 
 1926              		.loc 1 1402 4 view .LVU592
1402:Middlewares/Third_Party/FreeRTOS/Source/queue.c **** 
 1927              		.loc 1 1402 13 is_stmt 0 view .LVU593
 1928 0098 FFF7FEFF 		bl	xTaskResumeAll
 1929              	.LVL220:
1404:Middlewares/Third_Party/FreeRTOS/Source/queue.c **** 			{
 1930              		.loc 1 1404 4 is_stmt 1 view .LVU594
1404:Middlewares/Third_Party/FreeRTOS/Source/queue.c **** 			{
 1931              		.loc 1 1404 8 is_stmt 0 view .LVU595
 1932 009c 2000     		movs	r0, r4
 1933 009e FFF7FEFF 		bl	prvIsQueueEmpty
 1934              	.LVL221:
1404:Middlewares/Third_Party/FreeRTOS/Source/queue.c **** 			{
 1935              		.loc 1 1404 6 view .LVU596
 1936 00a2 0028     		cmp	r0, #0
 1937 00a4 35D1     		bne	.L142
 1938              	.LVL222:
 1939              	.L125:
1293:Middlewares/Third_Party/FreeRTOS/Source/queue.c **** 	}
 1940              		.loc 1 1293 104 is_stmt 1 discriminator 8 view .LVU597
1301:Middlewares/Third_Party/FreeRTOS/Source/queue.c **** 	{
 1941              		.loc 1 1301 2 discriminator 8 view .LVU598
1303:Middlewares/Third_Party/FreeRTOS/Source/queue.c **** 		{
 1942              		.loc 1 1303 3 discriminator 8 view .LVU599
 1943 00a6 FFF7FEFF 		bl	vPortEnterCritical
 1944              	.LVL223:
 1945              	.LBB13:
1305:Middlewares/Third_Party/FreeRTOS/Source/queue.c **** 
 1946              		.loc 1 1305 4 discriminator 8 view .LVU600
1305:Middlewares/Third_Party/FreeRTOS/Source/queue.c **** 
 1947              		.loc 1 1305 22 is_stmt 0 discriminator 8 view .LVU601
 1948 00aa A76B     		ldr	r7, [r4, #56]
ARM GAS  C:\Users\Asus\AppData\Local\Temp\ccbtHMUK.s 			page 86


 1949              	.LVL224:
1309:Middlewares/Third_Party/FreeRTOS/Source/queue.c **** 			{
 1950              		.loc 1 1309 4 is_stmt 1 discriminator 8 view .LVU602
1309:Middlewares/Third_Party/FreeRTOS/Source/queue.c **** 			{
 1951              		.loc 1 1309 6 is_stmt 0 discriminator 8 view .LVU603
 1952 00ac 002F     		cmp	r7, #0
 1953 00ae C2D1     		bne	.L143
1340:Middlewares/Third_Party/FreeRTOS/Source/queue.c **** 				{
 1954              		.loc 1 1340 5 is_stmt 1 view .LVU604
1340:Middlewares/Third_Party/FreeRTOS/Source/queue.c **** 				{
 1955              		.loc 1 1340 22 is_stmt 0 view .LVU605
 1956 00b0 019B     		ldr	r3, [sp, #4]
1340:Middlewares/Third_Party/FreeRTOS/Source/queue.c **** 				{
 1957              		.loc 1 1340 7 view .LVU606
 1958 00b2 002B     		cmp	r3, #0
 1959 00b4 D6D0     		beq	.L144
1348:Middlewares/Third_Party/FreeRTOS/Source/queue.c **** 				{
 1960              		.loc 1 1348 10 is_stmt 1 view .LVU607
1348:Middlewares/Third_Party/FreeRTOS/Source/queue.c **** 				{
 1961              		.loc 1 1348 12 is_stmt 0 view .LVU608
 1962 00b6 002D     		cmp	r5, #0
 1963 00b8 D8D0     		beq	.L145
 1964              	.LVL225:
 1965              	.L130:
1358:Middlewares/Third_Party/FreeRTOS/Source/queue.c **** 				}
 1966              		.loc 1 1358 30 is_stmt 1 view .LVU609
 1967              	.LBE13:
1362:Middlewares/Third_Party/FreeRTOS/Source/queue.c **** 
 1968              		.loc 1 1362 3 view .LVU610
 1969 00ba FFF7FEFF 		bl	vPortExitCritical
 1970              	.LVL226:
1367:Middlewares/Third_Party/FreeRTOS/Source/queue.c **** 		prvLockQueue( pxQueue );
 1971              		.loc 1 1367 3 view .LVU611
 1972 00be FFF7FEFF 		bl	vTaskSuspendAll
 1973              	.LVL227:
1368:Middlewares/Third_Party/FreeRTOS/Source/queue.c **** 
 1974              		.loc 1 1368 3 view .LVU612
 1975 00c2 FFF7FEFF 		bl	vPortEnterCritical
 1976              	.LVL228:
1368:Middlewares/Third_Party/FreeRTOS/Source/queue.c **** 
 1977              		.loc 1 1368 3 view .LVU613
 1978 00c6 4423     		movs	r3, #68
 1979 00c8 E35C     		ldrb	r3, [r4, r3]
 1980 00ca 5BB2     		sxtb	r3, r3
 1981 00cc 0133     		adds	r3, r3, #1
 1982 00ce D2D0     		beq	.L146
 1983              	.L131:
1368:Middlewares/Third_Party/FreeRTOS/Source/queue.c **** 
 1984              		.loc 1 1368 3 discriminator 3 view .LVU614
 1985 00d0 4523     		movs	r3, #69
 1986 00d2 E35C     		ldrb	r3, [r4, r3]
 1987 00d4 5BB2     		sxtb	r3, r3
 1988 00d6 0133     		adds	r3, r3, #1
 1989 00d8 D1D0     		beq	.L147
 1990              	.L132:
1368:Middlewares/Third_Party/FreeRTOS/Source/queue.c **** 
 1991              		.loc 1 1368 3 discriminator 6 view .LVU615
ARM GAS  C:\Users\Asus\AppData\Local\Temp\ccbtHMUK.s 			page 87


 1992 00da FFF7FEFF 		bl	vPortExitCritical
 1993              	.LVL229:
1371:Middlewares/Third_Party/FreeRTOS/Source/queue.c **** 		{
 1994              		.loc 1 1371 3 discriminator 6 view .LVU616
1371:Middlewares/Third_Party/FreeRTOS/Source/queue.c **** 		{
 1995              		.loc 1 1371 7 is_stmt 0 discriminator 6 view .LVU617
 1996 00de 01A9     		add	r1, sp, #4
 1997 00e0 02A8     		add	r0, sp, #8
 1998 00e2 FFF7FEFF 		bl	xTaskCheckForTimeOut
 1999              	.LVL230:
1371:Middlewares/Third_Party/FreeRTOS/Source/queue.c **** 		{
 2000              		.loc 1 1371 5 discriminator 6 view .LVU618
 2001 00e6 0028     		cmp	r0, #0
 2002 00e8 D3D1     		bne	.L133
1375:Middlewares/Third_Party/FreeRTOS/Source/queue.c **** 			{
 2003              		.loc 1 1375 4 is_stmt 1 view .LVU619
1375:Middlewares/Third_Party/FreeRTOS/Source/queue.c **** 			{
 2004              		.loc 1 1375 8 is_stmt 0 view .LVU620
 2005 00ea 2000     		movs	r0, r4
 2006 00ec FFF7FEFF 		bl	prvIsQueueEmpty
 2007              	.LVL231:
1375:Middlewares/Third_Party/FreeRTOS/Source/queue.c **** 			{
 2008              		.loc 1 1375 6 view .LVU621
 2009 00f0 0028     		cmp	r0, #0
 2010 00f2 C8D0     		beq	.L134
1377:Middlewares/Third_Party/FreeRTOS/Source/queue.c **** 				vTaskPlaceOnEventList( &( pxQueue->xTasksWaitingToReceive ), xTicksToWait );
 2011              		.loc 1 1377 46 is_stmt 1 view .LVU622
1378:Middlewares/Third_Party/FreeRTOS/Source/queue.c **** 				prvUnlockQueue( pxQueue );
 2012              		.loc 1 1378 5 view .LVU623
 2013 00f4 0199     		ldr	r1, [sp, #4]
 2014 00f6 2000     		movs	r0, r4
 2015 00f8 2430     		adds	r0, r0, #36
 2016 00fa FFF7FEFF 		bl	vTaskPlaceOnEventList
 2017              	.LVL232:
1379:Middlewares/Third_Party/FreeRTOS/Source/queue.c **** 				if( xTaskResumeAll() == pdFALSE )
 2018              		.loc 1 1379 5 view .LVU624
 2019 00fe 2000     		movs	r0, r4
 2020 0100 FFF7FEFF 		bl	prvUnlockQueue
 2021              	.LVL233:
1380:Middlewares/Third_Party/FreeRTOS/Source/queue.c **** 				{
 2022              		.loc 1 1380 5 view .LVU625
1380:Middlewares/Third_Party/FreeRTOS/Source/queue.c **** 				{
 2023              		.loc 1 1380 9 is_stmt 0 view .LVU626
 2024 0104 FFF7FEFF 		bl	xTaskResumeAll
 2025              	.LVL234:
1380:Middlewares/Third_Party/FreeRTOS/Source/queue.c **** 				{
 2026              		.loc 1 1380 7 view .LVU627
 2027 0108 0028     		cmp	r0, #0
 2028 010a CCD1     		bne	.L125
1382:Middlewares/Third_Party/FreeRTOS/Source/queue.c **** 				}
 2029              		.loc 1 1382 6 is_stmt 1 view .LVU628
 2030 010c FFF7FEFF 		bl	vPortYield
 2031              	.LVL235:
 2032 0110 C9E7     		b	.L125
 2033              	.L142:
1407:Middlewares/Third_Party/FreeRTOS/Source/queue.c **** 			}
 2034              		.loc 1 1407 12 is_stmt 0 view .LVU629
ARM GAS  C:\Users\Asus\AppData\Local\Temp\ccbtHMUK.s 			page 88


 2035 0112 0020     		movs	r0, #0
 2036 0114 9BE7     		b	.L118
 2037              		.cfi_endproc
 2038              	.LFE8:
 2040              		.section	.text.xQueueSemaphoreTake,"ax",%progbits
 2041              		.align	1
 2042              		.global	xQueueSemaphoreTake
 2043              		.syntax unified
 2044              		.code	16
 2045              		.thumb_func
 2047              	xQueueSemaphoreTake:
 2048              	.LVL236:
 2049              	.LFB9:
1419:Middlewares/Third_Party/FreeRTOS/Source/queue.c **** BaseType_t xEntryTimeSet = pdFALSE;
 2050              		.loc 1 1419 1 is_stmt 1 view -0
 2051              		.cfi_startproc
 2052              		@ args = 0, pretend = 0, frame = 16
 2053              		@ frame_needed = 0, uses_anonymous_args = 0
1419:Middlewares/Third_Party/FreeRTOS/Source/queue.c **** BaseType_t xEntryTimeSet = pdFALSE;
 2054              		.loc 1 1419 1 is_stmt 0 view .LVU631
 2055 0000 70B5     		push	{r4, r5, r6, lr}
 2056              		.cfi_def_cfa_offset 16
 2057              		.cfi_offset 4, -16
 2058              		.cfi_offset 5, -12
 2059              		.cfi_offset 6, -8
 2060              		.cfi_offset 14, -4
 2061 0002 84B0     		sub	sp, sp, #16
 2062              		.cfi_def_cfa_offset 32
 2063 0004 041E     		subs	r4, r0, #0
 2064 0006 0191     		str	r1, [sp, #4]
1420:Middlewares/Third_Party/FreeRTOS/Source/queue.c **** TimeOut_t xTimeOut;
 2065              		.loc 1 1420 1 is_stmt 1 view .LVU632
 2066              	.LVL237:
1421:Middlewares/Third_Party/FreeRTOS/Source/queue.c **** Queue_t * const pxQueue = xQueue;
 2067              		.loc 1 1421 1 view .LVU633
1422:Middlewares/Third_Party/FreeRTOS/Source/queue.c **** 
 2068              		.loc 1 1422 1 view .LVU634
1425:Middlewares/Third_Party/FreeRTOS/Source/queue.c **** #endif
 2069              		.loc 1 1425 2 view .LVU635
1429:Middlewares/Third_Party/FreeRTOS/Source/queue.c **** 
 2070              		.loc 1 1429 2 view .LVU636
 2071 0008 04D0     		beq	.L175
1429:Middlewares/Third_Party/FreeRTOS/Source/queue.c **** 
 2072              		.loc 1 1429 29 discriminator 2 view .LVU637
1433:Middlewares/Third_Party/FreeRTOS/Source/queue.c **** 
 2073              		.loc 1 1433 2 discriminator 2 view .LVU638
 2074 000a 036C     		ldr	r3, [r0, #64]
 2075 000c 002B     		cmp	r3, #0
 2076 000e 03D0     		beq	.L151
1433:Middlewares/Third_Party/FreeRTOS/Source/queue.c **** 
 2077              		.loc 1 1433 2 discriminator 1 view .LVU639
 2078              		.syntax divided
 2079              	@ 1433 "Middlewares/Third_Party/FreeRTOS/Source/queue.c" 1
 2080 0010 72B6     		 cpsid i 
 2081              	@ 0 "" 2
 2082              		.thumb
 2083              		.syntax unified
ARM GAS  C:\Users\Asus\AppData\Local\Temp\ccbtHMUK.s 			page 89


 2084              	.L152:
1433:Middlewares/Third_Party/FreeRTOS/Source/queue.c **** 
 2085              		.loc 1 1433 2 discriminator 2 view .LVU640
1433:Middlewares/Third_Party/FreeRTOS/Source/queue.c **** 
 2086              		.loc 1 1433 2 discriminator 2 view .LVU641
 2087 0012 FEE7     		b	.L152
 2088              	.L175:
1429:Middlewares/Third_Party/FreeRTOS/Source/queue.c **** 
 2089              		.loc 1 1429 2 discriminator 1 view .LVU642
 2090              		.syntax divided
 2091              	@ 1429 "Middlewares/Third_Party/FreeRTOS/Source/queue.c" 1
 2092 0014 72B6     		 cpsid i 
 2093              	@ 0 "" 2
 2094              		.thumb
 2095              		.syntax unified
 2096              	.L150:
1429:Middlewares/Third_Party/FreeRTOS/Source/queue.c **** 
 2097              		.loc 1 1429 2 discriminator 1 view .LVU643
1429:Middlewares/Third_Party/FreeRTOS/Source/queue.c **** 
 2098              		.loc 1 1429 2 discriminator 1 view .LVU644
 2099 0016 FEE7     		b	.L150
 2100              	.L151:
1433:Middlewares/Third_Party/FreeRTOS/Source/queue.c **** 
 2101              		.loc 1 1433 42 discriminator 2 view .LVU645
1438:Middlewares/Third_Party/FreeRTOS/Source/queue.c **** 	}
 2102              		.loc 1 1438 3 discriminator 2 view .LVU646
 2103 0018 FFF7FEFF 		bl	xTaskGetSchedulerState
 2104              	.LVL238:
1438:Middlewares/Third_Party/FreeRTOS/Source/queue.c **** 	}
 2105              		.loc 1 1438 3 is_stmt 0 discriminator 2 view .LVU647
 2106 001c 051E     		subs	r5, r0, #0
 2107 001e 04D1     		bne	.L171
 2108 0020 019B     		ldr	r3, [sp, #4]
 2109 0022 002B     		cmp	r3, #0
 2110 0024 04D0     		beq	.L172
1438:Middlewares/Third_Party/FreeRTOS/Source/queue.c **** 	}
 2111              		.loc 1 1438 3 is_stmt 1 discriminator 7 view .LVU648
 2112              		.syntax divided
 2113              	@ 1438 "Middlewares/Third_Party/FreeRTOS/Source/queue.c" 1
 2114 0026 72B6     		 cpsid i 
 2115              	@ 0 "" 2
 2116              		.thumb
 2117              		.syntax unified
 2118              	.L154:
1438:Middlewares/Third_Party/FreeRTOS/Source/queue.c **** 	}
 2119              		.loc 1 1438 3 discriminator 3 view .LVU649
1438:Middlewares/Third_Party/FreeRTOS/Source/queue.c **** 	}
 2120              		.loc 1 1438 3 discriminator 3 view .LVU650
 2121 0028 FEE7     		b	.L154
 2122              	.L171:
 2123 002a 0026     		movs	r6, #0
 2124 002c 0025     		movs	r5, #0
 2125 002e 49E0     		b	.L155
 2126              	.L172:
 2127 0030 0600     		movs	r6, r0
 2128 0032 47E0     		b	.L155
 2129              	.LVL239:
ARM GAS  C:\Users\Asus\AppData\Local\Temp\ccbtHMUK.s 			page 90


 2130              	.L179:
 2131              	.LBB14:
1458:Middlewares/Third_Party/FreeRTOS/Source/queue.c **** 
 2132              		.loc 1 1458 34 view .LVU651
1462:Middlewares/Third_Party/FreeRTOS/Source/queue.c **** 
 2133              		.loc 1 1462 5 view .LVU652
1462:Middlewares/Third_Party/FreeRTOS/Source/queue.c **** 
 2134              		.loc 1 1462 51 is_stmt 0 view .LVU653
 2135 0034 013B     		subs	r3, r3, #1
 2136              	.LVL240:
1462:Middlewares/Third_Party/FreeRTOS/Source/queue.c **** 
 2137              		.loc 1 1462 32 view .LVU654
 2138 0036 A363     		str	r3, [r4, #56]
1466:Middlewares/Third_Party/FreeRTOS/Source/queue.c **** 					{
 2139              		.loc 1 1466 6 is_stmt 1 view .LVU655
1466:Middlewares/Third_Party/FreeRTOS/Source/queue.c **** 					{
 2140              		.loc 1 1466 17 is_stmt 0 view .LVU656
 2141 0038 2368     		ldr	r3, [r4]
 2142              	.LVL241:
1466:Middlewares/Third_Party/FreeRTOS/Source/queue.c **** 					{
 2143              		.loc 1 1466 8 view .LVU657
 2144 003a 002B     		cmp	r3, #0
 2145 003c 08D0     		beq	.L176
 2146              	.LVL242:
 2147              	.L157:
1474:Middlewares/Third_Party/FreeRTOS/Source/queue.c **** 					}
 2148              		.loc 1 1474 31 is_stmt 1 view .LVU658
1481:Middlewares/Third_Party/FreeRTOS/Source/queue.c **** 				{
 2149              		.loc 1 1481 5 view .LVU659
1481:Middlewares/Third_Party/FreeRTOS/Source/queue.c **** 				{
 2150              		.loc 1 1481 9 is_stmt 0 view .LVU660
 2151 003e 2369     		ldr	r3, [r4, #16]
1481:Middlewares/Third_Party/FreeRTOS/Source/queue.c **** 				{
 2152              		.loc 1 1481 7 view .LVU661
 2153 0040 002B     		cmp	r3, #0
 2154 0042 09D1     		bne	.L177
 2155              	.L158:
1494:Middlewares/Third_Party/FreeRTOS/Source/queue.c **** 				}
 2156              		.loc 1 1494 30 is_stmt 1 view .LVU662
1497:Middlewares/Third_Party/FreeRTOS/Source/queue.c **** 				return pdPASS;
 2157              		.loc 1 1497 5 view .LVU663
 2158 0044 FFF7FEFF 		bl	vPortExitCritical
 2159              	.LVL243:
1498:Middlewares/Third_Party/FreeRTOS/Source/queue.c **** 			}
 2160              		.loc 1 1498 5 view .LVU664
1498:Middlewares/Third_Party/FreeRTOS/Source/queue.c **** 			}
 2161              		.loc 1 1498 12 is_stmt 0 view .LVU665
 2162 0048 0126     		movs	r6, #1
 2163              	.LVL244:
 2164              	.L148:
1498:Middlewares/Third_Party/FreeRTOS/Source/queue.c **** 			}
 2165              		.loc 1 1498 12 view .LVU666
 2166              	.LBE14:
1633:Middlewares/Third_Party/FreeRTOS/Source/queue.c **** /*-----------------------------------------------------------*/
 2167              		.loc 1 1633 1 view .LVU667
 2168 004a 3000     		movs	r0, r6
 2169 004c 04B0     		add	sp, sp, #16
ARM GAS  C:\Users\Asus\AppData\Local\Temp\ccbtHMUK.s 			page 91


 2170              		@ sp needed
 2171              	.LVL245:
 2172              	.LVL246:
1633:Middlewares/Third_Party/FreeRTOS/Source/queue.c **** /*-----------------------------------------------------------*/
 2173              		.loc 1 1633 1 view .LVU668
 2174 004e 70BD     		pop	{r4, r5, r6, pc}
 2175              	.LVL247:
 2176              	.L176:
 2177              	.LBB15:
1470:Middlewares/Third_Party/FreeRTOS/Source/queue.c **** 					}
 2178              		.loc 1 1470 7 is_stmt 1 view .LVU669
1470:Middlewares/Third_Party/FreeRTOS/Source/queue.c **** 					}
 2179              		.loc 1 1470 44 is_stmt 0 view .LVU670
 2180 0050 FFF7FEFF 		bl	pvTaskIncrementMutexHeldCount
 2181              	.LVL248:
1470:Middlewares/Third_Party/FreeRTOS/Source/queue.c **** 					}
 2182              		.loc 1 1470 42 view .LVU671
 2183 0054 A060     		str	r0, [r4, #8]
 2184 0056 F2E7     		b	.L157
 2185              	.L177:
1483:Middlewares/Third_Party/FreeRTOS/Source/queue.c **** 					{
 2186              		.loc 1 1483 6 is_stmt 1 view .LVU672
1483:Middlewares/Third_Party/FreeRTOS/Source/queue.c **** 					{
 2187              		.loc 1 1483 36 is_stmt 0 view .LVU673
 2188 0058 2000     		movs	r0, r4
 2189 005a 1030     		adds	r0, r0, #16
1483:Middlewares/Third_Party/FreeRTOS/Source/queue.c **** 					{
 2190              		.loc 1 1483 10 view .LVU674
 2191 005c FFF7FEFF 		bl	xTaskRemoveFromEventList
 2192              	.LVL249:
1483:Middlewares/Third_Party/FreeRTOS/Source/queue.c **** 					{
 2193              		.loc 1 1483 8 view .LVU675
 2194 0060 0028     		cmp	r0, #0
 2195 0062 EFD0     		beq	.L158
1485:Middlewares/Third_Party/FreeRTOS/Source/queue.c **** 					}
 2196              		.loc 1 1485 7 is_stmt 1 view .LVU676
 2197 0064 FFF7FEFF 		bl	vPortYield
 2198              	.LVL250:
 2199 0068 ECE7     		b	.L158
 2200              	.L180:
1509:Middlewares/Third_Party/FreeRTOS/Source/queue.c **** 					}
 2201              		.loc 1 1509 7 view .LVU677
 2202 006a 002E     		cmp	r6, #0
 2203 006c 01D0     		beq	.L161
1509:Middlewares/Third_Party/FreeRTOS/Source/queue.c **** 					}
 2204              		.loc 1 1509 7 discriminator 1 view .LVU678
 2205              		.syntax divided
 2206              	@ 1509 "Middlewares/Third_Party/FreeRTOS/Source/queue.c" 1
 2207 006e 72B6     		 cpsid i 
 2208              	@ 0 "" 2
 2209              		.thumb
 2210              		.syntax unified
 2211              	.L162:
1509:Middlewares/Third_Party/FreeRTOS/Source/queue.c **** 					}
 2212              		.loc 1 1509 7 discriminator 4 view .LVU679
1509:Middlewares/Third_Party/FreeRTOS/Source/queue.c **** 					}
 2213              		.loc 1 1509 7 discriminator 4 view .LVU680
ARM GAS  C:\Users\Asus\AppData\Local\Temp\ccbtHMUK.s 			page 92


 2214 0070 FEE7     		b	.L162
 2215              	.L161:
1509:Middlewares/Third_Party/FreeRTOS/Source/queue.c **** 					}
 2216              		.loc 1 1509 54 discriminator 2 view .LVU681
1515:Middlewares/Third_Party/FreeRTOS/Source/queue.c **** 					traceQUEUE_RECEIVE_FAILED( pxQueue );
 2217              		.loc 1 1515 6 discriminator 2 view .LVU682
 2218 0072 FFF7FEFF 		bl	vPortExitCritical
 2219              	.LVL251:
1516:Middlewares/Third_Party/FreeRTOS/Source/queue.c **** 					return errQUEUE_EMPTY;
 2220              		.loc 1 1516 42 discriminator 2 view .LVU683
1517:Middlewares/Third_Party/FreeRTOS/Source/queue.c **** 				}
 2221              		.loc 1 1517 6 discriminator 2 view .LVU684
1517:Middlewares/Third_Party/FreeRTOS/Source/queue.c **** 				}
 2222              		.loc 1 1517 13 is_stmt 0 discriminator 2 view .LVU685
 2223 0076 E8E7     		b	.L148
 2224              	.L181:
1523:Middlewares/Third_Party/FreeRTOS/Source/queue.c **** 					xEntryTimeSet = pdTRUE;
 2225              		.loc 1 1523 6 is_stmt 1 view .LVU686
 2226 0078 02A8     		add	r0, sp, #8
 2227 007a FFF7FEFF 		bl	vTaskInternalSetTimeOutState
 2228              	.LVL252:
1524:Middlewares/Third_Party/FreeRTOS/Source/queue.c **** 				}
 2229              		.loc 1 1524 6 view .LVU687
1524:Middlewares/Third_Party/FreeRTOS/Source/queue.c **** 				}
 2230              		.loc 1 1524 20 is_stmt 0 view .LVU688
 2231 007e 0135     		adds	r5, r5, #1
 2232 0080 2AE0     		b	.L163
 2233              	.LVL253:
 2234              	.L182:
1524:Middlewares/Third_Party/FreeRTOS/Source/queue.c **** 				}
 2235              		.loc 1 1524 20 view .LVU689
 2236              	.LBE15:
1539:Middlewares/Third_Party/FreeRTOS/Source/queue.c **** 
 2237              		.loc 1 1539 3 is_stmt 1 discriminator 1 view .LVU690
 2238 0082 4423     		movs	r3, #68
 2239 0084 0022     		movs	r2, #0
 2240 0086 E254     		strb	r2, [r4, r3]
 2241 0088 31E0     		b	.L164
 2242              	.L183:
1539:Middlewares/Third_Party/FreeRTOS/Source/queue.c **** 
 2243              		.loc 1 1539 3 discriminator 4 view .LVU691
 2244 008a 4523     		movs	r3, #69
 2245 008c 0022     		movs	r2, #0
 2246 008e E254     		strb	r2, [r4, r3]
 2247 0090 32E0     		b	.L165
 2248              	.L184:
1556:Middlewares/Third_Party/FreeRTOS/Source/queue.c **** 						{
 2249              		.loc 1 1556 7 view .LVU692
 2250 0092 FFF7FEFF 		bl	vPortEnterCritical
 2251              	.LVL254:
1558:Middlewares/Third_Party/FreeRTOS/Source/queue.c **** 						}
 2252              		.loc 1 1558 8 view .LVU693
1558:Middlewares/Third_Party/FreeRTOS/Source/queue.c **** 						}
 2253              		.loc 1 1558 31 is_stmt 0 view .LVU694
 2254 0096 A068     		ldr	r0, [r4, #8]
 2255 0098 FFF7FEFF 		bl	xTaskPriorityInherit
 2256              	.LVL255:
ARM GAS  C:\Users\Asus\AppData\Local\Temp\ccbtHMUK.s 			page 93


 2257 009c 0600     		movs	r6, r0
 2258              	.LVL256:
1560:Middlewares/Third_Party/FreeRTOS/Source/queue.c **** 					}
 2259              		.loc 1 1560 7 is_stmt 1 view .LVU695
 2260 009e FFF7FEFF 		bl	vPortExitCritical
 2261              	.LVL257:
1560:Middlewares/Third_Party/FreeRTOS/Source/queue.c **** 					}
 2262              		.loc 1 1560 7 is_stmt 0 view .LVU696
 2263 00a2 39E0     		b	.L168
 2264              	.L167:
1584:Middlewares/Third_Party/FreeRTOS/Source/queue.c **** 				( void ) xTaskResumeAll();
 2265              		.loc 1 1584 5 is_stmt 1 view .LVU697
 2266 00a4 2000     		movs	r0, r4
 2267 00a6 FFF7FEFF 		bl	prvUnlockQueue
 2268              	.LVL258:
1585:Middlewares/Third_Party/FreeRTOS/Source/queue.c **** 			}
 2269              		.loc 1 1585 5 view .LVU698
1585:Middlewares/Third_Party/FreeRTOS/Source/queue.c **** 			}
 2270              		.loc 1 1585 14 is_stmt 0 view .LVU699
 2271 00aa FFF7FEFF 		bl	xTaskResumeAll
 2272              	.LVL259:
 2273 00ae 09E0     		b	.L155
 2274              	.L166:
1591:Middlewares/Third_Party/FreeRTOS/Source/queue.c **** 			( void ) xTaskResumeAll();
 2275              		.loc 1 1591 4 is_stmt 1 view .LVU700
 2276 00b0 2000     		movs	r0, r4
 2277 00b2 FFF7FEFF 		bl	prvUnlockQueue
 2278              	.LVL260:
1592:Middlewares/Third_Party/FreeRTOS/Source/queue.c **** 
 2279              		.loc 1 1592 4 view .LVU701
1592:Middlewares/Third_Party/FreeRTOS/Source/queue.c **** 
 2280              		.loc 1 1592 13 is_stmt 0 view .LVU702
 2281 00b6 FFF7FEFF 		bl	xTaskResumeAll
 2282              	.LVL261:
1598:Middlewares/Third_Party/FreeRTOS/Source/queue.c **** 			{
 2283              		.loc 1 1598 4 is_stmt 1 view .LVU703
1598:Middlewares/Third_Party/FreeRTOS/Source/queue.c **** 			{
 2284              		.loc 1 1598 8 is_stmt 0 view .LVU704
 2285 00ba 2000     		movs	r0, r4
 2286 00bc FFF7FEFF 		bl	prvIsQueueEmpty
 2287              	.LVL262:
1598:Middlewares/Third_Party/FreeRTOS/Source/queue.c **** 			{
 2288              		.loc 1 1598 6 view .LVU705
 2289 00c0 0028     		cmp	r0, #0
 2290 00c2 38D1     		bne	.L178
 2291              	.LVL263:
 2292              	.L155:
1438:Middlewares/Third_Party/FreeRTOS/Source/queue.c **** 	}
 2293              		.loc 1 1438 104 is_stmt 1 discriminator 8 view .LVU706
1446:Middlewares/Third_Party/FreeRTOS/Source/queue.c **** 	{
 2294              		.loc 1 1446 2 discriminator 8 view .LVU707
1448:Middlewares/Third_Party/FreeRTOS/Source/queue.c **** 		{
 2295              		.loc 1 1448 3 discriminator 8 view .LVU708
 2296 00c4 FFF7FEFF 		bl	vPortEnterCritical
 2297              	.LVL264:
 2298              	.LBB16:
1452:Middlewares/Third_Party/FreeRTOS/Source/queue.c **** 
ARM GAS  C:\Users\Asus\AppData\Local\Temp\ccbtHMUK.s 			page 94


 2299              		.loc 1 1452 4 discriminator 8 view .LVU709
1452:Middlewares/Third_Party/FreeRTOS/Source/queue.c **** 
 2300              		.loc 1 1452 22 is_stmt 0 discriminator 8 view .LVU710
 2301 00c8 A36B     		ldr	r3, [r4, #56]
 2302              	.LVL265:
1456:Middlewares/Third_Party/FreeRTOS/Source/queue.c **** 			{
 2303              		.loc 1 1456 4 is_stmt 1 discriminator 8 view .LVU711
1456:Middlewares/Third_Party/FreeRTOS/Source/queue.c **** 			{
 2304              		.loc 1 1456 6 is_stmt 0 discriminator 8 view .LVU712
 2305 00ca 002B     		cmp	r3, #0
 2306 00cc B2D1     		bne	.L179
1502:Middlewares/Third_Party/FreeRTOS/Source/queue.c **** 				{
 2307              		.loc 1 1502 5 is_stmt 1 view .LVU713
1502:Middlewares/Third_Party/FreeRTOS/Source/queue.c **** 				{
 2308              		.loc 1 1502 22 is_stmt 0 view .LVU714
 2309 00ce 019B     		ldr	r3, [sp, #4]
 2310              	.LVL266:
1502:Middlewares/Third_Party/FreeRTOS/Source/queue.c **** 				{
 2311              		.loc 1 1502 7 view .LVU715
 2312 00d0 002B     		cmp	r3, #0
 2313 00d2 CAD0     		beq	.L180
1519:Middlewares/Third_Party/FreeRTOS/Source/queue.c **** 				{
 2314              		.loc 1 1519 10 is_stmt 1 view .LVU716
1519:Middlewares/Third_Party/FreeRTOS/Source/queue.c **** 				{
 2315              		.loc 1 1519 12 is_stmt 0 view .LVU717
 2316 00d4 002D     		cmp	r5, #0
 2317 00d6 CFD0     		beq	.L181
 2318              	.LVL267:
 2319              	.L163:
1529:Middlewares/Third_Party/FreeRTOS/Source/queue.c **** 				}
 2320              		.loc 1 1529 30 is_stmt 1 view .LVU718
 2321              	.LBE16:
1533:Middlewares/Third_Party/FreeRTOS/Source/queue.c **** 
 2322              		.loc 1 1533 3 view .LVU719
 2323 00d8 FFF7FEFF 		bl	vPortExitCritical
 2324              	.LVL268:
1538:Middlewares/Third_Party/FreeRTOS/Source/queue.c **** 		prvLockQueue( pxQueue );
 2325              		.loc 1 1538 3 view .LVU720
 2326 00dc FFF7FEFF 		bl	vTaskSuspendAll
 2327              	.LVL269:
1539:Middlewares/Third_Party/FreeRTOS/Source/queue.c **** 
 2328              		.loc 1 1539 3 view .LVU721
 2329 00e0 FFF7FEFF 		bl	vPortEnterCritical
 2330              	.LVL270:
1539:Middlewares/Third_Party/FreeRTOS/Source/queue.c **** 
 2331              		.loc 1 1539 3 view .LVU722
 2332 00e4 4423     		movs	r3, #68
 2333 00e6 E35C     		ldrb	r3, [r4, r3]
 2334 00e8 5BB2     		sxtb	r3, r3
 2335 00ea 0133     		adds	r3, r3, #1
 2336 00ec C9D0     		beq	.L182
 2337              	.L164:
1539:Middlewares/Third_Party/FreeRTOS/Source/queue.c **** 
 2338              		.loc 1 1539 3 discriminator 3 view .LVU723
 2339 00ee 4523     		movs	r3, #69
 2340 00f0 E35C     		ldrb	r3, [r4, r3]
 2341 00f2 5BB2     		sxtb	r3, r3
ARM GAS  C:\Users\Asus\AppData\Local\Temp\ccbtHMUK.s 			page 95


 2342 00f4 0133     		adds	r3, r3, #1
 2343 00f6 C8D0     		beq	.L183
 2344              	.L165:
1539:Middlewares/Third_Party/FreeRTOS/Source/queue.c **** 
 2345              		.loc 1 1539 3 discriminator 6 view .LVU724
 2346 00f8 FFF7FEFF 		bl	vPortExitCritical
 2347              	.LVL271:
1542:Middlewares/Third_Party/FreeRTOS/Source/queue.c **** 		{
 2348              		.loc 1 1542 3 discriminator 6 view .LVU725
1542:Middlewares/Third_Party/FreeRTOS/Source/queue.c **** 		{
 2349              		.loc 1 1542 7 is_stmt 0 discriminator 6 view .LVU726
 2350 00fc 01A9     		add	r1, sp, #4
 2351 00fe 02A8     		add	r0, sp, #8
 2352 0100 FFF7FEFF 		bl	xTaskCheckForTimeOut
 2353              	.LVL272:
1542:Middlewares/Third_Party/FreeRTOS/Source/queue.c **** 		{
 2354              		.loc 1 1542 5 discriminator 6 view .LVU727
 2355 0104 0028     		cmp	r0, #0
 2356 0106 D3D1     		bne	.L166
1548:Middlewares/Third_Party/FreeRTOS/Source/queue.c **** 			{
 2357              		.loc 1 1548 4 is_stmt 1 view .LVU728
1548:Middlewares/Third_Party/FreeRTOS/Source/queue.c **** 			{
 2358              		.loc 1 1548 8 is_stmt 0 view .LVU729
 2359 0108 2000     		movs	r0, r4
 2360 010a FFF7FEFF 		bl	prvIsQueueEmpty
 2361              	.LVL273:
1548:Middlewares/Third_Party/FreeRTOS/Source/queue.c **** 			{
 2362              		.loc 1 1548 6 view .LVU730
 2363 010e 0028     		cmp	r0, #0
 2364 0110 C8D0     		beq	.L167
1550:Middlewares/Third_Party/FreeRTOS/Source/queue.c **** 
 2365              		.loc 1 1550 46 is_stmt 1 view .LVU731
1554:Middlewares/Third_Party/FreeRTOS/Source/queue.c **** 					{
 2366              		.loc 1 1554 6 view .LVU732
1554:Middlewares/Third_Party/FreeRTOS/Source/queue.c **** 					{
 2367              		.loc 1 1554 17 is_stmt 0 view .LVU733
 2368 0112 2368     		ldr	r3, [r4]
1554:Middlewares/Third_Party/FreeRTOS/Source/queue.c **** 					{
 2369              		.loc 1 1554 8 view .LVU734
 2370 0114 002B     		cmp	r3, #0
 2371 0116 BCD0     		beq	.L184
 2372              	.L168:
1564:Middlewares/Third_Party/FreeRTOS/Source/queue.c **** 					}
 2373              		.loc 1 1564 31 is_stmt 1 view .LVU735
1569:Middlewares/Third_Party/FreeRTOS/Source/queue.c **** 				prvUnlockQueue( pxQueue );
 2374              		.loc 1 1569 5 view .LVU736
 2375 0118 0199     		ldr	r1, [sp, #4]
 2376 011a 2000     		movs	r0, r4
 2377 011c 2430     		adds	r0, r0, #36
 2378 011e FFF7FEFF 		bl	vTaskPlaceOnEventList
 2379              	.LVL274:
1570:Middlewares/Third_Party/FreeRTOS/Source/queue.c **** 				if( xTaskResumeAll() == pdFALSE )
 2380              		.loc 1 1570 5 view .LVU737
 2381 0122 2000     		movs	r0, r4
 2382 0124 FFF7FEFF 		bl	prvUnlockQueue
 2383              	.LVL275:
1571:Middlewares/Third_Party/FreeRTOS/Source/queue.c **** 				{
ARM GAS  C:\Users\Asus\AppData\Local\Temp\ccbtHMUK.s 			page 96


 2384              		.loc 1 1571 5 view .LVU738
1571:Middlewares/Third_Party/FreeRTOS/Source/queue.c **** 				{
 2385              		.loc 1 1571 9 is_stmt 0 view .LVU739
 2386 0128 FFF7FEFF 		bl	xTaskResumeAll
 2387              	.LVL276:
1571:Middlewares/Third_Party/FreeRTOS/Source/queue.c **** 				{
 2388              		.loc 1 1571 7 view .LVU740
 2389 012c 0028     		cmp	r0, #0
 2390 012e C9D1     		bne	.L155
1573:Middlewares/Third_Party/FreeRTOS/Source/queue.c **** 				}
 2391              		.loc 1 1573 6 is_stmt 1 view .LVU741
 2392 0130 FFF7FEFF 		bl	vPortYield
 2393              	.LVL277:
 2394 0134 C6E7     		b	.L155
 2395              	.L178:
1605:Middlewares/Third_Party/FreeRTOS/Source/queue.c **** 					{
 2396              		.loc 1 1605 6 view .LVU742
1605:Middlewares/Third_Party/FreeRTOS/Source/queue.c **** 					{
 2397              		.loc 1 1605 8 is_stmt 0 view .LVU743
 2398 0136 002E     		cmp	r6, #0
 2399 0138 01D1     		bne	.L185
 2400              	.L170:
1624:Middlewares/Third_Party/FreeRTOS/Source/queue.c **** 				return errQUEUE_EMPTY;
 2401              		.loc 1 1624 41 is_stmt 1 view .LVU744
1625:Middlewares/Third_Party/FreeRTOS/Source/queue.c **** 			}
 2402              		.loc 1 1625 5 view .LVU745
1625:Middlewares/Third_Party/FreeRTOS/Source/queue.c **** 			}
 2403              		.loc 1 1625 12 is_stmt 0 view .LVU746
 2404 013a 0026     		movs	r6, #0
 2405              	.LVL278:
1625:Middlewares/Third_Party/FreeRTOS/Source/queue.c **** 			}
 2406              		.loc 1 1625 12 view .LVU747
 2407 013c 85E7     		b	.L148
 2408              	.LVL279:
 2409              	.L185:
1607:Middlewares/Third_Party/FreeRTOS/Source/queue.c **** 						{
 2410              		.loc 1 1607 7 is_stmt 1 view .LVU748
 2411 013e FFF7FEFF 		bl	vPortEnterCritical
 2412              	.LVL280:
 2413              	.LBB17:
1609:Middlewares/Third_Party/FreeRTOS/Source/queue.c **** 
 2414              		.loc 1 1609 8 view .LVU749
1616:Middlewares/Third_Party/FreeRTOS/Source/queue.c **** 							vTaskPriorityDisinheritAfterTimeout( pxQueue->u.xSemaphore.xMutexHolder, uxHighestWaitingPri
 2415              		.loc 1 1616 8 view .LVU750
1616:Middlewares/Third_Party/FreeRTOS/Source/queue.c **** 							vTaskPriorityDisinheritAfterTimeout( pxQueue->u.xSemaphore.xMutexHolder, uxHighestWaitingPri
 2416              		.loc 1 1616 35 is_stmt 0 view .LVU751
 2417 0142 2000     		movs	r0, r4
 2418 0144 FFF7FEFF 		bl	prvGetDisinheritPriorityAfterTimeout
 2419              	.LVL281:
 2420 0148 0100     		movs	r1, r0
 2421              	.LVL282:
1617:Middlewares/Third_Party/FreeRTOS/Source/queue.c **** 						}
 2422              		.loc 1 1617 8 is_stmt 1 view .LVU752
 2423 014a A068     		ldr	r0, [r4, #8]
 2424              	.LVL283:
1617:Middlewares/Third_Party/FreeRTOS/Source/queue.c **** 						}
 2425              		.loc 1 1617 8 is_stmt 0 view .LVU753
ARM GAS  C:\Users\Asus\AppData\Local\Temp\ccbtHMUK.s 			page 97


 2426 014c FFF7FEFF 		bl	vTaskPriorityDisinheritAfterTimeout
 2427              	.LVL284:
1617:Middlewares/Third_Party/FreeRTOS/Source/queue.c **** 						}
 2428              		.loc 1 1617 8 view .LVU754
 2429              	.LBE17:
1619:Middlewares/Third_Party/FreeRTOS/Source/queue.c **** 					}
 2430              		.loc 1 1619 7 is_stmt 1 view .LVU755
 2431 0150 FFF7FEFF 		bl	vPortExitCritical
 2432              	.LVL285:
 2433 0154 F1E7     		b	.L170
 2434              		.cfi_endproc
 2435              	.LFE9:
 2437              		.section	.text.xQueuePeek,"ax",%progbits
 2438              		.align	1
 2439              		.global	xQueuePeek
 2440              		.syntax unified
 2441              		.code	16
 2442              		.thumb_func
 2444              	xQueuePeek:
 2445              	.LVL286:
 2446              	.LFB10:
1637:Middlewares/Third_Party/FreeRTOS/Source/queue.c **** BaseType_t xEntryTimeSet = pdFALSE;
 2447              		.loc 1 1637 1 view -0
 2448              		.cfi_startproc
 2449              		@ args = 0, pretend = 0, frame = 16
 2450              		@ frame_needed = 0, uses_anonymous_args = 0
1637:Middlewares/Third_Party/FreeRTOS/Source/queue.c **** BaseType_t xEntryTimeSet = pdFALSE;
 2451              		.loc 1 1637 1 is_stmt 0 view .LVU757
 2452 0000 70B5     		push	{r4, r5, r6, lr}
 2453              		.cfi_def_cfa_offset 16
 2454              		.cfi_offset 4, -16
 2455              		.cfi_offset 5, -12
 2456              		.cfi_offset 6, -8
 2457              		.cfi_offset 14, -4
 2458 0002 84B0     		sub	sp, sp, #16
 2459              		.cfi_def_cfa_offset 32
 2460 0004 0400     		movs	r4, r0
 2461 0006 0E00     		movs	r6, r1
 2462 0008 0192     		str	r2, [sp, #4]
1638:Middlewares/Third_Party/FreeRTOS/Source/queue.c **** TimeOut_t xTimeOut;
 2463              		.loc 1 1638 1 is_stmt 1 view .LVU758
 2464              	.LVL287:
1639:Middlewares/Third_Party/FreeRTOS/Source/queue.c **** int8_t *pcOriginalReadPosition;
 2465              		.loc 1 1639 1 view .LVU759
1640:Middlewares/Third_Party/FreeRTOS/Source/queue.c **** Queue_t * const pxQueue = xQueue;
 2466              		.loc 1 1640 1 view .LVU760
1641:Middlewares/Third_Party/FreeRTOS/Source/queue.c **** 
 2467              		.loc 1 1641 1 view .LVU761
1644:Middlewares/Third_Party/FreeRTOS/Source/queue.c **** 
 2468              		.loc 1 1644 2 view .LVU762
 2469 000a 0028     		cmp	r0, #0
 2470 000c 0AD0     		beq	.L207
1644:Middlewares/Third_Party/FreeRTOS/Source/queue.c **** 
 2471              		.loc 1 1644 29 discriminator 2 view .LVU763
1648:Middlewares/Third_Party/FreeRTOS/Source/queue.c **** 
 2472              		.loc 1 1648 2 discriminator 2 view .LVU764
 2473 000e 0029     		cmp	r1, #0
ARM GAS  C:\Users\Asus\AppData\Local\Temp\ccbtHMUK.s 			page 98


 2474 0010 0AD0     		beq	.L208
 2475              	.L189:
1648:Middlewares/Third_Party/FreeRTOS/Source/queue.c **** 
 2476              		.loc 1 1648 100 discriminator 8 view .LVU765
1653:Middlewares/Third_Party/FreeRTOS/Source/queue.c **** 	}
 2477              		.loc 1 1653 3 discriminator 8 view .LVU766
 2478 0012 FFF7FEFF 		bl	xTaskGetSchedulerState
 2479              	.LVL288:
1653:Middlewares/Third_Party/FreeRTOS/Source/queue.c **** 	}
 2480              		.loc 1 1653 3 is_stmt 0 discriminator 8 view .LVU767
 2481 0016 051E     		subs	r5, r0, #0
 2482 0018 0BD1     		bne	.L204
1653:Middlewares/Third_Party/FreeRTOS/Source/queue.c **** 	}
 2483              		.loc 1 1653 3 discriminator 2 view .LVU768
 2484 001a 019B     		ldr	r3, [sp, #4]
 2485 001c 002B     		cmp	r3, #0
 2486 001e 42D0     		beq	.L193
1653:Middlewares/Third_Party/FreeRTOS/Source/queue.c **** 	}
 2487              		.loc 1 1653 3 is_stmt 1 discriminator 7 view .LVU769
 2488              		.syntax divided
 2489              	@ 1653 "Middlewares/Third_Party/FreeRTOS/Source/queue.c" 1
 2490 0020 72B6     		 cpsid i 
 2491              	@ 0 "" 2
 2492              		.thumb
 2493              		.syntax unified
 2494              	.L192:
1653:Middlewares/Third_Party/FreeRTOS/Source/queue.c **** 	}
 2495              		.loc 1 1653 3 discriminator 3 view .LVU770
1653:Middlewares/Third_Party/FreeRTOS/Source/queue.c **** 	}
 2496              		.loc 1 1653 3 discriminator 3 view .LVU771
 2497 0022 FEE7     		b	.L192
 2498              	.LVL289:
 2499              	.L207:
1644:Middlewares/Third_Party/FreeRTOS/Source/queue.c **** 
 2500              		.loc 1 1644 2 discriminator 1 view .LVU772
 2501              		.syntax divided
 2502              	@ 1644 "Middlewares/Third_Party/FreeRTOS/Source/queue.c" 1
 2503 0024 72B6     		 cpsid i 
 2504              	@ 0 "" 2
 2505              		.thumb
 2506              		.syntax unified
 2507              	.L188:
1644:Middlewares/Third_Party/FreeRTOS/Source/queue.c **** 
 2508              		.loc 1 1644 2 discriminator 1 view .LVU773
1644:Middlewares/Third_Party/FreeRTOS/Source/queue.c **** 
 2509              		.loc 1 1644 2 discriminator 1 view .LVU774
 2510 0026 FEE7     		b	.L188
 2511              	.L208:
1648:Middlewares/Third_Party/FreeRTOS/Source/queue.c **** 
 2512              		.loc 1 1648 2 is_stmt 0 discriminator 2 view .LVU775
 2513 0028 036C     		ldr	r3, [r0, #64]
 2514 002a 002B     		cmp	r3, #0
 2515 002c F1D0     		beq	.L189
1648:Middlewares/Third_Party/FreeRTOS/Source/queue.c **** 
 2516              		.loc 1 1648 2 is_stmt 1 view .LVU776
 2517              		.syntax divided
 2518              	@ 1648 "Middlewares/Third_Party/FreeRTOS/Source/queue.c" 1
ARM GAS  C:\Users\Asus\AppData\Local\Temp\ccbtHMUK.s 			page 99


 2519 002e 72B6     		 cpsid i 
 2520              	@ 0 "" 2
 2521              		.thumb
 2522              		.syntax unified
 2523              	.L190:
1648:Middlewares/Third_Party/FreeRTOS/Source/queue.c **** 
 2524              		.loc 1 1648 2 discriminator 2 view .LVU777
1648:Middlewares/Third_Party/FreeRTOS/Source/queue.c **** 
 2525              		.loc 1 1648 2 discriminator 2 view .LVU778
 2526 0030 FEE7     		b	.L190
 2527              	.LVL290:
 2528              	.L204:
1648:Middlewares/Third_Party/FreeRTOS/Source/queue.c **** 
 2529              		.loc 1 1648 2 is_stmt 0 discriminator 2 view .LVU779
 2530 0032 0025     		movs	r5, #0
 2531 0034 37E0     		b	.L193
 2532              	.LVL291:
 2533              	.L211:
 2534              	.LBB18:
1674:Middlewares/Third_Party/FreeRTOS/Source/queue.c **** 
 2535              		.loc 1 1674 5 is_stmt 1 view .LVU780
1674:Middlewares/Third_Party/FreeRTOS/Source/queue.c **** 
 2536              		.loc 1 1674 28 is_stmt 0 view .LVU781
 2537 0036 E568     		ldr	r5, [r4, #12]
 2538              	.LVL292:
1676:Middlewares/Third_Party/FreeRTOS/Source/queue.c **** 				traceQUEUE_PEEK( pxQueue );
 2539              		.loc 1 1676 5 is_stmt 1 view .LVU782
 2540 0038 3100     		movs	r1, r6
 2541 003a 2000     		movs	r0, r4
 2542 003c FFF7FEFF 		bl	prvCopyDataFromQueue
 2543              	.LVL293:
1677:Middlewares/Third_Party/FreeRTOS/Source/queue.c **** 
 2544              		.loc 1 1677 31 view .LVU783
1680:Middlewares/Third_Party/FreeRTOS/Source/queue.c **** 
 2545              		.loc 1 1680 5 view .LVU784
1680:Middlewares/Third_Party/FreeRTOS/Source/queue.c **** 
 2546              		.loc 1 1680 34 is_stmt 0 view .LVU785
 2547 0040 E560     		str	r5, [r4, #12]
1684:Middlewares/Third_Party/FreeRTOS/Source/queue.c **** 				{
 2548              		.loc 1 1684 5 is_stmt 1 view .LVU786
1684:Middlewares/Third_Party/FreeRTOS/Source/queue.c **** 				{
 2549              		.loc 1 1684 9 is_stmt 0 view .LVU787
 2550 0042 636A     		ldr	r3, [r4, #36]
1684:Middlewares/Third_Party/FreeRTOS/Source/queue.c **** 				{
 2551              		.loc 1 1684 7 view .LVU788
 2552 0044 002B     		cmp	r3, #0
 2553 0046 04D1     		bne	.L209
 2554              	.L195:
1698:Middlewares/Third_Party/FreeRTOS/Source/queue.c **** 				}
 2555              		.loc 1 1698 30 is_stmt 1 view .LVU789
1701:Middlewares/Third_Party/FreeRTOS/Source/queue.c **** 				return pdPASS;
 2556              		.loc 1 1701 5 view .LVU790
 2557 0048 FFF7FEFF 		bl	vPortExitCritical
 2558              	.LVL294:
1702:Middlewares/Third_Party/FreeRTOS/Source/queue.c **** 			}
 2559              		.loc 1 1702 5 view .LVU791
1702:Middlewares/Third_Party/FreeRTOS/Source/queue.c **** 			}
ARM GAS  C:\Users\Asus\AppData\Local\Temp\ccbtHMUK.s 			page 100


 2560              		.loc 1 1702 12 is_stmt 0 view .LVU792
 2561 004c 0120     		movs	r0, #1
 2562              	.LVL295:
 2563              	.L186:
1702:Middlewares/Third_Party/FreeRTOS/Source/queue.c **** 			}
 2564              		.loc 1 1702 12 view .LVU793
 2565              	.LBE18:
1782:Middlewares/Third_Party/FreeRTOS/Source/queue.c **** /*-----------------------------------------------------------*/
 2566              		.loc 1 1782 1 view .LVU794
 2567 004e 04B0     		add	sp, sp, #16
 2568              		@ sp needed
 2569              	.LVL296:
 2570              	.LVL297:
1782:Middlewares/Third_Party/FreeRTOS/Source/queue.c **** /*-----------------------------------------------------------*/
 2571              		.loc 1 1782 1 view .LVU795
 2572 0050 70BD     		pop	{r4, r5, r6, pc}
 2573              	.LVL298:
 2574              	.L209:
 2575              	.LBB19:
1686:Middlewares/Third_Party/FreeRTOS/Source/queue.c **** 					{
 2576              		.loc 1 1686 6 is_stmt 1 view .LVU796
1686:Middlewares/Third_Party/FreeRTOS/Source/queue.c **** 					{
 2577              		.loc 1 1686 36 is_stmt 0 view .LVU797
 2578 0052 2000     		movs	r0, r4
 2579 0054 2430     		adds	r0, r0, #36
1686:Middlewares/Third_Party/FreeRTOS/Source/queue.c **** 					{
 2580              		.loc 1 1686 10 view .LVU798
 2581 0056 FFF7FEFF 		bl	xTaskRemoveFromEventList
 2582              	.LVL299:
1686:Middlewares/Third_Party/FreeRTOS/Source/queue.c **** 					{
 2583              		.loc 1 1686 8 view .LVU799
 2584 005a 0028     		cmp	r0, #0
 2585 005c F4D0     		beq	.L195
1689:Middlewares/Third_Party/FreeRTOS/Source/queue.c **** 					}
 2586              		.loc 1 1689 7 is_stmt 1 view .LVU800
 2587 005e FFF7FEFF 		bl	vPortYield
 2588              	.LVL300:
 2589 0062 F1E7     		b	.L195
 2590              	.LVL301:
 2591              	.L212:
1710:Middlewares/Third_Party/FreeRTOS/Source/queue.c **** 					traceQUEUE_PEEK_FAILED( pxQueue );
 2592              		.loc 1 1710 6 view .LVU801
 2593 0064 FFF7FEFF 		bl	vPortExitCritical
 2594              	.LVL302:
1711:Middlewares/Third_Party/FreeRTOS/Source/queue.c **** 					return errQUEUE_EMPTY;
 2595              		.loc 1 1711 39 view .LVU802
1712:Middlewares/Third_Party/FreeRTOS/Source/queue.c **** 				}
 2596              		.loc 1 1712 6 view .LVU803
1712:Middlewares/Third_Party/FreeRTOS/Source/queue.c **** 				}
 2597              		.loc 1 1712 13 is_stmt 0 view .LVU804
 2598 0068 0020     		movs	r0, #0
 2599 006a F0E7     		b	.L186
 2600              	.L213:
1719:Middlewares/Third_Party/FreeRTOS/Source/queue.c **** 					xEntryTimeSet = pdTRUE;
 2601              		.loc 1 1719 6 is_stmt 1 view .LVU805
 2602 006c 02A8     		add	r0, sp, #8
 2603 006e FFF7FEFF 		bl	vTaskInternalSetTimeOutState
ARM GAS  C:\Users\Asus\AppData\Local\Temp\ccbtHMUK.s 			page 101


 2604              	.LVL303:
1720:Middlewares/Third_Party/FreeRTOS/Source/queue.c **** 				}
 2605              		.loc 1 1720 6 view .LVU806
1720:Middlewares/Third_Party/FreeRTOS/Source/queue.c **** 				}
 2606              		.loc 1 1720 20 is_stmt 0 view .LVU807
 2607 0072 0135     		adds	r5, r5, #1
 2608 0074 21E0     		b	.L198
 2609              	.LVL304:
 2610              	.L214:
1720:Middlewares/Third_Party/FreeRTOS/Source/queue.c **** 				}
 2611              		.loc 1 1720 20 view .LVU808
 2612              	.LBE19:
1735:Middlewares/Third_Party/FreeRTOS/Source/queue.c **** 
 2613              		.loc 1 1735 3 is_stmt 1 discriminator 1 view .LVU809
 2614 0076 4423     		movs	r3, #68
 2615 0078 0022     		movs	r2, #0
 2616 007a E254     		strb	r2, [r4, r3]
 2617 007c 28E0     		b	.L199
 2618              	.L215:
1735:Middlewares/Third_Party/FreeRTOS/Source/queue.c **** 
 2619              		.loc 1 1735 3 discriminator 4 view .LVU810
 2620 007e 4523     		movs	r3, #69
 2621 0080 0022     		movs	r2, #0
 2622 0082 E254     		strb	r2, [r4, r3]
 2623 0084 29E0     		b	.L200
 2624              	.L202:
1760:Middlewares/Third_Party/FreeRTOS/Source/queue.c **** 				( void ) xTaskResumeAll();
 2625              		.loc 1 1760 5 view .LVU811
 2626 0086 2000     		movs	r0, r4
 2627 0088 FFF7FEFF 		bl	prvUnlockQueue
 2628              	.LVL305:
1761:Middlewares/Third_Party/FreeRTOS/Source/queue.c **** 			}
 2629              		.loc 1 1761 5 view .LVU812
1761:Middlewares/Third_Party/FreeRTOS/Source/queue.c **** 			}
 2630              		.loc 1 1761 14 is_stmt 0 view .LVU813
 2631 008c FFF7FEFF 		bl	xTaskResumeAll
 2632              	.LVL306:
 2633 0090 09E0     		b	.L193
 2634              	.L201:
1768:Middlewares/Third_Party/FreeRTOS/Source/queue.c **** 			( void ) xTaskResumeAll();
 2635              		.loc 1 1768 4 is_stmt 1 view .LVU814
 2636 0092 2000     		movs	r0, r4
 2637 0094 FFF7FEFF 		bl	prvUnlockQueue
 2638              	.LVL307:
1769:Middlewares/Third_Party/FreeRTOS/Source/queue.c **** 
 2639              		.loc 1 1769 4 view .LVU815
1769:Middlewares/Third_Party/FreeRTOS/Source/queue.c **** 
 2640              		.loc 1 1769 13 is_stmt 0 view .LVU816
 2641 0098 FFF7FEFF 		bl	xTaskResumeAll
 2642              	.LVL308:
1771:Middlewares/Third_Party/FreeRTOS/Source/queue.c **** 			{
 2643              		.loc 1 1771 4 is_stmt 1 view .LVU817
1771:Middlewares/Third_Party/FreeRTOS/Source/queue.c **** 			{
 2644              		.loc 1 1771 8 is_stmt 0 view .LVU818
 2645 009c 2000     		movs	r0, r4
 2646 009e FFF7FEFF 		bl	prvIsQueueEmpty
 2647              	.LVL309:
ARM GAS  C:\Users\Asus\AppData\Local\Temp\ccbtHMUK.s 			page 102


1771:Middlewares/Third_Party/FreeRTOS/Source/queue.c **** 			{
 2648              		.loc 1 1771 6 view .LVU819
 2649 00a2 0028     		cmp	r0, #0
 2650 00a4 35D1     		bne	.L210
 2651              	.LVL310:
 2652              	.L193:
1653:Middlewares/Third_Party/FreeRTOS/Source/queue.c **** 	}
 2653              		.loc 1 1653 104 is_stmt 1 discriminator 8 view .LVU820
1661:Middlewares/Third_Party/FreeRTOS/Source/queue.c **** 	{
 2654              		.loc 1 1661 2 discriminator 8 view .LVU821
1663:Middlewares/Third_Party/FreeRTOS/Source/queue.c **** 		{
 2655              		.loc 1 1663 3 discriminator 8 view .LVU822
 2656 00a6 FFF7FEFF 		bl	vPortEnterCritical
 2657              	.LVL311:
 2658              	.LBB20:
1665:Middlewares/Third_Party/FreeRTOS/Source/queue.c **** 
 2659              		.loc 1 1665 4 discriminator 8 view .LVU823
1665:Middlewares/Third_Party/FreeRTOS/Source/queue.c **** 
 2660              		.loc 1 1665 22 is_stmt 0 discriminator 8 view .LVU824
 2661 00aa A36B     		ldr	r3, [r4, #56]
 2662              	.LVL312:
1669:Middlewares/Third_Party/FreeRTOS/Source/queue.c **** 			{
 2663              		.loc 1 1669 4 is_stmt 1 discriminator 8 view .LVU825
1669:Middlewares/Third_Party/FreeRTOS/Source/queue.c **** 			{
 2664              		.loc 1 1669 6 is_stmt 0 discriminator 8 view .LVU826
 2665 00ac 002B     		cmp	r3, #0
 2666 00ae C2D1     		bne	.L211
1706:Middlewares/Third_Party/FreeRTOS/Source/queue.c **** 				{
 2667              		.loc 1 1706 5 is_stmt 1 view .LVU827
1706:Middlewares/Third_Party/FreeRTOS/Source/queue.c **** 				{
 2668              		.loc 1 1706 22 is_stmt 0 view .LVU828
 2669 00b0 019B     		ldr	r3, [sp, #4]
 2670              	.LVL313:
1706:Middlewares/Third_Party/FreeRTOS/Source/queue.c **** 				{
 2671              		.loc 1 1706 7 view .LVU829
 2672 00b2 002B     		cmp	r3, #0
 2673 00b4 D6D0     		beq	.L212
1714:Middlewares/Third_Party/FreeRTOS/Source/queue.c **** 				{
 2674              		.loc 1 1714 10 is_stmt 1 view .LVU830
1714:Middlewares/Third_Party/FreeRTOS/Source/queue.c **** 				{
 2675              		.loc 1 1714 12 is_stmt 0 view .LVU831
 2676 00b6 002D     		cmp	r5, #0
 2677 00b8 D8D0     		beq	.L213
 2678              	.LVL314:
 2679              	.L198:
1725:Middlewares/Third_Party/FreeRTOS/Source/queue.c **** 				}
 2680              		.loc 1 1725 30 is_stmt 1 view .LVU832
 2681              	.LBE20:
1729:Middlewares/Third_Party/FreeRTOS/Source/queue.c **** 
 2682              		.loc 1 1729 3 view .LVU833
 2683 00ba FFF7FEFF 		bl	vPortExitCritical
 2684              	.LVL315:
1734:Middlewares/Third_Party/FreeRTOS/Source/queue.c **** 		prvLockQueue( pxQueue );
 2685              		.loc 1 1734 3 view .LVU834
 2686 00be FFF7FEFF 		bl	vTaskSuspendAll
 2687              	.LVL316:
1735:Middlewares/Third_Party/FreeRTOS/Source/queue.c **** 
ARM GAS  C:\Users\Asus\AppData\Local\Temp\ccbtHMUK.s 			page 103


 2688              		.loc 1 1735 3 view .LVU835
 2689 00c2 FFF7FEFF 		bl	vPortEnterCritical
 2690              	.LVL317:
1735:Middlewares/Third_Party/FreeRTOS/Source/queue.c **** 
 2691              		.loc 1 1735 3 view .LVU836
 2692 00c6 4423     		movs	r3, #68
 2693 00c8 E35C     		ldrb	r3, [r4, r3]
 2694 00ca 5BB2     		sxtb	r3, r3
 2695 00cc 0133     		adds	r3, r3, #1
 2696 00ce D2D0     		beq	.L214
 2697              	.L199:
1735:Middlewares/Third_Party/FreeRTOS/Source/queue.c **** 
 2698              		.loc 1 1735 3 discriminator 3 view .LVU837
 2699 00d0 4523     		movs	r3, #69
 2700 00d2 E35C     		ldrb	r3, [r4, r3]
 2701 00d4 5BB2     		sxtb	r3, r3
 2702 00d6 0133     		adds	r3, r3, #1
 2703 00d8 D1D0     		beq	.L215
 2704              	.L200:
1735:Middlewares/Third_Party/FreeRTOS/Source/queue.c **** 
 2705              		.loc 1 1735 3 discriminator 6 view .LVU838
 2706 00da FFF7FEFF 		bl	vPortExitCritical
 2707              	.LVL318:
1738:Middlewares/Third_Party/FreeRTOS/Source/queue.c **** 		{
 2708              		.loc 1 1738 3 discriminator 6 view .LVU839
1738:Middlewares/Third_Party/FreeRTOS/Source/queue.c **** 		{
 2709              		.loc 1 1738 7 is_stmt 0 discriminator 6 view .LVU840
 2710 00de 01A9     		add	r1, sp, #4
 2711 00e0 02A8     		add	r0, sp, #8
 2712 00e2 FFF7FEFF 		bl	xTaskCheckForTimeOut
 2713              	.LVL319:
1738:Middlewares/Third_Party/FreeRTOS/Source/queue.c **** 		{
 2714              		.loc 1 1738 5 discriminator 6 view .LVU841
 2715 00e6 0028     		cmp	r0, #0
 2716 00e8 D3D1     		bne	.L201
1742:Middlewares/Third_Party/FreeRTOS/Source/queue.c **** 			{
 2717              		.loc 1 1742 4 is_stmt 1 view .LVU842
1742:Middlewares/Third_Party/FreeRTOS/Source/queue.c **** 			{
 2718              		.loc 1 1742 8 is_stmt 0 view .LVU843
 2719 00ea 2000     		movs	r0, r4
 2720 00ec FFF7FEFF 		bl	prvIsQueueEmpty
 2721              	.LVL320:
1742:Middlewares/Third_Party/FreeRTOS/Source/queue.c **** 			{
 2722              		.loc 1 1742 6 view .LVU844
 2723 00f0 0028     		cmp	r0, #0
 2724 00f2 C8D0     		beq	.L202
1744:Middlewares/Third_Party/FreeRTOS/Source/queue.c **** 				vTaskPlaceOnEventList( &( pxQueue->xTasksWaitingToReceive ), xTicksToWait );
 2725              		.loc 1 1744 43 is_stmt 1 view .LVU845
1745:Middlewares/Third_Party/FreeRTOS/Source/queue.c **** 				prvUnlockQueue( pxQueue );
 2726              		.loc 1 1745 5 view .LVU846
 2727 00f4 0199     		ldr	r1, [sp, #4]
 2728 00f6 2000     		movs	r0, r4
 2729 00f8 2430     		adds	r0, r0, #36
 2730 00fa FFF7FEFF 		bl	vTaskPlaceOnEventList
 2731              	.LVL321:
1746:Middlewares/Third_Party/FreeRTOS/Source/queue.c **** 				if( xTaskResumeAll() == pdFALSE )
 2732              		.loc 1 1746 5 view .LVU847
ARM GAS  C:\Users\Asus\AppData\Local\Temp\ccbtHMUK.s 			page 104


 2733 00fe 2000     		movs	r0, r4
 2734 0100 FFF7FEFF 		bl	prvUnlockQueue
 2735              	.LVL322:
1747:Middlewares/Third_Party/FreeRTOS/Source/queue.c **** 				{
 2736              		.loc 1 1747 5 view .LVU848
1747:Middlewares/Third_Party/FreeRTOS/Source/queue.c **** 				{
 2737              		.loc 1 1747 9 is_stmt 0 view .LVU849
 2738 0104 FFF7FEFF 		bl	xTaskResumeAll
 2739              	.LVL323:
1747:Middlewares/Third_Party/FreeRTOS/Source/queue.c **** 				{
 2740              		.loc 1 1747 7 view .LVU850
 2741 0108 0028     		cmp	r0, #0
 2742 010a CCD1     		bne	.L193
1749:Middlewares/Third_Party/FreeRTOS/Source/queue.c **** 				}
 2743              		.loc 1 1749 6 is_stmt 1 view .LVU851
 2744 010c FFF7FEFF 		bl	vPortYield
 2745              	.LVL324:
 2746 0110 C9E7     		b	.L193
 2747              	.L210:
1774:Middlewares/Third_Party/FreeRTOS/Source/queue.c **** 			}
 2748              		.loc 1 1774 12 is_stmt 0 view .LVU852
 2749 0112 0020     		movs	r0, #0
 2750 0114 9BE7     		b	.L186
 2751              		.cfi_endproc
 2752              	.LFE10:
 2754              		.section	.text.xQueueReceiveFromISR,"ax",%progbits
 2755              		.align	1
 2756              		.global	xQueueReceiveFromISR
 2757              		.syntax unified
 2758              		.code	16
 2759              		.thumb_func
 2761              	xQueueReceiveFromISR:
 2762              	.LVL325:
 2763              	.LFB11:
1786:Middlewares/Third_Party/FreeRTOS/Source/queue.c **** BaseType_t xReturn;
 2764              		.loc 1 1786 1 is_stmt 1 view -0
 2765              		.cfi_startproc
 2766              		@ args = 0, pretend = 0, frame = 8
 2767              		@ frame_needed = 0, uses_anonymous_args = 0
1786:Middlewares/Third_Party/FreeRTOS/Source/queue.c **** BaseType_t xReturn;
 2768              		.loc 1 1786 1 is_stmt 0 view .LVU854
 2769 0000 F0B5     		push	{r4, r5, r6, r7, lr}
 2770              		.cfi_def_cfa_offset 20
 2771              		.cfi_offset 4, -20
 2772              		.cfi_offset 5, -16
 2773              		.cfi_offset 6, -12
 2774              		.cfi_offset 7, -8
 2775              		.cfi_offset 14, -4
 2776 0002 CE46     		mov	lr, r9
 2777 0004 00B5     		push	{lr}
 2778              		.cfi_def_cfa_offset 24
 2779              		.cfi_offset 9, -24
 2780 0006 82B0     		sub	sp, sp, #8
 2781              		.cfi_def_cfa_offset 32
 2782 0008 0400     		movs	r4, r0
 2783 000a 0D00     		movs	r5, r1
 2784 000c 0192     		str	r2, [sp, #4]
ARM GAS  C:\Users\Asus\AppData\Local\Temp\ccbtHMUK.s 			page 105


1787:Middlewares/Third_Party/FreeRTOS/Source/queue.c **** UBaseType_t uxSavedInterruptStatus;
 2785              		.loc 1 1787 1 is_stmt 1 view .LVU855
1788:Middlewares/Third_Party/FreeRTOS/Source/queue.c **** Queue_t * const pxQueue = xQueue;
 2786              		.loc 1 1788 1 view .LVU856
1789:Middlewares/Third_Party/FreeRTOS/Source/queue.c **** 
 2787              		.loc 1 1789 1 view .LVU857
 2788              	.LVL326:
1791:Middlewares/Third_Party/FreeRTOS/Source/queue.c **** 	configASSERT( !( ( pvBuffer == NULL ) && ( pxQueue->uxItemSize != ( UBaseType_t ) 0U ) ) );
 2789              		.loc 1 1791 2 view .LVU858
 2790 000e 0028     		cmp	r0, #0
 2791 0010 10D0     		beq	.L227
1791:Middlewares/Third_Party/FreeRTOS/Source/queue.c **** 	configASSERT( !( ( pvBuffer == NULL ) && ( pxQueue->uxItemSize != ( UBaseType_t ) 0U ) ) );
 2792              		.loc 1 1791 25 discriminator 2 view .LVU859
1792:Middlewares/Third_Party/FreeRTOS/Source/queue.c **** 
 2793              		.loc 1 1792 2 discriminator 2 view .LVU860
 2794 0012 0029     		cmp	r1, #0
 2795 0014 10D0     		beq	.L228
 2796              	.L219:
1792:Middlewares/Third_Party/FreeRTOS/Source/queue.c **** 
 2797              		.loc 1 1792 92 discriminator 8 view .LVU861
1808:Middlewares/Third_Party/FreeRTOS/Source/queue.c **** 
 2798              		.loc 1 1808 44 discriminator 8 view .LVU862
1810:Middlewares/Third_Party/FreeRTOS/Source/queue.c **** 	{
 2799              		.loc 1 1810 2 discriminator 8 view .LVU863
1810:Middlewares/Third_Party/FreeRTOS/Source/queue.c **** 	{
 2800              		.loc 1 1810 27 is_stmt 0 discriminator 8 view .LVU864
 2801 0016 FFF7FEFF 		bl	ulSetInterruptMaskFromISR
 2802              	.LVL327:
1810:Middlewares/Third_Party/FreeRTOS/Source/queue.c **** 	{
 2803              		.loc 1 1810 27 discriminator 8 view .LVU865
 2804 001a 0600     		movs	r6, r0
 2805              	.LVL328:
 2806              	.LBB21:
1812:Middlewares/Third_Party/FreeRTOS/Source/queue.c **** 
 2807              		.loc 1 1812 3 is_stmt 1 discriminator 8 view .LVU866
1812:Middlewares/Third_Party/FreeRTOS/Source/queue.c **** 
 2808              		.loc 1 1812 21 is_stmt 0 discriminator 8 view .LVU867
 2809 001c A76B     		ldr	r7, [r4, #56]
 2810              	.LVL329:
1815:Middlewares/Third_Party/FreeRTOS/Source/queue.c **** 		{
 2811              		.loc 1 1815 3 is_stmt 1 discriminator 8 view .LVU868
1815:Middlewares/Third_Party/FreeRTOS/Source/queue.c **** 		{
 2812              		.loc 1 1815 5 is_stmt 0 discriminator 8 view .LVU869
 2813 001e 002F     		cmp	r7, #0
 2814 0020 0FD1     		bne	.L229
1866:Middlewares/Third_Party/FreeRTOS/Source/queue.c **** 			traceQUEUE_RECEIVE_FROM_ISR_FAILED( pxQueue );
 2815              		.loc 1 1866 12 view .LVU870
 2816 0022 0024     		movs	r4, #0
 2817              	.LVL330:
 2818              	.L221:
1867:Middlewares/Third_Party/FreeRTOS/Source/queue.c **** 		}
 2819              		.loc 1 1867 49 is_stmt 1 view .LVU871
 2820              	.LBE21:
1870:Middlewares/Third_Party/FreeRTOS/Source/queue.c **** 
 2821              		.loc 1 1870 2 view .LVU872
 2822 0024 3000     		movs	r0, r6
 2823 0026 FFF7FEFF 		bl	vClearInterruptMaskFromISR
ARM GAS  C:\Users\Asus\AppData\Local\Temp\ccbtHMUK.s 			page 106


 2824              	.LVL331:
1872:Middlewares/Third_Party/FreeRTOS/Source/queue.c **** }
 2825              		.loc 1 1872 2 view .LVU873
1873:Middlewares/Third_Party/FreeRTOS/Source/queue.c **** /*-----------------------------------------------------------*/
 2826              		.loc 1 1873 1 is_stmt 0 view .LVU874
 2827 002a 2000     		movs	r0, r4
 2828 002c 02B0     		add	sp, sp, #8
 2829              		@ sp needed
 2830              	.LVL332:
 2831              	.LVL333:
 2832              	.LVL334:
 2833              	.LVL335:
1873:Middlewares/Third_Party/FreeRTOS/Source/queue.c **** /*-----------------------------------------------------------*/
 2834              		.loc 1 1873 1 view .LVU875
 2835 002e 80BC     		pop	{r7}
 2836 0030 B946     		mov	r9, r7
 2837 0032 F0BD     		pop	{r4, r5, r6, r7, pc}
 2838              	.LVL336:
 2839              	.L227:
1791:Middlewares/Third_Party/FreeRTOS/Source/queue.c **** 	configASSERT( !( ( pvBuffer == NULL ) && ( pxQueue->uxItemSize != ( UBaseType_t ) 0U ) ) );
 2840              		.loc 1 1791 2 is_stmt 1 discriminator 1 view .LVU876
 2841              		.syntax divided
 2842              	@ 1791 "Middlewares/Third_Party/FreeRTOS/Source/queue.c" 1
 2843 0034 72B6     		 cpsid i 
 2844              	@ 0 "" 2
 2845              		.thumb
 2846              		.syntax unified
 2847              	.L218:
1791:Middlewares/Third_Party/FreeRTOS/Source/queue.c **** 	configASSERT( !( ( pvBuffer == NULL ) && ( pxQueue->uxItemSize != ( UBaseType_t ) 0U ) ) );
 2848              		.loc 1 1791 2 discriminator 1 view .LVU877
1791:Middlewares/Third_Party/FreeRTOS/Source/queue.c **** 	configASSERT( !( ( pvBuffer == NULL ) && ( pxQueue->uxItemSize != ( UBaseType_t ) 0U ) ) );
 2849              		.loc 1 1791 2 discriminator 1 view .LVU878
 2850 0036 FEE7     		b	.L218
 2851              	.L228:
1792:Middlewares/Third_Party/FreeRTOS/Source/queue.c **** 
 2852              		.loc 1 1792 2 is_stmt 0 discriminator 2 view .LVU879
 2853 0038 036C     		ldr	r3, [r0, #64]
 2854 003a 002B     		cmp	r3, #0
 2855 003c EBD0     		beq	.L219
1792:Middlewares/Third_Party/FreeRTOS/Source/queue.c **** 
 2856              		.loc 1 1792 2 is_stmt 1 view .LVU880
 2857              		.syntax divided
 2858              	@ 1792 "Middlewares/Third_Party/FreeRTOS/Source/queue.c" 1
 2859 003e 72B6     		 cpsid i 
 2860              	@ 0 "" 2
 2861              		.thumb
 2862              		.syntax unified
 2863              	.L220:
1792:Middlewares/Third_Party/FreeRTOS/Source/queue.c **** 
 2864              		.loc 1 1792 2 discriminator 2 view .LVU881
1792:Middlewares/Third_Party/FreeRTOS/Source/queue.c **** 
 2865              		.loc 1 1792 2 discriminator 2 view .LVU882
 2866 0040 FEE7     		b	.L220
 2867              	.LVL337:
 2868              	.L229:
 2869              	.LBB23:
 2870              	.LBB22:
ARM GAS  C:\Users\Asus\AppData\Local\Temp\ccbtHMUK.s 			page 107


1817:Middlewares/Third_Party/FreeRTOS/Source/queue.c **** 
 2871              		.loc 1 1817 4 view .LVU883
1817:Middlewares/Third_Party/FreeRTOS/Source/queue.c **** 
 2872              		.loc 1 1817 17 is_stmt 0 view .LVU884
 2873 0042 4423     		movs	r3, #68
 2874 0044 E35C     		ldrb	r3, [r4, r3]
 2875 0046 5BB2     		sxtb	r3, r3
 2876 0048 9946     		mov	r9, r3
 2877              	.LVL338:
1819:Middlewares/Third_Party/FreeRTOS/Source/queue.c **** 
 2878              		.loc 1 1819 42 is_stmt 1 view .LVU885
1821:Middlewares/Third_Party/FreeRTOS/Source/queue.c **** 			pxQueue->uxMessagesWaiting = uxMessagesWaiting - ( UBaseType_t ) 1;
 2879              		.loc 1 1821 4 view .LVU886
 2880 004a 2900     		movs	r1, r5
 2881 004c 2000     		movs	r0, r4
 2882              	.LVL339:
1821:Middlewares/Third_Party/FreeRTOS/Source/queue.c **** 			pxQueue->uxMessagesWaiting = uxMessagesWaiting - ( UBaseType_t ) 1;
 2883              		.loc 1 1821 4 is_stmt 0 view .LVU887
 2884 004e FFF7FEFF 		bl	prvCopyDataFromQueue
 2885              	.LVL340:
1822:Middlewares/Third_Party/FreeRTOS/Source/queue.c **** 
 2886              		.loc 1 1822 4 is_stmt 1 view .LVU888
1822:Middlewares/Third_Party/FreeRTOS/Source/queue.c **** 
 2887              		.loc 1 1822 51 is_stmt 0 view .LVU889
 2888 0052 7B1E     		subs	r3, r7, #1
1822:Middlewares/Third_Party/FreeRTOS/Source/queue.c **** 
 2889              		.loc 1 1822 31 view .LVU890
 2890 0054 A363     		str	r3, [r4, #56]
1828:Middlewares/Third_Party/FreeRTOS/Source/queue.c **** 			{
 2891              		.loc 1 1828 4 is_stmt 1 view .LVU891
1828:Middlewares/Third_Party/FreeRTOS/Source/queue.c **** 			{
 2892              		.loc 1 1828 6 is_stmt 0 view .LVU892
 2893 0056 4B46     		mov	r3, r9
 2894 0058 0133     		adds	r3, r3, #1
 2895 005a 06D0     		beq	.L230
1859:Middlewares/Third_Party/FreeRTOS/Source/queue.c **** 			}
 2896              		.loc 1 1859 5 is_stmt 1 view .LVU893
1859:Middlewares/Third_Party/FreeRTOS/Source/queue.c **** 			}
 2897              		.loc 1 1859 45 is_stmt 0 view .LVU894
 2898 005c 4B46     		mov	r3, r9
 2899 005e 0133     		adds	r3, r3, #1
1859:Middlewares/Third_Party/FreeRTOS/Source/queue.c **** 			}
 2900              		.loc 1 1859 24 view .LVU895
 2901 0060 5BB2     		sxtb	r3, r3
1859:Middlewares/Third_Party/FreeRTOS/Source/queue.c **** 			}
 2902              		.loc 1 1859 22 view .LVU896
 2903 0062 4422     		movs	r2, #68
 2904 0064 A354     		strb	r3, [r4, r2]
1862:Middlewares/Third_Party/FreeRTOS/Source/queue.c **** 		}
 2905              		.loc 1 1862 12 view .LVU897
 2906 0066 0124     		movs	r4, #1
 2907              	.LVL341:
1862:Middlewares/Third_Party/FreeRTOS/Source/queue.c **** 		}
 2908              		.loc 1 1862 12 view .LVU898
 2909 0068 DCE7     		b	.L221
 2910              	.LVL342:
 2911              	.L230:
ARM GAS  C:\Users\Asus\AppData\Local\Temp\ccbtHMUK.s 			page 108


1830:Middlewares/Third_Party/FreeRTOS/Source/queue.c **** 				{
 2912              		.loc 1 1830 5 is_stmt 1 view .LVU899
1830:Middlewares/Third_Party/FreeRTOS/Source/queue.c **** 				{
 2913              		.loc 1 1830 9 is_stmt 0 view .LVU900
 2914 006a 2369     		ldr	r3, [r4, #16]
1830:Middlewares/Third_Party/FreeRTOS/Source/queue.c **** 				{
 2915              		.loc 1 1830 7 view .LVU901
 2916 006c 002B     		cmp	r3, #0
 2917 006e 01D1     		bne	.L231
1862:Middlewares/Third_Party/FreeRTOS/Source/queue.c **** 		}
 2918              		.loc 1 1862 12 view .LVU902
 2919 0070 0124     		movs	r4, #1
 2920              	.LVL343:
1862:Middlewares/Third_Party/FreeRTOS/Source/queue.c **** 		}
 2921              		.loc 1 1862 12 view .LVU903
 2922 0072 D7E7     		b	.L221
 2923              	.LVL344:
 2924              	.L231:
1832:Middlewares/Third_Party/FreeRTOS/Source/queue.c **** 					{
 2925              		.loc 1 1832 6 is_stmt 1 view .LVU904
1832:Middlewares/Third_Party/FreeRTOS/Source/queue.c **** 					{
 2926              		.loc 1 1832 36 is_stmt 0 view .LVU905
 2927 0074 2000     		movs	r0, r4
 2928 0076 1030     		adds	r0, r0, #16
1832:Middlewares/Third_Party/FreeRTOS/Source/queue.c **** 					{
 2929              		.loc 1 1832 10 view .LVU906
 2930 0078 FFF7FEFF 		bl	xTaskRemoveFromEventList
 2931              	.LVL345:
1832:Middlewares/Third_Party/FreeRTOS/Source/queue.c **** 					{
 2932              		.loc 1 1832 8 view .LVU907
 2933 007c 0028     		cmp	r0, #0
 2934 007e 06D0     		beq	.L225
1836:Middlewares/Third_Party/FreeRTOS/Source/queue.c **** 						{
 2935              		.loc 1 1836 7 is_stmt 1 view .LVU908
1836:Middlewares/Third_Party/FreeRTOS/Source/queue.c **** 						{
 2936              		.loc 1 1836 9 is_stmt 0 view .LVU909
 2937 0080 019A     		ldr	r2, [sp, #4]
 2938 0082 002A     		cmp	r2, #0
 2939 0084 05D0     		beq	.L226
1838:Middlewares/Third_Party/FreeRTOS/Source/queue.c **** 						}
 2940              		.loc 1 1838 8 is_stmt 1 view .LVU910
1838:Middlewares/Third_Party/FreeRTOS/Source/queue.c **** 						}
 2941              		.loc 1 1838 35 is_stmt 0 view .LVU911
 2942 0086 0123     		movs	r3, #1
 2943 0088 1360     		str	r3, [r2]
1862:Middlewares/Third_Party/FreeRTOS/Source/queue.c **** 		}
 2944              		.loc 1 1862 12 view .LVU912
 2945 008a 0124     		movs	r4, #1
 2946              	.LVL346:
1862:Middlewares/Third_Party/FreeRTOS/Source/queue.c **** 		}
 2947              		.loc 1 1862 12 view .LVU913
 2948 008c CAE7     		b	.L221
 2949              	.LVL347:
 2950              	.L225:
1862:Middlewares/Third_Party/FreeRTOS/Source/queue.c **** 		}
 2951              		.loc 1 1862 12 view .LVU914
 2952 008e 0124     		movs	r4, #1
ARM GAS  C:\Users\Asus\AppData\Local\Temp\ccbtHMUK.s 			page 109


 2953              	.LVL348:
1862:Middlewares/Third_Party/FreeRTOS/Source/queue.c **** 		}
 2954              		.loc 1 1862 12 view .LVU915
 2955 0090 C8E7     		b	.L221
 2956              	.LVL349:
 2957              	.L226:
1862:Middlewares/Third_Party/FreeRTOS/Source/queue.c **** 		}
 2958              		.loc 1 1862 12 view .LVU916
 2959 0092 0124     		movs	r4, #1
 2960              	.LVL350:
1862:Middlewares/Third_Party/FreeRTOS/Source/queue.c **** 		}
 2961              		.loc 1 1862 12 view .LVU917
 2962 0094 C6E7     		b	.L221
 2963              	.LBE22:
 2964              	.LBE23:
 2965              		.cfi_endproc
 2966              	.LFE11:
 2968              		.section	.text.xQueuePeekFromISR,"ax",%progbits
 2969              		.align	1
 2970              		.global	xQueuePeekFromISR
 2971              		.syntax unified
 2972              		.code	16
 2973              		.thumb_func
 2975              	xQueuePeekFromISR:
 2976              	.LVL351:
 2977              	.LFB12:
1877:Middlewares/Third_Party/FreeRTOS/Source/queue.c **** BaseType_t xReturn;
 2978              		.loc 1 1877 1 is_stmt 1 view -0
 2979              		.cfi_startproc
 2980              		@ args = 0, pretend = 0, frame = 0
 2981              		@ frame_needed = 0, uses_anonymous_args = 0
1877:Middlewares/Third_Party/FreeRTOS/Source/queue.c **** BaseType_t xReturn;
 2982              		.loc 1 1877 1 is_stmt 0 view .LVU919
 2983 0000 F8B5     		push	{r3, r4, r5, r6, r7, lr}
 2984              		.cfi_def_cfa_offset 24
 2985              		.cfi_offset 3, -24
 2986              		.cfi_offset 4, -20
 2987              		.cfi_offset 5, -16
 2988              		.cfi_offset 6, -12
 2989              		.cfi_offset 7, -8
 2990              		.cfi_offset 14, -4
 2991 0002 0400     		movs	r4, r0
 2992 0004 0D00     		movs	r5, r1
1878:Middlewares/Third_Party/FreeRTOS/Source/queue.c **** UBaseType_t uxSavedInterruptStatus;
 2993              		.loc 1 1878 1 is_stmt 1 view .LVU920
1879:Middlewares/Third_Party/FreeRTOS/Source/queue.c **** int8_t *pcOriginalReadPosition;
 2994              		.loc 1 1879 1 view .LVU921
1880:Middlewares/Third_Party/FreeRTOS/Source/queue.c **** Queue_t * const pxQueue = xQueue;
 2995              		.loc 1 1880 1 view .LVU922
1881:Middlewares/Third_Party/FreeRTOS/Source/queue.c **** 
 2996              		.loc 1 1881 1 view .LVU923
 2997              	.LVL352:
1883:Middlewares/Third_Party/FreeRTOS/Source/queue.c **** 	configASSERT( !( ( pvBuffer == NULL ) && ( pxQueue->uxItemSize != ( UBaseType_t ) 0U ) ) );
 2998              		.loc 1 1883 2 view .LVU924
 2999 0006 0028     		cmp	r0, #0
 3000 0008 06D0     		beq	.L241
1883:Middlewares/Third_Party/FreeRTOS/Source/queue.c **** 	configASSERT( !( ( pvBuffer == NULL ) && ( pxQueue->uxItemSize != ( UBaseType_t ) 0U ) ) );
ARM GAS  C:\Users\Asus\AppData\Local\Temp\ccbtHMUK.s 			page 110


 3001              		.loc 1 1883 25 discriminator 2 view .LVU925
1884:Middlewares/Third_Party/FreeRTOS/Source/queue.c **** 	configASSERT( pxQueue->uxItemSize != 0 ); /* Can't peek a semaphore. */
 3002              		.loc 1 1884 2 discriminator 2 view .LVU926
 3003 000a 0029     		cmp	r1, #0
 3004 000c 06D0     		beq	.L242
 3005              	.L235:
1884:Middlewares/Third_Party/FreeRTOS/Source/queue.c **** 	configASSERT( pxQueue->uxItemSize != 0 ); /* Can't peek a semaphore. */
 3006              		.loc 1 1884 92 discriminator 8 view .LVU927
1885:Middlewares/Third_Party/FreeRTOS/Source/queue.c **** 
 3007              		.loc 1 1885 2 discriminator 8 view .LVU928
 3008 000e 236C     		ldr	r3, [r4, #64]
 3009 0010 002B     		cmp	r3, #0
 3010 0012 08D1     		bne	.L237
1885:Middlewares/Third_Party/FreeRTOS/Source/queue.c **** 
 3011              		.loc 1 1885 2 discriminator 1 view .LVU929
 3012              		.syntax divided
 3013              	@ 1885 "Middlewares/Third_Party/FreeRTOS/Source/queue.c" 1
 3014 0014 72B6     		 cpsid i 
 3015              	@ 0 "" 2
 3016              		.thumb
 3017              		.syntax unified
 3018              	.L238:
1885:Middlewares/Third_Party/FreeRTOS/Source/queue.c **** 
 3019              		.loc 1 1885 2 discriminator 3 view .LVU930
1885:Middlewares/Third_Party/FreeRTOS/Source/queue.c **** 
 3020              		.loc 1 1885 2 discriminator 3 view .LVU931
 3021 0016 FEE7     		b	.L238
 3022              	.L241:
1883:Middlewares/Third_Party/FreeRTOS/Source/queue.c **** 	configASSERT( !( ( pvBuffer == NULL ) && ( pxQueue->uxItemSize != ( UBaseType_t ) 0U ) ) );
 3023              		.loc 1 1883 2 discriminator 1 view .LVU932
 3024              		.syntax divided
 3025              	@ 1883 "Middlewares/Third_Party/FreeRTOS/Source/queue.c" 1
 3026 0018 72B6     		 cpsid i 
 3027              	@ 0 "" 2
 3028              		.thumb
 3029              		.syntax unified
 3030              	.L234:
1883:Middlewares/Third_Party/FreeRTOS/Source/queue.c **** 	configASSERT( !( ( pvBuffer == NULL ) && ( pxQueue->uxItemSize != ( UBaseType_t ) 0U ) ) );
 3031              		.loc 1 1883 2 discriminator 1 view .LVU933
1883:Middlewares/Third_Party/FreeRTOS/Source/queue.c **** 	configASSERT( !( ( pvBuffer == NULL ) && ( pxQueue->uxItemSize != ( UBaseType_t ) 0U ) ) );
 3032              		.loc 1 1883 2 discriminator 1 view .LVU934
 3033 001a FEE7     		b	.L234
 3034              	.L242:
1884:Middlewares/Third_Party/FreeRTOS/Source/queue.c **** 	configASSERT( pxQueue->uxItemSize != 0 ); /* Can't peek a semaphore. */
 3035              		.loc 1 1884 2 is_stmt 0 discriminator 2 view .LVU935
 3036 001c 036C     		ldr	r3, [r0, #64]
 3037 001e 002B     		cmp	r3, #0
 3038 0020 F5D0     		beq	.L235
1884:Middlewares/Third_Party/FreeRTOS/Source/queue.c **** 	configASSERT( pxQueue->uxItemSize != 0 ); /* Can't peek a semaphore. */
 3039              		.loc 1 1884 2 is_stmt 1 view .LVU936
 3040              		.syntax divided
 3041              	@ 1884 "Middlewares/Third_Party/FreeRTOS/Source/queue.c" 1
 3042 0022 72B6     		 cpsid i 
 3043              	@ 0 "" 2
 3044              		.thumb
 3045              		.syntax unified
 3046              	.L236:
ARM GAS  C:\Users\Asus\AppData\Local\Temp\ccbtHMUK.s 			page 111


1884:Middlewares/Third_Party/FreeRTOS/Source/queue.c **** 	configASSERT( pxQueue->uxItemSize != 0 ); /* Can't peek a semaphore. */
 3047              		.loc 1 1884 2 discriminator 2 view .LVU937
1884:Middlewares/Third_Party/FreeRTOS/Source/queue.c **** 	configASSERT( pxQueue->uxItemSize != 0 ); /* Can't peek a semaphore. */
 3048              		.loc 1 1884 2 discriminator 2 view .LVU938
 3049 0024 FEE7     		b	.L236
 3050              	.L237:
1885:Middlewares/Third_Party/FreeRTOS/Source/queue.c **** 
 3051              		.loc 1 1885 42 discriminator 2 view .LVU939
1901:Middlewares/Third_Party/FreeRTOS/Source/queue.c **** 
 3052              		.loc 1 1901 44 discriminator 2 view .LVU940
1903:Middlewares/Third_Party/FreeRTOS/Source/queue.c **** 	{
 3053              		.loc 1 1903 2 discriminator 2 view .LVU941
1903:Middlewares/Third_Party/FreeRTOS/Source/queue.c **** 	{
 3054              		.loc 1 1903 27 is_stmt 0 discriminator 2 view .LVU942
 3055 0026 FFF7FEFF 		bl	ulSetInterruptMaskFromISR
 3056              	.LVL353:
1903:Middlewares/Third_Party/FreeRTOS/Source/queue.c **** 	{
 3057              		.loc 1 1903 27 discriminator 2 view .LVU943
 3058 002a 0600     		movs	r6, r0
 3059              	.LVL354:
1906:Middlewares/Third_Party/FreeRTOS/Source/queue.c **** 		{
 3060              		.loc 1 1906 3 is_stmt 1 discriminator 2 view .LVU944
1906:Middlewares/Third_Party/FreeRTOS/Source/queue.c **** 		{
 3061              		.loc 1 1906 14 is_stmt 0 discriminator 2 view .LVU945
 3062 002c A36B     		ldr	r3, [r4, #56]
1906:Middlewares/Third_Party/FreeRTOS/Source/queue.c **** 		{
 3063              		.loc 1 1906 5 discriminator 2 view .LVU946
 3064 002e 002B     		cmp	r3, #0
 3065 0030 05D1     		bne	.L243
1920:Middlewares/Third_Party/FreeRTOS/Source/queue.c **** 			traceQUEUE_PEEK_FROM_ISR_FAILED( pxQueue );
 3066              		.loc 1 1920 12 view .LVU947
 3067 0032 0024     		movs	r4, #0
 3068              	.LVL355:
 3069              	.L239:
1921:Middlewares/Third_Party/FreeRTOS/Source/queue.c **** 		}
 3070              		.loc 1 1921 46 is_stmt 1 view .LVU948
1924:Middlewares/Third_Party/FreeRTOS/Source/queue.c **** 
 3071              		.loc 1 1924 2 view .LVU949
 3072 0034 3000     		movs	r0, r6
 3073 0036 FFF7FEFF 		bl	vClearInterruptMaskFromISR
 3074              	.LVL356:
1926:Middlewares/Third_Party/FreeRTOS/Source/queue.c **** }
 3075              		.loc 1 1926 2 view .LVU950
1927:Middlewares/Third_Party/FreeRTOS/Source/queue.c **** /*-----------------------------------------------------------*/
 3076              		.loc 1 1927 1 is_stmt 0 view .LVU951
 3077 003a 2000     		movs	r0, r4
 3078              		@ sp needed
 3079              	.LVL357:
 3080              	.LVL358:
 3081              	.LVL359:
1927:Middlewares/Third_Party/FreeRTOS/Source/queue.c **** /*-----------------------------------------------------------*/
 3082              		.loc 1 1927 1 view .LVU952
 3083 003c F8BD     		pop	{r3, r4, r5, r6, r7, pc}
 3084              	.LVL360:
 3085              	.L243:
1908:Middlewares/Third_Party/FreeRTOS/Source/queue.c **** 
 3086              		.loc 1 1908 39 is_stmt 1 view .LVU953
ARM GAS  C:\Users\Asus\AppData\Local\Temp\ccbtHMUK.s 			page 112


1912:Middlewares/Third_Party/FreeRTOS/Source/queue.c **** 			prvCopyDataFromQueue( pxQueue, pvBuffer );
 3087              		.loc 1 1912 4 view .LVU954
1912:Middlewares/Third_Party/FreeRTOS/Source/queue.c **** 			prvCopyDataFromQueue( pxQueue, pvBuffer );
 3088              		.loc 1 1912 27 is_stmt 0 view .LVU955
 3089 003e E768     		ldr	r7, [r4, #12]
 3090              	.LVL361:
1913:Middlewares/Third_Party/FreeRTOS/Source/queue.c **** 			pxQueue->u.xQueue.pcReadFrom = pcOriginalReadPosition;
 3091              		.loc 1 1913 4 is_stmt 1 view .LVU956
 3092 0040 2900     		movs	r1, r5
 3093 0042 2000     		movs	r0, r4
 3094              	.LVL362:
1913:Middlewares/Third_Party/FreeRTOS/Source/queue.c **** 			pxQueue->u.xQueue.pcReadFrom = pcOriginalReadPosition;
 3095              		.loc 1 1913 4 is_stmt 0 view .LVU957
 3096 0044 FFF7FEFF 		bl	prvCopyDataFromQueue
 3097              	.LVL363:
1914:Middlewares/Third_Party/FreeRTOS/Source/queue.c **** 
 3098              		.loc 1 1914 4 is_stmt 1 view .LVU958
1914:Middlewares/Third_Party/FreeRTOS/Source/queue.c **** 
 3099              		.loc 1 1914 33 is_stmt 0 view .LVU959
 3100 0048 E760     		str	r7, [r4, #12]
1916:Middlewares/Third_Party/FreeRTOS/Source/queue.c **** 		}
 3101              		.loc 1 1916 4 is_stmt 1 view .LVU960
 3102              	.LVL364:
1916:Middlewares/Third_Party/FreeRTOS/Source/queue.c **** 		}
 3103              		.loc 1 1916 12 is_stmt 0 view .LVU961
 3104 004a 0124     		movs	r4, #1
 3105              	.LVL365:
1916:Middlewares/Third_Party/FreeRTOS/Source/queue.c **** 		}
 3106              		.loc 1 1916 12 view .LVU962
 3107 004c F2E7     		b	.L239
 3108              		.cfi_endproc
 3109              	.LFE12:
 3111              		.section	.text.uxQueueMessagesWaiting,"ax",%progbits
 3112              		.align	1
 3113              		.global	uxQueueMessagesWaiting
 3114              		.syntax unified
 3115              		.code	16
 3116              		.thumb_func
 3118              	uxQueueMessagesWaiting:
 3119              	.LVL366:
 3120              	.LFB13:
1931:Middlewares/Third_Party/FreeRTOS/Source/queue.c **** UBaseType_t uxReturn;
 3121              		.loc 1 1931 1 is_stmt 1 view -0
 3122              		.cfi_startproc
 3123              		@ args = 0, pretend = 0, frame = 0
 3124              		@ frame_needed = 0, uses_anonymous_args = 0
1931:Middlewares/Third_Party/FreeRTOS/Source/queue.c **** UBaseType_t uxReturn;
 3125              		.loc 1 1931 1 is_stmt 0 view .LVU964
 3126 0000 10B5     		push	{r4, lr}
 3127              		.cfi_def_cfa_offset 8
 3128              		.cfi_offset 4, -8
 3129              		.cfi_offset 14, -4
 3130 0002 041E     		subs	r4, r0, #0
1932:Middlewares/Third_Party/FreeRTOS/Source/queue.c **** 
 3131              		.loc 1 1932 1 is_stmt 1 view .LVU965
1934:Middlewares/Third_Party/FreeRTOS/Source/queue.c **** 
 3132              		.loc 1 1934 2 view .LVU966
ARM GAS  C:\Users\Asus\AppData\Local\Temp\ccbtHMUK.s 			page 113


 3133 0004 06D0     		beq	.L247
1934:Middlewares/Third_Party/FreeRTOS/Source/queue.c **** 
 3134              		.loc 1 1934 24 discriminator 2 view .LVU967
1936:Middlewares/Third_Party/FreeRTOS/Source/queue.c **** 	{
 3135              		.loc 1 1936 2 discriminator 2 view .LVU968
 3136 0006 FFF7FEFF 		bl	vPortEnterCritical
 3137              	.LVL367:
1938:Middlewares/Third_Party/FreeRTOS/Source/queue.c **** 	}
 3138              		.loc 1 1938 3 discriminator 2 view .LVU969
1938:Middlewares/Third_Party/FreeRTOS/Source/queue.c **** 	}
 3139              		.loc 1 1938 12 is_stmt 0 discriminator 2 view .LVU970
 3140 000a A46B     		ldr	r4, [r4, #56]
 3141              	.LVL368:
1940:Middlewares/Third_Party/FreeRTOS/Source/queue.c **** 
 3142              		.loc 1 1940 2 is_stmt 1 discriminator 2 view .LVU971
 3143 000c FFF7FEFF 		bl	vPortExitCritical
 3144              	.LVL369:
1942:Middlewares/Third_Party/FreeRTOS/Source/queue.c **** } /*lint !e818 Pointer cannot be declared const as xQueue is a typedef not pointer. */
 3145              		.loc 1 1942 2 discriminator 2 view .LVU972
1943:Middlewares/Third_Party/FreeRTOS/Source/queue.c **** /*-----------------------------------------------------------*/
 3146              		.loc 1 1943 1 is_stmt 0 discriminator 2 view .LVU973
 3147 0010 2000     		movs	r0, r4
 3148              		@ sp needed
 3149              	.LVL370:
1943:Middlewares/Third_Party/FreeRTOS/Source/queue.c **** /*-----------------------------------------------------------*/
 3150              		.loc 1 1943 1 discriminator 2 view .LVU974
 3151 0012 10BD     		pop	{r4, pc}
 3152              	.LVL371:
 3153              	.L247:
1934:Middlewares/Third_Party/FreeRTOS/Source/queue.c **** 
 3154              		.loc 1 1934 2 is_stmt 1 discriminator 1 view .LVU975
 3155              		.syntax divided
 3156              	@ 1934 "Middlewares/Third_Party/FreeRTOS/Source/queue.c" 1
 3157 0014 72B6     		 cpsid i 
 3158              	@ 0 "" 2
 3159              		.thumb
 3160              		.syntax unified
 3161              	.L246:
1934:Middlewares/Third_Party/FreeRTOS/Source/queue.c **** 
 3162              		.loc 1 1934 2 discriminator 1 view .LVU976
1934:Middlewares/Third_Party/FreeRTOS/Source/queue.c **** 
 3163              		.loc 1 1934 2 discriminator 1 view .LVU977
 3164 0016 FEE7     		b	.L246
 3165              		.cfi_endproc
 3166              	.LFE13:
 3168              		.section	.text.uxQueueSpacesAvailable,"ax",%progbits
 3169              		.align	1
 3170              		.global	uxQueueSpacesAvailable
 3171              		.syntax unified
 3172              		.code	16
 3173              		.thumb_func
 3175              	uxQueueSpacesAvailable:
 3176              	.LVL372:
 3177              	.LFB14:
1947:Middlewares/Third_Party/FreeRTOS/Source/queue.c **** UBaseType_t uxReturn;
 3178              		.loc 1 1947 1 view -0
 3179              		.cfi_startproc
ARM GAS  C:\Users\Asus\AppData\Local\Temp\ccbtHMUK.s 			page 114


 3180              		@ args = 0, pretend = 0, frame = 0
 3181              		@ frame_needed = 0, uses_anonymous_args = 0
1947:Middlewares/Third_Party/FreeRTOS/Source/queue.c **** UBaseType_t uxReturn;
 3182              		.loc 1 1947 1 is_stmt 0 view .LVU979
 3183 0000 10B5     		push	{r4, lr}
 3184              		.cfi_def_cfa_offset 8
 3185              		.cfi_offset 4, -8
 3186              		.cfi_offset 14, -4
 3187 0002 041E     		subs	r4, r0, #0
1948:Middlewares/Third_Party/FreeRTOS/Source/queue.c **** Queue_t * const pxQueue = xQueue;
 3188              		.loc 1 1948 1 is_stmt 1 view .LVU980
1949:Middlewares/Third_Party/FreeRTOS/Source/queue.c **** 
 3189              		.loc 1 1949 1 view .LVU981
 3190              	.LVL373:
1951:Middlewares/Third_Party/FreeRTOS/Source/queue.c **** 
 3191              		.loc 1 1951 2 view .LVU982
 3192 0004 08D0     		beq	.L251
1951:Middlewares/Third_Party/FreeRTOS/Source/queue.c **** 
 3193              		.loc 1 1951 25 discriminator 2 view .LVU983
1953:Middlewares/Third_Party/FreeRTOS/Source/queue.c **** 	{
 3194              		.loc 1 1953 2 discriminator 2 view .LVU984
 3195 0006 FFF7FEFF 		bl	vPortEnterCritical
 3196              	.LVL374:
1955:Middlewares/Third_Party/FreeRTOS/Source/queue.c **** 	}
 3197              		.loc 1 1955 3 discriminator 2 view .LVU985
1955:Middlewares/Third_Party/FreeRTOS/Source/queue.c **** 	}
 3198              		.loc 1 1955 21 is_stmt 0 discriminator 2 view .LVU986
 3199 000a E36B     		ldr	r3, [r4, #60]
1955:Middlewares/Third_Party/FreeRTOS/Source/queue.c **** 	}
 3200              		.loc 1 1955 41 discriminator 2 view .LVU987
 3201 000c A46B     		ldr	r4, [r4, #56]
 3202              	.LVL375:
1955:Middlewares/Third_Party/FreeRTOS/Source/queue.c **** 	}
 3203              		.loc 1 1955 12 discriminator 2 view .LVU988
 3204 000e 1C1B     		subs	r4, r3, r4
 3205              	.LVL376:
1957:Middlewares/Third_Party/FreeRTOS/Source/queue.c **** 
 3206              		.loc 1 1957 2 is_stmt 1 discriminator 2 view .LVU989
 3207 0010 FFF7FEFF 		bl	vPortExitCritical
 3208              	.LVL377:
1959:Middlewares/Third_Party/FreeRTOS/Source/queue.c **** } /*lint !e818 Pointer cannot be declared const as xQueue is a typedef not pointer. */
 3209              		.loc 1 1959 2 discriminator 2 view .LVU990
1960:Middlewares/Third_Party/FreeRTOS/Source/queue.c **** /*-----------------------------------------------------------*/
 3210              		.loc 1 1960 1 is_stmt 0 discriminator 2 view .LVU991
 3211 0014 2000     		movs	r0, r4
 3212              		@ sp needed
 3213              	.LVL378:
1960:Middlewares/Third_Party/FreeRTOS/Source/queue.c **** /*-----------------------------------------------------------*/
 3214              		.loc 1 1960 1 discriminator 2 view .LVU992
 3215 0016 10BD     		pop	{r4, pc}
 3216              	.LVL379:
 3217              	.L251:
1951:Middlewares/Third_Party/FreeRTOS/Source/queue.c **** 
 3218              		.loc 1 1951 2 is_stmt 1 discriminator 1 view .LVU993
 3219              		.syntax divided
 3220              	@ 1951 "Middlewares/Third_Party/FreeRTOS/Source/queue.c" 1
 3221 0018 72B6     		 cpsid i 
ARM GAS  C:\Users\Asus\AppData\Local\Temp\ccbtHMUK.s 			page 115


 3222              	@ 0 "" 2
 3223              		.thumb
 3224              		.syntax unified
 3225              	.L250:
1951:Middlewares/Third_Party/FreeRTOS/Source/queue.c **** 
 3226              		.loc 1 1951 2 discriminator 1 view .LVU994
1951:Middlewares/Third_Party/FreeRTOS/Source/queue.c **** 
 3227              		.loc 1 1951 2 discriminator 1 view .LVU995
 3228 001a FEE7     		b	.L250
 3229              		.cfi_endproc
 3230              	.LFE14:
 3232              		.section	.text.uxQueueMessagesWaitingFromISR,"ax",%progbits
 3233              		.align	1
 3234              		.global	uxQueueMessagesWaitingFromISR
 3235              		.syntax unified
 3236              		.code	16
 3237              		.thumb_func
 3239              	uxQueueMessagesWaitingFromISR:
 3240              	.LVL380:
 3241              	.LFB15:
1964:Middlewares/Third_Party/FreeRTOS/Source/queue.c **** UBaseType_t uxReturn;
 3242              		.loc 1 1964 1 view -0
 3243              		.cfi_startproc
 3244              		@ args = 0, pretend = 0, frame = 0
 3245              		@ frame_needed = 0, uses_anonymous_args = 0
 3246              		@ link register save eliminated.
1965:Middlewares/Third_Party/FreeRTOS/Source/queue.c **** Queue_t * const pxQueue = xQueue;
 3247              		.loc 1 1965 1 view .LVU997
1966:Middlewares/Third_Party/FreeRTOS/Source/queue.c **** 
 3248              		.loc 1 1966 1 view .LVU998
1968:Middlewares/Third_Party/FreeRTOS/Source/queue.c **** 	uxReturn = pxQueue->uxMessagesWaiting;
 3249              		.loc 1 1968 2 view .LVU999
 3250 0000 0028     		cmp	r0, #0
 3251 0002 01D0     		beq	.L255
1968:Middlewares/Third_Party/FreeRTOS/Source/queue.c **** 	uxReturn = pxQueue->uxMessagesWaiting;
 3252              		.loc 1 1968 25 discriminator 2 view .LVU1000
1969:Middlewares/Third_Party/FreeRTOS/Source/queue.c **** 
 3253              		.loc 1 1969 2 discriminator 2 view .LVU1001
1969:Middlewares/Third_Party/FreeRTOS/Source/queue.c **** 
 3254              		.loc 1 1969 11 is_stmt 0 discriminator 2 view .LVU1002
 3255 0004 806B     		ldr	r0, [r0, #56]
 3256              	.LVL381:
1971:Middlewares/Third_Party/FreeRTOS/Source/queue.c **** } /*lint !e818 Pointer cannot be declared const as xQueue is a typedef not pointer. */
 3257              		.loc 1 1971 2 is_stmt 1 discriminator 2 view .LVU1003
1972:Middlewares/Third_Party/FreeRTOS/Source/queue.c **** /*-----------------------------------------------------------*/
 3258              		.loc 1 1972 1 is_stmt 0 discriminator 2 view .LVU1004
 3259              		@ sp needed
 3260 0006 7047     		bx	lr
 3261              	.LVL382:
 3262              	.L255:
1968:Middlewares/Third_Party/FreeRTOS/Source/queue.c **** 	uxReturn = pxQueue->uxMessagesWaiting;
 3263              		.loc 1 1968 2 is_stmt 1 discriminator 1 view .LVU1005
 3264              		.syntax divided
 3265              	@ 1968 "Middlewares/Third_Party/FreeRTOS/Source/queue.c" 1
 3266 0008 72B6     		 cpsid i 
 3267              	@ 0 "" 2
 3268              		.thumb
ARM GAS  C:\Users\Asus\AppData\Local\Temp\ccbtHMUK.s 			page 116


 3269              		.syntax unified
 3270              	.L254:
1968:Middlewares/Third_Party/FreeRTOS/Source/queue.c **** 	uxReturn = pxQueue->uxMessagesWaiting;
 3271              		.loc 1 1968 2 discriminator 1 view .LVU1006
1968:Middlewares/Third_Party/FreeRTOS/Source/queue.c **** 	uxReturn = pxQueue->uxMessagesWaiting;
 3272              		.loc 1 1968 2 discriminator 1 view .LVU1007
 3273 000a FEE7     		b	.L254
 3274              		.cfi_endproc
 3275              	.LFE15:
 3277              		.section	.text.xQueueIsQueueEmptyFromISR,"ax",%progbits
 3278              		.align	1
 3279              		.global	xQueueIsQueueEmptyFromISR
 3280              		.syntax unified
 3281              		.code	16
 3282              		.thumb_func
 3284              	xQueueIsQueueEmptyFromISR:
 3285              	.LVL383:
 3286              	.LFB22:
2313:Middlewares/Third_Party/FreeRTOS/Source/queue.c **** BaseType_t xReturn;
 3287              		.loc 1 2313 1 view -0
 3288              		.cfi_startproc
 3289              		@ args = 0, pretend = 0, frame = 0
 3290              		@ frame_needed = 0, uses_anonymous_args = 0
 3291              		@ link register save eliminated.
2314:Middlewares/Third_Party/FreeRTOS/Source/queue.c **** Queue_t * const pxQueue = xQueue;
 3292              		.loc 1 2314 1 view .LVU1009
2315:Middlewares/Third_Party/FreeRTOS/Source/queue.c **** 
 3293              		.loc 1 2315 1 view .LVU1010
2317:Middlewares/Third_Party/FreeRTOS/Source/queue.c **** 	if( pxQueue->uxMessagesWaiting == ( UBaseType_t ) 0 )
 3294              		.loc 1 2317 2 view .LVU1011
 3295 0000 0028     		cmp	r0, #0
 3296 0002 04D0     		beq	.L261
2317:Middlewares/Third_Party/FreeRTOS/Source/queue.c **** 	if( pxQueue->uxMessagesWaiting == ( UBaseType_t ) 0 )
 3297              		.loc 1 2317 25 discriminator 2 view .LVU1012
2318:Middlewares/Third_Party/FreeRTOS/Source/queue.c **** 	{
 3298              		.loc 1 2318 2 discriminator 2 view .LVU1013
2318:Middlewares/Third_Party/FreeRTOS/Source/queue.c **** 	{
 3299              		.loc 1 2318 13 is_stmt 0 discriminator 2 view .LVU1014
 3300 0004 836B     		ldr	r3, [r0, #56]
2318:Middlewares/Third_Party/FreeRTOS/Source/queue.c **** 	{
 3301              		.loc 1 2318 4 discriminator 2 view .LVU1015
 3302 0006 002B     		cmp	r3, #0
 3303 0008 03D1     		bne	.L260
2320:Middlewares/Third_Party/FreeRTOS/Source/queue.c **** 	}
 3304              		.loc 1 2320 11 view .LVU1016
 3305 000a 0120     		movs	r0, #1
 3306              	.LVL384:
 3307              	.L256:
2328:Middlewares/Third_Party/FreeRTOS/Source/queue.c **** /*-----------------------------------------------------------*/
 3308              		.loc 1 2328 1 view .LVU1017
 3309              		@ sp needed
 3310 000c 7047     		bx	lr
 3311              	.LVL385:
 3312              	.L261:
2317:Middlewares/Third_Party/FreeRTOS/Source/queue.c **** 	if( pxQueue->uxMessagesWaiting == ( UBaseType_t ) 0 )
 3313              		.loc 1 2317 2 is_stmt 1 discriminator 1 view .LVU1018
 3314              		.syntax divided
ARM GAS  C:\Users\Asus\AppData\Local\Temp\ccbtHMUK.s 			page 117


 3315              	@ 2317 "Middlewares/Third_Party/FreeRTOS/Source/queue.c" 1
 3316 000e 72B6     		 cpsid i 
 3317              	@ 0 "" 2
 3318              		.thumb
 3319              		.syntax unified
 3320              	.L258:
2317:Middlewares/Third_Party/FreeRTOS/Source/queue.c **** 	if( pxQueue->uxMessagesWaiting == ( UBaseType_t ) 0 )
 3321              		.loc 1 2317 2 discriminator 1 view .LVU1019
2317:Middlewares/Third_Party/FreeRTOS/Source/queue.c **** 	if( pxQueue->uxMessagesWaiting == ( UBaseType_t ) 0 )
 3322              		.loc 1 2317 2 discriminator 1 view .LVU1020
 3323 0010 FEE7     		b	.L258
 3324              	.L260:
2324:Middlewares/Third_Party/FreeRTOS/Source/queue.c **** 	}
 3325              		.loc 1 2324 11 is_stmt 0 view .LVU1021
 3326 0012 0020     		movs	r0, #0
 3327              	.LVL386:
2327:Middlewares/Third_Party/FreeRTOS/Source/queue.c **** } /*lint !e818 xQueue could not be pointer to const because it is a typedef. */
 3328              		.loc 1 2327 2 is_stmt 1 view .LVU1022
2327:Middlewares/Third_Party/FreeRTOS/Source/queue.c **** } /*lint !e818 xQueue could not be pointer to const because it is a typedef. */
 3329              		.loc 1 2327 9 is_stmt 0 view .LVU1023
 3330 0014 FAE7     		b	.L256
 3331              		.cfi_endproc
 3332              	.LFE22:
 3334              		.section	.text.xQueueIsQueueFullFromISR,"ax",%progbits
 3335              		.align	1
 3336              		.global	xQueueIsQueueFullFromISR
 3337              		.syntax unified
 3338              		.code	16
 3339              		.thumb_func
 3341              	xQueueIsQueueFullFromISR:
 3342              	.LVL387:
 3343              	.LFB24:
2350:Middlewares/Third_Party/FreeRTOS/Source/queue.c **** /*-----------------------------------------------------------*/
2351:Middlewares/Third_Party/FreeRTOS/Source/queue.c **** 
2352:Middlewares/Third_Party/FreeRTOS/Source/queue.c **** BaseType_t xQueueIsQueueFullFromISR( const QueueHandle_t xQueue )
2353:Middlewares/Third_Party/FreeRTOS/Source/queue.c **** {
 3344              		.loc 1 2353 1 is_stmt 1 view -0
 3345              		.cfi_startproc
 3346              		@ args = 0, pretend = 0, frame = 0
 3347              		@ frame_needed = 0, uses_anonymous_args = 0
 3348              		@ link register save eliminated.
2354:Middlewares/Third_Party/FreeRTOS/Source/queue.c **** BaseType_t xReturn;
 3349              		.loc 1 2354 1 view .LVU1025
2355:Middlewares/Third_Party/FreeRTOS/Source/queue.c **** Queue_t * const pxQueue = xQueue;
 3350              		.loc 1 2355 1 view .LVU1026
2356:Middlewares/Third_Party/FreeRTOS/Source/queue.c **** 
2357:Middlewares/Third_Party/FreeRTOS/Source/queue.c **** 	configASSERT( pxQueue );
 3351              		.loc 1 2357 2 view .LVU1027
 3352 0000 0028     		cmp	r0, #0
 3353 0002 05D0     		beq	.L267
 3354              		.loc 1 2357 25 discriminator 2 view .LVU1028
2358:Middlewares/Third_Party/FreeRTOS/Source/queue.c **** 	if( pxQueue->uxMessagesWaiting == pxQueue->uxLength )
 3355              		.loc 1 2358 2 discriminator 2 view .LVU1029
 3356              		.loc 1 2358 13 is_stmt 0 discriminator 2 view .LVU1030
 3357 0004 826B     		ldr	r2, [r0, #56]
 3358              		.loc 1 2358 43 discriminator 2 view .LVU1031
 3359 0006 C36B     		ldr	r3, [r0, #60]
ARM GAS  C:\Users\Asus\AppData\Local\Temp\ccbtHMUK.s 			page 118


 3360              		.loc 1 2358 4 discriminator 2 view .LVU1032
 3361 0008 9A42     		cmp	r2, r3
 3362 000a 03D0     		beq	.L268
2359:Middlewares/Third_Party/FreeRTOS/Source/queue.c **** 	{
2360:Middlewares/Third_Party/FreeRTOS/Source/queue.c **** 		xReturn = pdTRUE;
2361:Middlewares/Third_Party/FreeRTOS/Source/queue.c **** 	}
2362:Middlewares/Third_Party/FreeRTOS/Source/queue.c **** 	else
2363:Middlewares/Third_Party/FreeRTOS/Source/queue.c **** 	{
2364:Middlewares/Third_Party/FreeRTOS/Source/queue.c **** 		xReturn = pdFALSE;
 3363              		.loc 1 2364 11 view .LVU1033
 3364 000c 0020     		movs	r0, #0
 3365              	.LVL388:
2365:Middlewares/Third_Party/FreeRTOS/Source/queue.c **** 	}
2366:Middlewares/Third_Party/FreeRTOS/Source/queue.c **** 
2367:Middlewares/Third_Party/FreeRTOS/Source/queue.c **** 	return xReturn;
 3366              		.loc 1 2367 2 is_stmt 1 view .LVU1034
 3367              	.L262:
2368:Middlewares/Third_Party/FreeRTOS/Source/queue.c **** } /*lint !e818 xQueue could not be pointer to const because it is a typedef. */
 3368              		.loc 1 2368 1 is_stmt 0 view .LVU1035
 3369              		@ sp needed
 3370 000e 7047     		bx	lr
 3371              	.LVL389:
 3372              	.L267:
2357:Middlewares/Third_Party/FreeRTOS/Source/queue.c **** 	if( pxQueue->uxMessagesWaiting == pxQueue->uxLength )
 3373              		.loc 1 2357 2 is_stmt 1 discriminator 1 view .LVU1036
 3374              		.syntax divided
 3375              	@ 2357 "Middlewares/Third_Party/FreeRTOS/Source/queue.c" 1
 3376 0010 72B6     		 cpsid i 
 3377              	@ 0 "" 2
 3378              		.thumb
 3379              		.syntax unified
 3380              	.L264:
2357:Middlewares/Third_Party/FreeRTOS/Source/queue.c **** 	if( pxQueue->uxMessagesWaiting == pxQueue->uxLength )
 3381              		.loc 1 2357 2 discriminator 1 view .LVU1037
2357:Middlewares/Third_Party/FreeRTOS/Source/queue.c **** 	if( pxQueue->uxMessagesWaiting == pxQueue->uxLength )
 3382              		.loc 1 2357 2 discriminator 1 view .LVU1038
 3383 0012 FEE7     		b	.L264
 3384              	.L268:
2360:Middlewares/Third_Party/FreeRTOS/Source/queue.c **** 	}
 3385              		.loc 1 2360 11 is_stmt 0 view .LVU1039
 3386 0014 0120     		movs	r0, #1
 3387              	.LVL390:
2360:Middlewares/Third_Party/FreeRTOS/Source/queue.c **** 	}
 3388              		.loc 1 2360 11 view .LVU1040
 3389 0016 FAE7     		b	.L262
 3390              		.cfi_endproc
 3391              	.LFE24:
 3393              		.section	.text.vQueueAddToRegistry,"ax",%progbits
 3394              		.align	1
 3395              		.global	vQueueAddToRegistry
 3396              		.syntax unified
 3397              		.code	16
 3398              		.thumb_func
 3400              	vQueueAddToRegistry:
 3401              	.LVL391:
 3402              	.LFB25:
2369:Middlewares/Third_Party/FreeRTOS/Source/queue.c **** /*-----------------------------------------------------------*/
ARM GAS  C:\Users\Asus\AppData\Local\Temp\ccbtHMUK.s 			page 119


2370:Middlewares/Third_Party/FreeRTOS/Source/queue.c **** 
2371:Middlewares/Third_Party/FreeRTOS/Source/queue.c **** #if ( configUSE_CO_ROUTINES == 1 )
2372:Middlewares/Third_Party/FreeRTOS/Source/queue.c **** 
2373:Middlewares/Third_Party/FreeRTOS/Source/queue.c **** 	BaseType_t xQueueCRSend( QueueHandle_t xQueue, const void *pvItemToQueue, TickType_t xTicksToWait 
2374:Middlewares/Third_Party/FreeRTOS/Source/queue.c **** 	{
2375:Middlewares/Third_Party/FreeRTOS/Source/queue.c **** 	BaseType_t xReturn;
2376:Middlewares/Third_Party/FreeRTOS/Source/queue.c **** 	Queue_t * const pxQueue = xQueue;
2377:Middlewares/Third_Party/FreeRTOS/Source/queue.c **** 
2378:Middlewares/Third_Party/FreeRTOS/Source/queue.c **** 		/* If the queue is already full we may have to block.  A critical section
2379:Middlewares/Third_Party/FreeRTOS/Source/queue.c **** 		is required to prevent an interrupt removing something from the queue
2380:Middlewares/Third_Party/FreeRTOS/Source/queue.c **** 		between the check to see if the queue is full and blocking on the queue. */
2381:Middlewares/Third_Party/FreeRTOS/Source/queue.c **** 		portDISABLE_INTERRUPTS();
2382:Middlewares/Third_Party/FreeRTOS/Source/queue.c **** 		{
2383:Middlewares/Third_Party/FreeRTOS/Source/queue.c **** 			if( prvIsQueueFull( pxQueue ) != pdFALSE )
2384:Middlewares/Third_Party/FreeRTOS/Source/queue.c **** 			{
2385:Middlewares/Third_Party/FreeRTOS/Source/queue.c **** 				/* The queue is full - do we want to block or just leave without
2386:Middlewares/Third_Party/FreeRTOS/Source/queue.c **** 				posting? */
2387:Middlewares/Third_Party/FreeRTOS/Source/queue.c **** 				if( xTicksToWait > ( TickType_t ) 0 )
2388:Middlewares/Third_Party/FreeRTOS/Source/queue.c **** 				{
2389:Middlewares/Third_Party/FreeRTOS/Source/queue.c **** 					/* As this is called from a coroutine we cannot block directly, but
2390:Middlewares/Third_Party/FreeRTOS/Source/queue.c **** 					return indicating that we need to block. */
2391:Middlewares/Third_Party/FreeRTOS/Source/queue.c **** 					vCoRoutineAddToDelayedList( xTicksToWait, &( pxQueue->xTasksWaitingToSend ) );
2392:Middlewares/Third_Party/FreeRTOS/Source/queue.c **** 					portENABLE_INTERRUPTS();
2393:Middlewares/Third_Party/FreeRTOS/Source/queue.c **** 					return errQUEUE_BLOCKED;
2394:Middlewares/Third_Party/FreeRTOS/Source/queue.c **** 				}
2395:Middlewares/Third_Party/FreeRTOS/Source/queue.c **** 				else
2396:Middlewares/Third_Party/FreeRTOS/Source/queue.c **** 				{
2397:Middlewares/Third_Party/FreeRTOS/Source/queue.c **** 					portENABLE_INTERRUPTS();
2398:Middlewares/Third_Party/FreeRTOS/Source/queue.c **** 					return errQUEUE_FULL;
2399:Middlewares/Third_Party/FreeRTOS/Source/queue.c **** 				}
2400:Middlewares/Third_Party/FreeRTOS/Source/queue.c **** 			}
2401:Middlewares/Third_Party/FreeRTOS/Source/queue.c **** 		}
2402:Middlewares/Third_Party/FreeRTOS/Source/queue.c **** 		portENABLE_INTERRUPTS();
2403:Middlewares/Third_Party/FreeRTOS/Source/queue.c **** 
2404:Middlewares/Third_Party/FreeRTOS/Source/queue.c **** 		portDISABLE_INTERRUPTS();
2405:Middlewares/Third_Party/FreeRTOS/Source/queue.c **** 		{
2406:Middlewares/Third_Party/FreeRTOS/Source/queue.c **** 			if( pxQueue->uxMessagesWaiting < pxQueue->uxLength )
2407:Middlewares/Third_Party/FreeRTOS/Source/queue.c **** 			{
2408:Middlewares/Third_Party/FreeRTOS/Source/queue.c **** 				/* There is room in the queue, copy the data into the queue. */
2409:Middlewares/Third_Party/FreeRTOS/Source/queue.c **** 				prvCopyDataToQueue( pxQueue, pvItemToQueue, queueSEND_TO_BACK );
2410:Middlewares/Third_Party/FreeRTOS/Source/queue.c **** 				xReturn = pdPASS;
2411:Middlewares/Third_Party/FreeRTOS/Source/queue.c **** 
2412:Middlewares/Third_Party/FreeRTOS/Source/queue.c **** 				/* Were any co-routines waiting for data to become available? */
2413:Middlewares/Third_Party/FreeRTOS/Source/queue.c **** 				if( listLIST_IS_EMPTY( &( pxQueue->xTasksWaitingToReceive ) ) == pdFALSE )
2414:Middlewares/Third_Party/FreeRTOS/Source/queue.c **** 				{
2415:Middlewares/Third_Party/FreeRTOS/Source/queue.c **** 					/* In this instance the co-routine could be placed directly
2416:Middlewares/Third_Party/FreeRTOS/Source/queue.c **** 					into the ready list as we are within a critical section.
2417:Middlewares/Third_Party/FreeRTOS/Source/queue.c **** 					Instead the same pending ready list mechanism is used as if
2418:Middlewares/Third_Party/FreeRTOS/Source/queue.c **** 					the event were caused from within an interrupt. */
2419:Middlewares/Third_Party/FreeRTOS/Source/queue.c **** 					if( xCoRoutineRemoveFromEventList( &( pxQueue->xTasksWaitingToReceive ) ) != pdFALSE )
2420:Middlewares/Third_Party/FreeRTOS/Source/queue.c **** 					{
2421:Middlewares/Third_Party/FreeRTOS/Source/queue.c **** 						/* The co-routine waiting has a higher priority so record
2422:Middlewares/Third_Party/FreeRTOS/Source/queue.c **** 						that a yield might be appropriate. */
2423:Middlewares/Third_Party/FreeRTOS/Source/queue.c **** 						xReturn = errQUEUE_YIELD;
2424:Middlewares/Third_Party/FreeRTOS/Source/queue.c **** 					}
2425:Middlewares/Third_Party/FreeRTOS/Source/queue.c **** 					else
2426:Middlewares/Third_Party/FreeRTOS/Source/queue.c **** 					{
ARM GAS  C:\Users\Asus\AppData\Local\Temp\ccbtHMUK.s 			page 120


2427:Middlewares/Third_Party/FreeRTOS/Source/queue.c **** 						mtCOVERAGE_TEST_MARKER();
2428:Middlewares/Third_Party/FreeRTOS/Source/queue.c **** 					}
2429:Middlewares/Third_Party/FreeRTOS/Source/queue.c **** 				}
2430:Middlewares/Third_Party/FreeRTOS/Source/queue.c **** 				else
2431:Middlewares/Third_Party/FreeRTOS/Source/queue.c **** 				{
2432:Middlewares/Third_Party/FreeRTOS/Source/queue.c **** 					mtCOVERAGE_TEST_MARKER();
2433:Middlewares/Third_Party/FreeRTOS/Source/queue.c **** 				}
2434:Middlewares/Third_Party/FreeRTOS/Source/queue.c **** 			}
2435:Middlewares/Third_Party/FreeRTOS/Source/queue.c **** 			else
2436:Middlewares/Third_Party/FreeRTOS/Source/queue.c **** 			{
2437:Middlewares/Third_Party/FreeRTOS/Source/queue.c **** 				xReturn = errQUEUE_FULL;
2438:Middlewares/Third_Party/FreeRTOS/Source/queue.c **** 			}
2439:Middlewares/Third_Party/FreeRTOS/Source/queue.c **** 		}
2440:Middlewares/Third_Party/FreeRTOS/Source/queue.c **** 		portENABLE_INTERRUPTS();
2441:Middlewares/Third_Party/FreeRTOS/Source/queue.c **** 
2442:Middlewares/Third_Party/FreeRTOS/Source/queue.c **** 		return xReturn;
2443:Middlewares/Third_Party/FreeRTOS/Source/queue.c **** 	}
2444:Middlewares/Third_Party/FreeRTOS/Source/queue.c **** 
2445:Middlewares/Third_Party/FreeRTOS/Source/queue.c **** #endif /* configUSE_CO_ROUTINES */
2446:Middlewares/Third_Party/FreeRTOS/Source/queue.c **** /*-----------------------------------------------------------*/
2447:Middlewares/Third_Party/FreeRTOS/Source/queue.c **** 
2448:Middlewares/Third_Party/FreeRTOS/Source/queue.c **** #if ( configUSE_CO_ROUTINES == 1 )
2449:Middlewares/Third_Party/FreeRTOS/Source/queue.c **** 
2450:Middlewares/Third_Party/FreeRTOS/Source/queue.c **** 	BaseType_t xQueueCRReceive( QueueHandle_t xQueue, void *pvBuffer, TickType_t xTicksToWait )
2451:Middlewares/Third_Party/FreeRTOS/Source/queue.c **** 	{
2452:Middlewares/Third_Party/FreeRTOS/Source/queue.c **** 	BaseType_t xReturn;
2453:Middlewares/Third_Party/FreeRTOS/Source/queue.c **** 	Queue_t * const pxQueue = xQueue;
2454:Middlewares/Third_Party/FreeRTOS/Source/queue.c **** 
2455:Middlewares/Third_Party/FreeRTOS/Source/queue.c **** 		/* If the queue is already empty we may have to block.  A critical section
2456:Middlewares/Third_Party/FreeRTOS/Source/queue.c **** 		is required to prevent an interrupt adding something to the queue
2457:Middlewares/Third_Party/FreeRTOS/Source/queue.c **** 		between the check to see if the queue is empty and blocking on the queue. */
2458:Middlewares/Third_Party/FreeRTOS/Source/queue.c **** 		portDISABLE_INTERRUPTS();
2459:Middlewares/Third_Party/FreeRTOS/Source/queue.c **** 		{
2460:Middlewares/Third_Party/FreeRTOS/Source/queue.c **** 			if( pxQueue->uxMessagesWaiting == ( UBaseType_t ) 0 )
2461:Middlewares/Third_Party/FreeRTOS/Source/queue.c **** 			{
2462:Middlewares/Third_Party/FreeRTOS/Source/queue.c **** 				/* There are no messages in the queue, do we want to block or just
2463:Middlewares/Third_Party/FreeRTOS/Source/queue.c **** 				leave with nothing? */
2464:Middlewares/Third_Party/FreeRTOS/Source/queue.c **** 				if( xTicksToWait > ( TickType_t ) 0 )
2465:Middlewares/Third_Party/FreeRTOS/Source/queue.c **** 				{
2466:Middlewares/Third_Party/FreeRTOS/Source/queue.c **** 					/* As this is a co-routine we cannot block directly, but return
2467:Middlewares/Third_Party/FreeRTOS/Source/queue.c **** 					indicating that we need to block. */
2468:Middlewares/Third_Party/FreeRTOS/Source/queue.c **** 					vCoRoutineAddToDelayedList( xTicksToWait, &( pxQueue->xTasksWaitingToReceive ) );
2469:Middlewares/Third_Party/FreeRTOS/Source/queue.c **** 					portENABLE_INTERRUPTS();
2470:Middlewares/Third_Party/FreeRTOS/Source/queue.c **** 					return errQUEUE_BLOCKED;
2471:Middlewares/Third_Party/FreeRTOS/Source/queue.c **** 				}
2472:Middlewares/Third_Party/FreeRTOS/Source/queue.c **** 				else
2473:Middlewares/Third_Party/FreeRTOS/Source/queue.c **** 				{
2474:Middlewares/Third_Party/FreeRTOS/Source/queue.c **** 					portENABLE_INTERRUPTS();
2475:Middlewares/Third_Party/FreeRTOS/Source/queue.c **** 					return errQUEUE_FULL;
2476:Middlewares/Third_Party/FreeRTOS/Source/queue.c **** 				}
2477:Middlewares/Third_Party/FreeRTOS/Source/queue.c **** 			}
2478:Middlewares/Third_Party/FreeRTOS/Source/queue.c **** 			else
2479:Middlewares/Third_Party/FreeRTOS/Source/queue.c **** 			{
2480:Middlewares/Third_Party/FreeRTOS/Source/queue.c **** 				mtCOVERAGE_TEST_MARKER();
2481:Middlewares/Third_Party/FreeRTOS/Source/queue.c **** 			}
2482:Middlewares/Third_Party/FreeRTOS/Source/queue.c **** 		}
2483:Middlewares/Third_Party/FreeRTOS/Source/queue.c **** 		portENABLE_INTERRUPTS();
ARM GAS  C:\Users\Asus\AppData\Local\Temp\ccbtHMUK.s 			page 121


2484:Middlewares/Third_Party/FreeRTOS/Source/queue.c **** 
2485:Middlewares/Third_Party/FreeRTOS/Source/queue.c **** 		portDISABLE_INTERRUPTS();
2486:Middlewares/Third_Party/FreeRTOS/Source/queue.c **** 		{
2487:Middlewares/Third_Party/FreeRTOS/Source/queue.c **** 			if( pxQueue->uxMessagesWaiting > ( UBaseType_t ) 0 )
2488:Middlewares/Third_Party/FreeRTOS/Source/queue.c **** 			{
2489:Middlewares/Third_Party/FreeRTOS/Source/queue.c **** 				/* Data is available from the queue. */
2490:Middlewares/Third_Party/FreeRTOS/Source/queue.c **** 				pxQueue->u.xQueue.pcReadFrom += pxQueue->uxItemSize;
2491:Middlewares/Third_Party/FreeRTOS/Source/queue.c **** 				if( pxQueue->u.xQueue.pcReadFrom >= pxQueue->u.xQueue.pcTail )
2492:Middlewares/Third_Party/FreeRTOS/Source/queue.c **** 				{
2493:Middlewares/Third_Party/FreeRTOS/Source/queue.c **** 					pxQueue->u.xQueue.pcReadFrom = pxQueue->pcHead;
2494:Middlewares/Third_Party/FreeRTOS/Source/queue.c **** 				}
2495:Middlewares/Third_Party/FreeRTOS/Source/queue.c **** 				else
2496:Middlewares/Third_Party/FreeRTOS/Source/queue.c **** 				{
2497:Middlewares/Third_Party/FreeRTOS/Source/queue.c **** 					mtCOVERAGE_TEST_MARKER();
2498:Middlewares/Third_Party/FreeRTOS/Source/queue.c **** 				}
2499:Middlewares/Third_Party/FreeRTOS/Source/queue.c **** 				--( pxQueue->uxMessagesWaiting );
2500:Middlewares/Third_Party/FreeRTOS/Source/queue.c **** 				( void ) memcpy( ( void * ) pvBuffer, ( void * ) pxQueue->u.xQueue.pcReadFrom, ( unsigned ) pxQ
2501:Middlewares/Third_Party/FreeRTOS/Source/queue.c **** 
2502:Middlewares/Third_Party/FreeRTOS/Source/queue.c **** 				xReturn = pdPASS;
2503:Middlewares/Third_Party/FreeRTOS/Source/queue.c **** 
2504:Middlewares/Third_Party/FreeRTOS/Source/queue.c **** 				/* Were any co-routines waiting for space to become available? */
2505:Middlewares/Third_Party/FreeRTOS/Source/queue.c **** 				if( listLIST_IS_EMPTY( &( pxQueue->xTasksWaitingToSend ) ) == pdFALSE )
2506:Middlewares/Third_Party/FreeRTOS/Source/queue.c **** 				{
2507:Middlewares/Third_Party/FreeRTOS/Source/queue.c **** 					/* In this instance the co-routine could be placed directly
2508:Middlewares/Third_Party/FreeRTOS/Source/queue.c **** 					into the ready list as we are within a critical section.
2509:Middlewares/Third_Party/FreeRTOS/Source/queue.c **** 					Instead the same pending ready list mechanism is used as if
2510:Middlewares/Third_Party/FreeRTOS/Source/queue.c **** 					the event were caused from within an interrupt. */
2511:Middlewares/Third_Party/FreeRTOS/Source/queue.c **** 					if( xCoRoutineRemoveFromEventList( &( pxQueue->xTasksWaitingToSend ) ) != pdFALSE )
2512:Middlewares/Third_Party/FreeRTOS/Source/queue.c **** 					{
2513:Middlewares/Third_Party/FreeRTOS/Source/queue.c **** 						xReturn = errQUEUE_YIELD;
2514:Middlewares/Third_Party/FreeRTOS/Source/queue.c **** 					}
2515:Middlewares/Third_Party/FreeRTOS/Source/queue.c **** 					else
2516:Middlewares/Third_Party/FreeRTOS/Source/queue.c **** 					{
2517:Middlewares/Third_Party/FreeRTOS/Source/queue.c **** 						mtCOVERAGE_TEST_MARKER();
2518:Middlewares/Third_Party/FreeRTOS/Source/queue.c **** 					}
2519:Middlewares/Third_Party/FreeRTOS/Source/queue.c **** 				}
2520:Middlewares/Third_Party/FreeRTOS/Source/queue.c **** 				else
2521:Middlewares/Third_Party/FreeRTOS/Source/queue.c **** 				{
2522:Middlewares/Third_Party/FreeRTOS/Source/queue.c **** 					mtCOVERAGE_TEST_MARKER();
2523:Middlewares/Third_Party/FreeRTOS/Source/queue.c **** 				}
2524:Middlewares/Third_Party/FreeRTOS/Source/queue.c **** 			}
2525:Middlewares/Third_Party/FreeRTOS/Source/queue.c **** 			else
2526:Middlewares/Third_Party/FreeRTOS/Source/queue.c **** 			{
2527:Middlewares/Third_Party/FreeRTOS/Source/queue.c **** 				xReturn = pdFAIL;
2528:Middlewares/Third_Party/FreeRTOS/Source/queue.c **** 			}
2529:Middlewares/Third_Party/FreeRTOS/Source/queue.c **** 		}
2530:Middlewares/Third_Party/FreeRTOS/Source/queue.c **** 		portENABLE_INTERRUPTS();
2531:Middlewares/Third_Party/FreeRTOS/Source/queue.c **** 
2532:Middlewares/Third_Party/FreeRTOS/Source/queue.c **** 		return xReturn;
2533:Middlewares/Third_Party/FreeRTOS/Source/queue.c **** 	}
2534:Middlewares/Third_Party/FreeRTOS/Source/queue.c **** 
2535:Middlewares/Third_Party/FreeRTOS/Source/queue.c **** #endif /* configUSE_CO_ROUTINES */
2536:Middlewares/Third_Party/FreeRTOS/Source/queue.c **** /*-----------------------------------------------------------*/
2537:Middlewares/Third_Party/FreeRTOS/Source/queue.c **** 
2538:Middlewares/Third_Party/FreeRTOS/Source/queue.c **** #if ( configUSE_CO_ROUTINES == 1 )
2539:Middlewares/Third_Party/FreeRTOS/Source/queue.c **** 
2540:Middlewares/Third_Party/FreeRTOS/Source/queue.c **** 	BaseType_t xQueueCRSendFromISR( QueueHandle_t xQueue, const void *pvItemToQueue, BaseType_t xCoRou
ARM GAS  C:\Users\Asus\AppData\Local\Temp\ccbtHMUK.s 			page 122


2541:Middlewares/Third_Party/FreeRTOS/Source/queue.c **** 	{
2542:Middlewares/Third_Party/FreeRTOS/Source/queue.c **** 	Queue_t * const pxQueue = xQueue;
2543:Middlewares/Third_Party/FreeRTOS/Source/queue.c **** 
2544:Middlewares/Third_Party/FreeRTOS/Source/queue.c **** 		/* Cannot block within an ISR so if there is no space on the queue then
2545:Middlewares/Third_Party/FreeRTOS/Source/queue.c **** 		exit without doing anything. */
2546:Middlewares/Third_Party/FreeRTOS/Source/queue.c **** 		if( pxQueue->uxMessagesWaiting < pxQueue->uxLength )
2547:Middlewares/Third_Party/FreeRTOS/Source/queue.c **** 		{
2548:Middlewares/Third_Party/FreeRTOS/Source/queue.c **** 			prvCopyDataToQueue( pxQueue, pvItemToQueue, queueSEND_TO_BACK );
2549:Middlewares/Third_Party/FreeRTOS/Source/queue.c **** 
2550:Middlewares/Third_Party/FreeRTOS/Source/queue.c **** 			/* We only want to wake one co-routine per ISR, so check that a
2551:Middlewares/Third_Party/FreeRTOS/Source/queue.c **** 			co-routine has not already been woken. */
2552:Middlewares/Third_Party/FreeRTOS/Source/queue.c **** 			if( xCoRoutinePreviouslyWoken == pdFALSE )
2553:Middlewares/Third_Party/FreeRTOS/Source/queue.c **** 			{
2554:Middlewares/Third_Party/FreeRTOS/Source/queue.c **** 				if( listLIST_IS_EMPTY( &( pxQueue->xTasksWaitingToReceive ) ) == pdFALSE )
2555:Middlewares/Third_Party/FreeRTOS/Source/queue.c **** 				{
2556:Middlewares/Third_Party/FreeRTOS/Source/queue.c **** 					if( xCoRoutineRemoveFromEventList( &( pxQueue->xTasksWaitingToReceive ) ) != pdFALSE )
2557:Middlewares/Third_Party/FreeRTOS/Source/queue.c **** 					{
2558:Middlewares/Third_Party/FreeRTOS/Source/queue.c **** 						return pdTRUE;
2559:Middlewares/Third_Party/FreeRTOS/Source/queue.c **** 					}
2560:Middlewares/Third_Party/FreeRTOS/Source/queue.c **** 					else
2561:Middlewares/Third_Party/FreeRTOS/Source/queue.c **** 					{
2562:Middlewares/Third_Party/FreeRTOS/Source/queue.c **** 						mtCOVERAGE_TEST_MARKER();
2563:Middlewares/Third_Party/FreeRTOS/Source/queue.c **** 					}
2564:Middlewares/Third_Party/FreeRTOS/Source/queue.c **** 				}
2565:Middlewares/Third_Party/FreeRTOS/Source/queue.c **** 				else
2566:Middlewares/Third_Party/FreeRTOS/Source/queue.c **** 				{
2567:Middlewares/Third_Party/FreeRTOS/Source/queue.c **** 					mtCOVERAGE_TEST_MARKER();
2568:Middlewares/Third_Party/FreeRTOS/Source/queue.c **** 				}
2569:Middlewares/Third_Party/FreeRTOS/Source/queue.c **** 			}
2570:Middlewares/Third_Party/FreeRTOS/Source/queue.c **** 			else
2571:Middlewares/Third_Party/FreeRTOS/Source/queue.c **** 			{
2572:Middlewares/Third_Party/FreeRTOS/Source/queue.c **** 				mtCOVERAGE_TEST_MARKER();
2573:Middlewares/Third_Party/FreeRTOS/Source/queue.c **** 			}
2574:Middlewares/Third_Party/FreeRTOS/Source/queue.c **** 		}
2575:Middlewares/Third_Party/FreeRTOS/Source/queue.c **** 		else
2576:Middlewares/Third_Party/FreeRTOS/Source/queue.c **** 		{
2577:Middlewares/Third_Party/FreeRTOS/Source/queue.c **** 			mtCOVERAGE_TEST_MARKER();
2578:Middlewares/Third_Party/FreeRTOS/Source/queue.c **** 		}
2579:Middlewares/Third_Party/FreeRTOS/Source/queue.c **** 
2580:Middlewares/Third_Party/FreeRTOS/Source/queue.c **** 		return xCoRoutinePreviouslyWoken;
2581:Middlewares/Third_Party/FreeRTOS/Source/queue.c **** 	}
2582:Middlewares/Third_Party/FreeRTOS/Source/queue.c **** 
2583:Middlewares/Third_Party/FreeRTOS/Source/queue.c **** #endif /* configUSE_CO_ROUTINES */
2584:Middlewares/Third_Party/FreeRTOS/Source/queue.c **** /*-----------------------------------------------------------*/
2585:Middlewares/Third_Party/FreeRTOS/Source/queue.c **** 
2586:Middlewares/Third_Party/FreeRTOS/Source/queue.c **** #if ( configUSE_CO_ROUTINES == 1 )
2587:Middlewares/Third_Party/FreeRTOS/Source/queue.c **** 
2588:Middlewares/Third_Party/FreeRTOS/Source/queue.c **** 	BaseType_t xQueueCRReceiveFromISR( QueueHandle_t xQueue, void *pvBuffer, BaseType_t *pxCoRoutineWo
2589:Middlewares/Third_Party/FreeRTOS/Source/queue.c **** 	{
2590:Middlewares/Third_Party/FreeRTOS/Source/queue.c **** 	BaseType_t xReturn;
2591:Middlewares/Third_Party/FreeRTOS/Source/queue.c **** 	Queue_t * const pxQueue = xQueue;
2592:Middlewares/Third_Party/FreeRTOS/Source/queue.c **** 
2593:Middlewares/Third_Party/FreeRTOS/Source/queue.c **** 		/* We cannot block from an ISR, so check there is data available. If
2594:Middlewares/Third_Party/FreeRTOS/Source/queue.c **** 		not then just leave without doing anything. */
2595:Middlewares/Third_Party/FreeRTOS/Source/queue.c **** 		if( pxQueue->uxMessagesWaiting > ( UBaseType_t ) 0 )
2596:Middlewares/Third_Party/FreeRTOS/Source/queue.c **** 		{
2597:Middlewares/Third_Party/FreeRTOS/Source/queue.c **** 			/* Copy the data from the queue. */
ARM GAS  C:\Users\Asus\AppData\Local\Temp\ccbtHMUK.s 			page 123


2598:Middlewares/Third_Party/FreeRTOS/Source/queue.c **** 			pxQueue->u.xQueue.pcReadFrom += pxQueue->uxItemSize;
2599:Middlewares/Third_Party/FreeRTOS/Source/queue.c **** 			if( pxQueue->u.xQueue.pcReadFrom >= pxQueue->u.xQueue.pcTail )
2600:Middlewares/Third_Party/FreeRTOS/Source/queue.c **** 			{
2601:Middlewares/Third_Party/FreeRTOS/Source/queue.c **** 				pxQueue->u.xQueue.pcReadFrom = pxQueue->pcHead;
2602:Middlewares/Third_Party/FreeRTOS/Source/queue.c **** 			}
2603:Middlewares/Third_Party/FreeRTOS/Source/queue.c **** 			else
2604:Middlewares/Third_Party/FreeRTOS/Source/queue.c **** 			{
2605:Middlewares/Third_Party/FreeRTOS/Source/queue.c **** 				mtCOVERAGE_TEST_MARKER();
2606:Middlewares/Third_Party/FreeRTOS/Source/queue.c **** 			}
2607:Middlewares/Third_Party/FreeRTOS/Source/queue.c **** 			--( pxQueue->uxMessagesWaiting );
2608:Middlewares/Third_Party/FreeRTOS/Source/queue.c **** 			( void ) memcpy( ( void * ) pvBuffer, ( void * ) pxQueue->u.xQueue.pcReadFrom, ( unsigned ) pxQu
2609:Middlewares/Third_Party/FreeRTOS/Source/queue.c **** 
2610:Middlewares/Third_Party/FreeRTOS/Source/queue.c **** 			if( ( *pxCoRoutineWoken ) == pdFALSE )
2611:Middlewares/Third_Party/FreeRTOS/Source/queue.c **** 			{
2612:Middlewares/Third_Party/FreeRTOS/Source/queue.c **** 				if( listLIST_IS_EMPTY( &( pxQueue->xTasksWaitingToSend ) ) == pdFALSE )
2613:Middlewares/Third_Party/FreeRTOS/Source/queue.c **** 				{
2614:Middlewares/Third_Party/FreeRTOS/Source/queue.c **** 					if( xCoRoutineRemoveFromEventList( &( pxQueue->xTasksWaitingToSend ) ) != pdFALSE )
2615:Middlewares/Third_Party/FreeRTOS/Source/queue.c **** 					{
2616:Middlewares/Third_Party/FreeRTOS/Source/queue.c **** 						*pxCoRoutineWoken = pdTRUE;
2617:Middlewares/Third_Party/FreeRTOS/Source/queue.c **** 					}
2618:Middlewares/Third_Party/FreeRTOS/Source/queue.c **** 					else
2619:Middlewares/Third_Party/FreeRTOS/Source/queue.c **** 					{
2620:Middlewares/Third_Party/FreeRTOS/Source/queue.c **** 						mtCOVERAGE_TEST_MARKER();
2621:Middlewares/Third_Party/FreeRTOS/Source/queue.c **** 					}
2622:Middlewares/Third_Party/FreeRTOS/Source/queue.c **** 				}
2623:Middlewares/Third_Party/FreeRTOS/Source/queue.c **** 				else
2624:Middlewares/Third_Party/FreeRTOS/Source/queue.c **** 				{
2625:Middlewares/Third_Party/FreeRTOS/Source/queue.c **** 					mtCOVERAGE_TEST_MARKER();
2626:Middlewares/Third_Party/FreeRTOS/Source/queue.c **** 				}
2627:Middlewares/Third_Party/FreeRTOS/Source/queue.c **** 			}
2628:Middlewares/Third_Party/FreeRTOS/Source/queue.c **** 			else
2629:Middlewares/Third_Party/FreeRTOS/Source/queue.c **** 			{
2630:Middlewares/Third_Party/FreeRTOS/Source/queue.c **** 				mtCOVERAGE_TEST_MARKER();
2631:Middlewares/Third_Party/FreeRTOS/Source/queue.c **** 			}
2632:Middlewares/Third_Party/FreeRTOS/Source/queue.c **** 
2633:Middlewares/Third_Party/FreeRTOS/Source/queue.c **** 			xReturn = pdPASS;
2634:Middlewares/Third_Party/FreeRTOS/Source/queue.c **** 		}
2635:Middlewares/Third_Party/FreeRTOS/Source/queue.c **** 		else
2636:Middlewares/Third_Party/FreeRTOS/Source/queue.c **** 		{
2637:Middlewares/Third_Party/FreeRTOS/Source/queue.c **** 			xReturn = pdFAIL;
2638:Middlewares/Third_Party/FreeRTOS/Source/queue.c **** 		}
2639:Middlewares/Third_Party/FreeRTOS/Source/queue.c **** 
2640:Middlewares/Third_Party/FreeRTOS/Source/queue.c **** 		return xReturn;
2641:Middlewares/Third_Party/FreeRTOS/Source/queue.c **** 	}
2642:Middlewares/Third_Party/FreeRTOS/Source/queue.c **** 
2643:Middlewares/Third_Party/FreeRTOS/Source/queue.c **** #endif /* configUSE_CO_ROUTINES */
2644:Middlewares/Third_Party/FreeRTOS/Source/queue.c **** /*-----------------------------------------------------------*/
2645:Middlewares/Third_Party/FreeRTOS/Source/queue.c **** 
2646:Middlewares/Third_Party/FreeRTOS/Source/queue.c **** #if ( configQUEUE_REGISTRY_SIZE > 0 )
2647:Middlewares/Third_Party/FreeRTOS/Source/queue.c **** 
2648:Middlewares/Third_Party/FreeRTOS/Source/queue.c **** 	void vQueueAddToRegistry( QueueHandle_t xQueue, const char *pcQueueName ) /*lint !e971 Unqualified
2649:Middlewares/Third_Party/FreeRTOS/Source/queue.c **** 	{
 3403              		.loc 1 2649 2 is_stmt 1 view -0
 3404              		.cfi_startproc
 3405              		@ args = 0, pretend = 0, frame = 0
 3406              		@ frame_needed = 0, uses_anonymous_args = 0
 3407              		.loc 1 2649 2 is_stmt 0 view .LVU1042
ARM GAS  C:\Users\Asus\AppData\Local\Temp\ccbtHMUK.s 			page 124


 3408 0000 10B5     		push	{r4, lr}
 3409              		.cfi_def_cfa_offset 8
 3410              		.cfi_offset 4, -8
 3411              		.cfi_offset 14, -4
2650:Middlewares/Third_Party/FreeRTOS/Source/queue.c **** 	UBaseType_t ux;
 3412              		.loc 1 2650 2 is_stmt 1 view .LVU1043
2651:Middlewares/Third_Party/FreeRTOS/Source/queue.c **** 
2652:Middlewares/Third_Party/FreeRTOS/Source/queue.c **** 		/* See if there is an empty space in the registry.  A NULL name denotes
2653:Middlewares/Third_Party/FreeRTOS/Source/queue.c **** 		a free slot. */
2654:Middlewares/Third_Party/FreeRTOS/Source/queue.c **** 		for( ux = ( UBaseType_t ) 0U; ux < ( UBaseType_t ) configQUEUE_REGISTRY_SIZE; ux++ )
 3413              		.loc 1 2654 3 view .LVU1044
 3414              	.LVL392:
 3415              		.loc 1 2654 11 is_stmt 0 view .LVU1045
 3416 0002 0023     		movs	r3, #0
 3417              	.LVL393:
 3418              	.L270:
 3419              		.loc 1 2654 36 is_stmt 1 discriminator 1 view .LVU1046
 3420 0004 072B     		cmp	r3, #7
 3421 0006 0AD8     		bhi	.L269
2655:Middlewares/Third_Party/FreeRTOS/Source/queue.c **** 		{
2656:Middlewares/Third_Party/FreeRTOS/Source/queue.c **** 			if( xQueueRegistry[ ux ].pcQueueName == NULL )
 3422              		.loc 1 2656 4 view .LVU1047
 3423              		.loc 1 2656 28 is_stmt 0 view .LVU1048
 3424 0008 054A     		ldr	r2, .L275
 3425 000a DC00     		lsls	r4, r3, #3
 3426 000c A258     		ldr	r2, [r4, r2]
 3427              		.loc 1 2656 6 view .LVU1049
 3428 000e 002A     		cmp	r2, #0
 3429 0010 01D0     		beq	.L274
2657:Middlewares/Third_Party/FreeRTOS/Source/queue.c **** 			{
2658:Middlewares/Third_Party/FreeRTOS/Source/queue.c **** 				/* Store the information on this queue. */
2659:Middlewares/Third_Party/FreeRTOS/Source/queue.c **** 				xQueueRegistry[ ux ].pcQueueName = pcQueueName;
2660:Middlewares/Third_Party/FreeRTOS/Source/queue.c **** 				xQueueRegistry[ ux ].xHandle = xQueue;
2661:Middlewares/Third_Party/FreeRTOS/Source/queue.c **** 
2662:Middlewares/Third_Party/FreeRTOS/Source/queue.c **** 				traceQUEUE_REGISTRY_ADD( xQueue, pcQueueName );
2663:Middlewares/Third_Party/FreeRTOS/Source/queue.c **** 				break;
2664:Middlewares/Third_Party/FreeRTOS/Source/queue.c **** 			}
2665:Middlewares/Third_Party/FreeRTOS/Source/queue.c **** 			else
2666:Middlewares/Third_Party/FreeRTOS/Source/queue.c **** 			{
2667:Middlewares/Third_Party/FreeRTOS/Source/queue.c **** 				mtCOVERAGE_TEST_MARKER();
 3430              		.loc 1 2667 29 is_stmt 1 discriminator 2 view .LVU1050
2654:Middlewares/Third_Party/FreeRTOS/Source/queue.c **** 		{
 3431              		.loc 1 2654 83 discriminator 2 view .LVU1051
 3432 0012 0133     		adds	r3, r3, #1
 3433              	.LVL394:
2654:Middlewares/Third_Party/FreeRTOS/Source/queue.c **** 		{
 3434              		.loc 1 2654 83 is_stmt 0 discriminator 2 view .LVU1052
 3435 0014 F6E7     		b	.L270
 3436              	.L274:
2659:Middlewares/Third_Party/FreeRTOS/Source/queue.c **** 				xQueueRegistry[ ux ].xHandle = xQueue;
 3437              		.loc 1 2659 5 is_stmt 1 view .LVU1053
2659:Middlewares/Third_Party/FreeRTOS/Source/queue.c **** 				xQueueRegistry[ ux ].xHandle = xQueue;
 3438              		.loc 1 2659 38 is_stmt 0 view .LVU1054
 3439 0016 024A     		ldr	r2, .L275
 3440 0018 A150     		str	r1, [r4, r2]
2660:Middlewares/Third_Party/FreeRTOS/Source/queue.c **** 
 3441              		.loc 1 2660 5 is_stmt 1 view .LVU1055
ARM GAS  C:\Users\Asus\AppData\Local\Temp\ccbtHMUK.s 			page 125


2660:Middlewares/Third_Party/FreeRTOS/Source/queue.c **** 
 3442              		.loc 1 2660 34 is_stmt 0 view .LVU1056
 3443 001a 1219     		adds	r2, r2, r4
 3444 001c 5060     		str	r0, [r2, #4]
2662:Middlewares/Third_Party/FreeRTOS/Source/queue.c **** 				break;
 3445              		.loc 1 2662 51 is_stmt 1 view .LVU1057
2663:Middlewares/Third_Party/FreeRTOS/Source/queue.c **** 			}
 3446              		.loc 1 2663 5 view .LVU1058
 3447              	.L269:
2668:Middlewares/Third_Party/FreeRTOS/Source/queue.c **** 			}
2669:Middlewares/Third_Party/FreeRTOS/Source/queue.c **** 		}
2670:Middlewares/Third_Party/FreeRTOS/Source/queue.c **** 	}
 3448              		.loc 1 2670 2 is_stmt 0 view .LVU1059
 3449              		@ sp needed
 3450 001e 10BD     		pop	{r4, pc}
 3451              	.L276:
 3452              		.align	2
 3453              	.L275:
 3454 0020 00000000 		.word	xQueueRegistry
 3455              		.cfi_endproc
 3456              	.LFE25:
 3458              		.section	.text.pcQueueGetName,"ax",%progbits
 3459              		.align	1
 3460              		.global	pcQueueGetName
 3461              		.syntax unified
 3462              		.code	16
 3463              		.thumb_func
 3465              	pcQueueGetName:
 3466              	.LVL395:
 3467              	.LFB26:
2671:Middlewares/Third_Party/FreeRTOS/Source/queue.c **** 
2672:Middlewares/Third_Party/FreeRTOS/Source/queue.c **** #endif /* configQUEUE_REGISTRY_SIZE */
2673:Middlewares/Third_Party/FreeRTOS/Source/queue.c **** /*-----------------------------------------------------------*/
2674:Middlewares/Third_Party/FreeRTOS/Source/queue.c **** 
2675:Middlewares/Third_Party/FreeRTOS/Source/queue.c **** #if ( configQUEUE_REGISTRY_SIZE > 0 )
2676:Middlewares/Third_Party/FreeRTOS/Source/queue.c **** 
2677:Middlewares/Third_Party/FreeRTOS/Source/queue.c **** 	const char *pcQueueGetName( QueueHandle_t xQueue ) /*lint !e971 Unqualified char types are allowed
2678:Middlewares/Third_Party/FreeRTOS/Source/queue.c **** 	{
 3468              		.loc 1 2678 2 is_stmt 1 view -0
 3469              		.cfi_startproc
 3470              		@ args = 0, pretend = 0, frame = 0
 3471              		@ frame_needed = 0, uses_anonymous_args = 0
 3472              		@ link register save eliminated.
2679:Middlewares/Third_Party/FreeRTOS/Source/queue.c **** 	UBaseType_t ux;
 3473              		.loc 1 2679 2 view .LVU1061
2680:Middlewares/Third_Party/FreeRTOS/Source/queue.c **** 	const char *pcReturn = NULL; /*lint !e971 Unqualified char types are allowed for strings and singl
 3474              		.loc 1 2680 2 view .LVU1062
2681:Middlewares/Third_Party/FreeRTOS/Source/queue.c **** 
2682:Middlewares/Third_Party/FreeRTOS/Source/queue.c **** 		/* Note there is nothing here to protect against another task adding or
2683:Middlewares/Third_Party/FreeRTOS/Source/queue.c **** 		removing entries from the registry while it is being searched. */
2684:Middlewares/Third_Party/FreeRTOS/Source/queue.c **** 		for( ux = ( UBaseType_t ) 0U; ux < ( UBaseType_t ) configQUEUE_REGISTRY_SIZE; ux++ )
 3475              		.loc 1 2684 3 view .LVU1063
 3476              		.loc 1 2684 11 is_stmt 0 view .LVU1064
 3477 0000 0022     		movs	r2, #0
 3478              	.LVL396:
 3479              	.L278:
 3480              		.loc 1 2684 36 is_stmt 1 discriminator 1 view .LVU1065
ARM GAS  C:\Users\Asus\AppData\Local\Temp\ccbtHMUK.s 			page 126


 3481 0002 072A     		cmp	r2, #7
 3482 0004 0AD8     		bhi	.L282
2685:Middlewares/Third_Party/FreeRTOS/Source/queue.c **** 		{
2686:Middlewares/Third_Party/FreeRTOS/Source/queue.c **** 			if( xQueueRegistry[ ux ].xHandle == xQueue )
 3483              		.loc 1 2686 4 view .LVU1066
 3484              		.loc 1 2686 28 is_stmt 0 view .LVU1067
 3485 0006 064B     		ldr	r3, .L284
 3486 0008 D100     		lsls	r1, r2, #3
 3487 000a 5B18     		adds	r3, r3, r1
 3488 000c 5B68     		ldr	r3, [r3, #4]
 3489              		.loc 1 2686 6 view .LVU1068
 3490 000e 8342     		cmp	r3, r0
 3491 0010 01D0     		beq	.L283
2687:Middlewares/Third_Party/FreeRTOS/Source/queue.c **** 			{
2688:Middlewares/Third_Party/FreeRTOS/Source/queue.c **** 				pcReturn = xQueueRegistry[ ux ].pcQueueName;
2689:Middlewares/Third_Party/FreeRTOS/Source/queue.c **** 				break;
2690:Middlewares/Third_Party/FreeRTOS/Source/queue.c **** 			}
2691:Middlewares/Third_Party/FreeRTOS/Source/queue.c **** 			else
2692:Middlewares/Third_Party/FreeRTOS/Source/queue.c **** 			{
2693:Middlewares/Third_Party/FreeRTOS/Source/queue.c **** 				mtCOVERAGE_TEST_MARKER();
 3492              		.loc 1 2693 29 is_stmt 1 discriminator 2 view .LVU1069
2684:Middlewares/Third_Party/FreeRTOS/Source/queue.c **** 		{
 3493              		.loc 1 2684 83 discriminator 2 view .LVU1070
 3494 0012 0132     		adds	r2, r2, #1
 3495              	.LVL397:
2684:Middlewares/Third_Party/FreeRTOS/Source/queue.c **** 		{
 3496              		.loc 1 2684 83 is_stmt 0 discriminator 2 view .LVU1071
 3497 0014 F5E7     		b	.L278
 3498              	.L283:
2688:Middlewares/Third_Party/FreeRTOS/Source/queue.c **** 				break;
 3499              		.loc 1 2688 5 is_stmt 1 view .LVU1072
2688:Middlewares/Third_Party/FreeRTOS/Source/queue.c **** 				break;
 3500              		.loc 1 2688 14 is_stmt 0 view .LVU1073
 3501 0016 024B     		ldr	r3, .L284
 3502 0018 C858     		ldr	r0, [r1, r3]
 3503              	.LVL398:
2689:Middlewares/Third_Party/FreeRTOS/Source/queue.c **** 			}
 3504              		.loc 1 2689 5 is_stmt 1 view .LVU1074
 3505 001a 00E0     		b	.L277
 3506              	.LVL399:
 3507              	.L282:
2680:Middlewares/Third_Party/FreeRTOS/Source/queue.c **** 
 3508              		.loc 1 2680 14 is_stmt 0 view .LVU1075
 3509 001c 0020     		movs	r0, #0
 3510              	.LVL400:
2694:Middlewares/Third_Party/FreeRTOS/Source/queue.c **** 			}
2695:Middlewares/Third_Party/FreeRTOS/Source/queue.c **** 		}
2696:Middlewares/Third_Party/FreeRTOS/Source/queue.c **** 
2697:Middlewares/Third_Party/FreeRTOS/Source/queue.c **** 		return pcReturn;
 3511              		.loc 1 2697 3 is_stmt 1 view .LVU1076
 3512              	.L277:
2698:Middlewares/Third_Party/FreeRTOS/Source/queue.c **** 	} /*lint !e818 xQueue cannot be a pointer to const because it is a typedef. */
 3513              		.loc 1 2698 2 is_stmt 0 view .LVU1077
 3514              		@ sp needed
 3515 001e 7047     		bx	lr
 3516              	.L285:
 3517              		.align	2
ARM GAS  C:\Users\Asus\AppData\Local\Temp\ccbtHMUK.s 			page 127


 3518              	.L284:
 3519 0020 00000000 		.word	xQueueRegistry
 3520              		.cfi_endproc
 3521              	.LFE26:
 3523              		.section	.text.vQueueUnregisterQueue,"ax",%progbits
 3524              		.align	1
 3525              		.global	vQueueUnregisterQueue
 3526              		.syntax unified
 3527              		.code	16
 3528              		.thumb_func
 3530              	vQueueUnregisterQueue:
 3531              	.LVL401:
 3532              	.LFB27:
2699:Middlewares/Third_Party/FreeRTOS/Source/queue.c **** 
2700:Middlewares/Third_Party/FreeRTOS/Source/queue.c **** #endif /* configQUEUE_REGISTRY_SIZE */
2701:Middlewares/Third_Party/FreeRTOS/Source/queue.c **** /*-----------------------------------------------------------*/
2702:Middlewares/Third_Party/FreeRTOS/Source/queue.c **** 
2703:Middlewares/Third_Party/FreeRTOS/Source/queue.c **** #if ( configQUEUE_REGISTRY_SIZE > 0 )
2704:Middlewares/Third_Party/FreeRTOS/Source/queue.c **** 
2705:Middlewares/Third_Party/FreeRTOS/Source/queue.c **** 	void vQueueUnregisterQueue( QueueHandle_t xQueue )
2706:Middlewares/Third_Party/FreeRTOS/Source/queue.c **** 	{
 3533              		.loc 1 2706 2 is_stmt 1 view -0
 3534              		.cfi_startproc
 3535              		@ args = 0, pretend = 0, frame = 0
 3536              		@ frame_needed = 0, uses_anonymous_args = 0
 3537              		@ link register save eliminated.
2707:Middlewares/Third_Party/FreeRTOS/Source/queue.c **** 	UBaseType_t ux;
 3538              		.loc 1 2707 2 view .LVU1079
2708:Middlewares/Third_Party/FreeRTOS/Source/queue.c **** 
2709:Middlewares/Third_Party/FreeRTOS/Source/queue.c **** 		/* See if the handle of the queue being unregistered in actually in the
2710:Middlewares/Third_Party/FreeRTOS/Source/queue.c **** 		registry. */
2711:Middlewares/Third_Party/FreeRTOS/Source/queue.c **** 		for( ux = ( UBaseType_t ) 0U; ux < ( UBaseType_t ) configQUEUE_REGISTRY_SIZE; ux++ )
 3539              		.loc 1 2711 3 view .LVU1080
 3540              		.loc 1 2711 11 is_stmt 0 view .LVU1081
 3541 0000 0022     		movs	r2, #0
 3542              	.LVL402:
 3543              	.L287:
 3544              		.loc 1 2711 36 is_stmt 1 discriminator 1 view .LVU1082
 3545 0002 072A     		cmp	r2, #7
 3546 0004 0DD8     		bhi	.L286
2712:Middlewares/Third_Party/FreeRTOS/Source/queue.c **** 		{
2713:Middlewares/Third_Party/FreeRTOS/Source/queue.c **** 			if( xQueueRegistry[ ux ].xHandle == xQueue )
 3547              		.loc 1 2713 4 view .LVU1083
 3548              		.loc 1 2713 28 is_stmt 0 view .LVU1084
 3549 0006 074B     		ldr	r3, .L292
 3550 0008 D100     		lsls	r1, r2, #3
 3551 000a 5B18     		adds	r3, r3, r1
 3552 000c 5B68     		ldr	r3, [r3, #4]
 3553              		.loc 1 2713 6 view .LVU1085
 3554 000e 8342     		cmp	r3, r0
 3555 0010 01D0     		beq	.L291
2714:Middlewares/Third_Party/FreeRTOS/Source/queue.c **** 			{
2715:Middlewares/Third_Party/FreeRTOS/Source/queue.c **** 				/* Set the name to NULL to show that this slot if free again. */
2716:Middlewares/Third_Party/FreeRTOS/Source/queue.c **** 				xQueueRegistry[ ux ].pcQueueName = NULL;
2717:Middlewares/Third_Party/FreeRTOS/Source/queue.c **** 
2718:Middlewares/Third_Party/FreeRTOS/Source/queue.c **** 				/* Set the handle to NULL to ensure the same queue handle cannot
2719:Middlewares/Third_Party/FreeRTOS/Source/queue.c **** 				appear in the registry twice if it is added, removed, then
ARM GAS  C:\Users\Asus\AppData\Local\Temp\ccbtHMUK.s 			page 128


2720:Middlewares/Third_Party/FreeRTOS/Source/queue.c **** 				added again. */
2721:Middlewares/Third_Party/FreeRTOS/Source/queue.c **** 				xQueueRegistry[ ux ].xHandle = ( QueueHandle_t ) 0;
2722:Middlewares/Third_Party/FreeRTOS/Source/queue.c **** 				break;
2723:Middlewares/Third_Party/FreeRTOS/Source/queue.c **** 			}
2724:Middlewares/Third_Party/FreeRTOS/Source/queue.c **** 			else
2725:Middlewares/Third_Party/FreeRTOS/Source/queue.c **** 			{
2726:Middlewares/Third_Party/FreeRTOS/Source/queue.c **** 				mtCOVERAGE_TEST_MARKER();
 3556              		.loc 1 2726 29 is_stmt 1 discriminator 2 view .LVU1086
2711:Middlewares/Third_Party/FreeRTOS/Source/queue.c **** 		{
 3557              		.loc 1 2711 83 discriminator 2 view .LVU1087
 3558 0012 0132     		adds	r2, r2, #1
 3559              	.LVL403:
2711:Middlewares/Third_Party/FreeRTOS/Source/queue.c **** 		{
 3560              		.loc 1 2711 83 is_stmt 0 discriminator 2 view .LVU1088
 3561 0014 F5E7     		b	.L287
 3562              	.L291:
2716:Middlewares/Third_Party/FreeRTOS/Source/queue.c **** 
 3563              		.loc 1 2716 5 is_stmt 1 view .LVU1089
2716:Middlewares/Third_Party/FreeRTOS/Source/queue.c **** 
 3564              		.loc 1 2716 38 is_stmt 0 view .LVU1090
 3565 0016 034B     		ldr	r3, .L292
 3566 0018 0A00     		movs	r2, r1
 3567              	.LVL404:
2716:Middlewares/Third_Party/FreeRTOS/Source/queue.c **** 
 3568              		.loc 1 2716 38 view .LVU1091
 3569 001a 0021     		movs	r1, #0
 3570 001c D150     		str	r1, [r2, r3]
2721:Middlewares/Third_Party/FreeRTOS/Source/queue.c **** 				break;
 3571              		.loc 1 2721 5 is_stmt 1 view .LVU1092
2721:Middlewares/Third_Party/FreeRTOS/Source/queue.c **** 				break;
 3572              		.loc 1 2721 34 is_stmt 0 view .LVU1093
 3573 001e 9B18     		adds	r3, r3, r2
 3574 0020 5960     		str	r1, [r3, #4]
2722:Middlewares/Third_Party/FreeRTOS/Source/queue.c **** 			}
 3575              		.loc 1 2722 5 is_stmt 1 view .LVU1094
 3576              	.L286:
2727:Middlewares/Third_Party/FreeRTOS/Source/queue.c **** 			}
2728:Middlewares/Third_Party/FreeRTOS/Source/queue.c **** 		}
2729:Middlewares/Third_Party/FreeRTOS/Source/queue.c **** 
2730:Middlewares/Third_Party/FreeRTOS/Source/queue.c **** 	} /*lint !e818 xQueue could not be pointer to const because it is a typedef. */
 3577              		.loc 1 2730 2 is_stmt 0 view .LVU1095
 3578              		@ sp needed
 3579 0022 7047     		bx	lr
 3580              	.L293:
 3581              		.align	2
 3582              	.L292:
 3583 0024 00000000 		.word	xQueueRegistry
 3584              		.cfi_endproc
 3585              	.LFE27:
 3587              		.section	.text.vQueueDelete,"ax",%progbits
 3588              		.align	1
 3589              		.global	vQueueDelete
 3590              		.syntax unified
 3591              		.code	16
 3592              		.thumb_func
 3594              	vQueueDelete:
 3595              	.LVL405:
ARM GAS  C:\Users\Asus\AppData\Local\Temp\ccbtHMUK.s 			page 129


 3596              	.LFB16:
1976:Middlewares/Third_Party/FreeRTOS/Source/queue.c **** Queue_t * const pxQueue = xQueue;
 3597              		.loc 1 1976 1 is_stmt 1 view -0
 3598              		.cfi_startproc
 3599              		@ args = 0, pretend = 0, frame = 0
 3600              		@ frame_needed = 0, uses_anonymous_args = 0
1976:Middlewares/Third_Party/FreeRTOS/Source/queue.c **** Queue_t * const pxQueue = xQueue;
 3601              		.loc 1 1976 1 is_stmt 0 view .LVU1097
 3602 0000 10B5     		push	{r4, lr}
 3603              		.cfi_def_cfa_offset 8
 3604              		.cfi_offset 4, -8
 3605              		.cfi_offset 14, -4
 3606 0002 041E     		subs	r4, r0, #0
1977:Middlewares/Third_Party/FreeRTOS/Source/queue.c **** 
 3607              		.loc 1 1977 1 is_stmt 1 view .LVU1098
 3608              	.LVL406:
1979:Middlewares/Third_Party/FreeRTOS/Source/queue.c **** 	traceQUEUE_DELETE( pxQueue );
 3609              		.loc 1 1979 2 view .LVU1099
 3610 0004 05D0     		beq	.L297
1979:Middlewares/Third_Party/FreeRTOS/Source/queue.c **** 	traceQUEUE_DELETE( pxQueue );
 3611              		.loc 1 1979 25 discriminator 2 view .LVU1100
1980:Middlewares/Third_Party/FreeRTOS/Source/queue.c **** 
 3612              		.loc 1 1980 30 discriminator 2 view .LVU1101
1984:Middlewares/Third_Party/FreeRTOS/Source/queue.c **** 	}
 3613              		.loc 1 1984 3 discriminator 2 view .LVU1102
 3614 0006 FFF7FEFF 		bl	vQueueUnregisterQueue
 3615              	.LVL407:
1992:Middlewares/Third_Party/FreeRTOS/Source/queue.c **** 	}
 3616              		.loc 1 1992 3 discriminator 2 view .LVU1103
 3617 000a 2000     		movs	r0, r4
 3618 000c FFF7FEFF 		bl	vPortFree
 3619              	.LVL408:
2014:Middlewares/Third_Party/FreeRTOS/Source/queue.c **** /*-----------------------------------------------------------*/
 3620              		.loc 1 2014 1 is_stmt 0 discriminator 2 view .LVU1104
 3621              		@ sp needed
 3622              	.LVL409:
2014:Middlewares/Third_Party/FreeRTOS/Source/queue.c **** /*-----------------------------------------------------------*/
 3623              		.loc 1 2014 1 discriminator 2 view .LVU1105
 3624 0010 10BD     		pop	{r4, pc}
 3625              	.LVL410:
 3626              	.L297:
1979:Middlewares/Third_Party/FreeRTOS/Source/queue.c **** 	traceQUEUE_DELETE( pxQueue );
 3627              		.loc 1 1979 2 is_stmt 1 discriminator 1 view .LVU1106
 3628              		.syntax divided
 3629              	@ 1979 "Middlewares/Third_Party/FreeRTOS/Source/queue.c" 1
 3630 0012 72B6     		 cpsid i 
 3631              	@ 0 "" 2
 3632              		.thumb
 3633              		.syntax unified
 3634              	.L296:
1979:Middlewares/Third_Party/FreeRTOS/Source/queue.c **** 	traceQUEUE_DELETE( pxQueue );
 3635              		.loc 1 1979 2 discriminator 1 view .LVU1107
1979:Middlewares/Third_Party/FreeRTOS/Source/queue.c **** 	traceQUEUE_DELETE( pxQueue );
 3636              		.loc 1 1979 2 discriminator 1 view .LVU1108
 3637 0014 FEE7     		b	.L296
 3638              		.cfi_endproc
 3639              	.LFE16:
ARM GAS  C:\Users\Asus\AppData\Local\Temp\ccbtHMUK.s 			page 130


 3641              		.global	xQueueRegistry
 3642              		.section	.bss.xQueueRegistry,"aw",%nobits
 3643              		.align	2
 3646              	xQueueRegistry:
 3647 0000 00000000 		.space	64
 3647      00000000 
 3647      00000000 
 3647      00000000 
 3647      00000000 
 3648              		.text
 3649              	.Letext0:
 3650              		.file 2 "c:\\msys64\\mingw64\\lib\\gcc\\arm-none-eabi\\12.2.0\\include\\stddef.h"
 3651              		.file 3 "c:\\msys64\\mingw64\\arm-none-eabi\\include\\machine\\_default_types.h"
 3652              		.file 4 "c:\\msys64\\mingw64\\arm-none-eabi\\include\\sys\\_stdint.h"
 3653              		.file 5 "Middlewares/Third_Party/FreeRTOS/Source/portable/GCC/ARM_CM0/portmacro.h"
 3654              		.file 6 "Middlewares/Third_Party/FreeRTOS/Source/include/list.h"
 3655              		.file 7 "Middlewares/Third_Party/FreeRTOS/Source/include/task.h"
 3656              		.file 8 "Middlewares/Third_Party/FreeRTOS/Source/include/queue.h"
 3657              		.file 9 "Middlewares/Third_Party/FreeRTOS/Source/include/portable.h"
 3658              		.file 10 "c:\\msys64\\mingw64\\arm-none-eabi\\include\\string.h"
 3659              		.file 11 "<built-in>"
ARM GAS  C:\Users\Asus\AppData\Local\Temp\ccbtHMUK.s 			page 131


DEFINED SYMBOLS
                            *ABS*:00000000 queue.c
C:\Users\Asus\AppData\Local\Temp\ccbtHMUK.s:19     .text.prvGetDisinheritPriorityAfterTimeout:00000000 $t
C:\Users\Asus\AppData\Local\Temp\ccbtHMUK.s:24     .text.prvGetDisinheritPriorityAfterTimeout:00000000 prvGetDisinheritPriorityAfterTimeout
C:\Users\Asus\AppData\Local\Temp\ccbtHMUK.s:61     .text.prvIsQueueFull:00000000 $t
C:\Users\Asus\AppData\Local\Temp\ccbtHMUK.s:66     .text.prvIsQueueFull:00000000 prvIsQueueFull
C:\Users\Asus\AppData\Local\Temp\ccbtHMUK.s:116    .text.prvIsQueueEmpty:00000000 $t
C:\Users\Asus\AppData\Local\Temp\ccbtHMUK.s:121    .text.prvIsQueueEmpty:00000000 prvIsQueueEmpty
C:\Users\Asus\AppData\Local\Temp\ccbtHMUK.s:169    .text.prvCopyDataToQueue:00000000 $t
C:\Users\Asus\AppData\Local\Temp\ccbtHMUK.s:174    .text.prvCopyDataToQueue:00000000 prvCopyDataToQueue
C:\Users\Asus\AppData\Local\Temp\ccbtHMUK.s:341    .text.prvCopyDataFromQueue:00000000 $t
C:\Users\Asus\AppData\Local\Temp\ccbtHMUK.s:346    .text.prvCopyDataFromQueue:00000000 prvCopyDataFromQueue
C:\Users\Asus\AppData\Local\Temp\ccbtHMUK.s:401    .text.prvUnlockQueue:00000000 $t
C:\Users\Asus\AppData\Local\Temp\ccbtHMUK.s:406    .text.prvUnlockQueue:00000000 prvUnlockQueue
C:\Users\Asus\AppData\Local\Temp\ccbtHMUK.s:543    .text.xQueueGenericReset:00000000 $t
C:\Users\Asus\AppData\Local\Temp\ccbtHMUK.s:549    .text.xQueueGenericReset:00000000 xQueueGenericReset
C:\Users\Asus\AppData\Local\Temp\ccbtHMUK.s:680    .text.prvInitialiseNewQueue:00000000 $t
C:\Users\Asus\AppData\Local\Temp\ccbtHMUK.s:685    .text.prvInitialiseNewQueue:00000000 prvInitialiseNewQueue
C:\Users\Asus\AppData\Local\Temp\ccbtHMUK.s:738    .text.xQueueGenericCreate:00000000 $t
C:\Users\Asus\AppData\Local\Temp\ccbtHMUK.s:744    .text.xQueueGenericCreate:00000000 xQueueGenericCreate
C:\Users\Asus\AppData\Local\Temp\ccbtHMUK.s:836    .text.xQueueGenericSend:00000000 $t
C:\Users\Asus\AppData\Local\Temp\ccbtHMUK.s:842    .text.xQueueGenericSend:00000000 xQueueGenericSend
C:\Users\Asus\AppData\Local\Temp\ccbtHMUK.s:1169   .text.prvInitialiseMutex:00000000 $t
C:\Users\Asus\AppData\Local\Temp\ccbtHMUK.s:1174   .text.prvInitialiseMutex:00000000 prvInitialiseMutex
C:\Users\Asus\AppData\Local\Temp\ccbtHMUK.s:1216   .text.xQueueCreateMutex:00000000 $t
C:\Users\Asus\AppData\Local\Temp\ccbtHMUK.s:1222   .text.xQueueCreateMutex:00000000 xQueueCreateMutex
C:\Users\Asus\AppData\Local\Temp\ccbtHMUK.s:1262   .text.xQueueGenericSendFromISR:00000000 $t
C:\Users\Asus\AppData\Local\Temp\ccbtHMUK.s:1268   .text.xQueueGenericSendFromISR:00000000 xQueueGenericSendFromISR
C:\Users\Asus\AppData\Local\Temp\ccbtHMUK.s:1498   .text.xQueueGiveFromISR:00000000 $t
C:\Users\Asus\AppData\Local\Temp\ccbtHMUK.s:1504   .text.xQueueGiveFromISR:00000000 xQueueGiveFromISR
C:\Users\Asus\AppData\Local\Temp\ccbtHMUK.s:1725   .text.xQueueReceive:00000000 $t
C:\Users\Asus\AppData\Local\Temp\ccbtHMUK.s:1731   .text.xQueueReceive:00000000 xQueueReceive
C:\Users\Asus\AppData\Local\Temp\ccbtHMUK.s:2041   .text.xQueueSemaphoreTake:00000000 $t
C:\Users\Asus\AppData\Local\Temp\ccbtHMUK.s:2047   .text.xQueueSemaphoreTake:00000000 xQueueSemaphoreTake
C:\Users\Asus\AppData\Local\Temp\ccbtHMUK.s:2438   .text.xQueuePeek:00000000 $t
C:\Users\Asus\AppData\Local\Temp\ccbtHMUK.s:2444   .text.xQueuePeek:00000000 xQueuePeek
C:\Users\Asus\AppData\Local\Temp\ccbtHMUK.s:2755   .text.xQueueReceiveFromISR:00000000 $t
C:\Users\Asus\AppData\Local\Temp\ccbtHMUK.s:2761   .text.xQueueReceiveFromISR:00000000 xQueueReceiveFromISR
C:\Users\Asus\AppData\Local\Temp\ccbtHMUK.s:2969   .text.xQueuePeekFromISR:00000000 $t
C:\Users\Asus\AppData\Local\Temp\ccbtHMUK.s:2975   .text.xQueuePeekFromISR:00000000 xQueuePeekFromISR
C:\Users\Asus\AppData\Local\Temp\ccbtHMUK.s:3112   .text.uxQueueMessagesWaiting:00000000 $t
C:\Users\Asus\AppData\Local\Temp\ccbtHMUK.s:3118   .text.uxQueueMessagesWaiting:00000000 uxQueueMessagesWaiting
C:\Users\Asus\AppData\Local\Temp\ccbtHMUK.s:3169   .text.uxQueueSpacesAvailable:00000000 $t
C:\Users\Asus\AppData\Local\Temp\ccbtHMUK.s:3175   .text.uxQueueSpacesAvailable:00000000 uxQueueSpacesAvailable
C:\Users\Asus\AppData\Local\Temp\ccbtHMUK.s:3233   .text.uxQueueMessagesWaitingFromISR:00000000 $t
C:\Users\Asus\AppData\Local\Temp\ccbtHMUK.s:3239   .text.uxQueueMessagesWaitingFromISR:00000000 uxQueueMessagesWaitingFromISR
C:\Users\Asus\AppData\Local\Temp\ccbtHMUK.s:3278   .text.xQueueIsQueueEmptyFromISR:00000000 $t
C:\Users\Asus\AppData\Local\Temp\ccbtHMUK.s:3284   .text.xQueueIsQueueEmptyFromISR:00000000 xQueueIsQueueEmptyFromISR
C:\Users\Asus\AppData\Local\Temp\ccbtHMUK.s:3335   .text.xQueueIsQueueFullFromISR:00000000 $t
C:\Users\Asus\AppData\Local\Temp\ccbtHMUK.s:3341   .text.xQueueIsQueueFullFromISR:00000000 xQueueIsQueueFullFromISR
C:\Users\Asus\AppData\Local\Temp\ccbtHMUK.s:3394   .text.vQueueAddToRegistry:00000000 $t
C:\Users\Asus\AppData\Local\Temp\ccbtHMUK.s:3400   .text.vQueueAddToRegistry:00000000 vQueueAddToRegistry
C:\Users\Asus\AppData\Local\Temp\ccbtHMUK.s:3454   .text.vQueueAddToRegistry:00000020 $d
C:\Users\Asus\AppData\Local\Temp\ccbtHMUK.s:3646   .bss.xQueueRegistry:00000000 xQueueRegistry
C:\Users\Asus\AppData\Local\Temp\ccbtHMUK.s:3459   .text.pcQueueGetName:00000000 $t
C:\Users\Asus\AppData\Local\Temp\ccbtHMUK.s:3465   .text.pcQueueGetName:00000000 pcQueueGetName
C:\Users\Asus\AppData\Local\Temp\ccbtHMUK.s:3519   .text.pcQueueGetName:00000020 $d
ARM GAS  C:\Users\Asus\AppData\Local\Temp\ccbtHMUK.s 			page 132


C:\Users\Asus\AppData\Local\Temp\ccbtHMUK.s:3524   .text.vQueueUnregisterQueue:00000000 $t
C:\Users\Asus\AppData\Local\Temp\ccbtHMUK.s:3530   .text.vQueueUnregisterQueue:00000000 vQueueUnregisterQueue
C:\Users\Asus\AppData\Local\Temp\ccbtHMUK.s:3583   .text.vQueueUnregisterQueue:00000024 $d
C:\Users\Asus\AppData\Local\Temp\ccbtHMUK.s:3588   .text.vQueueDelete:00000000 $t
C:\Users\Asus\AppData\Local\Temp\ccbtHMUK.s:3594   .text.vQueueDelete:00000000 vQueueDelete
C:\Users\Asus\AppData\Local\Temp\ccbtHMUK.s:3643   .bss.xQueueRegistry:00000000 $d

UNDEFINED SYMBOLS
vPortEnterCritical
vPortExitCritical
xTaskPriorityDisinherit
memcpy
xTaskRemoveFromEventList
vTaskMissedYield
vPortYield
vListInitialise
pvPortMalloc
xTaskGetSchedulerState
vTaskInternalSetTimeOutState
xTaskResumeAll
vTaskSuspendAll
xTaskCheckForTimeOut
vTaskPlaceOnEventList
ulSetInterruptMaskFromISR
vClearInterruptMaskFromISR
pvTaskIncrementMutexHeldCount
xTaskPriorityInherit
vTaskPriorityDisinheritAfterTimeout
vPortFree
