ARM GAS  C:\Users\Asus\AppData\Local\Temp\ccAKbHJD.s 			page 1


   1              		.cpu cortex-m0plus
   2              		.arch armv6s-m
   3              		.fpu softvfp
   4              		.eabi_attribute 20, 1
   5              		.eabi_attribute 21, 1
   6              		.eabi_attribute 23, 3
   7              		.eabi_attribute 24, 1
   8              		.eabi_attribute 25, 1
   9              		.eabi_attribute 26, 1
  10              		.eabi_attribute 30, 1
  11              		.eabi_attribute 34, 0
  12              		.eabi_attribute 18, 4
  13              		.file	"stm32g0xx_hal_flash_ex.c"
  14              		.text
  15              	.Ltext0:
  16              		.cfi_sections	.debug_frame
  17              		.file 1 "Drivers/STM32G0xx_HAL_Driver/Src/stm32g0xx_hal_flash_ex.c"
  18              		.section	.text.FLASH_MassErase,"ax",%progbits
  19              		.align	1
  20              		.syntax unified
  21              		.code	16
  22              		.thumb_func
  24              	FLASH_MassErase:
  25              	.LVL0:
  26              	.LFB316:
   1:Drivers/STM32G0xx_HAL_Driver/Src/stm32g0xx_hal_flash_ex.c **** /**
   2:Drivers/STM32G0xx_HAL_Driver/Src/stm32g0xx_hal_flash_ex.c ****   ******************************************************************************
   3:Drivers/STM32G0xx_HAL_Driver/Src/stm32g0xx_hal_flash_ex.c ****   * @file    stm32g0xx_hal_flash_ex.c
   4:Drivers/STM32G0xx_HAL_Driver/Src/stm32g0xx_hal_flash_ex.c ****   * @author  MCD Application Team
   5:Drivers/STM32G0xx_HAL_Driver/Src/stm32g0xx_hal_flash_ex.c ****   * @brief   Extended FLASH HAL module driver.
   6:Drivers/STM32G0xx_HAL_Driver/Src/stm32g0xx_hal_flash_ex.c ****   *          This file provides firmware functions to manage the following
   7:Drivers/STM32G0xx_HAL_Driver/Src/stm32g0xx_hal_flash_ex.c ****   *          functionalities of the FLASH extended peripheral:
   8:Drivers/STM32G0xx_HAL_Driver/Src/stm32g0xx_hal_flash_ex.c ****   *           + Extended programming operations functions
   9:Drivers/STM32G0xx_HAL_Driver/Src/stm32g0xx_hal_flash_ex.c ****   *
  10:Drivers/STM32G0xx_HAL_Driver/Src/stm32g0xx_hal_flash_ex.c ****  @verbatim
  11:Drivers/STM32G0xx_HAL_Driver/Src/stm32g0xx_hal_flash_ex.c ****  ==============================================================================
  12:Drivers/STM32G0xx_HAL_Driver/Src/stm32g0xx_hal_flash_ex.c ****                    ##### Flash Extended features #####
  13:Drivers/STM32G0xx_HAL_Driver/Src/stm32g0xx_hal_flash_ex.c ****   ==============================================================================
  14:Drivers/STM32G0xx_HAL_Driver/Src/stm32g0xx_hal_flash_ex.c **** 
  15:Drivers/STM32G0xx_HAL_Driver/Src/stm32g0xx_hal_flash_ex.c ****   [..] Comparing to other previous devices, the FLASH interface for STM32G0xx
  16:Drivers/STM32G0xx_HAL_Driver/Src/stm32g0xx_hal_flash_ex.c ****        devices contains the following additional features
  17:Drivers/STM32G0xx_HAL_Driver/Src/stm32g0xx_hal_flash_ex.c **** 
  18:Drivers/STM32G0xx_HAL_Driver/Src/stm32g0xx_hal_flash_ex.c ****        (+) Capacity up to 128 Kbytes with single bank architecture supporting read-while-write
  19:Drivers/STM32G0xx_HAL_Driver/Src/stm32g0xx_hal_flash_ex.c ****            capability (RWW)
  20:Drivers/STM32G0xx_HAL_Driver/Src/stm32g0xx_hal_flash_ex.c ****        (+) Single bank memory organization
  21:Drivers/STM32G0xx_HAL_Driver/Src/stm32g0xx_hal_flash_ex.c ****        (+) PCROP protection
  22:Drivers/STM32G0xx_HAL_Driver/Src/stm32g0xx_hal_flash_ex.c **** 
  23:Drivers/STM32G0xx_HAL_Driver/Src/stm32g0xx_hal_flash_ex.c ****                         ##### How to use this driver #####
  24:Drivers/STM32G0xx_HAL_Driver/Src/stm32g0xx_hal_flash_ex.c ****  ==============================================================================
  25:Drivers/STM32G0xx_HAL_Driver/Src/stm32g0xx_hal_flash_ex.c ****   [..] This driver provides functions to configure and program the FLASH memory
  26:Drivers/STM32G0xx_HAL_Driver/Src/stm32g0xx_hal_flash_ex.c ****        of all STM32G0xx devices. It includes
  27:Drivers/STM32G0xx_HAL_Driver/Src/stm32g0xx_hal_flash_ex.c ****       (#) Flash Memory Erase functions:
  28:Drivers/STM32G0xx_HAL_Driver/Src/stm32g0xx_hal_flash_ex.c ****            (++) Lock and Unlock the FLASH interface using HAL_FLASH_Unlock() and
  29:Drivers/STM32G0xx_HAL_Driver/Src/stm32g0xx_hal_flash_ex.c ****                 HAL_FLASH_Lock() functions
  30:Drivers/STM32G0xx_HAL_Driver/Src/stm32g0xx_hal_flash_ex.c ****            (++) Erase function: Erase page, erase all sectors
  31:Drivers/STM32G0xx_HAL_Driver/Src/stm32g0xx_hal_flash_ex.c ****            (++) There are two modes of erase :
  32:Drivers/STM32G0xx_HAL_Driver/Src/stm32g0xx_hal_flash_ex.c ****              (+++) Polling Mode using HAL_FLASHEx_Erase()
ARM GAS  C:\Users\Asus\AppData\Local\Temp\ccAKbHJD.s 			page 2


  33:Drivers/STM32G0xx_HAL_Driver/Src/stm32g0xx_hal_flash_ex.c ****              (+++) Interrupt Mode using HAL_FLASHEx_Erase_IT()
  34:Drivers/STM32G0xx_HAL_Driver/Src/stm32g0xx_hal_flash_ex.c **** 
  35:Drivers/STM32G0xx_HAL_Driver/Src/stm32g0xx_hal_flash_ex.c ****       (#) Option Bytes Programming function: Use HAL_FLASHEx_OBProgram() to :
  36:Drivers/STM32G0xx_HAL_Driver/Src/stm32g0xx_hal_flash_ex.c ****         (++) Set/Reset the write protection
  37:Drivers/STM32G0xx_HAL_Driver/Src/stm32g0xx_hal_flash_ex.c ****         (++) Set the Read protection Level
  38:Drivers/STM32G0xx_HAL_Driver/Src/stm32g0xx_hal_flash_ex.c ****         (++) Program the user Option Bytes
  39:Drivers/STM32G0xx_HAL_Driver/Src/stm32g0xx_hal_flash_ex.c ****         (++) Configure the PCROP protection
  40:Drivers/STM32G0xx_HAL_Driver/Src/stm32g0xx_hal_flash_ex.c ****         (++) Set Securable memory area and boot entry point
  41:Drivers/STM32G0xx_HAL_Driver/Src/stm32g0xx_hal_flash_ex.c **** 
  42:Drivers/STM32G0xx_HAL_Driver/Src/stm32g0xx_hal_flash_ex.c ****       (#) Get Option Bytes Configuration function: Use HAL_FLASHEx_OBGetConfig() to :
  43:Drivers/STM32G0xx_HAL_Driver/Src/stm32g0xx_hal_flash_ex.c ****         (++) Get the value of a write protection area
  44:Drivers/STM32G0xx_HAL_Driver/Src/stm32g0xx_hal_flash_ex.c ****         (++) Know if the read protection is activated
  45:Drivers/STM32G0xx_HAL_Driver/Src/stm32g0xx_hal_flash_ex.c ****         (++) Get the value of the user Option Bytes
  46:Drivers/STM32G0xx_HAL_Driver/Src/stm32g0xx_hal_flash_ex.c ****         (++) Get Securable memory area and boot entry point information
  47:Drivers/STM32G0xx_HAL_Driver/Src/stm32g0xx_hal_flash_ex.c **** 
  48:Drivers/STM32G0xx_HAL_Driver/Src/stm32g0xx_hal_flash_ex.c ****       (#) Enable or disable debugger usage using HAL_FLASHEx_EnableDebugger and
  49:Drivers/STM32G0xx_HAL_Driver/Src/stm32g0xx_hal_flash_ex.c ****           HAL_FLASHEx_DisableDebugger.
  50:Drivers/STM32G0xx_HAL_Driver/Src/stm32g0xx_hal_flash_ex.c **** 
  51:Drivers/STM32G0xx_HAL_Driver/Src/stm32g0xx_hal_flash_ex.c ****       (#) Check is flash content is empty or not using HAL_FLASHEx_FlashEmptyCheck.
  52:Drivers/STM32G0xx_HAL_Driver/Src/stm32g0xx_hal_flash_ex.c ****           and modify this setting (for flash loader purpose e.g.) using
  53:Drivers/STM32G0xx_HAL_Driver/Src/stm32g0xx_hal_flash_ex.c ****           HAL_FLASHEx_ForceFlashEmpty.
  54:Drivers/STM32G0xx_HAL_Driver/Src/stm32g0xx_hal_flash_ex.c **** 
  55:Drivers/STM32G0xx_HAL_Driver/Src/stm32g0xx_hal_flash_ex.c ****       (#) Enable securable memory area protectionusing HAL_FLASHEx_EnableSecMemProtection
  56:Drivers/STM32G0xx_HAL_Driver/Src/stm32g0xx_hal_flash_ex.c **** 
  57:Drivers/STM32G0xx_HAL_Driver/Src/stm32g0xx_hal_flash_ex.c ****  @endverbatim
  58:Drivers/STM32G0xx_HAL_Driver/Src/stm32g0xx_hal_flash_ex.c ****   ******************************************************************************
  59:Drivers/STM32G0xx_HAL_Driver/Src/stm32g0xx_hal_flash_ex.c ****   * @attention
  60:Drivers/STM32G0xx_HAL_Driver/Src/stm32g0xx_hal_flash_ex.c ****   *
  61:Drivers/STM32G0xx_HAL_Driver/Src/stm32g0xx_hal_flash_ex.c ****   * Copyright (c) 2018 STMicroelectronics.
  62:Drivers/STM32G0xx_HAL_Driver/Src/stm32g0xx_hal_flash_ex.c ****   * All rights reserved.
  63:Drivers/STM32G0xx_HAL_Driver/Src/stm32g0xx_hal_flash_ex.c ****   *
  64:Drivers/STM32G0xx_HAL_Driver/Src/stm32g0xx_hal_flash_ex.c ****   * This software is licensed under terms that can be found in the LICENSE file in
  65:Drivers/STM32G0xx_HAL_Driver/Src/stm32g0xx_hal_flash_ex.c ****   * the root directory of this software component.
  66:Drivers/STM32G0xx_HAL_Driver/Src/stm32g0xx_hal_flash_ex.c ****   * If no LICENSE file comes with this software, it is provided AS-IS.
  67:Drivers/STM32G0xx_HAL_Driver/Src/stm32g0xx_hal_flash_ex.c ****   ******************************************************************************
  68:Drivers/STM32G0xx_HAL_Driver/Src/stm32g0xx_hal_flash_ex.c ****   */
  69:Drivers/STM32G0xx_HAL_Driver/Src/stm32g0xx_hal_flash_ex.c **** 
  70:Drivers/STM32G0xx_HAL_Driver/Src/stm32g0xx_hal_flash_ex.c **** /* Includes ------------------------------------------------------------------*/
  71:Drivers/STM32G0xx_HAL_Driver/Src/stm32g0xx_hal_flash_ex.c **** #include "stm32g0xx_hal.h"
  72:Drivers/STM32G0xx_HAL_Driver/Src/stm32g0xx_hal_flash_ex.c **** 
  73:Drivers/STM32G0xx_HAL_Driver/Src/stm32g0xx_hal_flash_ex.c **** /** @addtogroup STM32G0xx_HAL_Driver
  74:Drivers/STM32G0xx_HAL_Driver/Src/stm32g0xx_hal_flash_ex.c ****   * @{
  75:Drivers/STM32G0xx_HAL_Driver/Src/stm32g0xx_hal_flash_ex.c ****   */
  76:Drivers/STM32G0xx_HAL_Driver/Src/stm32g0xx_hal_flash_ex.c **** 
  77:Drivers/STM32G0xx_HAL_Driver/Src/stm32g0xx_hal_flash_ex.c **** /** @defgroup FLASHEx FLASHEx
  78:Drivers/STM32G0xx_HAL_Driver/Src/stm32g0xx_hal_flash_ex.c ****   * @brief FLASH Extended HAL module driver
  79:Drivers/STM32G0xx_HAL_Driver/Src/stm32g0xx_hal_flash_ex.c ****   * @{
  80:Drivers/STM32G0xx_HAL_Driver/Src/stm32g0xx_hal_flash_ex.c ****   */
  81:Drivers/STM32G0xx_HAL_Driver/Src/stm32g0xx_hal_flash_ex.c **** 
  82:Drivers/STM32G0xx_HAL_Driver/Src/stm32g0xx_hal_flash_ex.c **** #ifdef HAL_FLASH_MODULE_ENABLED
  83:Drivers/STM32G0xx_HAL_Driver/Src/stm32g0xx_hal_flash_ex.c **** 
  84:Drivers/STM32G0xx_HAL_Driver/Src/stm32g0xx_hal_flash_ex.c **** /* Private typedef -----------------------------------------------------------*/
  85:Drivers/STM32G0xx_HAL_Driver/Src/stm32g0xx_hal_flash_ex.c **** /* Private define ------------------------------------------------------------*/
  86:Drivers/STM32G0xx_HAL_Driver/Src/stm32g0xx_hal_flash_ex.c **** /* Private macro -------------------------------------------------------------*/
  87:Drivers/STM32G0xx_HAL_Driver/Src/stm32g0xx_hal_flash_ex.c **** /* Private variables ---------------------------------------------------------*/
  88:Drivers/STM32G0xx_HAL_Driver/Src/stm32g0xx_hal_flash_ex.c **** /* Private function prototypes -----------------------------------------------*/
  89:Drivers/STM32G0xx_HAL_Driver/Src/stm32g0xx_hal_flash_ex.c **** /** @defgroup FLASHEx_Private_Functions FLASHEx Private Functions
ARM GAS  C:\Users\Asus\AppData\Local\Temp\ccAKbHJD.s 			page 3


  90:Drivers/STM32G0xx_HAL_Driver/Src/stm32g0xx_hal_flash_ex.c ****   * @{
  91:Drivers/STM32G0xx_HAL_Driver/Src/stm32g0xx_hal_flash_ex.c ****   */
  92:Drivers/STM32G0xx_HAL_Driver/Src/stm32g0xx_hal_flash_ex.c **** static void               FLASH_MassErase(uint32_t Banks);
  93:Drivers/STM32G0xx_HAL_Driver/Src/stm32g0xx_hal_flash_ex.c **** void                      FLASH_FlushCaches(void);
  94:Drivers/STM32G0xx_HAL_Driver/Src/stm32g0xx_hal_flash_ex.c **** static void               FLASH_OB_WRPConfig(uint32_t WRPArea, uint32_t WRPStartOffset, uint32_t WR
  95:Drivers/STM32G0xx_HAL_Driver/Src/stm32g0xx_hal_flash_ex.c **** static void               FLASH_OB_GetWRP(uint32_t WRPArea, uint32_t *WRPStartOffset, uint32_t *WRD
  96:Drivers/STM32G0xx_HAL_Driver/Src/stm32g0xx_hal_flash_ex.c **** static void               FLASH_OB_OptrConfig(uint32_t UserType, uint32_t UserConfig, uint32_t RDPL
  97:Drivers/STM32G0xx_HAL_Driver/Src/stm32g0xx_hal_flash_ex.c **** static uint32_t           FLASH_OB_GetRDP(void);
  98:Drivers/STM32G0xx_HAL_Driver/Src/stm32g0xx_hal_flash_ex.c **** static uint32_t           FLASH_OB_GetUser(void);
  99:Drivers/STM32G0xx_HAL_Driver/Src/stm32g0xx_hal_flash_ex.c **** #if defined(FLASH_PCROP_SUPPORT)
 100:Drivers/STM32G0xx_HAL_Driver/Src/stm32g0xx_hal_flash_ex.c **** static void               FLASH_OB_PCROP1AConfig(uint32_t PCROPConfig, uint32_t PCROP1AStartAddr,
 101:Drivers/STM32G0xx_HAL_Driver/Src/stm32g0xx_hal_flash_ex.c ****                                                  uint32_t PCROP1AEndAddr);
 102:Drivers/STM32G0xx_HAL_Driver/Src/stm32g0xx_hal_flash_ex.c **** static void               FLASH_OB_PCROP1BConfig(uint32_t PCROP1BStartAddr, uint32_t PCROP1BEndAddr
 103:Drivers/STM32G0xx_HAL_Driver/Src/stm32g0xx_hal_flash_ex.c **** static void               FLASH_OB_GetPCROP1A(uint32_t *PCROPConfig, uint32_t *PCROP1AStartAddr,
 104:Drivers/STM32G0xx_HAL_Driver/Src/stm32g0xx_hal_flash_ex.c ****                                               uint32_t *PCROP1AEndAddr);
 105:Drivers/STM32G0xx_HAL_Driver/Src/stm32g0xx_hal_flash_ex.c **** static void               FLASH_OB_GetPCROP1B(uint32_t *PCROP1BStartAddr, uint32_t *PCROP1BEndAddr)
 106:Drivers/STM32G0xx_HAL_Driver/Src/stm32g0xx_hal_flash_ex.c **** #if defined(FLASH_DBANK_SUPPORT)
 107:Drivers/STM32G0xx_HAL_Driver/Src/stm32g0xx_hal_flash_ex.c **** static void               FLASH_OB_PCROP2AConfig(uint32_t PCROP2AStartAddr, uint32_t PCROP2AEndAddr
 108:Drivers/STM32G0xx_HAL_Driver/Src/stm32g0xx_hal_flash_ex.c **** static void               FLASH_OB_PCROP2BConfig(uint32_t PCROP2BStartAddr, uint32_t PCROP2BEndAddr
 109:Drivers/STM32G0xx_HAL_Driver/Src/stm32g0xx_hal_flash_ex.c **** static void               FLASH_OB_GetPCROP2A(uint32_t *PCROP2AStartAddr, uint32_t *PCROP2AEndAddr)
 110:Drivers/STM32G0xx_HAL_Driver/Src/stm32g0xx_hal_flash_ex.c **** static void               FLASH_OB_GetPCROP2B(uint32_t *PCROP2BStartAddr, uint32_t *PCROP2BEndAddr)
 111:Drivers/STM32G0xx_HAL_Driver/Src/stm32g0xx_hal_flash_ex.c **** #endif /* FLASH_DBANK_SUPPORT */
 112:Drivers/STM32G0xx_HAL_Driver/Src/stm32g0xx_hal_flash_ex.c **** #endif /* FLASH_PCROP_SUPPORT */
 113:Drivers/STM32G0xx_HAL_Driver/Src/stm32g0xx_hal_flash_ex.c **** #if defined(FLASH_SECURABLE_MEMORY_SUPPORT)
 114:Drivers/STM32G0xx_HAL_Driver/Src/stm32g0xx_hal_flash_ex.c **** #if defined(FLASH_DBANK_SUPPORT)
 115:Drivers/STM32G0xx_HAL_Driver/Src/stm32g0xx_hal_flash_ex.c **** static void               FLASH_OB_SecMemConfig(uint32_t BootEntry, uint32_t SecSize, uint32_t SecS
 116:Drivers/STM32G0xx_HAL_Driver/Src/stm32g0xx_hal_flash_ex.c **** static void               FLASH_OB_GetSecMem(uint32_t *BootEntry, uint32_t *SecSize, uint32_t *SecS
 117:Drivers/STM32G0xx_HAL_Driver/Src/stm32g0xx_hal_flash_ex.c **** #else
 118:Drivers/STM32G0xx_HAL_Driver/Src/stm32g0xx_hal_flash_ex.c **** static void               FLASH_OB_SecMemConfig(uint32_t BootEntry, uint32_t SecSize);
 119:Drivers/STM32G0xx_HAL_Driver/Src/stm32g0xx_hal_flash_ex.c **** static void               FLASH_OB_GetSecMem(uint32_t *BootEntry, uint32_t *SecSize);
 120:Drivers/STM32G0xx_HAL_Driver/Src/stm32g0xx_hal_flash_ex.c **** #endif /* FLASH_DBANK_SUPPORT */
 121:Drivers/STM32G0xx_HAL_Driver/Src/stm32g0xx_hal_flash_ex.c **** #endif /* FLASH_SECURABLE_MEMORY_SUPPORT */
 122:Drivers/STM32G0xx_HAL_Driver/Src/stm32g0xx_hal_flash_ex.c **** /**
 123:Drivers/STM32G0xx_HAL_Driver/Src/stm32g0xx_hal_flash_ex.c ****   * @}
 124:Drivers/STM32G0xx_HAL_Driver/Src/stm32g0xx_hal_flash_ex.c ****   */
 125:Drivers/STM32G0xx_HAL_Driver/Src/stm32g0xx_hal_flash_ex.c **** 
 126:Drivers/STM32G0xx_HAL_Driver/Src/stm32g0xx_hal_flash_ex.c **** /* Exported functions -------------------------------------------------------*/
 127:Drivers/STM32G0xx_HAL_Driver/Src/stm32g0xx_hal_flash_ex.c **** /** @defgroup FLASHEx_Exported_Functions FLASH Extended Exported Functions
 128:Drivers/STM32G0xx_HAL_Driver/Src/stm32g0xx_hal_flash_ex.c ****   * @{
 129:Drivers/STM32G0xx_HAL_Driver/Src/stm32g0xx_hal_flash_ex.c ****   */
 130:Drivers/STM32G0xx_HAL_Driver/Src/stm32g0xx_hal_flash_ex.c **** 
 131:Drivers/STM32G0xx_HAL_Driver/Src/stm32g0xx_hal_flash_ex.c **** /** @defgroup FLASHEx_Exported_Functions_Group1 Extended IO operation functions
 132:Drivers/STM32G0xx_HAL_Driver/Src/stm32g0xx_hal_flash_ex.c ****   *  @brief   Extended IO operation functions
 133:Drivers/STM32G0xx_HAL_Driver/Src/stm32g0xx_hal_flash_ex.c ****   *
 134:Drivers/STM32G0xx_HAL_Driver/Src/stm32g0xx_hal_flash_ex.c **** @verbatim
 135:Drivers/STM32G0xx_HAL_Driver/Src/stm32g0xx_hal_flash_ex.c ****  ===============================================================================
 136:Drivers/STM32G0xx_HAL_Driver/Src/stm32g0xx_hal_flash_ex.c ****                 ##### Extended programming operation functions #####
 137:Drivers/STM32G0xx_HAL_Driver/Src/stm32g0xx_hal_flash_ex.c ****  ===============================================================================
 138:Drivers/STM32G0xx_HAL_Driver/Src/stm32g0xx_hal_flash_ex.c ****     [..]
 139:Drivers/STM32G0xx_HAL_Driver/Src/stm32g0xx_hal_flash_ex.c ****     This subsection provides a set of functions allowing to manage the Extended FLASH
 140:Drivers/STM32G0xx_HAL_Driver/Src/stm32g0xx_hal_flash_ex.c ****     programming operations Operations.
 141:Drivers/STM32G0xx_HAL_Driver/Src/stm32g0xx_hal_flash_ex.c **** 
 142:Drivers/STM32G0xx_HAL_Driver/Src/stm32g0xx_hal_flash_ex.c **** @endverbatim
 143:Drivers/STM32G0xx_HAL_Driver/Src/stm32g0xx_hal_flash_ex.c ****   * @{
 144:Drivers/STM32G0xx_HAL_Driver/Src/stm32g0xx_hal_flash_ex.c ****   */
 145:Drivers/STM32G0xx_HAL_Driver/Src/stm32g0xx_hal_flash_ex.c **** /**
 146:Drivers/STM32G0xx_HAL_Driver/Src/stm32g0xx_hal_flash_ex.c ****   * @brief  Perform a mass erase or erase the specified FLASH memory pages.
ARM GAS  C:\Users\Asus\AppData\Local\Temp\ccAKbHJD.s 			page 4


 147:Drivers/STM32G0xx_HAL_Driver/Src/stm32g0xx_hal_flash_ex.c ****   * @param[in]  pEraseInit Pointer to an @ref FLASH_EraseInitTypeDef structure that
 148:Drivers/STM32G0xx_HAL_Driver/Src/stm32g0xx_hal_flash_ex.c ****   *         contains the configuration information for the erasing.
 149:Drivers/STM32G0xx_HAL_Driver/Src/stm32g0xx_hal_flash_ex.c ****   * @param[out]  PageError Pointer to variable that contains the configuration
 150:Drivers/STM32G0xx_HAL_Driver/Src/stm32g0xx_hal_flash_ex.c ****   *         information on faulty page in case of error (0xFFFFFFFF means that all
 151:Drivers/STM32G0xx_HAL_Driver/Src/stm32g0xx_hal_flash_ex.c ****   *         the pages have been correctly erased)
 152:Drivers/STM32G0xx_HAL_Driver/Src/stm32g0xx_hal_flash_ex.c ****   * @retval HAL Status
 153:Drivers/STM32G0xx_HAL_Driver/Src/stm32g0xx_hal_flash_ex.c ****   */
 154:Drivers/STM32G0xx_HAL_Driver/Src/stm32g0xx_hal_flash_ex.c **** HAL_StatusTypeDef HAL_FLASHEx_Erase(FLASH_EraseInitTypeDef *pEraseInit, uint32_t *PageError)
 155:Drivers/STM32G0xx_HAL_Driver/Src/stm32g0xx_hal_flash_ex.c **** {
 156:Drivers/STM32G0xx_HAL_Driver/Src/stm32g0xx_hal_flash_ex.c ****   HAL_StatusTypeDef status;
 157:Drivers/STM32G0xx_HAL_Driver/Src/stm32g0xx_hal_flash_ex.c ****   uint32_t index;
 158:Drivers/STM32G0xx_HAL_Driver/Src/stm32g0xx_hal_flash_ex.c **** 
 159:Drivers/STM32G0xx_HAL_Driver/Src/stm32g0xx_hal_flash_ex.c ****   /* Check the parameters */
 160:Drivers/STM32G0xx_HAL_Driver/Src/stm32g0xx_hal_flash_ex.c ****   assert_param(IS_FLASH_TYPEERASE(pEraseInit->TypeErase));
 161:Drivers/STM32G0xx_HAL_Driver/Src/stm32g0xx_hal_flash_ex.c **** 
 162:Drivers/STM32G0xx_HAL_Driver/Src/stm32g0xx_hal_flash_ex.c ****   /* Process Locked */
 163:Drivers/STM32G0xx_HAL_Driver/Src/stm32g0xx_hal_flash_ex.c ****   __HAL_LOCK(&pFlash);
 164:Drivers/STM32G0xx_HAL_Driver/Src/stm32g0xx_hal_flash_ex.c **** 
 165:Drivers/STM32G0xx_HAL_Driver/Src/stm32g0xx_hal_flash_ex.c ****   /* Reset error code */
 166:Drivers/STM32G0xx_HAL_Driver/Src/stm32g0xx_hal_flash_ex.c ****   pFlash.ErrorCode = HAL_FLASH_ERROR_NONE;
 167:Drivers/STM32G0xx_HAL_Driver/Src/stm32g0xx_hal_flash_ex.c **** 
 168:Drivers/STM32G0xx_HAL_Driver/Src/stm32g0xx_hal_flash_ex.c ****   /* Wait for last operation to be completed */
 169:Drivers/STM32G0xx_HAL_Driver/Src/stm32g0xx_hal_flash_ex.c ****   status = FLASH_WaitForLastOperation(FLASH_TIMEOUT_VALUE);
 170:Drivers/STM32G0xx_HAL_Driver/Src/stm32g0xx_hal_flash_ex.c **** 
 171:Drivers/STM32G0xx_HAL_Driver/Src/stm32g0xx_hal_flash_ex.c ****   if (status == HAL_OK)
 172:Drivers/STM32G0xx_HAL_Driver/Src/stm32g0xx_hal_flash_ex.c ****   {
 173:Drivers/STM32G0xx_HAL_Driver/Src/stm32g0xx_hal_flash_ex.c **** #if !defined(FLASH_DBANK_SUPPORT)
 174:Drivers/STM32G0xx_HAL_Driver/Src/stm32g0xx_hal_flash_ex.c ****     /* For single bank product force Banks to Bank 1 */
 175:Drivers/STM32G0xx_HAL_Driver/Src/stm32g0xx_hal_flash_ex.c ****     pEraseInit->Banks = FLASH_BANK_1;
 176:Drivers/STM32G0xx_HAL_Driver/Src/stm32g0xx_hal_flash_ex.c **** #endif /* FLASH_DBANK_SUPPORT */
 177:Drivers/STM32G0xx_HAL_Driver/Src/stm32g0xx_hal_flash_ex.c **** 
 178:Drivers/STM32G0xx_HAL_Driver/Src/stm32g0xx_hal_flash_ex.c ****     if (pEraseInit->TypeErase == FLASH_TYPEERASE_MASS)
 179:Drivers/STM32G0xx_HAL_Driver/Src/stm32g0xx_hal_flash_ex.c ****     {
 180:Drivers/STM32G0xx_HAL_Driver/Src/stm32g0xx_hal_flash_ex.c ****       /* Proceed to Mass Erase */
 181:Drivers/STM32G0xx_HAL_Driver/Src/stm32g0xx_hal_flash_ex.c ****       FLASH_MassErase(pEraseInit->Banks);
 182:Drivers/STM32G0xx_HAL_Driver/Src/stm32g0xx_hal_flash_ex.c **** 
 183:Drivers/STM32G0xx_HAL_Driver/Src/stm32g0xx_hal_flash_ex.c ****       /* Wait for last operation to be completed */
 184:Drivers/STM32G0xx_HAL_Driver/Src/stm32g0xx_hal_flash_ex.c ****       status = FLASH_WaitForLastOperation(FLASH_TIMEOUT_VALUE);
 185:Drivers/STM32G0xx_HAL_Driver/Src/stm32g0xx_hal_flash_ex.c ****     }
 186:Drivers/STM32G0xx_HAL_Driver/Src/stm32g0xx_hal_flash_ex.c ****     else
 187:Drivers/STM32G0xx_HAL_Driver/Src/stm32g0xx_hal_flash_ex.c ****     {
 188:Drivers/STM32G0xx_HAL_Driver/Src/stm32g0xx_hal_flash_ex.c ****       /*Initialization of PageError variable*/
 189:Drivers/STM32G0xx_HAL_Driver/Src/stm32g0xx_hal_flash_ex.c ****       *PageError = 0xFFFFFFFFU;
 190:Drivers/STM32G0xx_HAL_Driver/Src/stm32g0xx_hal_flash_ex.c **** 
 191:Drivers/STM32G0xx_HAL_Driver/Src/stm32g0xx_hal_flash_ex.c ****       for (index = pEraseInit->Page; index < (pEraseInit->Page + pEraseInit->NbPages); index++)
 192:Drivers/STM32G0xx_HAL_Driver/Src/stm32g0xx_hal_flash_ex.c ****       {
 193:Drivers/STM32G0xx_HAL_Driver/Src/stm32g0xx_hal_flash_ex.c ****         /* Start erase page */
 194:Drivers/STM32G0xx_HAL_Driver/Src/stm32g0xx_hal_flash_ex.c ****         FLASH_PageErase(pEraseInit->Banks, index);
 195:Drivers/STM32G0xx_HAL_Driver/Src/stm32g0xx_hal_flash_ex.c **** 
 196:Drivers/STM32G0xx_HAL_Driver/Src/stm32g0xx_hal_flash_ex.c ****         /* Wait for last operation to be completed */
 197:Drivers/STM32G0xx_HAL_Driver/Src/stm32g0xx_hal_flash_ex.c ****         status = FLASH_WaitForLastOperation(FLASH_TIMEOUT_VALUE);
 198:Drivers/STM32G0xx_HAL_Driver/Src/stm32g0xx_hal_flash_ex.c **** 
 199:Drivers/STM32G0xx_HAL_Driver/Src/stm32g0xx_hal_flash_ex.c ****         if (status != HAL_OK)
 200:Drivers/STM32G0xx_HAL_Driver/Src/stm32g0xx_hal_flash_ex.c ****         {
 201:Drivers/STM32G0xx_HAL_Driver/Src/stm32g0xx_hal_flash_ex.c ****           /* In case of error, stop erase procedure and return the faulty address */
 202:Drivers/STM32G0xx_HAL_Driver/Src/stm32g0xx_hal_flash_ex.c ****           *PageError = index;
 203:Drivers/STM32G0xx_HAL_Driver/Src/stm32g0xx_hal_flash_ex.c ****           break;
ARM GAS  C:\Users\Asus\AppData\Local\Temp\ccAKbHJD.s 			page 5


 204:Drivers/STM32G0xx_HAL_Driver/Src/stm32g0xx_hal_flash_ex.c ****         }
 205:Drivers/STM32G0xx_HAL_Driver/Src/stm32g0xx_hal_flash_ex.c ****       }
 206:Drivers/STM32G0xx_HAL_Driver/Src/stm32g0xx_hal_flash_ex.c **** 
 207:Drivers/STM32G0xx_HAL_Driver/Src/stm32g0xx_hal_flash_ex.c ****       /* If operation is completed or interrupted, disable the Page Erase Bit */
 208:Drivers/STM32G0xx_HAL_Driver/Src/stm32g0xx_hal_flash_ex.c ****       CLEAR_BIT(FLASH->CR, FLASH_CR_PER);
 209:Drivers/STM32G0xx_HAL_Driver/Src/stm32g0xx_hal_flash_ex.c ****     }
 210:Drivers/STM32G0xx_HAL_Driver/Src/stm32g0xx_hal_flash_ex.c ****   }
 211:Drivers/STM32G0xx_HAL_Driver/Src/stm32g0xx_hal_flash_ex.c **** 
 212:Drivers/STM32G0xx_HAL_Driver/Src/stm32g0xx_hal_flash_ex.c ****   /* Process Unlocked */
 213:Drivers/STM32G0xx_HAL_Driver/Src/stm32g0xx_hal_flash_ex.c ****   __HAL_UNLOCK(&pFlash);
 214:Drivers/STM32G0xx_HAL_Driver/Src/stm32g0xx_hal_flash_ex.c **** 
 215:Drivers/STM32G0xx_HAL_Driver/Src/stm32g0xx_hal_flash_ex.c ****   /* return status */
 216:Drivers/STM32G0xx_HAL_Driver/Src/stm32g0xx_hal_flash_ex.c ****   return status;
 217:Drivers/STM32G0xx_HAL_Driver/Src/stm32g0xx_hal_flash_ex.c **** }
 218:Drivers/STM32G0xx_HAL_Driver/Src/stm32g0xx_hal_flash_ex.c **** 
 219:Drivers/STM32G0xx_HAL_Driver/Src/stm32g0xx_hal_flash_ex.c **** 
 220:Drivers/STM32G0xx_HAL_Driver/Src/stm32g0xx_hal_flash_ex.c **** /**
 221:Drivers/STM32G0xx_HAL_Driver/Src/stm32g0xx_hal_flash_ex.c ****   * @brief  Perform a mass erase or erase the specified FLASH memory pages with interrupt enabled.
 222:Drivers/STM32G0xx_HAL_Driver/Src/stm32g0xx_hal_flash_ex.c ****   * @param  pEraseInit Pointer to an @ref FLASH_EraseInitTypeDef structure that
 223:Drivers/STM32G0xx_HAL_Driver/Src/stm32g0xx_hal_flash_ex.c ****   *         contains the configuration information for the erasing.
 224:Drivers/STM32G0xx_HAL_Driver/Src/stm32g0xx_hal_flash_ex.c ****   * @retval HAL Status
 225:Drivers/STM32G0xx_HAL_Driver/Src/stm32g0xx_hal_flash_ex.c ****   */
 226:Drivers/STM32G0xx_HAL_Driver/Src/stm32g0xx_hal_flash_ex.c **** HAL_StatusTypeDef HAL_FLASHEx_Erase_IT(FLASH_EraseInitTypeDef *pEraseInit)
 227:Drivers/STM32G0xx_HAL_Driver/Src/stm32g0xx_hal_flash_ex.c **** {
 228:Drivers/STM32G0xx_HAL_Driver/Src/stm32g0xx_hal_flash_ex.c ****   HAL_StatusTypeDef status;
 229:Drivers/STM32G0xx_HAL_Driver/Src/stm32g0xx_hal_flash_ex.c **** 
 230:Drivers/STM32G0xx_HAL_Driver/Src/stm32g0xx_hal_flash_ex.c ****   /* Check the parameters */
 231:Drivers/STM32G0xx_HAL_Driver/Src/stm32g0xx_hal_flash_ex.c ****   assert_param(IS_FLASH_TYPEERASE(pEraseInit->TypeErase));
 232:Drivers/STM32G0xx_HAL_Driver/Src/stm32g0xx_hal_flash_ex.c **** 
 233:Drivers/STM32G0xx_HAL_Driver/Src/stm32g0xx_hal_flash_ex.c ****   /* Process Locked */
 234:Drivers/STM32G0xx_HAL_Driver/Src/stm32g0xx_hal_flash_ex.c ****   __HAL_LOCK(&pFlash);
 235:Drivers/STM32G0xx_HAL_Driver/Src/stm32g0xx_hal_flash_ex.c **** 
 236:Drivers/STM32G0xx_HAL_Driver/Src/stm32g0xx_hal_flash_ex.c ****   /* Reset error code */
 237:Drivers/STM32G0xx_HAL_Driver/Src/stm32g0xx_hal_flash_ex.c ****   pFlash.ErrorCode = HAL_FLASH_ERROR_NONE;
 238:Drivers/STM32G0xx_HAL_Driver/Src/stm32g0xx_hal_flash_ex.c **** 
 239:Drivers/STM32G0xx_HAL_Driver/Src/stm32g0xx_hal_flash_ex.c ****   /* save procedure for interrupt treatment */
 240:Drivers/STM32G0xx_HAL_Driver/Src/stm32g0xx_hal_flash_ex.c ****   pFlash.ProcedureOnGoing = pEraseInit->TypeErase;
 241:Drivers/STM32G0xx_HAL_Driver/Src/stm32g0xx_hal_flash_ex.c **** 
 242:Drivers/STM32G0xx_HAL_Driver/Src/stm32g0xx_hal_flash_ex.c ****   /* Wait for last operation to be completed */
 243:Drivers/STM32G0xx_HAL_Driver/Src/stm32g0xx_hal_flash_ex.c ****   status = FLASH_WaitForLastOperation(FLASH_TIMEOUT_VALUE);
 244:Drivers/STM32G0xx_HAL_Driver/Src/stm32g0xx_hal_flash_ex.c **** 
 245:Drivers/STM32G0xx_HAL_Driver/Src/stm32g0xx_hal_flash_ex.c ****   if (status != HAL_OK)
 246:Drivers/STM32G0xx_HAL_Driver/Src/stm32g0xx_hal_flash_ex.c ****   {
 247:Drivers/STM32G0xx_HAL_Driver/Src/stm32g0xx_hal_flash_ex.c ****     /* Process Unlocked */
 248:Drivers/STM32G0xx_HAL_Driver/Src/stm32g0xx_hal_flash_ex.c ****     __HAL_UNLOCK(&pFlash);
 249:Drivers/STM32G0xx_HAL_Driver/Src/stm32g0xx_hal_flash_ex.c ****   }
 250:Drivers/STM32G0xx_HAL_Driver/Src/stm32g0xx_hal_flash_ex.c ****   else
 251:Drivers/STM32G0xx_HAL_Driver/Src/stm32g0xx_hal_flash_ex.c ****   {
 252:Drivers/STM32G0xx_HAL_Driver/Src/stm32g0xx_hal_flash_ex.c **** #if !defined(FLASH_DBANK_SUPPORT)
 253:Drivers/STM32G0xx_HAL_Driver/Src/stm32g0xx_hal_flash_ex.c ****     /* For single bank product force Banks to Bank 1 */
 254:Drivers/STM32G0xx_HAL_Driver/Src/stm32g0xx_hal_flash_ex.c ****     pEraseInit->Banks = FLASH_BANK_1;
 255:Drivers/STM32G0xx_HAL_Driver/Src/stm32g0xx_hal_flash_ex.c **** #endif /* FLASH_DBANK_SUPPORT */
 256:Drivers/STM32G0xx_HAL_Driver/Src/stm32g0xx_hal_flash_ex.c ****     /* Store Bank number */
 257:Drivers/STM32G0xx_HAL_Driver/Src/stm32g0xx_hal_flash_ex.c ****     pFlash.Banks = pEraseInit->Banks;
 258:Drivers/STM32G0xx_HAL_Driver/Src/stm32g0xx_hal_flash_ex.c **** 
 259:Drivers/STM32G0xx_HAL_Driver/Src/stm32g0xx_hal_flash_ex.c ****     /* Enable End of Operation and Error interrupts */
 260:Drivers/STM32G0xx_HAL_Driver/Src/stm32g0xx_hal_flash_ex.c ****     FLASH->CR |= FLASH_CR_EOPIE | FLASH_CR_ERRIE;
ARM GAS  C:\Users\Asus\AppData\Local\Temp\ccAKbHJD.s 			page 6


 261:Drivers/STM32G0xx_HAL_Driver/Src/stm32g0xx_hal_flash_ex.c **** 
 262:Drivers/STM32G0xx_HAL_Driver/Src/stm32g0xx_hal_flash_ex.c ****     if (pEraseInit->TypeErase == FLASH_TYPEERASE_MASS)
 263:Drivers/STM32G0xx_HAL_Driver/Src/stm32g0xx_hal_flash_ex.c ****     {
 264:Drivers/STM32G0xx_HAL_Driver/Src/stm32g0xx_hal_flash_ex.c ****       /* Set Page to 0 for Interrupt callback management */
 265:Drivers/STM32G0xx_HAL_Driver/Src/stm32g0xx_hal_flash_ex.c ****       pFlash.Page = 0;
 266:Drivers/STM32G0xx_HAL_Driver/Src/stm32g0xx_hal_flash_ex.c **** 
 267:Drivers/STM32G0xx_HAL_Driver/Src/stm32g0xx_hal_flash_ex.c ****       /* Proceed to Mass Erase */
 268:Drivers/STM32G0xx_HAL_Driver/Src/stm32g0xx_hal_flash_ex.c ****       FLASH_MassErase(pEraseInit->Banks);
 269:Drivers/STM32G0xx_HAL_Driver/Src/stm32g0xx_hal_flash_ex.c ****     }
 270:Drivers/STM32G0xx_HAL_Driver/Src/stm32g0xx_hal_flash_ex.c ****     else
 271:Drivers/STM32G0xx_HAL_Driver/Src/stm32g0xx_hal_flash_ex.c ****     {
 272:Drivers/STM32G0xx_HAL_Driver/Src/stm32g0xx_hal_flash_ex.c ****       /* Erase by page to be done */
 273:Drivers/STM32G0xx_HAL_Driver/Src/stm32g0xx_hal_flash_ex.c ****       pFlash.NbPagesToErase = pEraseInit->NbPages;
 274:Drivers/STM32G0xx_HAL_Driver/Src/stm32g0xx_hal_flash_ex.c ****       pFlash.Page = pEraseInit->Page;
 275:Drivers/STM32G0xx_HAL_Driver/Src/stm32g0xx_hal_flash_ex.c **** 
 276:Drivers/STM32G0xx_HAL_Driver/Src/stm32g0xx_hal_flash_ex.c ****       /*Erase 1st page and wait for IT */
 277:Drivers/STM32G0xx_HAL_Driver/Src/stm32g0xx_hal_flash_ex.c ****       FLASH_PageErase(pEraseInit->Banks, pEraseInit->Page);
 278:Drivers/STM32G0xx_HAL_Driver/Src/stm32g0xx_hal_flash_ex.c ****     }
 279:Drivers/STM32G0xx_HAL_Driver/Src/stm32g0xx_hal_flash_ex.c ****   }
 280:Drivers/STM32G0xx_HAL_Driver/Src/stm32g0xx_hal_flash_ex.c **** 
 281:Drivers/STM32G0xx_HAL_Driver/Src/stm32g0xx_hal_flash_ex.c ****   /* return status */
 282:Drivers/STM32G0xx_HAL_Driver/Src/stm32g0xx_hal_flash_ex.c ****   return status;
 283:Drivers/STM32G0xx_HAL_Driver/Src/stm32g0xx_hal_flash_ex.c **** }
 284:Drivers/STM32G0xx_HAL_Driver/Src/stm32g0xx_hal_flash_ex.c **** 
 285:Drivers/STM32G0xx_HAL_Driver/Src/stm32g0xx_hal_flash_ex.c **** /**
 286:Drivers/STM32G0xx_HAL_Driver/Src/stm32g0xx_hal_flash_ex.c ****   * @brief  Program Option bytes.
 287:Drivers/STM32G0xx_HAL_Driver/Src/stm32g0xx_hal_flash_ex.c ****   * @param  pOBInit Pointer to an @ref FLASH_OBProgramInitTypeDef structure that
 288:Drivers/STM32G0xx_HAL_Driver/Src/stm32g0xx_hal_flash_ex.c ****   *         contains the configuration information for the programming.
 289:Drivers/STM32G0xx_HAL_Driver/Src/stm32g0xx_hal_flash_ex.c ****   * @note   To configure any option bytes, the option lock bit OPTLOCK must be
 290:Drivers/STM32G0xx_HAL_Driver/Src/stm32g0xx_hal_flash_ex.c ****   *         cleared with the call of @ref HAL_FLASH_OB_Unlock() function.
 291:Drivers/STM32G0xx_HAL_Driver/Src/stm32g0xx_hal_flash_ex.c ****   * @note   New option bytes configuration will be taken into account only
 292:Drivers/STM32G0xx_HAL_Driver/Src/stm32g0xx_hal_flash_ex.c ****   *         - after an option bytes launch through the call of @ref HAL_FLASH_OB_Launch()
 293:Drivers/STM32G0xx_HAL_Driver/Src/stm32g0xx_hal_flash_ex.c ****   *         - a Power On Reset
 294:Drivers/STM32G0xx_HAL_Driver/Src/stm32g0xx_hal_flash_ex.c ****   *         - an exit from Standby or Shutdown mode.
 295:Drivers/STM32G0xx_HAL_Driver/Src/stm32g0xx_hal_flash_ex.c ****   * @retval HAL Status
 296:Drivers/STM32G0xx_HAL_Driver/Src/stm32g0xx_hal_flash_ex.c ****   */
 297:Drivers/STM32G0xx_HAL_Driver/Src/stm32g0xx_hal_flash_ex.c **** HAL_StatusTypeDef HAL_FLASHEx_OBProgram(FLASH_OBProgramInitTypeDef *pOBInit)
 298:Drivers/STM32G0xx_HAL_Driver/Src/stm32g0xx_hal_flash_ex.c **** {
 299:Drivers/STM32G0xx_HAL_Driver/Src/stm32g0xx_hal_flash_ex.c ****   uint32_t optr;
 300:Drivers/STM32G0xx_HAL_Driver/Src/stm32g0xx_hal_flash_ex.c ****   HAL_StatusTypeDef status;
 301:Drivers/STM32G0xx_HAL_Driver/Src/stm32g0xx_hal_flash_ex.c **** 
 302:Drivers/STM32G0xx_HAL_Driver/Src/stm32g0xx_hal_flash_ex.c ****   /* Check the parameters */
 303:Drivers/STM32G0xx_HAL_Driver/Src/stm32g0xx_hal_flash_ex.c ****   assert_param(IS_OPTIONBYTE(pOBInit->OptionType));
 304:Drivers/STM32G0xx_HAL_Driver/Src/stm32g0xx_hal_flash_ex.c **** 
 305:Drivers/STM32G0xx_HAL_Driver/Src/stm32g0xx_hal_flash_ex.c ****   /* Process Locked */
 306:Drivers/STM32G0xx_HAL_Driver/Src/stm32g0xx_hal_flash_ex.c ****   __HAL_LOCK(&pFlash);
 307:Drivers/STM32G0xx_HAL_Driver/Src/stm32g0xx_hal_flash_ex.c **** 
 308:Drivers/STM32G0xx_HAL_Driver/Src/stm32g0xx_hal_flash_ex.c ****   pFlash.ErrorCode = HAL_FLASH_ERROR_NONE;
 309:Drivers/STM32G0xx_HAL_Driver/Src/stm32g0xx_hal_flash_ex.c **** 
 310:Drivers/STM32G0xx_HAL_Driver/Src/stm32g0xx_hal_flash_ex.c ****   /* Write protection configuration */
 311:Drivers/STM32G0xx_HAL_Driver/Src/stm32g0xx_hal_flash_ex.c ****   if ((pOBInit->OptionType & OPTIONBYTE_WRP) != 0x00U)
 312:Drivers/STM32G0xx_HAL_Driver/Src/stm32g0xx_hal_flash_ex.c ****   {
 313:Drivers/STM32G0xx_HAL_Driver/Src/stm32g0xx_hal_flash_ex.c ****     /* Configure of Write protection on the selected area */
 314:Drivers/STM32G0xx_HAL_Driver/Src/stm32g0xx_hal_flash_ex.c ****     FLASH_OB_WRPConfig(pOBInit->WRPArea, pOBInit->WRPStartOffset, pOBInit->WRPEndOffset);
 315:Drivers/STM32G0xx_HAL_Driver/Src/stm32g0xx_hal_flash_ex.c ****   }
 316:Drivers/STM32G0xx_HAL_Driver/Src/stm32g0xx_hal_flash_ex.c **** 
 317:Drivers/STM32G0xx_HAL_Driver/Src/stm32g0xx_hal_flash_ex.c ****   /* Option register */
ARM GAS  C:\Users\Asus\AppData\Local\Temp\ccAKbHJD.s 			page 7


 318:Drivers/STM32G0xx_HAL_Driver/Src/stm32g0xx_hal_flash_ex.c ****   if ((pOBInit->OptionType & (OPTIONBYTE_RDP | OPTIONBYTE_USER)) == (OPTIONBYTE_RDP | OPTIONBYTE_US
 319:Drivers/STM32G0xx_HAL_Driver/Src/stm32g0xx_hal_flash_ex.c ****   {
 320:Drivers/STM32G0xx_HAL_Driver/Src/stm32g0xx_hal_flash_ex.c ****     /* Fully modify OPTR register with RDP & user data */
 321:Drivers/STM32G0xx_HAL_Driver/Src/stm32g0xx_hal_flash_ex.c ****     FLASH_OB_OptrConfig(pOBInit->USERType, pOBInit->USERConfig, pOBInit->RDPLevel);
 322:Drivers/STM32G0xx_HAL_Driver/Src/stm32g0xx_hal_flash_ex.c ****   }
 323:Drivers/STM32G0xx_HAL_Driver/Src/stm32g0xx_hal_flash_ex.c ****   else if ((pOBInit->OptionType & OPTIONBYTE_RDP) != 0x00U)
 324:Drivers/STM32G0xx_HAL_Driver/Src/stm32g0xx_hal_flash_ex.c ****   {
 325:Drivers/STM32G0xx_HAL_Driver/Src/stm32g0xx_hal_flash_ex.c ****     /* Only modify RDP so get current user data */
 326:Drivers/STM32G0xx_HAL_Driver/Src/stm32g0xx_hal_flash_ex.c ****     optr = FLASH_OB_GetUser();
 327:Drivers/STM32G0xx_HAL_Driver/Src/stm32g0xx_hal_flash_ex.c ****     FLASH_OB_OptrConfig(optr, optr, pOBInit->RDPLevel);
 328:Drivers/STM32G0xx_HAL_Driver/Src/stm32g0xx_hal_flash_ex.c ****   }
 329:Drivers/STM32G0xx_HAL_Driver/Src/stm32g0xx_hal_flash_ex.c ****   else if ((pOBInit->OptionType & OPTIONBYTE_USER) != 0x00U)
 330:Drivers/STM32G0xx_HAL_Driver/Src/stm32g0xx_hal_flash_ex.c ****   {
 331:Drivers/STM32G0xx_HAL_Driver/Src/stm32g0xx_hal_flash_ex.c ****     /* Only modify user so get current RDP level */
 332:Drivers/STM32G0xx_HAL_Driver/Src/stm32g0xx_hal_flash_ex.c ****     optr = FLASH_OB_GetRDP();
 333:Drivers/STM32G0xx_HAL_Driver/Src/stm32g0xx_hal_flash_ex.c ****     FLASH_OB_OptrConfig(pOBInit->USERType, pOBInit->USERConfig, optr);
 334:Drivers/STM32G0xx_HAL_Driver/Src/stm32g0xx_hal_flash_ex.c ****   }
 335:Drivers/STM32G0xx_HAL_Driver/Src/stm32g0xx_hal_flash_ex.c ****   else
 336:Drivers/STM32G0xx_HAL_Driver/Src/stm32g0xx_hal_flash_ex.c ****   {
 337:Drivers/STM32G0xx_HAL_Driver/Src/stm32g0xx_hal_flash_ex.c ****     /* nothing to do */
 338:Drivers/STM32G0xx_HAL_Driver/Src/stm32g0xx_hal_flash_ex.c ****   }
 339:Drivers/STM32G0xx_HAL_Driver/Src/stm32g0xx_hal_flash_ex.c **** 
 340:Drivers/STM32G0xx_HAL_Driver/Src/stm32g0xx_hal_flash_ex.c **** #if defined(FLASH_PCROP_SUPPORT)
 341:Drivers/STM32G0xx_HAL_Driver/Src/stm32g0xx_hal_flash_ex.c ****   /* PCROP Configuration */
 342:Drivers/STM32G0xx_HAL_Driver/Src/stm32g0xx_hal_flash_ex.c ****   if ((pOBInit->OptionType & OPTIONBYTE_PCROP) != 0x00U)
 343:Drivers/STM32G0xx_HAL_Driver/Src/stm32g0xx_hal_flash_ex.c ****   {
 344:Drivers/STM32G0xx_HAL_Driver/Src/stm32g0xx_hal_flash_ex.c ****     /* Check the parameters */
 345:Drivers/STM32G0xx_HAL_Driver/Src/stm32g0xx_hal_flash_ex.c ****     assert_param(IS_OB_PCROP_CONFIG(pOBInit->PCROPConfig));
 346:Drivers/STM32G0xx_HAL_Driver/Src/stm32g0xx_hal_flash_ex.c **** 
 347:Drivers/STM32G0xx_HAL_Driver/Src/stm32g0xx_hal_flash_ex.c ****     if ((pOBInit->PCROPConfig & (OB_PCROP_ZONE_A | OB_PCROP_RDP_ERASE)) != 0x00U)
 348:Drivers/STM32G0xx_HAL_Driver/Src/stm32g0xx_hal_flash_ex.c ****     {
 349:Drivers/STM32G0xx_HAL_Driver/Src/stm32g0xx_hal_flash_ex.c ****       /* Configure the 1A Proprietary code readout protection */
 350:Drivers/STM32G0xx_HAL_Driver/Src/stm32g0xx_hal_flash_ex.c ****       FLASH_OB_PCROP1AConfig(pOBInit->PCROPConfig, pOBInit->PCROP1AStartAddr, pOBInit->PCROP1AEndAd
 351:Drivers/STM32G0xx_HAL_Driver/Src/stm32g0xx_hal_flash_ex.c ****     }
 352:Drivers/STM32G0xx_HAL_Driver/Src/stm32g0xx_hal_flash_ex.c **** 
 353:Drivers/STM32G0xx_HAL_Driver/Src/stm32g0xx_hal_flash_ex.c ****     if ((pOBInit->PCROPConfig & OB_PCROP_ZONE_B) != 0x00U)
 354:Drivers/STM32G0xx_HAL_Driver/Src/stm32g0xx_hal_flash_ex.c ****     {
 355:Drivers/STM32G0xx_HAL_Driver/Src/stm32g0xx_hal_flash_ex.c ****       /* Configure the 1B Proprietary code readout protection */
 356:Drivers/STM32G0xx_HAL_Driver/Src/stm32g0xx_hal_flash_ex.c ****       FLASH_OB_PCROP1BConfig(pOBInit->PCROP1BStartAddr, pOBInit->PCROP1BEndAddr);
 357:Drivers/STM32G0xx_HAL_Driver/Src/stm32g0xx_hal_flash_ex.c ****     }
 358:Drivers/STM32G0xx_HAL_Driver/Src/stm32g0xx_hal_flash_ex.c **** 
 359:Drivers/STM32G0xx_HAL_Driver/Src/stm32g0xx_hal_flash_ex.c **** #if defined(FLASH_DBANK_SUPPORT)
 360:Drivers/STM32G0xx_HAL_Driver/Src/stm32g0xx_hal_flash_ex.c ****     if ((pOBInit->PCROPConfig & OB_PCROP_ZONE2_A) != 0x00U)
 361:Drivers/STM32G0xx_HAL_Driver/Src/stm32g0xx_hal_flash_ex.c ****     {
 362:Drivers/STM32G0xx_HAL_Driver/Src/stm32g0xx_hal_flash_ex.c ****       /* Configure the 2A Proprietary code readout protection */
 363:Drivers/STM32G0xx_HAL_Driver/Src/stm32g0xx_hal_flash_ex.c ****       FLASH_OB_PCROP2AConfig(pOBInit->PCROP2AStartAddr, pOBInit->PCROP2AEndAddr);
 364:Drivers/STM32G0xx_HAL_Driver/Src/stm32g0xx_hal_flash_ex.c ****     }
 365:Drivers/STM32G0xx_HAL_Driver/Src/stm32g0xx_hal_flash_ex.c **** 
 366:Drivers/STM32G0xx_HAL_Driver/Src/stm32g0xx_hal_flash_ex.c ****     if ((pOBInit->PCROPConfig & OB_PCROP_ZONE2_B) != 0x00U)
 367:Drivers/STM32G0xx_HAL_Driver/Src/stm32g0xx_hal_flash_ex.c ****     {
 368:Drivers/STM32G0xx_HAL_Driver/Src/stm32g0xx_hal_flash_ex.c ****       /* Configure the 2B Proprietary code readout protection */
 369:Drivers/STM32G0xx_HAL_Driver/Src/stm32g0xx_hal_flash_ex.c ****       FLASH_OB_PCROP2BConfig(pOBInit->PCROP2BStartAddr, pOBInit->PCROP2BEndAddr);
 370:Drivers/STM32G0xx_HAL_Driver/Src/stm32g0xx_hal_flash_ex.c ****     }
 371:Drivers/STM32G0xx_HAL_Driver/Src/stm32g0xx_hal_flash_ex.c **** #endif /* FLASH_DBANK_SUPPORT */
 372:Drivers/STM32G0xx_HAL_Driver/Src/stm32g0xx_hal_flash_ex.c ****   }
 373:Drivers/STM32G0xx_HAL_Driver/Src/stm32g0xx_hal_flash_ex.c **** #endif /* FLASH_PCROP_SUPPORT */
 374:Drivers/STM32G0xx_HAL_Driver/Src/stm32g0xx_hal_flash_ex.c **** 
ARM GAS  C:\Users\Asus\AppData\Local\Temp\ccAKbHJD.s 			page 8


 375:Drivers/STM32G0xx_HAL_Driver/Src/stm32g0xx_hal_flash_ex.c **** #if defined(FLASH_SECURABLE_MEMORY_SUPPORT)
 376:Drivers/STM32G0xx_HAL_Driver/Src/stm32g0xx_hal_flash_ex.c ****   /* Securable Memory Area Configuration */
 377:Drivers/STM32G0xx_HAL_Driver/Src/stm32g0xx_hal_flash_ex.c ****   if ((pOBInit->OptionType & OPTIONBYTE_SEC) != 0x00U)
 378:Drivers/STM32G0xx_HAL_Driver/Src/stm32g0xx_hal_flash_ex.c ****   {
 379:Drivers/STM32G0xx_HAL_Driver/Src/stm32g0xx_hal_flash_ex.c **** #if defined(FLASH_DBANK_SUPPORT)
 380:Drivers/STM32G0xx_HAL_Driver/Src/stm32g0xx_hal_flash_ex.c ****     /* Configure the securable memory area protection */
 381:Drivers/STM32G0xx_HAL_Driver/Src/stm32g0xx_hal_flash_ex.c ****     FLASH_OB_SecMemConfig(pOBInit->BootEntryPoint, pOBInit->SecSize, pOBInit->SecSize2);
 382:Drivers/STM32G0xx_HAL_Driver/Src/stm32g0xx_hal_flash_ex.c **** #else
 383:Drivers/STM32G0xx_HAL_Driver/Src/stm32g0xx_hal_flash_ex.c ****     /* Configure the securable memory area protection */
 384:Drivers/STM32G0xx_HAL_Driver/Src/stm32g0xx_hal_flash_ex.c ****     FLASH_OB_SecMemConfig(pOBInit->BootEntryPoint, pOBInit->SecSize);
 385:Drivers/STM32G0xx_HAL_Driver/Src/stm32g0xx_hal_flash_ex.c **** #endif /* FLASH_DBANK_SUPPORT */
 386:Drivers/STM32G0xx_HAL_Driver/Src/stm32g0xx_hal_flash_ex.c ****   }
 387:Drivers/STM32G0xx_HAL_Driver/Src/stm32g0xx_hal_flash_ex.c **** #endif /* FLASH_SECURABLE_MEMORY_SUPPORT */
 388:Drivers/STM32G0xx_HAL_Driver/Src/stm32g0xx_hal_flash_ex.c **** 
 389:Drivers/STM32G0xx_HAL_Driver/Src/stm32g0xx_hal_flash_ex.c ****   /* Wait for last operation to be completed */
 390:Drivers/STM32G0xx_HAL_Driver/Src/stm32g0xx_hal_flash_ex.c ****   status = FLASH_WaitForLastOperation(FLASH_TIMEOUT_VALUE);
 391:Drivers/STM32G0xx_HAL_Driver/Src/stm32g0xx_hal_flash_ex.c **** 
 392:Drivers/STM32G0xx_HAL_Driver/Src/stm32g0xx_hal_flash_ex.c ****   if (status == HAL_OK)
 393:Drivers/STM32G0xx_HAL_Driver/Src/stm32g0xx_hal_flash_ex.c ****   {
 394:Drivers/STM32G0xx_HAL_Driver/Src/stm32g0xx_hal_flash_ex.c ****     /* Set OPTSTRT Bit */
 395:Drivers/STM32G0xx_HAL_Driver/Src/stm32g0xx_hal_flash_ex.c ****     SET_BIT(FLASH->CR, FLASH_CR_OPTSTRT);
 396:Drivers/STM32G0xx_HAL_Driver/Src/stm32g0xx_hal_flash_ex.c **** 
 397:Drivers/STM32G0xx_HAL_Driver/Src/stm32g0xx_hal_flash_ex.c ****     /* Wait for last operation to be completed */
 398:Drivers/STM32G0xx_HAL_Driver/Src/stm32g0xx_hal_flash_ex.c ****     status = FLASH_WaitForLastOperation(FLASH_TIMEOUT_VALUE);
 399:Drivers/STM32G0xx_HAL_Driver/Src/stm32g0xx_hal_flash_ex.c **** 
 400:Drivers/STM32G0xx_HAL_Driver/Src/stm32g0xx_hal_flash_ex.c ****     /* If the option byte program operation is completed, disable the OPTSTRT Bit */
 401:Drivers/STM32G0xx_HAL_Driver/Src/stm32g0xx_hal_flash_ex.c ****     CLEAR_BIT(FLASH->CR, FLASH_CR_OPTSTRT);
 402:Drivers/STM32G0xx_HAL_Driver/Src/stm32g0xx_hal_flash_ex.c ****   }
 403:Drivers/STM32G0xx_HAL_Driver/Src/stm32g0xx_hal_flash_ex.c **** 
 404:Drivers/STM32G0xx_HAL_Driver/Src/stm32g0xx_hal_flash_ex.c ****   /* Process Unlocked */
 405:Drivers/STM32G0xx_HAL_Driver/Src/stm32g0xx_hal_flash_ex.c ****   __HAL_UNLOCK(&pFlash);
 406:Drivers/STM32G0xx_HAL_Driver/Src/stm32g0xx_hal_flash_ex.c **** 
 407:Drivers/STM32G0xx_HAL_Driver/Src/stm32g0xx_hal_flash_ex.c ****   /* return status */
 408:Drivers/STM32G0xx_HAL_Driver/Src/stm32g0xx_hal_flash_ex.c ****   return status;
 409:Drivers/STM32G0xx_HAL_Driver/Src/stm32g0xx_hal_flash_ex.c **** }
 410:Drivers/STM32G0xx_HAL_Driver/Src/stm32g0xx_hal_flash_ex.c **** 
 411:Drivers/STM32G0xx_HAL_Driver/Src/stm32g0xx_hal_flash_ex.c **** /**
 412:Drivers/STM32G0xx_HAL_Driver/Src/stm32g0xx_hal_flash_ex.c ****   * @brief  Get the Option bytes configuration.
 413:Drivers/STM32G0xx_HAL_Driver/Src/stm32g0xx_hal_flash_ex.c ****   * @note   warning: this API only read flash register, it does not reflect any
 414:Drivers/STM32G0xx_HAL_Driver/Src/stm32g0xx_hal_flash_ex.c ****   *         change that would have been programmed between previous Option byte
 415:Drivers/STM32G0xx_HAL_Driver/Src/stm32g0xx_hal_flash_ex.c ****   *         loading and current call.
 416:Drivers/STM32G0xx_HAL_Driver/Src/stm32g0xx_hal_flash_ex.c ****   * @param  pOBInit Pointer to an @ref FLASH_OBProgramInitTypeDef structure that contains the
 417:Drivers/STM32G0xx_HAL_Driver/Src/stm32g0xx_hal_flash_ex.c ****   *                  configuration information. The fields pOBInit->WRPArea should
 418:Drivers/STM32G0xx_HAL_Driver/Src/stm32g0xx_hal_flash_ex.c ****   *                  indicate which area is requested for the WRP.
 419:Drivers/STM32G0xx_HAL_Driver/Src/stm32g0xx_hal_flash_ex.c ****   * @retval None
 420:Drivers/STM32G0xx_HAL_Driver/Src/stm32g0xx_hal_flash_ex.c ****   */
 421:Drivers/STM32G0xx_HAL_Driver/Src/stm32g0xx_hal_flash_ex.c **** void HAL_FLASHEx_OBGetConfig(FLASH_OBProgramInitTypeDef *pOBInit)
 422:Drivers/STM32G0xx_HAL_Driver/Src/stm32g0xx_hal_flash_ex.c **** {
 423:Drivers/STM32G0xx_HAL_Driver/Src/stm32g0xx_hal_flash_ex.c ****   pOBInit->OptionType = OPTIONBYTE_ALL;
 424:Drivers/STM32G0xx_HAL_Driver/Src/stm32g0xx_hal_flash_ex.c **** 
 425:Drivers/STM32G0xx_HAL_Driver/Src/stm32g0xx_hal_flash_ex.c ****   /* Get write protection on the selected area */
 426:Drivers/STM32G0xx_HAL_Driver/Src/stm32g0xx_hal_flash_ex.c ****   FLASH_OB_GetWRP(pOBInit->WRPArea, &(pOBInit->WRPStartOffset), &(pOBInit->WRPEndOffset));
 427:Drivers/STM32G0xx_HAL_Driver/Src/stm32g0xx_hal_flash_ex.c **** 
 428:Drivers/STM32G0xx_HAL_Driver/Src/stm32g0xx_hal_flash_ex.c ****   /* Get Read protection level */
 429:Drivers/STM32G0xx_HAL_Driver/Src/stm32g0xx_hal_flash_ex.c ****   pOBInit->RDPLevel = FLASH_OB_GetRDP();
 430:Drivers/STM32G0xx_HAL_Driver/Src/stm32g0xx_hal_flash_ex.c **** 
 431:Drivers/STM32G0xx_HAL_Driver/Src/stm32g0xx_hal_flash_ex.c ****   /* Get the user option bytes */
ARM GAS  C:\Users\Asus\AppData\Local\Temp\ccAKbHJD.s 			page 9


 432:Drivers/STM32G0xx_HAL_Driver/Src/stm32g0xx_hal_flash_ex.c ****   pOBInit->USERConfig = FLASH_OB_GetUser();
 433:Drivers/STM32G0xx_HAL_Driver/Src/stm32g0xx_hal_flash_ex.c ****   pOBInit->USERType = OB_USER_ALL;
 434:Drivers/STM32G0xx_HAL_Driver/Src/stm32g0xx_hal_flash_ex.c **** 
 435:Drivers/STM32G0xx_HAL_Driver/Src/stm32g0xx_hal_flash_ex.c **** #if defined(FLASH_PCROP_SUPPORT)
 436:Drivers/STM32G0xx_HAL_Driver/Src/stm32g0xx_hal_flash_ex.c ****   /* Get the Proprietary code readout protection */
 437:Drivers/STM32G0xx_HAL_Driver/Src/stm32g0xx_hal_flash_ex.c ****   FLASH_OB_GetPCROP1A(&(pOBInit->PCROPConfig), &(pOBInit->PCROP1AStartAddr), &(pOBInit->PCROP1AEndA
 438:Drivers/STM32G0xx_HAL_Driver/Src/stm32g0xx_hal_flash_ex.c ****   FLASH_OB_GetPCROP1B(&(pOBInit->PCROP1BStartAddr), &(pOBInit->PCROP1BEndAddr));
 439:Drivers/STM32G0xx_HAL_Driver/Src/stm32g0xx_hal_flash_ex.c ****   pOBInit->PCROPConfig |= (OB_PCROP_ZONE_A | OB_PCROP_ZONE_B);
 440:Drivers/STM32G0xx_HAL_Driver/Src/stm32g0xx_hal_flash_ex.c **** #if defined(FLASH_DBANK_SUPPORT)
 441:Drivers/STM32G0xx_HAL_Driver/Src/stm32g0xx_hal_flash_ex.c ****   FLASH_OB_GetPCROP2A(&(pOBInit->PCROP2AStartAddr), &(pOBInit->PCROP2AEndAddr));
 442:Drivers/STM32G0xx_HAL_Driver/Src/stm32g0xx_hal_flash_ex.c ****   FLASH_OB_GetPCROP2B(&(pOBInit->PCROP2BStartAddr), &(pOBInit->PCROP2BEndAddr));
 443:Drivers/STM32G0xx_HAL_Driver/Src/stm32g0xx_hal_flash_ex.c ****   pOBInit->PCROPConfig |= (OB_PCROP_ZONE2_A | OB_PCROP_ZONE2_B);
 444:Drivers/STM32G0xx_HAL_Driver/Src/stm32g0xx_hal_flash_ex.c **** #endif /* FLASH_DBANK_SUPPORT */
 445:Drivers/STM32G0xx_HAL_Driver/Src/stm32g0xx_hal_flash_ex.c **** #endif /* FLASH_PCROP_SUPPORT */
 446:Drivers/STM32G0xx_HAL_Driver/Src/stm32g0xx_hal_flash_ex.c **** 
 447:Drivers/STM32G0xx_HAL_Driver/Src/stm32g0xx_hal_flash_ex.c **** #if defined(FLASH_SECURABLE_MEMORY_SUPPORT)
 448:Drivers/STM32G0xx_HAL_Driver/Src/stm32g0xx_hal_flash_ex.c **** #if defined(FLASH_DBANK_SUPPORT)
 449:Drivers/STM32G0xx_HAL_Driver/Src/stm32g0xx_hal_flash_ex.c ****   /* Get the Securable Memory Area protection */
 450:Drivers/STM32G0xx_HAL_Driver/Src/stm32g0xx_hal_flash_ex.c ****   FLASH_OB_GetSecMem(&(pOBInit->BootEntryPoint), &(pOBInit->SecSize), &(pOBInit->SecSize2));
 451:Drivers/STM32G0xx_HAL_Driver/Src/stm32g0xx_hal_flash_ex.c **** #else
 452:Drivers/STM32G0xx_HAL_Driver/Src/stm32g0xx_hal_flash_ex.c ****   /* Get the Securable Memory Area protection */
 453:Drivers/STM32G0xx_HAL_Driver/Src/stm32g0xx_hal_flash_ex.c ****   FLASH_OB_GetSecMem(&(pOBInit->BootEntryPoint), &(pOBInit->SecSize));
 454:Drivers/STM32G0xx_HAL_Driver/Src/stm32g0xx_hal_flash_ex.c **** #endif /* FLASH_DBANK_SUPPORT */
 455:Drivers/STM32G0xx_HAL_Driver/Src/stm32g0xx_hal_flash_ex.c **** #endif /* FLASH_SECURABLE_MEMORY_SUPPORT */
 456:Drivers/STM32G0xx_HAL_Driver/Src/stm32g0xx_hal_flash_ex.c **** }
 457:Drivers/STM32G0xx_HAL_Driver/Src/stm32g0xx_hal_flash_ex.c **** 
 458:Drivers/STM32G0xx_HAL_Driver/Src/stm32g0xx_hal_flash_ex.c **** #if defined(FLASH_ACR_DBG_SWEN)
 459:Drivers/STM32G0xx_HAL_Driver/Src/stm32g0xx_hal_flash_ex.c **** /**
 460:Drivers/STM32G0xx_HAL_Driver/Src/stm32g0xx_hal_flash_ex.c ****   * @brief  Enable Debugger.
 461:Drivers/STM32G0xx_HAL_Driver/Src/stm32g0xx_hal_flash_ex.c ****   * @note   After calling this API, flash interface allow debugger intrusion.
 462:Drivers/STM32G0xx_HAL_Driver/Src/stm32g0xx_hal_flash_ex.c ****   * @retval None
 463:Drivers/STM32G0xx_HAL_Driver/Src/stm32g0xx_hal_flash_ex.c ****   */
 464:Drivers/STM32G0xx_HAL_Driver/Src/stm32g0xx_hal_flash_ex.c **** void HAL_FLASHEx_EnableDebugger(void)
 465:Drivers/STM32G0xx_HAL_Driver/Src/stm32g0xx_hal_flash_ex.c **** {
 466:Drivers/STM32G0xx_HAL_Driver/Src/stm32g0xx_hal_flash_ex.c ****   FLASH->ACR |= FLASH_ACR_DBG_SWEN;
 467:Drivers/STM32G0xx_HAL_Driver/Src/stm32g0xx_hal_flash_ex.c **** }
 468:Drivers/STM32G0xx_HAL_Driver/Src/stm32g0xx_hal_flash_ex.c **** 
 469:Drivers/STM32G0xx_HAL_Driver/Src/stm32g0xx_hal_flash_ex.c **** 
 470:Drivers/STM32G0xx_HAL_Driver/Src/stm32g0xx_hal_flash_ex.c **** /**
 471:Drivers/STM32G0xx_HAL_Driver/Src/stm32g0xx_hal_flash_ex.c ****   * @brief  Disable Debugger.
 472:Drivers/STM32G0xx_HAL_Driver/Src/stm32g0xx_hal_flash_ex.c ****   * @note   After calling this API, Debugger is disabled: it is no more possible to
 473:Drivers/STM32G0xx_HAL_Driver/Src/stm32g0xx_hal_flash_ex.c ****   *         break, see CPU register, etc...
 474:Drivers/STM32G0xx_HAL_Driver/Src/stm32g0xx_hal_flash_ex.c ****   * @retval None
 475:Drivers/STM32G0xx_HAL_Driver/Src/stm32g0xx_hal_flash_ex.c ****   */
 476:Drivers/STM32G0xx_HAL_Driver/Src/stm32g0xx_hal_flash_ex.c **** void HAL_FLASHEx_DisableDebugger(void)
 477:Drivers/STM32G0xx_HAL_Driver/Src/stm32g0xx_hal_flash_ex.c **** {
 478:Drivers/STM32G0xx_HAL_Driver/Src/stm32g0xx_hal_flash_ex.c ****   FLASH->ACR &= ~FLASH_ACR_DBG_SWEN;
 479:Drivers/STM32G0xx_HAL_Driver/Src/stm32g0xx_hal_flash_ex.c **** }
 480:Drivers/STM32G0xx_HAL_Driver/Src/stm32g0xx_hal_flash_ex.c **** #endif /* FLASH_ACR_DBG_SWEN */
 481:Drivers/STM32G0xx_HAL_Driver/Src/stm32g0xx_hal_flash_ex.c **** 
 482:Drivers/STM32G0xx_HAL_Driver/Src/stm32g0xx_hal_flash_ex.c **** /**
 483:Drivers/STM32G0xx_HAL_Driver/Src/stm32g0xx_hal_flash_ex.c ****   * @brief  Flash Empty check
 484:Drivers/STM32G0xx_HAL_Driver/Src/stm32g0xx_hal_flash_ex.c ****   * @note   This API checks if first location in Flash is programmed or not.
 485:Drivers/STM32G0xx_HAL_Driver/Src/stm32g0xx_hal_flash_ex.c ****   *         This check is done once by Option Byte Loader.
 486:Drivers/STM32G0xx_HAL_Driver/Src/stm32g0xx_hal_flash_ex.c ****   * @retval 0 if 1st location is not programmed else
 487:Drivers/STM32G0xx_HAL_Driver/Src/stm32g0xx_hal_flash_ex.c ****   */
 488:Drivers/STM32G0xx_HAL_Driver/Src/stm32g0xx_hal_flash_ex.c **** uint32_t HAL_FLASHEx_FlashEmptyCheck(void)
ARM GAS  C:\Users\Asus\AppData\Local\Temp\ccAKbHJD.s 			page 10


 489:Drivers/STM32G0xx_HAL_Driver/Src/stm32g0xx_hal_flash_ex.c **** {
 490:Drivers/STM32G0xx_HAL_Driver/Src/stm32g0xx_hal_flash_ex.c ****   return ((FLASH->ACR & FLASH_ACR_PROGEMPTY));
 491:Drivers/STM32G0xx_HAL_Driver/Src/stm32g0xx_hal_flash_ex.c **** }
 492:Drivers/STM32G0xx_HAL_Driver/Src/stm32g0xx_hal_flash_ex.c **** 
 493:Drivers/STM32G0xx_HAL_Driver/Src/stm32g0xx_hal_flash_ex.c **** 
 494:Drivers/STM32G0xx_HAL_Driver/Src/stm32g0xx_hal_flash_ex.c **** /**
 495:Drivers/STM32G0xx_HAL_Driver/Src/stm32g0xx_hal_flash_ex.c ****   * @brief  Force Empty check value.
 496:Drivers/STM32G0xx_HAL_Driver/Src/stm32g0xx_hal_flash_ex.c ****   * @note   Allows to modify program empty check value in order to force this
 497:Drivers/STM32G0xx_HAL_Driver/Src/stm32g0xx_hal_flash_ex.c ****   *         infrmation in Flash Interface, for all next reset that do not launch
 498:Drivers/STM32G0xx_HAL_Driver/Src/stm32g0xx_hal_flash_ex.c ****   *         Option Byte Loader.
 499:Drivers/STM32G0xx_HAL_Driver/Src/stm32g0xx_hal_flash_ex.c ****   * @param  FlashEmpty this parameter can be a value of @ref FLASHEx_Empty_Check
 500:Drivers/STM32G0xx_HAL_Driver/Src/stm32g0xx_hal_flash_ex.c ****   * @retval None
 501:Drivers/STM32G0xx_HAL_Driver/Src/stm32g0xx_hal_flash_ex.c ****   */
 502:Drivers/STM32G0xx_HAL_Driver/Src/stm32g0xx_hal_flash_ex.c **** void HAL_FLASHEx_ForceFlashEmpty(uint32_t FlashEmpty)
 503:Drivers/STM32G0xx_HAL_Driver/Src/stm32g0xx_hal_flash_ex.c **** {
 504:Drivers/STM32G0xx_HAL_Driver/Src/stm32g0xx_hal_flash_ex.c ****   uint32_t acr;
 505:Drivers/STM32G0xx_HAL_Driver/Src/stm32g0xx_hal_flash_ex.c ****   assert_param(IS_FLASH_EMPTY_CHECK(FlashEmpty));
 506:Drivers/STM32G0xx_HAL_Driver/Src/stm32g0xx_hal_flash_ex.c **** 
 507:Drivers/STM32G0xx_HAL_Driver/Src/stm32g0xx_hal_flash_ex.c ****   acr = (FLASH->ACR & ~FLASH_ACR_PROGEMPTY);
 508:Drivers/STM32G0xx_HAL_Driver/Src/stm32g0xx_hal_flash_ex.c ****   FLASH->ACR = (acr | FlashEmpty);
 509:Drivers/STM32G0xx_HAL_Driver/Src/stm32g0xx_hal_flash_ex.c **** }
 510:Drivers/STM32G0xx_HAL_Driver/Src/stm32g0xx_hal_flash_ex.c **** 
 511:Drivers/STM32G0xx_HAL_Driver/Src/stm32g0xx_hal_flash_ex.c **** 
 512:Drivers/STM32G0xx_HAL_Driver/Src/stm32g0xx_hal_flash_ex.c **** #if defined(FLASH_SECURABLE_MEMORY_SUPPORT)
 513:Drivers/STM32G0xx_HAL_Driver/Src/stm32g0xx_hal_flash_ex.c **** /**
 514:Drivers/STM32G0xx_HAL_Driver/Src/stm32g0xx_hal_flash_ex.c ****   * @brief  Securable memory area protection enable
 515:Drivers/STM32G0xx_HAL_Driver/Src/stm32g0xx_hal_flash_ex.c ****   * @param  Banks Select Bank to be secured.
 516:Drivers/STM32G0xx_HAL_Driver/Src/stm32g0xx_hal_flash_ex.c ****   *         This parameter can be a value of @ref FLASH_Banks
 517:Drivers/STM32G0xx_HAL_Driver/Src/stm32g0xx_hal_flash_ex.c ****   * @note   On some devices, there is only 1 bank so parameter has to be set FLASH_BANK_1.
 518:Drivers/STM32G0xx_HAL_Driver/Src/stm32g0xx_hal_flash_ex.c ****   * @note   This API locks Securable memory area which is defined in SEC_SIZE option byte
 519:Drivers/STM32G0xx_HAL_Driver/Src/stm32g0xx_hal_flash_ex.c ****   *         (that can be retrieved calling HAL_FLASHEx_OBGetConfig API and checking
 520:Drivers/STM32G0xx_HAL_Driver/Src/stm32g0xx_hal_flash_ex.c ****   *         Secsize).
 521:Drivers/STM32G0xx_HAL_Driver/Src/stm32g0xx_hal_flash_ex.c ****   * @note   SEC_PROT bit can only be set, it will be reset by system reset.
 522:Drivers/STM32G0xx_HAL_Driver/Src/stm32g0xx_hal_flash_ex.c ****   * @retval None
 523:Drivers/STM32G0xx_HAL_Driver/Src/stm32g0xx_hal_flash_ex.c ****   */
 524:Drivers/STM32G0xx_HAL_Driver/Src/stm32g0xx_hal_flash_ex.c **** void HAL_FLASHEx_EnableSecMemProtection(uint32_t Banks)
 525:Drivers/STM32G0xx_HAL_Driver/Src/stm32g0xx_hal_flash_ex.c **** {
 526:Drivers/STM32G0xx_HAL_Driver/Src/stm32g0xx_hal_flash_ex.c **** #if defined(FLASH_DBANK_SUPPORT)
 527:Drivers/STM32G0xx_HAL_Driver/Src/stm32g0xx_hal_flash_ex.c ****   assert_param(IS_FLASH_BANK(Banks));
 528:Drivers/STM32G0xx_HAL_Driver/Src/stm32g0xx_hal_flash_ex.c **** 
 529:Drivers/STM32G0xx_HAL_Driver/Src/stm32g0xx_hal_flash_ex.c ****   if (Banks == (FLASH_BANK_2  | FLASH_BANK_1))
 530:Drivers/STM32G0xx_HAL_Driver/Src/stm32g0xx_hal_flash_ex.c ****   {
 531:Drivers/STM32G0xx_HAL_Driver/Src/stm32g0xx_hal_flash_ex.c ****     FLASH->CR |= (FLASH_CR_SEC_PROT2 | FLASH_CR_SEC_PROT);
 532:Drivers/STM32G0xx_HAL_Driver/Src/stm32g0xx_hal_flash_ex.c ****   }
 533:Drivers/STM32G0xx_HAL_Driver/Src/stm32g0xx_hal_flash_ex.c ****   else if (Banks == FLASH_BANK_2)
 534:Drivers/STM32G0xx_HAL_Driver/Src/stm32g0xx_hal_flash_ex.c ****   {
 535:Drivers/STM32G0xx_HAL_Driver/Src/stm32g0xx_hal_flash_ex.c ****     FLASH->CR |= FLASH_CR_SEC_PROT2;
 536:Drivers/STM32G0xx_HAL_Driver/Src/stm32g0xx_hal_flash_ex.c ****   }
 537:Drivers/STM32G0xx_HAL_Driver/Src/stm32g0xx_hal_flash_ex.c ****   else
 538:Drivers/STM32G0xx_HAL_Driver/Src/stm32g0xx_hal_flash_ex.c **** #else
 539:Drivers/STM32G0xx_HAL_Driver/Src/stm32g0xx_hal_flash_ex.c ****   UNUSED(Banks);
 540:Drivers/STM32G0xx_HAL_Driver/Src/stm32g0xx_hal_flash_ex.c **** #endif /* FLASH_DBANK_SUPPORT */
 541:Drivers/STM32G0xx_HAL_Driver/Src/stm32g0xx_hal_flash_ex.c ****   {
 542:Drivers/STM32G0xx_HAL_Driver/Src/stm32g0xx_hal_flash_ex.c ****     FLASH->CR |= FLASH_CR_SEC_PROT;
 543:Drivers/STM32G0xx_HAL_Driver/Src/stm32g0xx_hal_flash_ex.c ****   }
 544:Drivers/STM32G0xx_HAL_Driver/Src/stm32g0xx_hal_flash_ex.c **** }
 545:Drivers/STM32G0xx_HAL_Driver/Src/stm32g0xx_hal_flash_ex.c **** #endif /* FLASH_SECURABLE_MEMORY_SUPPORT */
ARM GAS  C:\Users\Asus\AppData\Local\Temp\ccAKbHJD.s 			page 11


 546:Drivers/STM32G0xx_HAL_Driver/Src/stm32g0xx_hal_flash_ex.c **** /**
 547:Drivers/STM32G0xx_HAL_Driver/Src/stm32g0xx_hal_flash_ex.c ****   * @}
 548:Drivers/STM32G0xx_HAL_Driver/Src/stm32g0xx_hal_flash_ex.c ****   */
 549:Drivers/STM32G0xx_HAL_Driver/Src/stm32g0xx_hal_flash_ex.c **** 
 550:Drivers/STM32G0xx_HAL_Driver/Src/stm32g0xx_hal_flash_ex.c **** /**
 551:Drivers/STM32G0xx_HAL_Driver/Src/stm32g0xx_hal_flash_ex.c ****   * @}
 552:Drivers/STM32G0xx_HAL_Driver/Src/stm32g0xx_hal_flash_ex.c ****   */
 553:Drivers/STM32G0xx_HAL_Driver/Src/stm32g0xx_hal_flash_ex.c **** 
 554:Drivers/STM32G0xx_HAL_Driver/Src/stm32g0xx_hal_flash_ex.c **** /* Private functions ---------------------------------------------------------*/
 555:Drivers/STM32G0xx_HAL_Driver/Src/stm32g0xx_hal_flash_ex.c **** /** @addtogroup FLASHEx_Private_Functions
 556:Drivers/STM32G0xx_HAL_Driver/Src/stm32g0xx_hal_flash_ex.c ****   * @{
 557:Drivers/STM32G0xx_HAL_Driver/Src/stm32g0xx_hal_flash_ex.c ****   */
 558:Drivers/STM32G0xx_HAL_Driver/Src/stm32g0xx_hal_flash_ex.c **** 
 559:Drivers/STM32G0xx_HAL_Driver/Src/stm32g0xx_hal_flash_ex.c **** /**
 560:Drivers/STM32G0xx_HAL_Driver/Src/stm32g0xx_hal_flash_ex.c ****   * @brief  Mass erase of FLASH memory.
 561:Drivers/STM32G0xx_HAL_Driver/Src/stm32g0xx_hal_flash_ex.c ****   * @param  Banks: Banks to be erased
 562:Drivers/STM32G0xx_HAL_Driver/Src/stm32g0xx_hal_flash_ex.c ****   *         This parameter can be a combination of the following values:
 563:Drivers/STM32G0xx_HAL_Driver/Src/stm32g0xx_hal_flash_ex.c ****   *            @arg FLASH_BANK_1: Bank1 to be erased
 564:Drivers/STM32G0xx_HAL_Driver/Src/stm32g0xx_hal_flash_ex.c ****   *            @arg FLASH_BANK_2: Bank2 to be erased*
 565:Drivers/STM32G0xx_HAL_Driver/Src/stm32g0xx_hal_flash_ex.c ****   * @note (*) availability depends on devices
 566:Drivers/STM32G0xx_HAL_Driver/Src/stm32g0xx_hal_flash_ex.c ****   * @retval None
 567:Drivers/STM32G0xx_HAL_Driver/Src/stm32g0xx_hal_flash_ex.c ****   */
 568:Drivers/STM32G0xx_HAL_Driver/Src/stm32g0xx_hal_flash_ex.c **** static void FLASH_MassErase(uint32_t Banks)
 569:Drivers/STM32G0xx_HAL_Driver/Src/stm32g0xx_hal_flash_ex.c **** {
  27              		.loc 1 569 1 view -0
  28              		.cfi_startproc
  29              		@ args = 0, pretend = 0, frame = 0
  30              		@ frame_needed = 0, uses_anonymous_args = 0
  31              		@ link register save eliminated.
 570:Drivers/STM32G0xx_HAL_Driver/Src/stm32g0xx_hal_flash_ex.c ****   /* Check the parameters */
 571:Drivers/STM32G0xx_HAL_Driver/Src/stm32g0xx_hal_flash_ex.c ****   assert_param(IS_FLASH_BANK(Banks));
  32              		.loc 1 571 3 view .LVU1
 572:Drivers/STM32G0xx_HAL_Driver/Src/stm32g0xx_hal_flash_ex.c **** 
 573:Drivers/STM32G0xx_HAL_Driver/Src/stm32g0xx_hal_flash_ex.c ****   /* Set the Mass Erase Bit and start bit */
 574:Drivers/STM32G0xx_HAL_Driver/Src/stm32g0xx_hal_flash_ex.c ****   FLASH->CR |= (FLASH_CR_STRT | Banks);
  33              		.loc 1 574 3 view .LVU2
  34              		.loc 1 574 8 is_stmt 0 view .LVU3
  35 0000 034A     		ldr	r2, .L2
  36 0002 5369     		ldr	r3, [r2, #20]
  37              		.loc 1 574 13 view .LVU4
  38 0004 0343     		orrs	r3, r0
  39 0006 8020     		movs	r0, #128
  40              	.LVL1:
  41              		.loc 1 574 13 view .LVU5
  42 0008 4002     		lsls	r0, r0, #9
  43 000a 1843     		orrs	r0, r3
  44 000c 5061     		str	r0, [r2, #20]
 575:Drivers/STM32G0xx_HAL_Driver/Src/stm32g0xx_hal_flash_ex.c **** }
  45              		.loc 1 575 1 view .LVU6
  46              		@ sp needed
  47 000e 7047     		bx	lr
  48              	.L3:
  49              		.align	2
  50              	.L2:
  51 0010 00200240 		.word	1073881088
  52              		.cfi_endproc
  53              	.LFE316:
ARM GAS  C:\Users\Asus\AppData\Local\Temp\ccAKbHJD.s 			page 12


  55              		.section	.text.FLASH_OB_WRPConfig,"ax",%progbits
  56              		.align	1
  57              		.syntax unified
  58              		.code	16
  59              		.thumb_func
  61              	FLASH_OB_WRPConfig:
  62              	.LVL2:
  63              	.LFB319:
 576:Drivers/STM32G0xx_HAL_Driver/Src/stm32g0xx_hal_flash_ex.c **** 
 577:Drivers/STM32G0xx_HAL_Driver/Src/stm32g0xx_hal_flash_ex.c **** /**
 578:Drivers/STM32G0xx_HAL_Driver/Src/stm32g0xx_hal_flash_ex.c ****   * @brief  Erase the specified FLASH memory page.
 579:Drivers/STM32G0xx_HAL_Driver/Src/stm32g0xx_hal_flash_ex.c ****   * @param  Banks: Banks to be erased
 580:Drivers/STM32G0xx_HAL_Driver/Src/stm32g0xx_hal_flash_ex.c ****   *         This parameter can one of the following values:
 581:Drivers/STM32G0xx_HAL_Driver/Src/stm32g0xx_hal_flash_ex.c ****   *            @arg FLASH_BANK_1: Bank1 to be erased
 582:Drivers/STM32G0xx_HAL_Driver/Src/stm32g0xx_hal_flash_ex.c ****   *            @arg FLASH_BANK_2: Bank2 to be erased*
 583:Drivers/STM32G0xx_HAL_Driver/Src/stm32g0xx_hal_flash_ex.c ****   * @param  Page FLASH page to erase
 584:Drivers/STM32G0xx_HAL_Driver/Src/stm32g0xx_hal_flash_ex.c ****   *         This parameter must be a value between 0 and (max number of pages in Flash - 1)
 585:Drivers/STM32G0xx_HAL_Driver/Src/stm32g0xx_hal_flash_ex.c ****   * @note (*) availability depends on devices
 586:Drivers/STM32G0xx_HAL_Driver/Src/stm32g0xx_hal_flash_ex.c ****   * @retval None
 587:Drivers/STM32G0xx_HAL_Driver/Src/stm32g0xx_hal_flash_ex.c ****   */
 588:Drivers/STM32G0xx_HAL_Driver/Src/stm32g0xx_hal_flash_ex.c **** void FLASH_PageErase(uint32_t Banks, uint32_t Page)
 589:Drivers/STM32G0xx_HAL_Driver/Src/stm32g0xx_hal_flash_ex.c **** {
 590:Drivers/STM32G0xx_HAL_Driver/Src/stm32g0xx_hal_flash_ex.c ****   uint32_t tmp;
 591:Drivers/STM32G0xx_HAL_Driver/Src/stm32g0xx_hal_flash_ex.c **** 
 592:Drivers/STM32G0xx_HAL_Driver/Src/stm32g0xx_hal_flash_ex.c ****   /* Check the parameters */
 593:Drivers/STM32G0xx_HAL_Driver/Src/stm32g0xx_hal_flash_ex.c ****   assert_param(IS_FLASH_BANK(Banks));
 594:Drivers/STM32G0xx_HAL_Driver/Src/stm32g0xx_hal_flash_ex.c ****   assert_param(IS_FLASH_PAGE(Page));
 595:Drivers/STM32G0xx_HAL_Driver/Src/stm32g0xx_hal_flash_ex.c **** 
 596:Drivers/STM32G0xx_HAL_Driver/Src/stm32g0xx_hal_flash_ex.c ****   /* Get configuration register, then clear page number */
 597:Drivers/STM32G0xx_HAL_Driver/Src/stm32g0xx_hal_flash_ex.c ****   tmp = (FLASH->CR & ~FLASH_CR_PNB);
 598:Drivers/STM32G0xx_HAL_Driver/Src/stm32g0xx_hal_flash_ex.c **** 
 599:Drivers/STM32G0xx_HAL_Driver/Src/stm32g0xx_hal_flash_ex.c **** #if defined(FLASH_DBANK_SUPPORT)
 600:Drivers/STM32G0xx_HAL_Driver/Src/stm32g0xx_hal_flash_ex.c ****   /* Check if page has to be erased in bank 1 or 2 */
 601:Drivers/STM32G0xx_HAL_Driver/Src/stm32g0xx_hal_flash_ex.c ****   if (Banks != FLASH_BANK_1)
 602:Drivers/STM32G0xx_HAL_Driver/Src/stm32g0xx_hal_flash_ex.c ****   {
 603:Drivers/STM32G0xx_HAL_Driver/Src/stm32g0xx_hal_flash_ex.c ****     tmp |= FLASH_CR_BKER;
 604:Drivers/STM32G0xx_HAL_Driver/Src/stm32g0xx_hal_flash_ex.c ****   }
 605:Drivers/STM32G0xx_HAL_Driver/Src/stm32g0xx_hal_flash_ex.c ****   else
 606:Drivers/STM32G0xx_HAL_Driver/Src/stm32g0xx_hal_flash_ex.c ****   {
 607:Drivers/STM32G0xx_HAL_Driver/Src/stm32g0xx_hal_flash_ex.c ****     tmp &= ~FLASH_CR_BKER;
 608:Drivers/STM32G0xx_HAL_Driver/Src/stm32g0xx_hal_flash_ex.c ****   }
 609:Drivers/STM32G0xx_HAL_Driver/Src/stm32g0xx_hal_flash_ex.c **** #else
 610:Drivers/STM32G0xx_HAL_Driver/Src/stm32g0xx_hal_flash_ex.c ****   /* Prevent unused argument(s) compilation warning */
 611:Drivers/STM32G0xx_HAL_Driver/Src/stm32g0xx_hal_flash_ex.c ****   UNUSED(Banks);
 612:Drivers/STM32G0xx_HAL_Driver/Src/stm32g0xx_hal_flash_ex.c **** #endif /* FLASH_DBANK_SUPPORT */
 613:Drivers/STM32G0xx_HAL_Driver/Src/stm32g0xx_hal_flash_ex.c **** 
 614:Drivers/STM32G0xx_HAL_Driver/Src/stm32g0xx_hal_flash_ex.c ****   /* Set page number, Page Erase bit & Start bit */
 615:Drivers/STM32G0xx_HAL_Driver/Src/stm32g0xx_hal_flash_ex.c ****   FLASH->CR = (tmp | (FLASH_CR_STRT | (Page <<  FLASH_CR_PNB_Pos) | FLASH_CR_PER));
 616:Drivers/STM32G0xx_HAL_Driver/Src/stm32g0xx_hal_flash_ex.c **** }
 617:Drivers/STM32G0xx_HAL_Driver/Src/stm32g0xx_hal_flash_ex.c **** 
 618:Drivers/STM32G0xx_HAL_Driver/Src/stm32g0xx_hal_flash_ex.c **** /**
 619:Drivers/STM32G0xx_HAL_Driver/Src/stm32g0xx_hal_flash_ex.c ****   * @brief  Flush the instruction cache.
 620:Drivers/STM32G0xx_HAL_Driver/Src/stm32g0xx_hal_flash_ex.c ****   * @retval None
 621:Drivers/STM32G0xx_HAL_Driver/Src/stm32g0xx_hal_flash_ex.c ****   */
 622:Drivers/STM32G0xx_HAL_Driver/Src/stm32g0xx_hal_flash_ex.c **** void FLASH_FlushCaches(void)
 623:Drivers/STM32G0xx_HAL_Driver/Src/stm32g0xx_hal_flash_ex.c **** {
 624:Drivers/STM32G0xx_HAL_Driver/Src/stm32g0xx_hal_flash_ex.c ****   /* Flush instruction cache  */
ARM GAS  C:\Users\Asus\AppData\Local\Temp\ccAKbHJD.s 			page 13


 625:Drivers/STM32G0xx_HAL_Driver/Src/stm32g0xx_hal_flash_ex.c ****   if (READ_BIT(FLASH->ACR, FLASH_ACR_ICEN) != 0U)
 626:Drivers/STM32G0xx_HAL_Driver/Src/stm32g0xx_hal_flash_ex.c ****   {
 627:Drivers/STM32G0xx_HAL_Driver/Src/stm32g0xx_hal_flash_ex.c ****     /* Disable instruction cache  */
 628:Drivers/STM32G0xx_HAL_Driver/Src/stm32g0xx_hal_flash_ex.c ****     __HAL_FLASH_INSTRUCTION_CACHE_DISABLE();
 629:Drivers/STM32G0xx_HAL_Driver/Src/stm32g0xx_hal_flash_ex.c ****     /* Reset instruction cache */
 630:Drivers/STM32G0xx_HAL_Driver/Src/stm32g0xx_hal_flash_ex.c ****     __HAL_FLASH_INSTRUCTION_CACHE_RESET();
 631:Drivers/STM32G0xx_HAL_Driver/Src/stm32g0xx_hal_flash_ex.c ****     /* Enable instruction cache */
 632:Drivers/STM32G0xx_HAL_Driver/Src/stm32g0xx_hal_flash_ex.c ****     __HAL_FLASH_INSTRUCTION_CACHE_ENABLE();
 633:Drivers/STM32G0xx_HAL_Driver/Src/stm32g0xx_hal_flash_ex.c ****   }
 634:Drivers/STM32G0xx_HAL_Driver/Src/stm32g0xx_hal_flash_ex.c **** }
 635:Drivers/STM32G0xx_HAL_Driver/Src/stm32g0xx_hal_flash_ex.c **** 
 636:Drivers/STM32G0xx_HAL_Driver/Src/stm32g0xx_hal_flash_ex.c **** /**
 637:Drivers/STM32G0xx_HAL_Driver/Src/stm32g0xx_hal_flash_ex.c ****   * @brief  Configure the write protection of the desired pages.
 638:Drivers/STM32G0xx_HAL_Driver/Src/stm32g0xx_hal_flash_ex.c ****   * @note   When WRP is active in a zone, it cannot be erased or programmed.
 639:Drivers/STM32G0xx_HAL_Driver/Src/stm32g0xx_hal_flash_ex.c ****   *         Consequently, a software mass erase cannot be performed if one zone
 640:Drivers/STM32G0xx_HAL_Driver/Src/stm32g0xx_hal_flash_ex.c ****   *         is write-protected.
 641:Drivers/STM32G0xx_HAL_Driver/Src/stm32g0xx_hal_flash_ex.c ****   * @note   When the memory read protection level is selected (RDP level = 1),
 642:Drivers/STM32G0xx_HAL_Driver/Src/stm32g0xx_hal_flash_ex.c ****   *         it is not possible to program or erase Flash memory if the CPU debug
 643:Drivers/STM32G0xx_HAL_Driver/Src/stm32g0xx_hal_flash_ex.c ****   *         features are connected (JTAG or single wire) or boot code is being
 644:Drivers/STM32G0xx_HAL_Driver/Src/stm32g0xx_hal_flash_ex.c ****   *         executed from RAM or System flash, even if WRP is not activated.
 645:Drivers/STM32G0xx_HAL_Driver/Src/stm32g0xx_hal_flash_ex.c ****   * @param  WRPArea  Specifies the area to be configured.
 646:Drivers/STM32G0xx_HAL_Driver/Src/stm32g0xx_hal_flash_ex.c ****   *         This parameter can be one of the following values:
 647:Drivers/STM32G0xx_HAL_Driver/Src/stm32g0xx_hal_flash_ex.c ****   *           @arg @ref OB_WRPAREA_ZONE_A Flash Zone A
 648:Drivers/STM32G0xx_HAL_Driver/Src/stm32g0xx_hal_flash_ex.c ****   *           @arg @ref OB_WRPAREA_ZONE_B Flash Zone B
 649:Drivers/STM32G0xx_HAL_Driver/Src/stm32g0xx_hal_flash_ex.c ****   *           @arg @ref OB_WRPAREA_ZONE2_A Flash Bank 2 Zone A (*)
 650:Drivers/STM32G0xx_HAL_Driver/Src/stm32g0xx_hal_flash_ex.c ****   *           @arg @ref OB_WRPAREA_ZONE2_B Flash Bank 2 Zone B (*)
 651:Drivers/STM32G0xx_HAL_Driver/Src/stm32g0xx_hal_flash_ex.c ****   * @note  (*) availability depends on devices
 652:Drivers/STM32G0xx_HAL_Driver/Src/stm32g0xx_hal_flash_ex.c ****   * @param  WRPStartOffset  Specifies the start page of the write protected area
 653:Drivers/STM32G0xx_HAL_Driver/Src/stm32g0xx_hal_flash_ex.c ****   *         This parameter can be page number between 0 and (max number of pages in the Flash Bank 
 654:Drivers/STM32G0xx_HAL_Driver/Src/stm32g0xx_hal_flash_ex.c ****   * @param  WRDPEndOffset  Specifies the end page of the write protected area
 655:Drivers/STM32G0xx_HAL_Driver/Src/stm32g0xx_hal_flash_ex.c ****   *         This parameter can be page number between WRPStartOffset and (max number of pages in th
 656:Drivers/STM32G0xx_HAL_Driver/Src/stm32g0xx_hal_flash_ex.c ****   * @retval None
 657:Drivers/STM32G0xx_HAL_Driver/Src/stm32g0xx_hal_flash_ex.c ****   */
 658:Drivers/STM32G0xx_HAL_Driver/Src/stm32g0xx_hal_flash_ex.c **** static void FLASH_OB_WRPConfig(uint32_t WRPArea, uint32_t WRPStartOffset, uint32_t WRDPEndOffset)
 659:Drivers/STM32G0xx_HAL_Driver/Src/stm32g0xx_hal_flash_ex.c **** {
  64              		.loc 1 659 1 is_stmt 1 view -0
  65              		.cfi_startproc
  66              		@ args = 0, pretend = 0, frame = 0
  67              		@ frame_needed = 0, uses_anonymous_args = 0
  68              		@ link register save eliminated.
 660:Drivers/STM32G0xx_HAL_Driver/Src/stm32g0xx_hal_flash_ex.c ****   /* Check the parameters */
 661:Drivers/STM32G0xx_HAL_Driver/Src/stm32g0xx_hal_flash_ex.c ****   assert_param(IS_OB_WRPAREA(WRPArea));
  69              		.loc 1 661 3 view .LVU8
 662:Drivers/STM32G0xx_HAL_Driver/Src/stm32g0xx_hal_flash_ex.c ****   assert_param(IS_FLASH_PAGE(WRPStartOffset));
  70              		.loc 1 662 3 view .LVU9
 663:Drivers/STM32G0xx_HAL_Driver/Src/stm32g0xx_hal_flash_ex.c ****   assert_param(IS_FLASH_PAGE(WRDPEndOffset));
  71              		.loc 1 663 3 view .LVU10
 664:Drivers/STM32G0xx_HAL_Driver/Src/stm32g0xx_hal_flash_ex.c **** 
 665:Drivers/STM32G0xx_HAL_Driver/Src/stm32g0xx_hal_flash_ex.c ****   /* Configure the write protected area */
 666:Drivers/STM32G0xx_HAL_Driver/Src/stm32g0xx_hal_flash_ex.c ****   if (WRPArea == OB_WRPAREA_ZONE_A)
  72              		.loc 1 666 3 view .LVU11
  73              		.loc 1 666 6 is_stmt 0 view .LVU12
  74 0000 0128     		cmp	r0, #1
  75 0002 04D0     		beq	.L7
 667:Drivers/STM32G0xx_HAL_Driver/Src/stm32g0xx_hal_flash_ex.c ****   {
 668:Drivers/STM32G0xx_HAL_Driver/Src/stm32g0xx_hal_flash_ex.c ****     FLASH->WRP1AR = ((WRDPEndOffset << FLASH_WRP1AR_WRP1A_END_Pos) | WRPStartOffset);
 669:Drivers/STM32G0xx_HAL_Driver/Src/stm32g0xx_hal_flash_ex.c ****   }
ARM GAS  C:\Users\Asus\AppData\Local\Temp\ccAKbHJD.s 			page 14


 670:Drivers/STM32G0xx_HAL_Driver/Src/stm32g0xx_hal_flash_ex.c **** #if defined(FLASH_DBANK_SUPPORT)
 671:Drivers/STM32G0xx_HAL_Driver/Src/stm32g0xx_hal_flash_ex.c ****   else if (WRPArea == OB_WRPAREA_ZONE2_A)
 672:Drivers/STM32G0xx_HAL_Driver/Src/stm32g0xx_hal_flash_ex.c ****   {
 673:Drivers/STM32G0xx_HAL_Driver/Src/stm32g0xx_hal_flash_ex.c ****     FLASH->WRP2AR = ((WRDPEndOffset << FLASH_WRP2AR_WRP2A_END_Pos) | WRPStartOffset);
 674:Drivers/STM32G0xx_HAL_Driver/Src/stm32g0xx_hal_flash_ex.c ****   }
 675:Drivers/STM32G0xx_HAL_Driver/Src/stm32g0xx_hal_flash_ex.c ****   else if (WRPArea == OB_WRPAREA_ZONE2_B)
 676:Drivers/STM32G0xx_HAL_Driver/Src/stm32g0xx_hal_flash_ex.c ****   {
 677:Drivers/STM32G0xx_HAL_Driver/Src/stm32g0xx_hal_flash_ex.c ****     FLASH->WRP2BR = ((WRDPEndOffset << FLASH_WRP2BR_WRP2B_END_Pos) | WRPStartOffset);
 678:Drivers/STM32G0xx_HAL_Driver/Src/stm32g0xx_hal_flash_ex.c ****   }
 679:Drivers/STM32G0xx_HAL_Driver/Src/stm32g0xx_hal_flash_ex.c **** #endif /* FLASH_DBANK_SUPPORT */
 680:Drivers/STM32G0xx_HAL_Driver/Src/stm32g0xx_hal_flash_ex.c ****   else
 681:Drivers/STM32G0xx_HAL_Driver/Src/stm32g0xx_hal_flash_ex.c ****   {
 682:Drivers/STM32G0xx_HAL_Driver/Src/stm32g0xx_hal_flash_ex.c ****     FLASH->WRP1BR = ((WRDPEndOffset << FLASH_WRP1BR_WRP1B_END_Pos) | WRPStartOffset);
  76              		.loc 1 682 5 is_stmt 1 view .LVU13
  77              		.loc 1 682 37 is_stmt 0 view .LVU14
  78 0004 1204     		lsls	r2, r2, #16
  79              	.LVL3:
  80              		.loc 1 682 68 view .LVU15
  81 0006 0A43     		orrs	r2, r1
  82              		.loc 1 682 19 view .LVU16
  83 0008 034B     		ldr	r3, .L8
  84 000a 1A63     		str	r2, [r3, #48]
  85              	.L4:
 683:Drivers/STM32G0xx_HAL_Driver/Src/stm32g0xx_hal_flash_ex.c ****   }
 684:Drivers/STM32G0xx_HAL_Driver/Src/stm32g0xx_hal_flash_ex.c **** }
  86              		.loc 1 684 1 view .LVU17
  87              		@ sp needed
  88 000c 7047     		bx	lr
  89              	.LVL4:
  90              	.L7:
 668:Drivers/STM32G0xx_HAL_Driver/Src/stm32g0xx_hal_flash_ex.c ****   }
  91              		.loc 1 668 5 is_stmt 1 view .LVU18
 668:Drivers/STM32G0xx_HAL_Driver/Src/stm32g0xx_hal_flash_ex.c ****   }
  92              		.loc 1 668 37 is_stmt 0 view .LVU19
  93 000e 1204     		lsls	r2, r2, #16
  94              	.LVL5:
 668:Drivers/STM32G0xx_HAL_Driver/Src/stm32g0xx_hal_flash_ex.c ****   }
  95              		.loc 1 668 68 view .LVU20
  96 0010 0A43     		orrs	r2, r1
 668:Drivers/STM32G0xx_HAL_Driver/Src/stm32g0xx_hal_flash_ex.c ****   }
  97              		.loc 1 668 19 view .LVU21
  98 0012 014B     		ldr	r3, .L8
  99 0014 DA62     		str	r2, [r3, #44]
 100 0016 F9E7     		b	.L4
 101              	.L9:
 102              		.align	2
 103              	.L8:
 104 0018 00200240 		.word	1073881088
 105              		.cfi_endproc
 106              	.LFE319:
 108              		.section	.text.FLASH_OB_GetWRP,"ax",%progbits
 109              		.align	1
 110              		.syntax unified
 111              		.code	16
 112              		.thumb_func
 114              	FLASH_OB_GetWRP:
 115              	.LVL6:
ARM GAS  C:\Users\Asus\AppData\Local\Temp\ccAKbHJD.s 			page 15


 116              	.LFB320:
 685:Drivers/STM32G0xx_HAL_Driver/Src/stm32g0xx_hal_flash_ex.c **** 
 686:Drivers/STM32G0xx_HAL_Driver/Src/stm32g0xx_hal_flash_ex.c **** /**
 687:Drivers/STM32G0xx_HAL_Driver/Src/stm32g0xx_hal_flash_ex.c ****   * @brief  Return the FLASH Write Protection Option Bytes value.
 688:Drivers/STM32G0xx_HAL_Driver/Src/stm32g0xx_hal_flash_ex.c ****   * @param[in]  WRPArea Specifies the area to be returned.
 689:Drivers/STM32G0xx_HAL_Driver/Src/stm32g0xx_hal_flash_ex.c ****   *             This parameter can be one of the following values:
 690:Drivers/STM32G0xx_HAL_Driver/Src/stm32g0xx_hal_flash_ex.c ****   *               @arg @ref OB_WRPAREA_ZONE_A Flash Zone A
 691:Drivers/STM32G0xx_HAL_Driver/Src/stm32g0xx_hal_flash_ex.c ****   *               @arg @ref OB_WRPAREA_ZONE_B Flash Zone B
 692:Drivers/STM32G0xx_HAL_Driver/Src/stm32g0xx_hal_flash_ex.c ****   *               @arg @ref OB_WRPAREA_ZONE2_A Flash Bank 2 Zone A (*)
 693:Drivers/STM32G0xx_HAL_Driver/Src/stm32g0xx_hal_flash_ex.c ****   *               @arg @ref OB_WRPAREA_ZONE2_B Flash Bank 2 Zone B (*)
 694:Drivers/STM32G0xx_HAL_Driver/Src/stm32g0xx_hal_flash_ex.c ****   * @note  (*) availability depends on devices
 695:Drivers/STM32G0xx_HAL_Driver/Src/stm32g0xx_hal_flash_ex.c ****   * @param[out]  WRPStartOffset  Specifies the address where to copied the start page
 696:Drivers/STM32G0xx_HAL_Driver/Src/stm32g0xx_hal_flash_ex.c ****   *                         of the write protected area
 697:Drivers/STM32G0xx_HAL_Driver/Src/stm32g0xx_hal_flash_ex.c ****   * @param[out]  WRDPEndOffset  Dpecifies the address where to copied the end page of
 698:Drivers/STM32G0xx_HAL_Driver/Src/stm32g0xx_hal_flash_ex.c ****   *                        the write protected area
 699:Drivers/STM32G0xx_HAL_Driver/Src/stm32g0xx_hal_flash_ex.c ****   * @retval None
 700:Drivers/STM32G0xx_HAL_Driver/Src/stm32g0xx_hal_flash_ex.c ****   */
 701:Drivers/STM32G0xx_HAL_Driver/Src/stm32g0xx_hal_flash_ex.c **** static void FLASH_OB_GetWRP(uint32_t WRPArea, uint32_t *WRPStartOffset, uint32_t *WRDPEndOffset)
 702:Drivers/STM32G0xx_HAL_Driver/Src/stm32g0xx_hal_flash_ex.c **** {
 117              		.loc 1 702 1 is_stmt 1 view -0
 118              		.cfi_startproc
 119              		@ args = 0, pretend = 0, frame = 0
 120              		@ frame_needed = 0, uses_anonymous_args = 0
 121              		.loc 1 702 1 is_stmt 0 view .LVU23
 122 0000 10B5     		push	{r4, lr}
 123              		.cfi_def_cfa_offset 8
 124              		.cfi_offset 4, -8
 125              		.cfi_offset 14, -4
 703:Drivers/STM32G0xx_HAL_Driver/Src/stm32g0xx_hal_flash_ex.c ****   /* Check the parameters */
 704:Drivers/STM32G0xx_HAL_Driver/Src/stm32g0xx_hal_flash_ex.c ****   assert_param(IS_OB_WRPAREA(WRPArea));
 126              		.loc 1 704 3 is_stmt 1 view .LVU24
 705:Drivers/STM32G0xx_HAL_Driver/Src/stm32g0xx_hal_flash_ex.c **** 
 706:Drivers/STM32G0xx_HAL_Driver/Src/stm32g0xx_hal_flash_ex.c ****   /* Get the configuration of the write protected area */
 707:Drivers/STM32G0xx_HAL_Driver/Src/stm32g0xx_hal_flash_ex.c ****   if (WRPArea == OB_WRPAREA_ZONE_A)
 127              		.loc 1 707 3 view .LVU25
 128              		.loc 1 707 6 is_stmt 0 view .LVU26
 129 0002 0128     		cmp	r0, #1
 130 0004 09D0     		beq	.L13
 708:Drivers/STM32G0xx_HAL_Driver/Src/stm32g0xx_hal_flash_ex.c ****   {
 709:Drivers/STM32G0xx_HAL_Driver/Src/stm32g0xx_hal_flash_ex.c ****     *WRPStartOffset = READ_BIT(FLASH->WRP1AR, FLASH_WRP1AR_WRP1A_STRT);
 710:Drivers/STM32G0xx_HAL_Driver/Src/stm32g0xx_hal_flash_ex.c ****     *WRDPEndOffset = (READ_BIT(FLASH->WRP1AR, FLASH_WRP1AR_WRP1A_END) >> FLASH_WRP1AR_WRP1A_END_Pos
 711:Drivers/STM32G0xx_HAL_Driver/Src/stm32g0xx_hal_flash_ex.c ****   }
 712:Drivers/STM32G0xx_HAL_Driver/Src/stm32g0xx_hal_flash_ex.c **** #if defined(FLASH_DBANK_SUPPORT)
 713:Drivers/STM32G0xx_HAL_Driver/Src/stm32g0xx_hal_flash_ex.c ****   else if (WRPArea == OB_WRPAREA_ZONE2_A)
 714:Drivers/STM32G0xx_HAL_Driver/Src/stm32g0xx_hal_flash_ex.c ****   {
 715:Drivers/STM32G0xx_HAL_Driver/Src/stm32g0xx_hal_flash_ex.c ****     *WRPStartOffset = READ_BIT(FLASH->WRP2AR, FLASH_WRP2AR_WRP2A_STRT);
 716:Drivers/STM32G0xx_HAL_Driver/Src/stm32g0xx_hal_flash_ex.c ****     *WRDPEndOffset = (READ_BIT(FLASH->WRP2AR, FLASH_WRP2AR_WRP2A_END) >> FLASH_WRP2AR_WRP2A_END_Pos
 717:Drivers/STM32G0xx_HAL_Driver/Src/stm32g0xx_hal_flash_ex.c ****   }
 718:Drivers/STM32G0xx_HAL_Driver/Src/stm32g0xx_hal_flash_ex.c ****   else if (WRPArea == OB_WRPAREA_ZONE2_B)
 719:Drivers/STM32G0xx_HAL_Driver/Src/stm32g0xx_hal_flash_ex.c ****   {
 720:Drivers/STM32G0xx_HAL_Driver/Src/stm32g0xx_hal_flash_ex.c ****     *WRPStartOffset = READ_BIT(FLASH->WRP2BR, FLASH_WRP2BR_WRP2B_STRT);
 721:Drivers/STM32G0xx_HAL_Driver/Src/stm32g0xx_hal_flash_ex.c ****     *WRDPEndOffset = (READ_BIT(FLASH->WRP2BR, FLASH_WRP2BR_WRP2B_END) >> FLASH_WRP2BR_WRP2B_END_Pos
 722:Drivers/STM32G0xx_HAL_Driver/Src/stm32g0xx_hal_flash_ex.c ****   }
 723:Drivers/STM32G0xx_HAL_Driver/Src/stm32g0xx_hal_flash_ex.c **** #endif /* FLASH_DBANK_SUPPORT */
 724:Drivers/STM32G0xx_HAL_Driver/Src/stm32g0xx_hal_flash_ex.c ****   else
 725:Drivers/STM32G0xx_HAL_Driver/Src/stm32g0xx_hal_flash_ex.c ****   {
 726:Drivers/STM32G0xx_HAL_Driver/Src/stm32g0xx_hal_flash_ex.c ****     *WRPStartOffset = READ_BIT(FLASH->WRP1BR, FLASH_WRP1BR_WRP1B_STRT);
ARM GAS  C:\Users\Asus\AppData\Local\Temp\ccAKbHJD.s 			page 16


 131              		.loc 1 726 5 is_stmt 1 view .LVU27
 132              		.loc 1 726 23 is_stmt 0 view .LVU28
 133 0006 0A4C     		ldr	r4, .L14
 134 0008 206B     		ldr	r0, [r4, #48]
 135              	.LVL7:
 136              		.loc 1 726 23 view .LVU29
 137 000a 3F23     		movs	r3, #63
 138 000c 1840     		ands	r0, r3
 139              		.loc 1 726 21 view .LVU30
 140 000e 0860     		str	r0, [r1]
 727:Drivers/STM32G0xx_HAL_Driver/Src/stm32g0xx_hal_flash_ex.c ****     *WRDPEndOffset = (READ_BIT(FLASH->WRP1BR, FLASH_WRP1BR_WRP1B_END) >> FLASH_WRP1BR_WRP1B_END_Pos
 141              		.loc 1 727 5 is_stmt 1 view .LVU31
 142              		.loc 1 727 23 is_stmt 0 view .LVU32
 143 0010 216B     		ldr	r1, [r4, #48]
 144              	.LVL8:
 145              		.loc 1 727 71 view .LVU33
 146 0012 090C     		lsrs	r1, r1, #16
 147 0014 0B40     		ands	r3, r1
 148              		.loc 1 727 20 view .LVU34
 149 0016 1360     		str	r3, [r2]
 150              	.L10:
 728:Drivers/STM32G0xx_HAL_Driver/Src/stm32g0xx_hal_flash_ex.c ****   }
 729:Drivers/STM32G0xx_HAL_Driver/Src/stm32g0xx_hal_flash_ex.c **** }
 151              		.loc 1 729 1 view .LVU35
 152              		@ sp needed
 153 0018 10BD     		pop	{r4, pc}
 154              	.LVL9:
 155              	.L13:
 709:Drivers/STM32G0xx_HAL_Driver/Src/stm32g0xx_hal_flash_ex.c ****     *WRDPEndOffset = (READ_BIT(FLASH->WRP1AR, FLASH_WRP1AR_WRP1A_END) >> FLASH_WRP1AR_WRP1A_END_Pos
 156              		.loc 1 709 5 is_stmt 1 view .LVU36
 709:Drivers/STM32G0xx_HAL_Driver/Src/stm32g0xx_hal_flash_ex.c ****     *WRDPEndOffset = (READ_BIT(FLASH->WRP1AR, FLASH_WRP1AR_WRP1A_END) >> FLASH_WRP1AR_WRP1A_END_Pos
 157              		.loc 1 709 23 is_stmt 0 view .LVU37
 158 001a 054C     		ldr	r4, .L14
 159 001c E06A     		ldr	r0, [r4, #44]
 160              	.LVL10:
 709:Drivers/STM32G0xx_HAL_Driver/Src/stm32g0xx_hal_flash_ex.c ****     *WRDPEndOffset = (READ_BIT(FLASH->WRP1AR, FLASH_WRP1AR_WRP1A_END) >> FLASH_WRP1AR_WRP1A_END_Pos
 161              		.loc 1 709 23 view .LVU38
 162 001e 3F23     		movs	r3, #63
 163 0020 1840     		ands	r0, r3
 709:Drivers/STM32G0xx_HAL_Driver/Src/stm32g0xx_hal_flash_ex.c ****     *WRDPEndOffset = (READ_BIT(FLASH->WRP1AR, FLASH_WRP1AR_WRP1A_END) >> FLASH_WRP1AR_WRP1A_END_Pos
 164              		.loc 1 709 21 view .LVU39
 165 0022 0860     		str	r0, [r1]
 710:Drivers/STM32G0xx_HAL_Driver/Src/stm32g0xx_hal_flash_ex.c ****   }
 166              		.loc 1 710 5 is_stmt 1 view .LVU40
 710:Drivers/STM32G0xx_HAL_Driver/Src/stm32g0xx_hal_flash_ex.c ****   }
 167              		.loc 1 710 23 is_stmt 0 view .LVU41
 168 0024 E16A     		ldr	r1, [r4, #44]
 169              	.LVL11:
 710:Drivers/STM32G0xx_HAL_Driver/Src/stm32g0xx_hal_flash_ex.c ****   }
 170              		.loc 1 710 71 view .LVU42
 171 0026 090C     		lsrs	r1, r1, #16
 172 0028 0B40     		ands	r3, r1
 710:Drivers/STM32G0xx_HAL_Driver/Src/stm32g0xx_hal_flash_ex.c ****   }
 173              		.loc 1 710 20 view .LVU43
 174 002a 1360     		str	r3, [r2]
 175 002c F4E7     		b	.L10
 176              	.L15:
ARM GAS  C:\Users\Asus\AppData\Local\Temp\ccAKbHJD.s 			page 17


 177 002e C046     		.align	2
 178              	.L14:
 179 0030 00200240 		.word	1073881088
 180              		.cfi_endproc
 181              	.LFE320:
 183              		.section	.text.FLASH_OB_OptrConfig,"ax",%progbits
 184              		.align	1
 185              		.syntax unified
 186              		.code	16
 187              		.thumb_func
 189              	FLASH_OB_OptrConfig:
 190              	.LVL12:
 191              	.LFB321:
 730:Drivers/STM32G0xx_HAL_Driver/Src/stm32g0xx_hal_flash_ex.c **** 
 731:Drivers/STM32G0xx_HAL_Driver/Src/stm32g0xx_hal_flash_ex.c **** /**
 732:Drivers/STM32G0xx_HAL_Driver/Src/stm32g0xx_hal_flash_ex.c ****   * @brief  Set user & RDP configuration
 733:Drivers/STM32G0xx_HAL_Driver/Src/stm32g0xx_hal_flash_ex.c ****   * @note   !!! Warning : When enabling OB_RDP level 2 it is no more possible
 734:Drivers/STM32G0xx_HAL_Driver/Src/stm32g0xx_hal_flash_ex.c ****   *         to go back to level 1 or 0 !!!
 735:Drivers/STM32G0xx_HAL_Driver/Src/stm32g0xx_hal_flash_ex.c ****   * @param  UserType  The FLASH User Option Bytes to be modified.
 736:Drivers/STM32G0xx_HAL_Driver/Src/stm32g0xx_hal_flash_ex.c ****   *         This parameter can be a combination of @ref FLASH_OB_USER_Type
 737:Drivers/STM32G0xx_HAL_Driver/Src/stm32g0xx_hal_flash_ex.c ****   * @param  UserConfig  The FLASH User Option Bytes values.
 738:Drivers/STM32G0xx_HAL_Driver/Src/stm32g0xx_hal_flash_ex.c ****   *         This parameter can be a combination of:
 739:Drivers/STM32G0xx_HAL_Driver/Src/stm32g0xx_hal_flash_ex.c ****   *           @arg @ref FLASH_OB_USER_BOR_ENABLE(*)
 740:Drivers/STM32G0xx_HAL_Driver/Src/stm32g0xx_hal_flash_ex.c ****   *           @arg @ref FLASH_OB_USER_BOR_LEVEL(*)
 741:Drivers/STM32G0xx_HAL_Driver/Src/stm32g0xx_hal_flash_ex.c ****   *           @arg @ref FLASH_OB_USER_RESET_CONFIG(*)
 742:Drivers/STM32G0xx_HAL_Driver/Src/stm32g0xx_hal_flash_ex.c ****   *           @arg @ref FLASH_OB_USER_nRST_STOP
 743:Drivers/STM32G0xx_HAL_Driver/Src/stm32g0xx_hal_flash_ex.c ****   *           @arg @ref FLASH_OB_USER_nRST_STANDBY
 744:Drivers/STM32G0xx_HAL_Driver/Src/stm32g0xx_hal_flash_ex.c ****   *           @arg @ref FLASH_OB_USER_nRST_SHUTDOWN(*)
 745:Drivers/STM32G0xx_HAL_Driver/Src/stm32g0xx_hal_flash_ex.c ****   *           @arg @ref FLASH_OB_USER_IWDG_SW
 746:Drivers/STM32G0xx_HAL_Driver/Src/stm32g0xx_hal_flash_ex.c ****   *           @arg @ref FLASH_OB_USER_IWDG_STOP
 747:Drivers/STM32G0xx_HAL_Driver/Src/stm32g0xx_hal_flash_ex.c ****   *           @arg @ref FLASH_OB_USER_IWDG_STANDBY
 748:Drivers/STM32G0xx_HAL_Driver/Src/stm32g0xx_hal_flash_ex.c ****   *           @arg @ref FLASH_OB_USER_WWDG_SW
 749:Drivers/STM32G0xx_HAL_Driver/Src/stm32g0xx_hal_flash_ex.c ****   *           @arg @ref FLASH_OB_USER_SRAM_PARITY
 750:Drivers/STM32G0xx_HAL_Driver/Src/stm32g0xx_hal_flash_ex.c ****   *           @arg @ref FLASH_OB_USER_BANK_SWAP(*)
 751:Drivers/STM32G0xx_HAL_Driver/Src/stm32g0xx_hal_flash_ex.c ****   *           @arg @ref FLASH_OB_USER_DUAL_BANK(*)
 752:Drivers/STM32G0xx_HAL_Driver/Src/stm32g0xx_hal_flash_ex.c ****   *           @arg @ref FLASH_OB_USER_nBOOT_SEL
 753:Drivers/STM32G0xx_HAL_Driver/Src/stm32g0xx_hal_flash_ex.c ****   *           @arg @ref FLASH_OB_USER_nBOOT1
 754:Drivers/STM32G0xx_HAL_Driver/Src/stm32g0xx_hal_flash_ex.c ****   *           @arg @ref FLASH_OB_USER_nBOOT0
 755:Drivers/STM32G0xx_HAL_Driver/Src/stm32g0xx_hal_flash_ex.c ****   *           @arg @ref FLASH_OB_USER_INPUT_RESET_HOLDER(*)
 756:Drivers/STM32G0xx_HAL_Driver/Src/stm32g0xx_hal_flash_ex.c ****   * @param  RDPLevel  specifies the read protection level.
 757:Drivers/STM32G0xx_HAL_Driver/Src/stm32g0xx_hal_flash_ex.c ****   *         This parameter can be one of the following values:
 758:Drivers/STM32G0xx_HAL_Driver/Src/stm32g0xx_hal_flash_ex.c ****   *           @arg @ref OB_RDP_LEVEL_0 No protection
 759:Drivers/STM32G0xx_HAL_Driver/Src/stm32g0xx_hal_flash_ex.c ****   *           @arg @ref OB_RDP_LEVEL_1 Memory Read protection
 760:Drivers/STM32G0xx_HAL_Driver/Src/stm32g0xx_hal_flash_ex.c ****   *           @arg @ref OB_RDP_LEVEL_2 Full chip protection
 761:Drivers/STM32G0xx_HAL_Driver/Src/stm32g0xx_hal_flash_ex.c ****   * @note  (*) availability depends on devices
 762:Drivers/STM32G0xx_HAL_Driver/Src/stm32g0xx_hal_flash_ex.c ****   * @retval None
 763:Drivers/STM32G0xx_HAL_Driver/Src/stm32g0xx_hal_flash_ex.c ****   */
 764:Drivers/STM32G0xx_HAL_Driver/Src/stm32g0xx_hal_flash_ex.c **** static void FLASH_OB_OptrConfig(uint32_t UserType, uint32_t UserConfig, uint32_t RDPLevel)
 765:Drivers/STM32G0xx_HAL_Driver/Src/stm32g0xx_hal_flash_ex.c **** {
 192              		.loc 1 765 1 is_stmt 1 view -0
 193              		.cfi_startproc
 194              		@ args = 0, pretend = 0, frame = 0
 195              		@ frame_needed = 0, uses_anonymous_args = 0
 196              		.loc 1 765 1 is_stmt 0 view .LVU45
 197 0000 30B5     		push	{r4, r5, lr}
 198              		.cfi_def_cfa_offset 12
 199              		.cfi_offset 4, -12
ARM GAS  C:\Users\Asus\AppData\Local\Temp\ccAKbHJD.s 			page 18


 200              		.cfi_offset 5, -8
 201              		.cfi_offset 14, -4
 766:Drivers/STM32G0xx_HAL_Driver/Src/stm32g0xx_hal_flash_ex.c ****   uint32_t optr;
 202              		.loc 1 766 3 is_stmt 1 view .LVU46
 767:Drivers/STM32G0xx_HAL_Driver/Src/stm32g0xx_hal_flash_ex.c **** 
 768:Drivers/STM32G0xx_HAL_Driver/Src/stm32g0xx_hal_flash_ex.c ****   /* Check the parameters */
 769:Drivers/STM32G0xx_HAL_Driver/Src/stm32g0xx_hal_flash_ex.c ****   assert_param(IS_OB_USER_TYPE(UserType));
 203              		.loc 1 769 3 view .LVU47
 770:Drivers/STM32G0xx_HAL_Driver/Src/stm32g0xx_hal_flash_ex.c ****   assert_param(IS_OB_USER_CONFIG(UserType, UserConfig));
 204              		.loc 1 770 3 view .LVU48
 771:Drivers/STM32G0xx_HAL_Driver/Src/stm32g0xx_hal_flash_ex.c ****   assert_param(IS_OB_RDP_LEVEL(RDPLevel));
 205              		.loc 1 771 3 view .LVU49
 772:Drivers/STM32G0xx_HAL_Driver/Src/stm32g0xx_hal_flash_ex.c **** 
 773:Drivers/STM32G0xx_HAL_Driver/Src/stm32g0xx_hal_flash_ex.c ****   /* Configure the RDP level in the option bytes register */
 774:Drivers/STM32G0xx_HAL_Driver/Src/stm32g0xx_hal_flash_ex.c ****   optr = FLASH->OPTR;
 206              		.loc 1 774 3 view .LVU50
 207              		.loc 1 774 8 is_stmt 0 view .LVU51
 208 0002 044C     		ldr	r4, .L17
 209 0004 236A     		ldr	r3, [r4, #32]
 210              	.LVL13:
 775:Drivers/STM32G0xx_HAL_Driver/Src/stm32g0xx_hal_flash_ex.c ****   optr &= ~(UserType | FLASH_OPTR_RDP);
 211              		.loc 1 775 3 is_stmt 1 view .LVU52
 212              		.loc 1 775 22 is_stmt 0 view .LVU53
 213 0006 FF25     		movs	r5, #255
 214 0008 2843     		orrs	r0, r5
 215              	.LVL14:
 216              		.loc 1 775 8 view .LVU54
 217 000a 8343     		bics	r3, r0
 218              	.LVL15:
 776:Drivers/STM32G0xx_HAL_Driver/Src/stm32g0xx_hal_flash_ex.c ****   FLASH->OPTR = (optr | UserConfig | RDPLevel);
 219              		.loc 1 776 3 is_stmt 1 view .LVU55
 220              		.loc 1 776 23 is_stmt 0 view .LVU56
 221 000c 0B43     		orrs	r3, r1
 222              	.LVL16:
 223              		.loc 1 776 36 view .LVU57
 224 000e 1343     		orrs	r3, r2
 225              		.loc 1 776 15 view .LVU58
 226 0010 2362     		str	r3, [r4, #32]
 777:Drivers/STM32G0xx_HAL_Driver/Src/stm32g0xx_hal_flash_ex.c **** }
 227              		.loc 1 777 1 view .LVU59
 228              		@ sp needed
 229 0012 30BD     		pop	{r4, r5, pc}
 230              	.L18:
 231              		.align	2
 232              	.L17:
 233 0014 00200240 		.word	1073881088
 234              		.cfi_endproc
 235              	.LFE321:
 237              		.section	.text.FLASH_OB_GetRDP,"ax",%progbits
 238              		.align	1
 239              		.syntax unified
 240              		.code	16
 241              		.thumb_func
 243              	FLASH_OB_GetRDP:
 244              	.LFB322:
 778:Drivers/STM32G0xx_HAL_Driver/Src/stm32g0xx_hal_flash_ex.c **** 
 779:Drivers/STM32G0xx_HAL_Driver/Src/stm32g0xx_hal_flash_ex.c **** /**
ARM GAS  C:\Users\Asus\AppData\Local\Temp\ccAKbHJD.s 			page 19


 780:Drivers/STM32G0xx_HAL_Driver/Src/stm32g0xx_hal_flash_ex.c ****   * @brief  Return the FLASH Read Protection level.
 781:Drivers/STM32G0xx_HAL_Driver/Src/stm32g0xx_hal_flash_ex.c ****   * @retval FLASH ReadOut Protection Status:
 782:Drivers/STM32G0xx_HAL_Driver/Src/stm32g0xx_hal_flash_ex.c ****   *         This return value can be one of the following values:
 783:Drivers/STM32G0xx_HAL_Driver/Src/stm32g0xx_hal_flash_ex.c ****   *           @arg @ref OB_RDP_LEVEL_0 No protection
 784:Drivers/STM32G0xx_HAL_Driver/Src/stm32g0xx_hal_flash_ex.c ****   *           @arg @ref OB_RDP_LEVEL_1 Read protection of the memory
 785:Drivers/STM32G0xx_HAL_Driver/Src/stm32g0xx_hal_flash_ex.c ****   *           @arg @ref OB_RDP_LEVEL_2 Full chip protection
 786:Drivers/STM32G0xx_HAL_Driver/Src/stm32g0xx_hal_flash_ex.c ****   */
 787:Drivers/STM32G0xx_HAL_Driver/Src/stm32g0xx_hal_flash_ex.c **** static uint32_t FLASH_OB_GetRDP(void)
 788:Drivers/STM32G0xx_HAL_Driver/Src/stm32g0xx_hal_flash_ex.c **** {
 245              		.loc 1 788 1 is_stmt 1 view -0
 246              		.cfi_startproc
 247              		@ args = 0, pretend = 0, frame = 0
 248              		@ frame_needed = 0, uses_anonymous_args = 0
 249              		@ link register save eliminated.
 789:Drivers/STM32G0xx_HAL_Driver/Src/stm32g0xx_hal_flash_ex.c ****   uint32_t rdplvl = READ_BIT(FLASH->OPTR, FLASH_OPTR_RDP);
 250              		.loc 1 789 3 view .LVU61
 251              		.loc 1 789 21 is_stmt 0 view .LVU62
 252 0000 044B     		ldr	r3, .L22
 253 0002 1B6A     		ldr	r3, [r3, #32]
 254              		.loc 1 789 12 view .LVU63
 255 0004 FF20     		movs	r0, #255
 256 0006 1840     		ands	r0, r3
 257              	.LVL17:
 790:Drivers/STM32G0xx_HAL_Driver/Src/stm32g0xx_hal_flash_ex.c **** 
 791:Drivers/STM32G0xx_HAL_Driver/Src/stm32g0xx_hal_flash_ex.c ****   if ((rdplvl != OB_RDP_LEVEL_0) && (rdplvl != OB_RDP_LEVEL_2))
 258              		.loc 1 791 3 is_stmt 1 view .LVU64
 259              		.loc 1 791 6 is_stmt 0 view .LVU65
 260 0008 AA28     		cmp	r0, #170
 261 000a 02D0     		beq	.L19
 262              		.loc 1 791 34 discriminator 1 view .LVU66
 263 000c CC28     		cmp	r0, #204
 264 000e 00D0     		beq	.L19
 792:Drivers/STM32G0xx_HAL_Driver/Src/stm32g0xx_hal_flash_ex.c ****   {
 793:Drivers/STM32G0xx_HAL_Driver/Src/stm32g0xx_hal_flash_ex.c ****     return (OB_RDP_LEVEL_1);
 265              		.loc 1 793 12 view .LVU67
 266 0010 BB20     		movs	r0, #187
 267              	.LVL18:
 268              	.L19:
 794:Drivers/STM32G0xx_HAL_Driver/Src/stm32g0xx_hal_flash_ex.c ****   }
 795:Drivers/STM32G0xx_HAL_Driver/Src/stm32g0xx_hal_flash_ex.c ****   else
 796:Drivers/STM32G0xx_HAL_Driver/Src/stm32g0xx_hal_flash_ex.c ****   {
 797:Drivers/STM32G0xx_HAL_Driver/Src/stm32g0xx_hal_flash_ex.c ****     return rdplvl;
 798:Drivers/STM32G0xx_HAL_Driver/Src/stm32g0xx_hal_flash_ex.c ****   }
 799:Drivers/STM32G0xx_HAL_Driver/Src/stm32g0xx_hal_flash_ex.c **** }
 269              		.loc 1 799 1 view .LVU68
 270              		@ sp needed
 271 0012 7047     		bx	lr
 272              	.L23:
 273              		.align	2
 274              	.L22:
 275 0014 00200240 		.word	1073881088
 276              		.cfi_endproc
 277              	.LFE322:
 279              		.section	.text.FLASH_OB_GetUser,"ax",%progbits
 280              		.align	1
 281              		.syntax unified
 282              		.code	16
ARM GAS  C:\Users\Asus\AppData\Local\Temp\ccAKbHJD.s 			page 20


 283              		.thumb_func
 285              	FLASH_OB_GetUser:
 286              	.LFB323:
 800:Drivers/STM32G0xx_HAL_Driver/Src/stm32g0xx_hal_flash_ex.c **** 
 801:Drivers/STM32G0xx_HAL_Driver/Src/stm32g0xx_hal_flash_ex.c **** /**
 802:Drivers/STM32G0xx_HAL_Driver/Src/stm32g0xx_hal_flash_ex.c ****   * @brief  Return the FLASH User Option Byte value.
 803:Drivers/STM32G0xx_HAL_Driver/Src/stm32g0xx_hal_flash_ex.c ****   * @retval The FLASH User Option Bytes values. It will be a combination of all the following value
 804:Drivers/STM32G0xx_HAL_Driver/Src/stm32g0xx_hal_flash_ex.c ****   *           @arg @ref FLASH_OB_USER_BOR_ENABLE(*)
 805:Drivers/STM32G0xx_HAL_Driver/Src/stm32g0xx_hal_flash_ex.c ****   *           @arg @ref FLASH_OB_USER_BOR_LEVEL(*)
 806:Drivers/STM32G0xx_HAL_Driver/Src/stm32g0xx_hal_flash_ex.c ****   *           @arg @ref FLASH_OB_USER_RESET_CONFIG(*)
 807:Drivers/STM32G0xx_HAL_Driver/Src/stm32g0xx_hal_flash_ex.c ****   *           @arg @ref FLASH_OB_USER_nRST_STOP
 808:Drivers/STM32G0xx_HAL_Driver/Src/stm32g0xx_hal_flash_ex.c ****   *           @arg @ref FLASH_OB_USER_nRST_STANDBY
 809:Drivers/STM32G0xx_HAL_Driver/Src/stm32g0xx_hal_flash_ex.c ****   *           @arg @ref FLASH_OB_USER_nRST_SHUTDOWN(*)
 810:Drivers/STM32G0xx_HAL_Driver/Src/stm32g0xx_hal_flash_ex.c ****   *           @arg @ref FLASH_OB_USER_IWDG_SW
 811:Drivers/STM32G0xx_HAL_Driver/Src/stm32g0xx_hal_flash_ex.c ****   *           @arg @ref FLASH_OB_USER_IWDG_STOP
 812:Drivers/STM32G0xx_HAL_Driver/Src/stm32g0xx_hal_flash_ex.c ****   *           @arg @ref FLASH_OB_USER_IWDG_STANDBY
 813:Drivers/STM32G0xx_HAL_Driver/Src/stm32g0xx_hal_flash_ex.c ****   *           @arg @ref FLASH_OB_USER_WWDG_SW
 814:Drivers/STM32G0xx_HAL_Driver/Src/stm32g0xx_hal_flash_ex.c ****   *           @arg @ref FLASH_OB_USER_SRAM_PARITY
 815:Drivers/STM32G0xx_HAL_Driver/Src/stm32g0xx_hal_flash_ex.c ****   *           @arg @ref FLASH_OB_USER_BANK_SWAP(*)
 816:Drivers/STM32G0xx_HAL_Driver/Src/stm32g0xx_hal_flash_ex.c ****   *           @arg @ref FLASH_OB_USER_DUAL_BANK(*)
 817:Drivers/STM32G0xx_HAL_Driver/Src/stm32g0xx_hal_flash_ex.c ****   *           @arg @ref FLASH_OB_USER_nBOOT_SEL
 818:Drivers/STM32G0xx_HAL_Driver/Src/stm32g0xx_hal_flash_ex.c ****   *           @arg @ref FLASH_OB_USER_nBOOT1
 819:Drivers/STM32G0xx_HAL_Driver/Src/stm32g0xx_hal_flash_ex.c ****   *           @arg @ref FLASH_OB_USER_nBOOT0
 820:Drivers/STM32G0xx_HAL_Driver/Src/stm32g0xx_hal_flash_ex.c ****   *           @arg @ref FLASH_OB_USER_INPUT_RESET_HOLDER(*)
 821:Drivers/STM32G0xx_HAL_Driver/Src/stm32g0xx_hal_flash_ex.c ****   * @note  (*) availability depends on devices
 822:Drivers/STM32G0xx_HAL_Driver/Src/stm32g0xx_hal_flash_ex.c ****   */
 823:Drivers/STM32G0xx_HAL_Driver/Src/stm32g0xx_hal_flash_ex.c **** static uint32_t FLASH_OB_GetUser(void)
 824:Drivers/STM32G0xx_HAL_Driver/Src/stm32g0xx_hal_flash_ex.c **** {
 287              		.loc 1 824 1 is_stmt 1 view -0
 288              		.cfi_startproc
 289              		@ args = 0, pretend = 0, frame = 0
 290              		@ frame_needed = 0, uses_anonymous_args = 0
 291              		@ link register save eliminated.
 825:Drivers/STM32G0xx_HAL_Driver/Src/stm32g0xx_hal_flash_ex.c ****   uint32_t user = ((FLASH->OPTR & ~FLASH_OPTR_RDP) & OB_USER_ALL);
 292              		.loc 1 825 3 view .LVU70
 293              		.loc 1 825 26 is_stmt 0 view .LVU71
 294 0000 024B     		ldr	r3, .L25
 295 0002 186A     		ldr	r0, [r3, #32]
 296              		.loc 1 825 12 view .LVU72
 297 0004 024B     		ldr	r3, .L25+4
 298 0006 1840     		ands	r0, r3
 299              	.LVL19:
 826:Drivers/STM32G0xx_HAL_Driver/Src/stm32g0xx_hal_flash_ex.c ****   return user;
 300              		.loc 1 826 3 is_stmt 1 view .LVU73
 827:Drivers/STM32G0xx_HAL_Driver/Src/stm32g0xx_hal_flash_ex.c **** }
 301              		.loc 1 827 1 is_stmt 0 view .LVU74
 302              		@ sp needed
 303 0008 7047     		bx	lr
 304              	.L26:
 305 000a C046     		.align	2
 306              	.L25:
 307 000c 00200240 		.word	1073881088
 308 0010 00604F07 		.word	122642432
 309              		.cfi_endproc
 310              	.LFE323:
 312              		.section	.text.HAL_FLASHEx_OBProgram,"ax",%progbits
 313              		.align	1
ARM GAS  C:\Users\Asus\AppData\Local\Temp\ccAKbHJD.s 			page 21


 314              		.global	HAL_FLASHEx_OBProgram
 315              		.syntax unified
 316              		.code	16
 317              		.thumb_func
 319              	HAL_FLASHEx_OBProgram:
 320              	.LVL20:
 321              	.LFB312:
 298:Drivers/STM32G0xx_HAL_Driver/Src/stm32g0xx_hal_flash_ex.c ****   uint32_t optr;
 322              		.loc 1 298 1 is_stmt 1 view -0
 323              		.cfi_startproc
 324              		@ args = 0, pretend = 0, frame = 0
 325              		@ frame_needed = 0, uses_anonymous_args = 0
 298:Drivers/STM32G0xx_HAL_Driver/Src/stm32g0xx_hal_flash_ex.c ****   uint32_t optr;
 326              		.loc 1 298 1 is_stmt 0 view .LVU76
 327 0000 10B5     		push	{r4, lr}
 328              		.cfi_def_cfa_offset 8
 329              		.cfi_offset 4, -8
 330              		.cfi_offset 14, -4
 331 0002 0400     		movs	r4, r0
 299:Drivers/STM32G0xx_HAL_Driver/Src/stm32g0xx_hal_flash_ex.c ****   HAL_StatusTypeDef status;
 332              		.loc 1 299 3 is_stmt 1 view .LVU77
 300:Drivers/STM32G0xx_HAL_Driver/Src/stm32g0xx_hal_flash_ex.c **** 
 333              		.loc 1 300 3 view .LVU78
 303:Drivers/STM32G0xx_HAL_Driver/Src/stm32g0xx_hal_flash_ex.c **** 
 334              		.loc 1 303 3 view .LVU79
 306:Drivers/STM32G0xx_HAL_Driver/Src/stm32g0xx_hal_flash_ex.c **** 
 335              		.loc 1 306 3 view .LVU80
 306:Drivers/STM32G0xx_HAL_Driver/Src/stm32g0xx_hal_flash_ex.c **** 
 336              		.loc 1 306 3 view .LVU81
 337 0004 254B     		ldr	r3, .L41
 338 0006 1B78     		ldrb	r3, [r3]
 339 0008 012B     		cmp	r3, #1
 340 000a 44D0     		beq	.L34
 306:Drivers/STM32G0xx_HAL_Driver/Src/stm32g0xx_hal_flash_ex.c **** 
 341              		.loc 1 306 3 discriminator 2 view .LVU82
 342 000c 234B     		ldr	r3, .L41
 343 000e 0122     		movs	r2, #1
 344 0010 1A70     		strb	r2, [r3]
 306:Drivers/STM32G0xx_HAL_Driver/Src/stm32g0xx_hal_flash_ex.c **** 
 345              		.loc 1 306 3 discriminator 2 view .LVU83
 308:Drivers/STM32G0xx_HAL_Driver/Src/stm32g0xx_hal_flash_ex.c **** 
 346              		.loc 1 308 3 discriminator 2 view .LVU84
 308:Drivers/STM32G0xx_HAL_Driver/Src/stm32g0xx_hal_flash_ex.c **** 
 347              		.loc 1 308 20 is_stmt 0 discriminator 2 view .LVU85
 348 0012 0021     		movs	r1, #0
 349 0014 5960     		str	r1, [r3, #4]
 311:Drivers/STM32G0xx_HAL_Driver/Src/stm32g0xx_hal_flash_ex.c ****   {
 350              		.loc 1 311 3 is_stmt 1 discriminator 2 view .LVU86
 311:Drivers/STM32G0xx_HAL_Driver/Src/stm32g0xx_hal_flash_ex.c ****   {
 351              		.loc 1 311 15 is_stmt 0 discriminator 2 view .LVU87
 352 0016 0368     		ldr	r3, [r0]
 311:Drivers/STM32G0xx_HAL_Driver/Src/stm32g0xx_hal_flash_ex.c ****   {
 353              		.loc 1 311 6 discriminator 2 view .LVU88
 354 0018 1A42     		tst	r2, r3
 355 001a 12D1     		bne	.L36
 356              	.LVL21:
 357              	.L29:
ARM GAS  C:\Users\Asus\AppData\Local\Temp\ccAKbHJD.s 			page 22


 318:Drivers/STM32G0xx_HAL_Driver/Src/stm32g0xx_hal_flash_ex.c ****   {
 358              		.loc 1 318 3 is_stmt 1 view .LVU89
 318:Drivers/STM32G0xx_HAL_Driver/Src/stm32g0xx_hal_flash_ex.c ****   {
 359              		.loc 1 318 15 is_stmt 0 view .LVU90
 360 001c 2268     		ldr	r2, [r4]
 318:Drivers/STM32G0xx_HAL_Driver/Src/stm32g0xx_hal_flash_ex.c ****   {
 361              		.loc 1 318 28 view .LVU91
 362 001e 0623     		movs	r3, #6
 363 0020 1340     		ands	r3, r2
 318:Drivers/STM32G0xx_HAL_Driver/Src/stm32g0xx_hal_flash_ex.c ****   {
 364              		.loc 1 318 6 view .LVU92
 365 0022 062B     		cmp	r3, #6
 366 0024 13D0     		beq	.L37
 323:Drivers/STM32G0xx_HAL_Driver/Src/stm32g0xx_hal_flash_ex.c ****   {
 367              		.loc 1 323 8 is_stmt 1 view .LVU93
 323:Drivers/STM32G0xx_HAL_Driver/Src/stm32g0xx_hal_flash_ex.c ****   {
 368              		.loc 1 323 11 is_stmt 0 view .LVU94
 369 0026 9307     		lsls	r3, r2, #30
 370 0028 17D4     		bmi	.L38
 329:Drivers/STM32G0xx_HAL_Driver/Src/stm32g0xx_hal_flash_ex.c ****   {
 371              		.loc 1 329 8 is_stmt 1 view .LVU95
 329:Drivers/STM32G0xx_HAL_Driver/Src/stm32g0xx_hal_flash_ex.c ****   {
 372              		.loc 1 329 11 is_stmt 0 view .LVU96
 373 002a 5207     		lsls	r2, r2, #29
 374 002c 1CD4     		bmi	.L39
 375              	.L31:
 338:Drivers/STM32G0xx_HAL_Driver/Src/stm32g0xx_hal_flash_ex.c **** 
 376              		.loc 1 338 3 is_stmt 1 view .LVU97
 390:Drivers/STM32G0xx_HAL_Driver/Src/stm32g0xx_hal_flash_ex.c **** 
 377              		.loc 1 390 3 view .LVU98
 390:Drivers/STM32G0xx_HAL_Driver/Src/stm32g0xx_hal_flash_ex.c **** 
 378              		.loc 1 390 12 is_stmt 0 view .LVU99
 379 002e FA20     		movs	r0, #250
 380 0030 8000     		lsls	r0, r0, #2
 381 0032 FFF7FEFF 		bl	FLASH_WaitForLastOperation
 382              	.LVL22:
 392:Drivers/STM32G0xx_HAL_Driver/Src/stm32g0xx_hal_flash_ex.c ****   {
 383              		.loc 1 392 3 is_stmt 1 view .LVU100
 392:Drivers/STM32G0xx_HAL_Driver/Src/stm32g0xx_hal_flash_ex.c ****   {
 384              		.loc 1 392 6 is_stmt 0 view .LVU101
 385 0036 0028     		cmp	r0, #0
 386 0038 1ED0     		beq	.L40
 387              	.LVL23:
 388              	.L33:
 405:Drivers/STM32G0xx_HAL_Driver/Src/stm32g0xx_hal_flash_ex.c **** 
 389              		.loc 1 405 3 is_stmt 1 view .LVU102
 405:Drivers/STM32G0xx_HAL_Driver/Src/stm32g0xx_hal_flash_ex.c **** 
 390              		.loc 1 405 3 view .LVU103
 391 003a 184B     		ldr	r3, .L41
 392 003c 0022     		movs	r2, #0
 393 003e 1A70     		strb	r2, [r3]
 405:Drivers/STM32G0xx_HAL_Driver/Src/stm32g0xx_hal_flash_ex.c **** 
 394              		.loc 1 405 3 view .LVU104
 408:Drivers/STM32G0xx_HAL_Driver/Src/stm32g0xx_hal_flash_ex.c **** }
 395              		.loc 1 408 3 view .LVU105
 396              	.LVL24:
 397              	.L28:
ARM GAS  C:\Users\Asus\AppData\Local\Temp\ccAKbHJD.s 			page 23


 409:Drivers/STM32G0xx_HAL_Driver/Src/stm32g0xx_hal_flash_ex.c **** 
 398              		.loc 1 409 1 is_stmt 0 view .LVU106
 399              		@ sp needed
 400 0040 10BD     		pop	{r4, pc}
 401              	.LVL25:
 402              	.L36:
 314:Drivers/STM32G0xx_HAL_Driver/Src/stm32g0xx_hal_flash_ex.c ****   }
 403              		.loc 1 314 5 is_stmt 1 view .LVU107
 404 0042 C268     		ldr	r2, [r0, #12]
 405 0044 8168     		ldr	r1, [r0, #8]
 406 0046 4068     		ldr	r0, [r0, #4]
 407              	.LVL26:
 314:Drivers/STM32G0xx_HAL_Driver/Src/stm32g0xx_hal_flash_ex.c ****   }
 408              		.loc 1 314 5 is_stmt 0 view .LVU108
 409 0048 FFF7FEFF 		bl	FLASH_OB_WRPConfig
 410              	.LVL27:
 411 004c E6E7     		b	.L29
 412              	.L37:
 321:Drivers/STM32G0xx_HAL_Driver/Src/stm32g0xx_hal_flash_ex.c ****   }
 413              		.loc 1 321 5 is_stmt 1 view .LVU109
 414 004e 2269     		ldr	r2, [r4, #16]
 415 0050 A169     		ldr	r1, [r4, #24]
 416 0052 6069     		ldr	r0, [r4, #20]
 417 0054 FFF7FEFF 		bl	FLASH_OB_OptrConfig
 418              	.LVL28:
 419 0058 E9E7     		b	.L31
 420              	.L38:
 326:Drivers/STM32G0xx_HAL_Driver/Src/stm32g0xx_hal_flash_ex.c ****     FLASH_OB_OptrConfig(optr, optr, pOBInit->RDPLevel);
 421              		.loc 1 326 5 view .LVU110
 326:Drivers/STM32G0xx_HAL_Driver/Src/stm32g0xx_hal_flash_ex.c ****     FLASH_OB_OptrConfig(optr, optr, pOBInit->RDPLevel);
 422              		.loc 1 326 12 is_stmt 0 view .LVU111
 423 005a FFF7FEFF 		bl	FLASH_OB_GetUser
 424              	.LVL29:
 327:Drivers/STM32G0xx_HAL_Driver/Src/stm32g0xx_hal_flash_ex.c ****   }
 425              		.loc 1 327 5 is_stmt 1 view .LVU112
 426 005e 2269     		ldr	r2, [r4, #16]
 427 0060 0100     		movs	r1, r0
 428 0062 FFF7FEFF 		bl	FLASH_OB_OptrConfig
 429              	.LVL30:
 327:Drivers/STM32G0xx_HAL_Driver/Src/stm32g0xx_hal_flash_ex.c ****   }
 430              		.loc 1 327 5 is_stmt 0 view .LVU113
 431 0066 E2E7     		b	.L31
 432              	.LVL31:
 433              	.L39:
 332:Drivers/STM32G0xx_HAL_Driver/Src/stm32g0xx_hal_flash_ex.c ****     FLASH_OB_OptrConfig(pOBInit->USERType, pOBInit->USERConfig, optr);
 434              		.loc 1 332 5 is_stmt 1 view .LVU114
 332:Drivers/STM32G0xx_HAL_Driver/Src/stm32g0xx_hal_flash_ex.c ****     FLASH_OB_OptrConfig(pOBInit->USERType, pOBInit->USERConfig, optr);
 435              		.loc 1 332 12 is_stmt 0 view .LVU115
 436 0068 FFF7FEFF 		bl	FLASH_OB_GetRDP
 437              	.LVL32:
 438 006c 0200     		movs	r2, r0
 439              	.LVL33:
 333:Drivers/STM32G0xx_HAL_Driver/Src/stm32g0xx_hal_flash_ex.c ****   }
 440              		.loc 1 333 5 is_stmt 1 view .LVU116
 441 006e A169     		ldr	r1, [r4, #24]
 442 0070 6069     		ldr	r0, [r4, #20]
 443              	.LVL34:
ARM GAS  C:\Users\Asus\AppData\Local\Temp\ccAKbHJD.s 			page 24


 333:Drivers/STM32G0xx_HAL_Driver/Src/stm32g0xx_hal_flash_ex.c ****   }
 444              		.loc 1 333 5 is_stmt 0 view .LVU117
 445 0072 FFF7FEFF 		bl	FLASH_OB_OptrConfig
 446              	.LVL35:
 333:Drivers/STM32G0xx_HAL_Driver/Src/stm32g0xx_hal_flash_ex.c ****   }
 447              		.loc 1 333 5 view .LVU118
 448 0076 DAE7     		b	.L31
 449              	.LVL36:
 450              	.L40:
 395:Drivers/STM32G0xx_HAL_Driver/Src/stm32g0xx_hal_flash_ex.c **** 
 451              		.loc 1 395 5 is_stmt 1 view .LVU119
 452 0078 094C     		ldr	r4, .L41+4
 453              	.LVL37:
 395:Drivers/STM32G0xx_HAL_Driver/Src/stm32g0xx_hal_flash_ex.c **** 
 454              		.loc 1 395 5 is_stmt 0 view .LVU120
 455 007a 6269     		ldr	r2, [r4, #20]
 456 007c 8023     		movs	r3, #128
 457 007e 9B02     		lsls	r3, r3, #10
 458 0080 1343     		orrs	r3, r2
 459 0082 6361     		str	r3, [r4, #20]
 398:Drivers/STM32G0xx_HAL_Driver/Src/stm32g0xx_hal_flash_ex.c **** 
 460              		.loc 1 398 5 is_stmt 1 view .LVU121
 398:Drivers/STM32G0xx_HAL_Driver/Src/stm32g0xx_hal_flash_ex.c **** 
 461              		.loc 1 398 14 is_stmt 0 view .LVU122
 462 0084 FA30     		adds	r0, r0, #250
 463              	.LVL38:
 398:Drivers/STM32G0xx_HAL_Driver/Src/stm32g0xx_hal_flash_ex.c **** 
 464              		.loc 1 398 14 view .LVU123
 465 0086 8000     		lsls	r0, r0, #2
 466              	.LVL39:
 398:Drivers/STM32G0xx_HAL_Driver/Src/stm32g0xx_hal_flash_ex.c **** 
 467              		.loc 1 398 14 view .LVU124
 468 0088 FFF7FEFF 		bl	FLASH_WaitForLastOperation
 469              	.LVL40:
 401:Drivers/STM32G0xx_HAL_Driver/Src/stm32g0xx_hal_flash_ex.c ****   }
 470              		.loc 1 401 5 is_stmt 1 view .LVU125
 471 008c 6369     		ldr	r3, [r4, #20]
 472 008e 054A     		ldr	r2, .L41+8
 473 0090 1340     		ands	r3, r2
 474 0092 6361     		str	r3, [r4, #20]
 475 0094 D1E7     		b	.L33
 476              	.LVL41:
 477              	.L34:
 306:Drivers/STM32G0xx_HAL_Driver/Src/stm32g0xx_hal_flash_ex.c **** 
 478              		.loc 1 306 3 is_stmt 0 view .LVU126
 479 0096 0220     		movs	r0, #2
 480              	.LVL42:
 306:Drivers/STM32G0xx_HAL_Driver/Src/stm32g0xx_hal_flash_ex.c **** 
 481              		.loc 1 306 3 view .LVU127
 482 0098 D2E7     		b	.L28
 483              	.L42:
 484 009a C046     		.align	2
 485              	.L41:
 486 009c 00000000 		.word	pFlash
 487 00a0 00200240 		.word	1073881088
 488 00a4 FFFFFDFF 		.word	-131073
 489              		.cfi_endproc
ARM GAS  C:\Users\Asus\AppData\Local\Temp\ccAKbHJD.s 			page 25


 490              	.LFE312:
 492              		.section	.text.HAL_FLASHEx_OBGetConfig,"ax",%progbits
 493              		.align	1
 494              		.global	HAL_FLASHEx_OBGetConfig
 495              		.syntax unified
 496              		.code	16
 497              		.thumb_func
 499              	HAL_FLASHEx_OBGetConfig:
 500              	.LVL43:
 501              	.LFB313:
 422:Drivers/STM32G0xx_HAL_Driver/Src/stm32g0xx_hal_flash_ex.c ****   pOBInit->OptionType = OPTIONBYTE_ALL;
 502              		.loc 1 422 1 is_stmt 1 view -0
 503              		.cfi_startproc
 504              		@ args = 0, pretend = 0, frame = 0
 505              		@ frame_needed = 0, uses_anonymous_args = 0
 422:Drivers/STM32G0xx_HAL_Driver/Src/stm32g0xx_hal_flash_ex.c ****   pOBInit->OptionType = OPTIONBYTE_ALL;
 506              		.loc 1 422 1 is_stmt 0 view .LVU129
 507 0000 10B5     		push	{r4, lr}
 508              		.cfi_def_cfa_offset 8
 509              		.cfi_offset 4, -8
 510              		.cfi_offset 14, -4
 511 0002 0400     		movs	r4, r0
 423:Drivers/STM32G0xx_HAL_Driver/Src/stm32g0xx_hal_flash_ex.c **** 
 512              		.loc 1 423 3 is_stmt 1 view .LVU130
 423:Drivers/STM32G0xx_HAL_Driver/Src/stm32g0xx_hal_flash_ex.c **** 
 513              		.loc 1 423 23 is_stmt 0 view .LVU131
 514 0004 0723     		movs	r3, #7
 515 0006 0360     		str	r3, [r0]
 426:Drivers/STM32G0xx_HAL_Driver/Src/stm32g0xx_hal_flash_ex.c **** 
 516              		.loc 1 426 3 is_stmt 1 view .LVU132
 517 0008 0200     		movs	r2, r0
 518 000a 0C32     		adds	r2, r2, #12
 519 000c 0100     		movs	r1, r0
 520 000e 0831     		adds	r1, r1, #8
 521 0010 4068     		ldr	r0, [r0, #4]
 522              	.LVL44:
 426:Drivers/STM32G0xx_HAL_Driver/Src/stm32g0xx_hal_flash_ex.c **** 
 523              		.loc 1 426 3 is_stmt 0 view .LVU133
 524 0012 FFF7FEFF 		bl	FLASH_OB_GetWRP
 525              	.LVL45:
 429:Drivers/STM32G0xx_HAL_Driver/Src/stm32g0xx_hal_flash_ex.c **** 
 526              		.loc 1 429 3 is_stmt 1 view .LVU134
 429:Drivers/STM32G0xx_HAL_Driver/Src/stm32g0xx_hal_flash_ex.c **** 
 527              		.loc 1 429 23 is_stmt 0 view .LVU135
 528 0016 FFF7FEFF 		bl	FLASH_OB_GetRDP
 529              	.LVL46:
 429:Drivers/STM32G0xx_HAL_Driver/Src/stm32g0xx_hal_flash_ex.c **** 
 530              		.loc 1 429 21 view .LVU136
 531 001a 2061     		str	r0, [r4, #16]
 432:Drivers/STM32G0xx_HAL_Driver/Src/stm32g0xx_hal_flash_ex.c ****   pOBInit->USERType = OB_USER_ALL;
 532              		.loc 1 432 3 is_stmt 1 view .LVU137
 432:Drivers/STM32G0xx_HAL_Driver/Src/stm32g0xx_hal_flash_ex.c ****   pOBInit->USERType = OB_USER_ALL;
 533              		.loc 1 432 25 is_stmt 0 view .LVU138
 534 001c FFF7FEFF 		bl	FLASH_OB_GetUser
 535              	.LVL47:
 432:Drivers/STM32G0xx_HAL_Driver/Src/stm32g0xx_hal_flash_ex.c ****   pOBInit->USERType = OB_USER_ALL;
 536              		.loc 1 432 23 view .LVU139
ARM GAS  C:\Users\Asus\AppData\Local\Temp\ccAKbHJD.s 			page 26


 537 0020 A061     		str	r0, [r4, #24]
 433:Drivers/STM32G0xx_HAL_Driver/Src/stm32g0xx_hal_flash_ex.c **** 
 538              		.loc 1 433 3 is_stmt 1 view .LVU140
 433:Drivers/STM32G0xx_HAL_Driver/Src/stm32g0xx_hal_flash_ex.c **** 
 539              		.loc 1 433 21 is_stmt 0 view .LVU141
 540 0022 014B     		ldr	r3, .L44
 541 0024 6361     		str	r3, [r4, #20]
 456:Drivers/STM32G0xx_HAL_Driver/Src/stm32g0xx_hal_flash_ex.c **** 
 542              		.loc 1 456 1 view .LVU142
 543              		@ sp needed
 544              	.LVL48:
 456:Drivers/STM32G0xx_HAL_Driver/Src/stm32g0xx_hal_flash_ex.c **** 
 545              		.loc 1 456 1 view .LVU143
 546 0026 10BD     		pop	{r4, pc}
 547              	.L45:
 548              		.align	2
 549              	.L44:
 550 0028 00604F07 		.word	122642432
 551              		.cfi_endproc
 552              	.LFE313:
 554              		.section	.text.HAL_FLASHEx_FlashEmptyCheck,"ax",%progbits
 555              		.align	1
 556              		.global	HAL_FLASHEx_FlashEmptyCheck
 557              		.syntax unified
 558              		.code	16
 559              		.thumb_func
 561              	HAL_FLASHEx_FlashEmptyCheck:
 562              	.LFB314:
 489:Drivers/STM32G0xx_HAL_Driver/Src/stm32g0xx_hal_flash_ex.c ****   return ((FLASH->ACR & FLASH_ACR_PROGEMPTY));
 563              		.loc 1 489 1 is_stmt 1 view -0
 564              		.cfi_startproc
 565              		@ args = 0, pretend = 0, frame = 0
 566              		@ frame_needed = 0, uses_anonymous_args = 0
 567              		@ link register save eliminated.
 490:Drivers/STM32G0xx_HAL_Driver/Src/stm32g0xx_hal_flash_ex.c **** }
 568              		.loc 1 490 3 view .LVU145
 490:Drivers/STM32G0xx_HAL_Driver/Src/stm32g0xx_hal_flash_ex.c **** }
 569              		.loc 1 490 17 is_stmt 0 view .LVU146
 570 0000 024B     		ldr	r3, .L47
 571 0002 1868     		ldr	r0, [r3]
 490:Drivers/STM32G0xx_HAL_Driver/Src/stm32g0xx_hal_flash_ex.c **** }
 572              		.loc 1 490 23 view .LVU147
 573 0004 8023     		movs	r3, #128
 574 0006 5B02     		lsls	r3, r3, #9
 575 0008 1840     		ands	r0, r3
 491:Drivers/STM32G0xx_HAL_Driver/Src/stm32g0xx_hal_flash_ex.c **** 
 576              		.loc 1 491 1 view .LVU148
 577              		@ sp needed
 578 000a 7047     		bx	lr
 579              	.L48:
 580              		.align	2
 581              	.L47:
 582 000c 00200240 		.word	1073881088
 583              		.cfi_endproc
 584              	.LFE314:
 586              		.section	.text.HAL_FLASHEx_ForceFlashEmpty,"ax",%progbits
 587              		.align	1
ARM GAS  C:\Users\Asus\AppData\Local\Temp\ccAKbHJD.s 			page 27


 588              		.global	HAL_FLASHEx_ForceFlashEmpty
 589              		.syntax unified
 590              		.code	16
 591              		.thumb_func
 593              	HAL_FLASHEx_ForceFlashEmpty:
 594              	.LVL49:
 595              	.LFB315:
 503:Drivers/STM32G0xx_HAL_Driver/Src/stm32g0xx_hal_flash_ex.c ****   uint32_t acr;
 596              		.loc 1 503 1 is_stmt 1 view -0
 597              		.cfi_startproc
 598              		@ args = 0, pretend = 0, frame = 0
 599              		@ frame_needed = 0, uses_anonymous_args = 0
 600              		@ link register save eliminated.
 504:Drivers/STM32G0xx_HAL_Driver/Src/stm32g0xx_hal_flash_ex.c ****   assert_param(IS_FLASH_EMPTY_CHECK(FlashEmpty));
 601              		.loc 1 504 3 view .LVU150
 505:Drivers/STM32G0xx_HAL_Driver/Src/stm32g0xx_hal_flash_ex.c **** 
 602              		.loc 1 505 3 view .LVU151
 507:Drivers/STM32G0xx_HAL_Driver/Src/stm32g0xx_hal_flash_ex.c ****   FLASH->ACR = (acr | FlashEmpty);
 603              		.loc 1 507 3 view .LVU152
 507:Drivers/STM32G0xx_HAL_Driver/Src/stm32g0xx_hal_flash_ex.c ****   FLASH->ACR = (acr | FlashEmpty);
 604              		.loc 1 507 15 is_stmt 0 view .LVU153
 605 0000 034A     		ldr	r2, .L50
 606 0002 1368     		ldr	r3, [r2]
 507:Drivers/STM32G0xx_HAL_Driver/Src/stm32g0xx_hal_flash_ex.c ****   FLASH->ACR = (acr | FlashEmpty);
 607              		.loc 1 507 7 view .LVU154
 608 0004 0349     		ldr	r1, .L50+4
 609 0006 0B40     		ands	r3, r1
 610              	.LVL50:
 508:Drivers/STM32G0xx_HAL_Driver/Src/stm32g0xx_hal_flash_ex.c **** }
 611              		.loc 1 508 3 is_stmt 1 view .LVU155
 508:Drivers/STM32G0xx_HAL_Driver/Src/stm32g0xx_hal_flash_ex.c **** }
 612              		.loc 1 508 21 is_stmt 0 view .LVU156
 613 0008 0343     		orrs	r3, r0
 614              	.LVL51:
 508:Drivers/STM32G0xx_HAL_Driver/Src/stm32g0xx_hal_flash_ex.c **** }
 615              		.loc 1 508 14 view .LVU157
 616 000a 1360     		str	r3, [r2]
 509:Drivers/STM32G0xx_HAL_Driver/Src/stm32g0xx_hal_flash_ex.c **** 
 617              		.loc 1 509 1 view .LVU158
 618              		@ sp needed
 619 000c 7047     		bx	lr
 620              	.L51:
 621 000e C046     		.align	2
 622              	.L50:
 623 0010 00200240 		.word	1073881088
 624 0014 FFFFFEFF 		.word	-65537
 625              		.cfi_endproc
 626              	.LFE315:
 628              		.section	.text.FLASH_PageErase,"ax",%progbits
 629              		.align	1
 630              		.global	FLASH_PageErase
 631              		.syntax unified
 632              		.code	16
 633              		.thumb_func
 635              	FLASH_PageErase:
 636              	.LVL52:
 637              	.LFB317:
ARM GAS  C:\Users\Asus\AppData\Local\Temp\ccAKbHJD.s 			page 28


 589:Drivers/STM32G0xx_HAL_Driver/Src/stm32g0xx_hal_flash_ex.c ****   uint32_t tmp;
 638              		.loc 1 589 1 is_stmt 1 view -0
 639              		.cfi_startproc
 640              		@ args = 0, pretend = 0, frame = 0
 641              		@ frame_needed = 0, uses_anonymous_args = 0
 642              		@ link register save eliminated.
 590:Drivers/STM32G0xx_HAL_Driver/Src/stm32g0xx_hal_flash_ex.c **** 
 643              		.loc 1 590 3 view .LVU160
 593:Drivers/STM32G0xx_HAL_Driver/Src/stm32g0xx_hal_flash_ex.c ****   assert_param(IS_FLASH_PAGE(Page));
 644              		.loc 1 593 3 view .LVU161
 594:Drivers/STM32G0xx_HAL_Driver/Src/stm32g0xx_hal_flash_ex.c **** 
 645              		.loc 1 594 3 view .LVU162
 597:Drivers/STM32G0xx_HAL_Driver/Src/stm32g0xx_hal_flash_ex.c **** 
 646              		.loc 1 597 3 view .LVU163
 597:Drivers/STM32G0xx_HAL_Driver/Src/stm32g0xx_hal_flash_ex.c **** 
 647              		.loc 1 597 15 is_stmt 0 view .LVU164
 648 0000 044A     		ldr	r2, .L53
 649 0002 5369     		ldr	r3, [r2, #20]
 597:Drivers/STM32G0xx_HAL_Driver/Src/stm32g0xx_hal_flash_ex.c **** 
 650              		.loc 1 597 7 view .LVU165
 651 0004 0448     		ldr	r0, .L53+4
 652              	.LVL53:
 597:Drivers/STM32G0xx_HAL_Driver/Src/stm32g0xx_hal_flash_ex.c **** 
 653              		.loc 1 597 7 view .LVU166
 654 0006 0340     		ands	r3, r0
 655              	.LVL54:
 611:Drivers/STM32G0xx_HAL_Driver/Src/stm32g0xx_hal_flash_ex.c **** #endif /* FLASH_DBANK_SUPPORT */
 656              		.loc 1 611 3 is_stmt 1 view .LVU167
 615:Drivers/STM32G0xx_HAL_Driver/Src/stm32g0xx_hal_flash_ex.c **** }
 657              		.loc 1 615 3 view .LVU168
 615:Drivers/STM32G0xx_HAL_Driver/Src/stm32g0xx_hal_flash_ex.c **** }
 658              		.loc 1 615 45 is_stmt 0 view .LVU169
 659 0008 C900     		lsls	r1, r1, #3
 660              	.LVL55:
 615:Drivers/STM32G0xx_HAL_Driver/Src/stm32g0xx_hal_flash_ex.c **** }
 661              		.loc 1 615 20 view .LVU170
 662 000a 1943     		orrs	r1, r3
 663 000c 034B     		ldr	r3, .L53+8
 664              	.LVL56:
 615:Drivers/STM32G0xx_HAL_Driver/Src/stm32g0xx_hal_flash_ex.c **** }
 665              		.loc 1 615 20 view .LVU171
 666 000e 0B43     		orrs	r3, r1
 615:Drivers/STM32G0xx_HAL_Driver/Src/stm32g0xx_hal_flash_ex.c **** }
 667              		.loc 1 615 13 view .LVU172
 668 0010 5361     		str	r3, [r2, #20]
 616:Drivers/STM32G0xx_HAL_Driver/Src/stm32g0xx_hal_flash_ex.c **** 
 669              		.loc 1 616 1 view .LVU173
 670              		@ sp needed
 671 0012 7047     		bx	lr
 672              	.L54:
 673              		.align	2
 674              	.L53:
 675 0014 00200240 		.word	1073881088
 676 0018 07E0FFFF 		.word	-8185
 677 001c 02000100 		.word	65538
 678              		.cfi_endproc
 679              	.LFE317:
ARM GAS  C:\Users\Asus\AppData\Local\Temp\ccAKbHJD.s 			page 29


 681              		.section	.text.HAL_FLASHEx_Erase,"ax",%progbits
 682              		.align	1
 683              		.global	HAL_FLASHEx_Erase
 684              		.syntax unified
 685              		.code	16
 686              		.thumb_func
 688              	HAL_FLASHEx_Erase:
 689              	.LVL57:
 690              	.LFB310:
 155:Drivers/STM32G0xx_HAL_Driver/Src/stm32g0xx_hal_flash_ex.c ****   HAL_StatusTypeDef status;
 691              		.loc 1 155 1 is_stmt 1 view -0
 692              		.cfi_startproc
 693              		@ args = 0, pretend = 0, frame = 0
 694              		@ frame_needed = 0, uses_anonymous_args = 0
 155:Drivers/STM32G0xx_HAL_Driver/Src/stm32g0xx_hal_flash_ex.c ****   HAL_StatusTypeDef status;
 695              		.loc 1 155 1 is_stmt 0 view .LVU175
 696 0000 70B5     		push	{r4, r5, r6, lr}
 697              		.cfi_def_cfa_offset 16
 698              		.cfi_offset 4, -16
 699              		.cfi_offset 5, -12
 700              		.cfi_offset 6, -8
 701              		.cfi_offset 14, -4
 702 0002 0400     		movs	r4, r0
 703 0004 0E00     		movs	r6, r1
 156:Drivers/STM32G0xx_HAL_Driver/Src/stm32g0xx_hal_flash_ex.c ****   uint32_t index;
 704              		.loc 1 156 3 is_stmt 1 view .LVU176
 157:Drivers/STM32G0xx_HAL_Driver/Src/stm32g0xx_hal_flash_ex.c **** 
 705              		.loc 1 157 3 view .LVU177
 160:Drivers/STM32G0xx_HAL_Driver/Src/stm32g0xx_hal_flash_ex.c **** 
 706              		.loc 1 160 3 view .LVU178
 163:Drivers/STM32G0xx_HAL_Driver/Src/stm32g0xx_hal_flash_ex.c **** 
 707              		.loc 1 163 3 view .LVU179
 163:Drivers/STM32G0xx_HAL_Driver/Src/stm32g0xx_hal_flash_ex.c **** 
 708              		.loc 1 163 3 view .LVU180
 709 0006 1E4B     		ldr	r3, .L66
 710 0008 1B78     		ldrb	r3, [r3]
 711 000a 012B     		cmp	r3, #1
 712 000c 36D0     		beq	.L63
 163:Drivers/STM32G0xx_HAL_Driver/Src/stm32g0xx_hal_flash_ex.c **** 
 713              		.loc 1 163 3 discriminator 2 view .LVU181
 714 000e 1C4B     		ldr	r3, .L66
 715 0010 0122     		movs	r2, #1
 716 0012 1A70     		strb	r2, [r3]
 163:Drivers/STM32G0xx_HAL_Driver/Src/stm32g0xx_hal_flash_ex.c **** 
 717              		.loc 1 163 3 discriminator 2 view .LVU182
 166:Drivers/STM32G0xx_HAL_Driver/Src/stm32g0xx_hal_flash_ex.c **** 
 718              		.loc 1 166 3 discriminator 2 view .LVU183
 166:Drivers/STM32G0xx_HAL_Driver/Src/stm32g0xx_hal_flash_ex.c **** 
 719              		.loc 1 166 20 is_stmt 0 discriminator 2 view .LVU184
 720 0014 0022     		movs	r2, #0
 721 0016 5A60     		str	r2, [r3, #4]
 169:Drivers/STM32G0xx_HAL_Driver/Src/stm32g0xx_hal_flash_ex.c **** 
 722              		.loc 1 169 3 is_stmt 1 discriminator 2 view .LVU185
 169:Drivers/STM32G0xx_HAL_Driver/Src/stm32g0xx_hal_flash_ex.c **** 
 723              		.loc 1 169 12 is_stmt 0 discriminator 2 view .LVU186
 724 0018 FA20     		movs	r0, #250
 725              	.LVL58:
ARM GAS  C:\Users\Asus\AppData\Local\Temp\ccAKbHJD.s 			page 30


 169:Drivers/STM32G0xx_HAL_Driver/Src/stm32g0xx_hal_flash_ex.c **** 
 726              		.loc 1 169 12 discriminator 2 view .LVU187
 727 001a 8000     		lsls	r0, r0, #2
 728 001c FFF7FEFF 		bl	FLASH_WaitForLastOperation
 729              	.LVL59:
 171:Drivers/STM32G0xx_HAL_Driver/Src/stm32g0xx_hal_flash_ex.c ****   {
 730              		.loc 1 171 3 is_stmt 1 discriminator 2 view .LVU188
 171:Drivers/STM32G0xx_HAL_Driver/Src/stm32g0xx_hal_flash_ex.c ****   {
 731              		.loc 1 171 6 is_stmt 0 discriminator 2 view .LVU189
 732 0020 0028     		cmp	r0, #0
 733 0022 27D1     		bne	.L57
 175:Drivers/STM32G0xx_HAL_Driver/Src/stm32g0xx_hal_flash_ex.c **** #endif /* FLASH_DBANK_SUPPORT */
 734              		.loc 1 175 5 is_stmt 1 view .LVU190
 175:Drivers/STM32G0xx_HAL_Driver/Src/stm32g0xx_hal_flash_ex.c **** #endif /* FLASH_DBANK_SUPPORT */
 735              		.loc 1 175 23 is_stmt 0 view .LVU191
 736 0024 0423     		movs	r3, #4
 737 0026 6360     		str	r3, [r4, #4]
 178:Drivers/STM32G0xx_HAL_Driver/Src/stm32g0xx_hal_flash_ex.c ****     {
 738              		.loc 1 178 5 is_stmt 1 view .LVU192
 178:Drivers/STM32G0xx_HAL_Driver/Src/stm32g0xx_hal_flash_ex.c ****     {
 739              		.loc 1 178 19 is_stmt 0 view .LVU193
 740 0028 2368     		ldr	r3, [r4]
 178:Drivers/STM32G0xx_HAL_Driver/Src/stm32g0xx_hal_flash_ex.c ****     {
 741              		.loc 1 178 8 view .LVU194
 742 002a 042B     		cmp	r3, #4
 743 002c 14D0     		beq	.L64
 189:Drivers/STM32G0xx_HAL_Driver/Src/stm32g0xx_hal_flash_ex.c **** 
 744              		.loc 1 189 7 is_stmt 1 view .LVU195
 189:Drivers/STM32G0xx_HAL_Driver/Src/stm32g0xx_hal_flash_ex.c **** 
 745              		.loc 1 189 18 is_stmt 0 view .LVU196
 746 002e 0123     		movs	r3, #1
 747 0030 5B42     		rsbs	r3, r3, #0
 748 0032 3360     		str	r3, [r6]
 191:Drivers/STM32G0xx_HAL_Driver/Src/stm32g0xx_hal_flash_ex.c ****       {
 749              		.loc 1 191 7 is_stmt 1 view .LVU197
 191:Drivers/STM32G0xx_HAL_Driver/Src/stm32g0xx_hal_flash_ex.c ****       {
 750              		.loc 1 191 18 is_stmt 0 view .LVU198
 751 0034 A568     		ldr	r5, [r4, #8]
 752              	.LVL60:
 753              	.L59:
 191:Drivers/STM32G0xx_HAL_Driver/Src/stm32g0xx_hal_flash_ex.c ****       {
 754              		.loc 1 191 44 is_stmt 1 discriminator 1 view .LVU199
 191:Drivers/STM32G0xx_HAL_Driver/Src/stm32g0xx_hal_flash_ex.c ****       {
 755              		.loc 1 191 57 is_stmt 0 discriminator 1 view .LVU200
 756 0036 A368     		ldr	r3, [r4, #8]
 191:Drivers/STM32G0xx_HAL_Driver/Src/stm32g0xx_hal_flash_ex.c ****       {
 757              		.loc 1 191 76 discriminator 1 view .LVU201
 758 0038 E268     		ldr	r2, [r4, #12]
 191:Drivers/STM32G0xx_HAL_Driver/Src/stm32g0xx_hal_flash_ex.c ****       {
 759              		.loc 1 191 64 discriminator 1 view .LVU202
 760 003a 9B18     		adds	r3, r3, r2
 191:Drivers/STM32G0xx_HAL_Driver/Src/stm32g0xx_hal_flash_ex.c ****       {
 761              		.loc 1 191 44 discriminator 1 view .LVU203
 762 003c AB42     		cmp	r3, r5
 763 003e 14D9     		bls	.L61
 194:Drivers/STM32G0xx_HAL_Driver/Src/stm32g0xx_hal_flash_ex.c **** 
 764              		.loc 1 194 9 is_stmt 1 view .LVU204
ARM GAS  C:\Users\Asus\AppData\Local\Temp\ccAKbHJD.s 			page 31


 765 0040 6068     		ldr	r0, [r4, #4]
 766              	.LVL61:
 194:Drivers/STM32G0xx_HAL_Driver/Src/stm32g0xx_hal_flash_ex.c **** 
 767              		.loc 1 194 9 is_stmt 0 view .LVU205
 768 0042 2900     		movs	r1, r5
 769 0044 FFF7FEFF 		bl	FLASH_PageErase
 770              	.LVL62:
 197:Drivers/STM32G0xx_HAL_Driver/Src/stm32g0xx_hal_flash_ex.c **** 
 771              		.loc 1 197 9 is_stmt 1 view .LVU206
 197:Drivers/STM32G0xx_HAL_Driver/Src/stm32g0xx_hal_flash_ex.c **** 
 772              		.loc 1 197 18 is_stmt 0 view .LVU207
 773 0048 FA20     		movs	r0, #250
 774 004a 8000     		lsls	r0, r0, #2
 775 004c FFF7FEFF 		bl	FLASH_WaitForLastOperation
 776              	.LVL63:
 199:Drivers/STM32G0xx_HAL_Driver/Src/stm32g0xx_hal_flash_ex.c ****         {
 777              		.loc 1 199 9 is_stmt 1 view .LVU208
 199:Drivers/STM32G0xx_HAL_Driver/Src/stm32g0xx_hal_flash_ex.c ****         {
 778              		.loc 1 199 12 is_stmt 0 view .LVU209
 779 0050 0028     		cmp	r0, #0
 780 0052 09D1     		bne	.L65
 191:Drivers/STM32G0xx_HAL_Driver/Src/stm32g0xx_hal_flash_ex.c ****       {
 781              		.loc 1 191 93 is_stmt 1 discriminator 2 view .LVU210
 782 0054 0135     		adds	r5, r5, #1
 783              	.LVL64:
 191:Drivers/STM32G0xx_HAL_Driver/Src/stm32g0xx_hal_flash_ex.c ****       {
 784              		.loc 1 191 93 is_stmt 0 discriminator 2 view .LVU211
 785 0056 EEE7     		b	.L59
 786              	.LVL65:
 787              	.L64:
 181:Drivers/STM32G0xx_HAL_Driver/Src/stm32g0xx_hal_flash_ex.c **** 
 788              		.loc 1 181 7 is_stmt 1 view .LVU212
 789 0058 0430     		adds	r0, r0, #4
 790              	.LVL66:
 181:Drivers/STM32G0xx_HAL_Driver/Src/stm32g0xx_hal_flash_ex.c **** 
 791              		.loc 1 181 7 is_stmt 0 view .LVU213
 792 005a FFF7FEFF 		bl	FLASH_MassErase
 793              	.LVL67:
 184:Drivers/STM32G0xx_HAL_Driver/Src/stm32g0xx_hal_flash_ex.c ****     }
 794              		.loc 1 184 7 is_stmt 1 view .LVU214
 184:Drivers/STM32G0xx_HAL_Driver/Src/stm32g0xx_hal_flash_ex.c ****     }
 795              		.loc 1 184 16 is_stmt 0 view .LVU215
 796 005e FA20     		movs	r0, #250
 797 0060 8000     		lsls	r0, r0, #2
 798 0062 FFF7FEFF 		bl	FLASH_WaitForLastOperation
 799              	.LVL68:
 184:Drivers/STM32G0xx_HAL_Driver/Src/stm32g0xx_hal_flash_ex.c ****     }
 800              		.loc 1 184 16 view .LVU216
 801 0066 05E0     		b	.L57
 802              	.LVL69:
 803              	.L65:
 202:Drivers/STM32G0xx_HAL_Driver/Src/stm32g0xx_hal_flash_ex.c ****           break;
 804              		.loc 1 202 11 is_stmt 1 view .LVU217
 202:Drivers/STM32G0xx_HAL_Driver/Src/stm32g0xx_hal_flash_ex.c ****           break;
 805              		.loc 1 202 22 is_stmt 0 view .LVU218
 806 0068 3560     		str	r5, [r6]
 203:Drivers/STM32G0xx_HAL_Driver/Src/stm32g0xx_hal_flash_ex.c ****         }
ARM GAS  C:\Users\Asus\AppData\Local\Temp\ccAKbHJD.s 			page 32


 807              		.loc 1 203 11 is_stmt 1 view .LVU219
 808              	.LVL70:
 809              	.L61:
 208:Drivers/STM32G0xx_HAL_Driver/Src/stm32g0xx_hal_flash_ex.c ****     }
 810              		.loc 1 208 7 view .LVU220
 811 006a 064A     		ldr	r2, .L66+4
 812 006c 5369     		ldr	r3, [r2, #20]
 813 006e 0221     		movs	r1, #2
 814 0070 8B43     		bics	r3, r1
 815 0072 5361     		str	r3, [r2, #20]
 816              	.LVL71:
 817              	.L57:
 213:Drivers/STM32G0xx_HAL_Driver/Src/stm32g0xx_hal_flash_ex.c **** 
 818              		.loc 1 213 3 view .LVU221
 213:Drivers/STM32G0xx_HAL_Driver/Src/stm32g0xx_hal_flash_ex.c **** 
 819              		.loc 1 213 3 view .LVU222
 820 0074 024B     		ldr	r3, .L66
 821 0076 0022     		movs	r2, #0
 822 0078 1A70     		strb	r2, [r3]
 213:Drivers/STM32G0xx_HAL_Driver/Src/stm32g0xx_hal_flash_ex.c **** 
 823              		.loc 1 213 3 view .LVU223
 216:Drivers/STM32G0xx_HAL_Driver/Src/stm32g0xx_hal_flash_ex.c **** }
 824              		.loc 1 216 3 view .LVU224
 825              	.LVL72:
 826              	.L56:
 217:Drivers/STM32G0xx_HAL_Driver/Src/stm32g0xx_hal_flash_ex.c **** 
 827              		.loc 1 217 1 is_stmt 0 view .LVU225
 828              		@ sp needed
 829              	.LVL73:
 830              	.LVL74:
 217:Drivers/STM32G0xx_HAL_Driver/Src/stm32g0xx_hal_flash_ex.c **** 
 831              		.loc 1 217 1 view .LVU226
 832 007a 70BD     		pop	{r4, r5, r6, pc}
 833              	.LVL75:
 834              	.L63:
 163:Drivers/STM32G0xx_HAL_Driver/Src/stm32g0xx_hal_flash_ex.c **** 
 835              		.loc 1 163 3 view .LVU227
 836 007c 0220     		movs	r0, #2
 837              	.LVL76:
 163:Drivers/STM32G0xx_HAL_Driver/Src/stm32g0xx_hal_flash_ex.c **** 
 838              		.loc 1 163 3 view .LVU228
 839 007e FCE7     		b	.L56
 840              	.L67:
 841              		.align	2
 842              	.L66:
 843 0080 00000000 		.word	pFlash
 844 0084 00200240 		.word	1073881088
 845              		.cfi_endproc
 846              	.LFE310:
 848              		.section	.text.HAL_FLASHEx_Erase_IT,"ax",%progbits
 849              		.align	1
 850              		.global	HAL_FLASHEx_Erase_IT
 851              		.syntax unified
 852              		.code	16
 853              		.thumb_func
 855              	HAL_FLASHEx_Erase_IT:
 856              	.LVL77:
ARM GAS  C:\Users\Asus\AppData\Local\Temp\ccAKbHJD.s 			page 33


 857              	.LFB311:
 227:Drivers/STM32G0xx_HAL_Driver/Src/stm32g0xx_hal_flash_ex.c ****   HAL_StatusTypeDef status;
 858              		.loc 1 227 1 is_stmt 1 view -0
 859              		.cfi_startproc
 860              		@ args = 0, pretend = 0, frame = 0
 861              		@ frame_needed = 0, uses_anonymous_args = 0
 227:Drivers/STM32G0xx_HAL_Driver/Src/stm32g0xx_hal_flash_ex.c ****   HAL_StatusTypeDef status;
 862              		.loc 1 227 1 is_stmt 0 view .LVU230
 863 0000 70B5     		push	{r4, r5, r6, lr}
 864              		.cfi_def_cfa_offset 16
 865              		.cfi_offset 4, -16
 866              		.cfi_offset 5, -12
 867              		.cfi_offset 6, -8
 868              		.cfi_offset 14, -4
 869 0002 0400     		movs	r4, r0
 228:Drivers/STM32G0xx_HAL_Driver/Src/stm32g0xx_hal_flash_ex.c **** 
 870              		.loc 1 228 3 is_stmt 1 view .LVU231
 231:Drivers/STM32G0xx_HAL_Driver/Src/stm32g0xx_hal_flash_ex.c **** 
 871              		.loc 1 231 3 view .LVU232
 234:Drivers/STM32G0xx_HAL_Driver/Src/stm32g0xx_hal_flash_ex.c **** 
 872              		.loc 1 234 3 view .LVU233
 234:Drivers/STM32G0xx_HAL_Driver/Src/stm32g0xx_hal_flash_ex.c **** 
 873              		.loc 1 234 3 view .LVU234
 874 0004 1A4B     		ldr	r3, .L74
 875 0006 1B78     		ldrb	r3, [r3]
 876 0008 012B     		cmp	r3, #1
 877 000a 2ED0     		beq	.L72
 234:Drivers/STM32G0xx_HAL_Driver/Src/stm32g0xx_hal_flash_ex.c **** 
 878              		.loc 1 234 3 discriminator 2 view .LVU235
 879 000c 184B     		ldr	r3, .L74
 880 000e 0122     		movs	r2, #1
 881 0010 1A70     		strb	r2, [r3]
 234:Drivers/STM32G0xx_HAL_Driver/Src/stm32g0xx_hal_flash_ex.c **** 
 882              		.loc 1 234 3 discriminator 2 view .LVU236
 237:Drivers/STM32G0xx_HAL_Driver/Src/stm32g0xx_hal_flash_ex.c **** 
 883              		.loc 1 237 3 discriminator 2 view .LVU237
 237:Drivers/STM32G0xx_HAL_Driver/Src/stm32g0xx_hal_flash_ex.c **** 
 884              		.loc 1 237 20 is_stmt 0 discriminator 2 view .LVU238
 885 0012 0022     		movs	r2, #0
 886 0014 5A60     		str	r2, [r3, #4]
 240:Drivers/STM32G0xx_HAL_Driver/Src/stm32g0xx_hal_flash_ex.c **** 
 887              		.loc 1 240 3 is_stmt 1 discriminator 2 view .LVU239
 240:Drivers/STM32G0xx_HAL_Driver/Src/stm32g0xx_hal_flash_ex.c **** 
 888              		.loc 1 240 39 is_stmt 0 discriminator 2 view .LVU240
 889 0016 0268     		ldr	r2, [r0]
 240:Drivers/STM32G0xx_HAL_Driver/Src/stm32g0xx_hal_flash_ex.c **** 
 890              		.loc 1 240 27 discriminator 2 view .LVU241
 891 0018 9A60     		str	r2, [r3, #8]
 243:Drivers/STM32G0xx_HAL_Driver/Src/stm32g0xx_hal_flash_ex.c **** 
 892              		.loc 1 243 3 is_stmt 1 discriminator 2 view .LVU242
 243:Drivers/STM32G0xx_HAL_Driver/Src/stm32g0xx_hal_flash_ex.c **** 
 893              		.loc 1 243 12 is_stmt 0 discriminator 2 view .LVU243
 894 001a FA20     		movs	r0, #250
 895              	.LVL78:
 243:Drivers/STM32G0xx_HAL_Driver/Src/stm32g0xx_hal_flash_ex.c **** 
 896              		.loc 1 243 12 discriminator 2 view .LVU244
 897 001c 8000     		lsls	r0, r0, #2
ARM GAS  C:\Users\Asus\AppData\Local\Temp\ccAKbHJD.s 			page 34


 898 001e FFF7FEFF 		bl	FLASH_WaitForLastOperation
 899              	.LVL79:
 900 0022 051E     		subs	r5, r0, #0
 901              	.LVL80:
 245:Drivers/STM32G0xx_HAL_Driver/Src/stm32g0xx_hal_flash_ex.c ****   {
 902              		.loc 1 245 3 is_stmt 1 discriminator 2 view .LVU245
 245:Drivers/STM32G0xx_HAL_Driver/Src/stm32g0xx_hal_flash_ex.c ****   {
 903              		.loc 1 245 6 is_stmt 0 discriminator 2 view .LVU246
 904 0024 04D0     		beq	.L70
 248:Drivers/STM32G0xx_HAL_Driver/Src/stm32g0xx_hal_flash_ex.c ****   }
 905              		.loc 1 248 5 is_stmt 1 view .LVU247
 248:Drivers/STM32G0xx_HAL_Driver/Src/stm32g0xx_hal_flash_ex.c ****   }
 906              		.loc 1 248 5 view .LVU248
 907 0026 124B     		ldr	r3, .L74
 908 0028 0022     		movs	r2, #0
 909 002a 1A70     		strb	r2, [r3]
 248:Drivers/STM32G0xx_HAL_Driver/Src/stm32g0xx_hal_flash_ex.c ****   }
 910              		.loc 1 248 5 view .LVU249
 911              	.LVL81:
 912              	.L69:
 283:Drivers/STM32G0xx_HAL_Driver/Src/stm32g0xx_hal_flash_ex.c **** 
 913              		.loc 1 283 1 is_stmt 0 view .LVU250
 914 002c 2800     		movs	r0, r5
 915              		@ sp needed
 916              	.LVL82:
 283:Drivers/STM32G0xx_HAL_Driver/Src/stm32g0xx_hal_flash_ex.c **** 
 917              		.loc 1 283 1 view .LVU251
 918 002e 70BD     		pop	{r4, r5, r6, pc}
 919              	.LVL83:
 920              	.L70:
 254:Drivers/STM32G0xx_HAL_Driver/Src/stm32g0xx_hal_flash_ex.c **** #endif /* FLASH_DBANK_SUPPORT */
 921              		.loc 1 254 5 is_stmt 1 view .LVU252
 254:Drivers/STM32G0xx_HAL_Driver/Src/stm32g0xx_hal_flash_ex.c **** #endif /* FLASH_DBANK_SUPPORT */
 922              		.loc 1 254 23 is_stmt 0 view .LVU253
 923 0030 0423     		movs	r3, #4
 924 0032 6360     		str	r3, [r4, #4]
 257:Drivers/STM32G0xx_HAL_Driver/Src/stm32g0xx_hal_flash_ex.c **** 
 925              		.loc 1 257 5 is_stmt 1 view .LVU254
 257:Drivers/STM32G0xx_HAL_Driver/Src/stm32g0xx_hal_flash_ex.c **** 
 926              		.loc 1 257 18 is_stmt 0 view .LVU255
 927 0034 0E4A     		ldr	r2, .L74
 928 0036 1361     		str	r3, [r2, #16]
 260:Drivers/STM32G0xx_HAL_Driver/Src/stm32g0xx_hal_flash_ex.c **** 
 929              		.loc 1 260 5 is_stmt 1 view .LVU256
 260:Drivers/STM32G0xx_HAL_Driver/Src/stm32g0xx_hal_flash_ex.c **** 
 930              		.loc 1 260 10 is_stmt 0 view .LVU257
 931 0038 0E4A     		ldr	r2, .L74+4
 932 003a 5169     		ldr	r1, [r2, #20]
 260:Drivers/STM32G0xx_HAL_Driver/Src/stm32g0xx_hal_flash_ex.c **** 
 933              		.loc 1 260 15 view .LVU258
 934 003c C023     		movs	r3, #192
 935 003e 9B04     		lsls	r3, r3, #18
 936 0040 0B43     		orrs	r3, r1
 937 0042 5361     		str	r3, [r2, #20]
 262:Drivers/STM32G0xx_HAL_Driver/Src/stm32g0xx_hal_flash_ex.c ****     {
 938              		.loc 1 262 5 is_stmt 1 view .LVU259
 262:Drivers/STM32G0xx_HAL_Driver/Src/stm32g0xx_hal_flash_ex.c ****     {
ARM GAS  C:\Users\Asus\AppData\Local\Temp\ccAKbHJD.s 			page 35


 939              		.loc 1 262 19 is_stmt 0 view .LVU260
 940 0044 2368     		ldr	r3, [r4]
 262:Drivers/STM32G0xx_HAL_Driver/Src/stm32g0xx_hal_flash_ex.c ****     {
 941              		.loc 1 262 8 view .LVU261
 942 0046 042B     		cmp	r3, #4
 943 0048 08D0     		beq	.L73
 273:Drivers/STM32G0xx_HAL_Driver/Src/stm32g0xx_hal_flash_ex.c ****       pFlash.Page = pEraseInit->Page;
 944              		.loc 1 273 7 is_stmt 1 view .LVU262
 273:Drivers/STM32G0xx_HAL_Driver/Src/stm32g0xx_hal_flash_ex.c ****       pFlash.Page = pEraseInit->Page;
 945              		.loc 1 273 41 is_stmt 0 view .LVU263
 946 004a E268     		ldr	r2, [r4, #12]
 273:Drivers/STM32G0xx_HAL_Driver/Src/stm32g0xx_hal_flash_ex.c ****       pFlash.Page = pEraseInit->Page;
 947              		.loc 1 273 29 view .LVU264
 948 004c 084B     		ldr	r3, .L74
 949 004e 9A61     		str	r2, [r3, #24]
 274:Drivers/STM32G0xx_HAL_Driver/Src/stm32g0xx_hal_flash_ex.c **** 
 950              		.loc 1 274 7 is_stmt 1 view .LVU265
 274:Drivers/STM32G0xx_HAL_Driver/Src/stm32g0xx_hal_flash_ex.c **** 
 951              		.loc 1 274 31 is_stmt 0 view .LVU266
 952 0050 A168     		ldr	r1, [r4, #8]
 274:Drivers/STM32G0xx_HAL_Driver/Src/stm32g0xx_hal_flash_ex.c **** 
 953              		.loc 1 274 19 view .LVU267
 954 0052 5961     		str	r1, [r3, #20]
 277:Drivers/STM32G0xx_HAL_Driver/Src/stm32g0xx_hal_flash_ex.c ****     }
 955              		.loc 1 277 7 is_stmt 1 view .LVU268
 956 0054 6068     		ldr	r0, [r4, #4]
 957              	.LVL84:
 277:Drivers/STM32G0xx_HAL_Driver/Src/stm32g0xx_hal_flash_ex.c ****     }
 958              		.loc 1 277 7 is_stmt 0 view .LVU269
 959 0056 FFF7FEFF 		bl	FLASH_PageErase
 960              	.LVL85:
 961 005a E7E7     		b	.L69
 962              	.LVL86:
 963              	.L73:
 265:Drivers/STM32G0xx_HAL_Driver/Src/stm32g0xx_hal_flash_ex.c **** 
 964              		.loc 1 265 7 is_stmt 1 view .LVU270
 265:Drivers/STM32G0xx_HAL_Driver/Src/stm32g0xx_hal_flash_ex.c **** 
 965              		.loc 1 265 19 is_stmt 0 view .LVU271
 966 005c 044B     		ldr	r3, .L74
 967 005e 0022     		movs	r2, #0
 968 0060 5A61     		str	r2, [r3, #20]
 268:Drivers/STM32G0xx_HAL_Driver/Src/stm32g0xx_hal_flash_ex.c ****     }
 969              		.loc 1 268 7 is_stmt 1 view .LVU272
 970 0062 6068     		ldr	r0, [r4, #4]
 971              	.LVL87:
 268:Drivers/STM32G0xx_HAL_Driver/Src/stm32g0xx_hal_flash_ex.c ****     }
 972              		.loc 1 268 7 is_stmt 0 view .LVU273
 973 0064 FFF7FEFF 		bl	FLASH_MassErase
 974              	.LVL88:
 975 0068 E0E7     		b	.L69
 976              	.LVL89:
 977              	.L72:
 234:Drivers/STM32G0xx_HAL_Driver/Src/stm32g0xx_hal_flash_ex.c **** 
 978              		.loc 1 234 3 view .LVU274
 979 006a 0225     		movs	r5, #2
 980 006c DEE7     		b	.L69
 981              	.L75:
ARM GAS  C:\Users\Asus\AppData\Local\Temp\ccAKbHJD.s 			page 36


 982 006e C046     		.align	2
 983              	.L74:
 984 0070 00000000 		.word	pFlash
 985 0074 00200240 		.word	1073881088
 986              		.cfi_endproc
 987              	.LFE311:
 989              		.section	.text.FLASH_FlushCaches,"ax",%progbits
 990              		.align	1
 991              		.global	FLASH_FlushCaches
 992              		.syntax unified
 993              		.code	16
 994              		.thumb_func
 996              	FLASH_FlushCaches:
 997              	.LFB318:
 623:Drivers/STM32G0xx_HAL_Driver/Src/stm32g0xx_hal_flash_ex.c ****   /* Flush instruction cache  */
 998              		.loc 1 623 1 is_stmt 1 view -0
 999              		.cfi_startproc
 1000              		@ args = 0, pretend = 0, frame = 0
 1001              		@ frame_needed = 0, uses_anonymous_args = 0
 1002              		@ link register save eliminated.
 625:Drivers/STM32G0xx_HAL_Driver/Src/stm32g0xx_hal_flash_ex.c ****   {
 1003              		.loc 1 625 3 view .LVU276
 625:Drivers/STM32G0xx_HAL_Driver/Src/stm32g0xx_hal_flash_ex.c ****   {
 1004              		.loc 1 625 7 is_stmt 0 view .LVU277
 1005 0000 0B4B     		ldr	r3, .L79
 1006 0002 1B68     		ldr	r3, [r3]
 625:Drivers/STM32G0xx_HAL_Driver/Src/stm32g0xx_hal_flash_ex.c ****   {
 1007              		.loc 1 625 6 view .LVU278
 1008 0004 9B05     		lsls	r3, r3, #22
 1009 0006 12D5     		bpl	.L76
 628:Drivers/STM32G0xx_HAL_Driver/Src/stm32g0xx_hal_flash_ex.c ****     /* Reset instruction cache */
 1010              		.loc 1 628 5 is_stmt 1 view .LVU279
 1011 0008 094B     		ldr	r3, .L79
 1012 000a 1A68     		ldr	r2, [r3]
 1013 000c 0949     		ldr	r1, .L79+4
 1014 000e 0A40     		ands	r2, r1
 1015 0010 1A60     		str	r2, [r3]
 630:Drivers/STM32G0xx_HAL_Driver/Src/stm32g0xx_hal_flash_ex.c ****     /* Enable instruction cache */
 1016              		.loc 1 630 5 view .LVU280
 630:Drivers/STM32G0xx_HAL_Driver/Src/stm32g0xx_hal_flash_ex.c ****     /* Enable instruction cache */
 1017              		.loc 1 630 5 view .LVU281
 1018 0012 1968     		ldr	r1, [r3]
 1019 0014 8022     		movs	r2, #128
 1020 0016 1201     		lsls	r2, r2, #4
 1021 0018 0A43     		orrs	r2, r1
 1022 001a 1A60     		str	r2, [r3]
 630:Drivers/STM32G0xx_HAL_Driver/Src/stm32g0xx_hal_flash_ex.c ****     /* Enable instruction cache */
 1023              		.loc 1 630 5 view .LVU282
 1024 001c 1A68     		ldr	r2, [r3]
 1025 001e 0649     		ldr	r1, .L79+8
 1026 0020 0A40     		ands	r2, r1
 1027 0022 1A60     		str	r2, [r3]
 630:Drivers/STM32G0xx_HAL_Driver/Src/stm32g0xx_hal_flash_ex.c ****     /* Enable instruction cache */
 1028              		.loc 1 630 5 view .LVU283
 632:Drivers/STM32G0xx_HAL_Driver/Src/stm32g0xx_hal_flash_ex.c ****   }
 1029              		.loc 1 632 5 view .LVU284
 1030 0024 1968     		ldr	r1, [r3]
ARM GAS  C:\Users\Asus\AppData\Local\Temp\ccAKbHJD.s 			page 37


 1031 0026 8022     		movs	r2, #128
 1032 0028 9200     		lsls	r2, r2, #2
 1033 002a 0A43     		orrs	r2, r1
 1034 002c 1A60     		str	r2, [r3]
 1035              	.L76:
 634:Drivers/STM32G0xx_HAL_Driver/Src/stm32g0xx_hal_flash_ex.c **** 
 1036              		.loc 1 634 1 is_stmt 0 view .LVU285
 1037              		@ sp needed
 1038 002e 7047     		bx	lr
 1039              	.L80:
 1040              		.align	2
 1041              	.L79:
 1042 0030 00200240 		.word	1073881088
 1043 0034 FFFDFFFF 		.word	-513
 1044 0038 FFF7FFFF 		.word	-2049
 1045              		.cfi_endproc
 1046              	.LFE318:
 1048              		.text
 1049              	.Letext0:
 1050              		.file 2 "c:\\msys64\\mingw64\\arm-none-eabi\\include\\machine\\_default_types.h"
 1051              		.file 3 "c:\\msys64\\mingw64\\arm-none-eabi\\include\\sys\\_stdint.h"
 1052              		.file 4 "Drivers/CMSIS/Device/ST/STM32G0xx/Include/stm32g070xx.h"
 1053              		.file 5 "Drivers/STM32G0xx_HAL_Driver/Inc/stm32g0xx_hal_def.h"
 1054              		.file 6 "Drivers/STM32G0xx_HAL_Driver/Inc/stm32g0xx_hal_flash.h"
 1055              		.file 7 "Drivers/STM32G0xx_HAL_Driver/Inc/stm32g0xx_ll_dma.h"
ARM GAS  C:\Users\Asus\AppData\Local\Temp\ccAKbHJD.s 			page 38


DEFINED SYMBOLS
                            *ABS*:00000000 stm32g0xx_hal_flash_ex.c
C:\Users\Asus\AppData\Local\Temp\ccAKbHJD.s:19     .text.FLASH_MassErase:00000000 $t
C:\Users\Asus\AppData\Local\Temp\ccAKbHJD.s:24     .text.FLASH_MassErase:00000000 FLASH_MassErase
C:\Users\Asus\AppData\Local\Temp\ccAKbHJD.s:51     .text.FLASH_MassErase:00000010 $d
C:\Users\Asus\AppData\Local\Temp\ccAKbHJD.s:56     .text.FLASH_OB_WRPConfig:00000000 $t
C:\Users\Asus\AppData\Local\Temp\ccAKbHJD.s:61     .text.FLASH_OB_WRPConfig:00000000 FLASH_OB_WRPConfig
C:\Users\Asus\AppData\Local\Temp\ccAKbHJD.s:104    .text.FLASH_OB_WRPConfig:00000018 $d
C:\Users\Asus\AppData\Local\Temp\ccAKbHJD.s:109    .text.FLASH_OB_GetWRP:00000000 $t
C:\Users\Asus\AppData\Local\Temp\ccAKbHJD.s:114    .text.FLASH_OB_GetWRP:00000000 FLASH_OB_GetWRP
C:\Users\Asus\AppData\Local\Temp\ccAKbHJD.s:179    .text.FLASH_OB_GetWRP:00000030 $d
C:\Users\Asus\AppData\Local\Temp\ccAKbHJD.s:184    .text.FLASH_OB_OptrConfig:00000000 $t
C:\Users\Asus\AppData\Local\Temp\ccAKbHJD.s:189    .text.FLASH_OB_OptrConfig:00000000 FLASH_OB_OptrConfig
C:\Users\Asus\AppData\Local\Temp\ccAKbHJD.s:233    .text.FLASH_OB_OptrConfig:00000014 $d
C:\Users\Asus\AppData\Local\Temp\ccAKbHJD.s:238    .text.FLASH_OB_GetRDP:00000000 $t
C:\Users\Asus\AppData\Local\Temp\ccAKbHJD.s:243    .text.FLASH_OB_GetRDP:00000000 FLASH_OB_GetRDP
C:\Users\Asus\AppData\Local\Temp\ccAKbHJD.s:275    .text.FLASH_OB_GetRDP:00000014 $d
C:\Users\Asus\AppData\Local\Temp\ccAKbHJD.s:280    .text.FLASH_OB_GetUser:00000000 $t
C:\Users\Asus\AppData\Local\Temp\ccAKbHJD.s:285    .text.FLASH_OB_GetUser:00000000 FLASH_OB_GetUser
C:\Users\Asus\AppData\Local\Temp\ccAKbHJD.s:307    .text.FLASH_OB_GetUser:0000000c $d
C:\Users\Asus\AppData\Local\Temp\ccAKbHJD.s:313    .text.HAL_FLASHEx_OBProgram:00000000 $t
C:\Users\Asus\AppData\Local\Temp\ccAKbHJD.s:319    .text.HAL_FLASHEx_OBProgram:00000000 HAL_FLASHEx_OBProgram
C:\Users\Asus\AppData\Local\Temp\ccAKbHJD.s:486    .text.HAL_FLASHEx_OBProgram:0000009c $d
C:\Users\Asus\AppData\Local\Temp\ccAKbHJD.s:493    .text.HAL_FLASHEx_OBGetConfig:00000000 $t
C:\Users\Asus\AppData\Local\Temp\ccAKbHJD.s:499    .text.HAL_FLASHEx_OBGetConfig:00000000 HAL_FLASHEx_OBGetConfig
C:\Users\Asus\AppData\Local\Temp\ccAKbHJD.s:550    .text.HAL_FLASHEx_OBGetConfig:00000028 $d
C:\Users\Asus\AppData\Local\Temp\ccAKbHJD.s:555    .text.HAL_FLASHEx_FlashEmptyCheck:00000000 $t
C:\Users\Asus\AppData\Local\Temp\ccAKbHJD.s:561    .text.HAL_FLASHEx_FlashEmptyCheck:00000000 HAL_FLASHEx_FlashEmptyCheck
C:\Users\Asus\AppData\Local\Temp\ccAKbHJD.s:582    .text.HAL_FLASHEx_FlashEmptyCheck:0000000c $d
C:\Users\Asus\AppData\Local\Temp\ccAKbHJD.s:587    .text.HAL_FLASHEx_ForceFlashEmpty:00000000 $t
C:\Users\Asus\AppData\Local\Temp\ccAKbHJD.s:593    .text.HAL_FLASHEx_ForceFlashEmpty:00000000 HAL_FLASHEx_ForceFlashEmpty
C:\Users\Asus\AppData\Local\Temp\ccAKbHJD.s:623    .text.HAL_FLASHEx_ForceFlashEmpty:00000010 $d
C:\Users\Asus\AppData\Local\Temp\ccAKbHJD.s:629    .text.FLASH_PageErase:00000000 $t
C:\Users\Asus\AppData\Local\Temp\ccAKbHJD.s:635    .text.FLASH_PageErase:00000000 FLASH_PageErase
C:\Users\Asus\AppData\Local\Temp\ccAKbHJD.s:675    .text.FLASH_PageErase:00000014 $d
C:\Users\Asus\AppData\Local\Temp\ccAKbHJD.s:682    .text.HAL_FLASHEx_Erase:00000000 $t
C:\Users\Asus\AppData\Local\Temp\ccAKbHJD.s:688    .text.HAL_FLASHEx_Erase:00000000 HAL_FLASHEx_Erase
C:\Users\Asus\AppData\Local\Temp\ccAKbHJD.s:843    .text.HAL_FLASHEx_Erase:00000080 $d
C:\Users\Asus\AppData\Local\Temp\ccAKbHJD.s:849    .text.HAL_FLASHEx_Erase_IT:00000000 $t
C:\Users\Asus\AppData\Local\Temp\ccAKbHJD.s:855    .text.HAL_FLASHEx_Erase_IT:00000000 HAL_FLASHEx_Erase_IT
C:\Users\Asus\AppData\Local\Temp\ccAKbHJD.s:984    .text.HAL_FLASHEx_Erase_IT:00000070 $d
C:\Users\Asus\AppData\Local\Temp\ccAKbHJD.s:990    .text.FLASH_FlushCaches:00000000 $t
C:\Users\Asus\AppData\Local\Temp\ccAKbHJD.s:996    .text.FLASH_FlushCaches:00000000 FLASH_FlushCaches
C:\Users\Asus\AppData\Local\Temp\ccAKbHJD.s:1042   .text.FLASH_FlushCaches:00000030 $d

UNDEFINED SYMBOLS
FLASH_WaitForLastOperation
pFlash
