ARM GAS  C:\Users\Asus\AppData\Local\Temp\cctip26G.s 			page 1


   1              		.cpu cortex-m0plus
   2              		.arch armv6s-m
   3              		.fpu softvfp
   4              		.eabi_attribute 20, 1
   5              		.eabi_attribute 21, 1
   6              		.eabi_attribute 23, 3
   7              		.eabi_attribute 24, 1
   8              		.eabi_attribute 25, 1
   9              		.eabi_attribute 26, 1
  10              		.eabi_attribute 30, 1
  11              		.eabi_attribute 34, 0
  12              		.eabi_attribute 18, 4
  13              		.file	"tasks.c"
  14              		.text
  15              	.Ltext0:
  16              		.cfi_sections	.debug_frame
  17              		.file 1 "Middlewares/Third_Party/FreeRTOS/Source/tasks.c"
  18              		.section	.text.prvTaskIsTaskSuspended,"ax",%progbits
  19              		.align	1
  20              		.syntax unified
  21              		.code	16
  22              		.thumb_func
  24              	prvTaskIsTaskSuspended:
  25              	.LVL0:
  26              	.LFB9:
   1:Middlewares/Third_Party/FreeRTOS/Source/tasks.c **** /*
   2:Middlewares/Third_Party/FreeRTOS/Source/tasks.c ****  * FreeRTOS Kernel V10.3.1
   3:Middlewares/Third_Party/FreeRTOS/Source/tasks.c ****  * Copyright (C) 2020 Amazon.com, Inc. or its affiliates.  All Rights Reserved.
   4:Middlewares/Third_Party/FreeRTOS/Source/tasks.c ****  *
   5:Middlewares/Third_Party/FreeRTOS/Source/tasks.c ****  * Permission is hereby granted, free of charge, to any person obtaining a copy of
   6:Middlewares/Third_Party/FreeRTOS/Source/tasks.c ****  * this software and associated documentation files (the "Software"), to deal in
   7:Middlewares/Third_Party/FreeRTOS/Source/tasks.c ****  * the Software without restriction, including without limitation the rights to
   8:Middlewares/Third_Party/FreeRTOS/Source/tasks.c ****  * use, copy, modify, merge, publish, distribute, sublicense, and/or sell copies of
   9:Middlewares/Third_Party/FreeRTOS/Source/tasks.c ****  * the Software, and to permit persons to whom the Software is furnished to do so,
  10:Middlewares/Third_Party/FreeRTOS/Source/tasks.c ****  * subject to the following conditions:
  11:Middlewares/Third_Party/FreeRTOS/Source/tasks.c ****  *
  12:Middlewares/Third_Party/FreeRTOS/Source/tasks.c ****  * The above copyright notice and this permission notice shall be included in all
  13:Middlewares/Third_Party/FreeRTOS/Source/tasks.c ****  * copies or substantial portions of the Software.
  14:Middlewares/Third_Party/FreeRTOS/Source/tasks.c ****  *
  15:Middlewares/Third_Party/FreeRTOS/Source/tasks.c ****  * THE SOFTWARE IS PROVIDED "AS IS", WITHOUT WARRANTY OF ANY KIND, EXPRESS OR
  16:Middlewares/Third_Party/FreeRTOS/Source/tasks.c ****  * IMPLIED, INCLUDING BUT NOT LIMITED TO THE WARRANTIES OF MERCHANTABILITY, FITNESS
  17:Middlewares/Third_Party/FreeRTOS/Source/tasks.c ****  * FOR A PARTICULAR PURPOSE AND NONINFRINGEMENT. IN NO EVENT SHALL THE AUTHORS OR
  18:Middlewares/Third_Party/FreeRTOS/Source/tasks.c ****  * COPYRIGHT HOLDERS BE LIABLE FOR ANY CLAIM, DAMAGES OR OTHER LIABILITY, WHETHER
  19:Middlewares/Third_Party/FreeRTOS/Source/tasks.c ****  * IN AN ACTION OF CONTRACT, TORT OR OTHERWISE, ARISING FROM, OUT OF OR IN
  20:Middlewares/Third_Party/FreeRTOS/Source/tasks.c ****  * CONNECTION WITH THE SOFTWARE OR THE USE OR OTHER DEALINGS IN THE SOFTWARE.
  21:Middlewares/Third_Party/FreeRTOS/Source/tasks.c ****  *
  22:Middlewares/Third_Party/FreeRTOS/Source/tasks.c ****  * http://www.FreeRTOS.org
  23:Middlewares/Third_Party/FreeRTOS/Source/tasks.c ****  * http://aws.amazon.com/freertos
  24:Middlewares/Third_Party/FreeRTOS/Source/tasks.c ****  *
  25:Middlewares/Third_Party/FreeRTOS/Source/tasks.c ****  * 1 tab == 4 spaces!
  26:Middlewares/Third_Party/FreeRTOS/Source/tasks.c ****  */
  27:Middlewares/Third_Party/FreeRTOS/Source/tasks.c **** 
  28:Middlewares/Third_Party/FreeRTOS/Source/tasks.c **** /* Standard includes. */
  29:Middlewares/Third_Party/FreeRTOS/Source/tasks.c **** #include <stdlib.h>
  30:Middlewares/Third_Party/FreeRTOS/Source/tasks.c **** #include <string.h>
  31:Middlewares/Third_Party/FreeRTOS/Source/tasks.c **** 
  32:Middlewares/Third_Party/FreeRTOS/Source/tasks.c **** /* Defining MPU_WRAPPERS_INCLUDED_FROM_API_FILE prevents task.h from redefining
ARM GAS  C:\Users\Asus\AppData\Local\Temp\cctip26G.s 			page 2


  33:Middlewares/Third_Party/FreeRTOS/Source/tasks.c **** all the API functions to use the MPU wrappers.  That should only be done when
  34:Middlewares/Third_Party/FreeRTOS/Source/tasks.c **** task.h is included from an application file. */
  35:Middlewares/Third_Party/FreeRTOS/Source/tasks.c **** #define MPU_WRAPPERS_INCLUDED_FROM_API_FILE
  36:Middlewares/Third_Party/FreeRTOS/Source/tasks.c **** 
  37:Middlewares/Third_Party/FreeRTOS/Source/tasks.c **** /* FreeRTOS includes. */
  38:Middlewares/Third_Party/FreeRTOS/Source/tasks.c **** #include "FreeRTOS.h"
  39:Middlewares/Third_Party/FreeRTOS/Source/tasks.c **** #include "task.h"
  40:Middlewares/Third_Party/FreeRTOS/Source/tasks.c **** #include "timers.h"
  41:Middlewares/Third_Party/FreeRTOS/Source/tasks.c **** #include "stack_macros.h"
  42:Middlewares/Third_Party/FreeRTOS/Source/tasks.c **** 
  43:Middlewares/Third_Party/FreeRTOS/Source/tasks.c **** /* Lint e9021, e961 and e750 are suppressed as a MISRA exception justified
  44:Middlewares/Third_Party/FreeRTOS/Source/tasks.c **** because the MPU ports require MPU_WRAPPERS_INCLUDED_FROM_API_FILE to be defined
  45:Middlewares/Third_Party/FreeRTOS/Source/tasks.c **** for the header files above, but not in this file, in order to generate the
  46:Middlewares/Third_Party/FreeRTOS/Source/tasks.c **** correct privileged Vs unprivileged linkage and placement. */
  47:Middlewares/Third_Party/FreeRTOS/Source/tasks.c **** #undef MPU_WRAPPERS_INCLUDED_FROM_API_FILE /*lint !e961 !e750 !e9021. */
  48:Middlewares/Third_Party/FreeRTOS/Source/tasks.c **** 
  49:Middlewares/Third_Party/FreeRTOS/Source/tasks.c **** /* Set configUSE_STATS_FORMATTING_FUNCTIONS to 2 to include the stats formatting
  50:Middlewares/Third_Party/FreeRTOS/Source/tasks.c **** functions but without including stdio.h here. */
  51:Middlewares/Third_Party/FreeRTOS/Source/tasks.c **** #if ( configUSE_STATS_FORMATTING_FUNCTIONS == 1 )
  52:Middlewares/Third_Party/FreeRTOS/Source/tasks.c **** 	/* At the bottom of this file are two optional functions that can be used
  53:Middlewares/Third_Party/FreeRTOS/Source/tasks.c **** 	to generate human readable text from the raw data generated by the
  54:Middlewares/Third_Party/FreeRTOS/Source/tasks.c **** 	uxTaskGetSystemState() function.  Note the formatting functions are provided
  55:Middlewares/Third_Party/FreeRTOS/Source/tasks.c **** 	for convenience only, and are NOT considered part of the kernel. */
  56:Middlewares/Third_Party/FreeRTOS/Source/tasks.c **** 	#include <stdio.h>
  57:Middlewares/Third_Party/FreeRTOS/Source/tasks.c **** #endif /* configUSE_STATS_FORMATTING_FUNCTIONS == 1 ) */
  58:Middlewares/Third_Party/FreeRTOS/Source/tasks.c **** 
  59:Middlewares/Third_Party/FreeRTOS/Source/tasks.c **** #if( configUSE_PREEMPTION == 0 )
  60:Middlewares/Third_Party/FreeRTOS/Source/tasks.c **** 	/* If the cooperative scheduler is being used then a yield should not be
  61:Middlewares/Third_Party/FreeRTOS/Source/tasks.c **** 	performed just because a higher priority task has been woken. */
  62:Middlewares/Third_Party/FreeRTOS/Source/tasks.c **** 	#define taskYIELD_IF_USING_PREEMPTION()
  63:Middlewares/Third_Party/FreeRTOS/Source/tasks.c **** #else
  64:Middlewares/Third_Party/FreeRTOS/Source/tasks.c **** 	#define taskYIELD_IF_USING_PREEMPTION() portYIELD_WITHIN_API()
  65:Middlewares/Third_Party/FreeRTOS/Source/tasks.c **** #endif
  66:Middlewares/Third_Party/FreeRTOS/Source/tasks.c **** 
  67:Middlewares/Third_Party/FreeRTOS/Source/tasks.c **** /* Values that can be assigned to the ucNotifyState member of the TCB. */
  68:Middlewares/Third_Party/FreeRTOS/Source/tasks.c **** #define taskNOT_WAITING_NOTIFICATION	( ( uint8_t ) 0 )
  69:Middlewares/Third_Party/FreeRTOS/Source/tasks.c **** #define taskWAITING_NOTIFICATION		( ( uint8_t ) 1 )
  70:Middlewares/Third_Party/FreeRTOS/Source/tasks.c **** #define taskNOTIFICATION_RECEIVED		( ( uint8_t ) 2 )
  71:Middlewares/Third_Party/FreeRTOS/Source/tasks.c **** 
  72:Middlewares/Third_Party/FreeRTOS/Source/tasks.c **** /*
  73:Middlewares/Third_Party/FreeRTOS/Source/tasks.c ****  * The value used to fill the stack of a task when the task is created.  This
  74:Middlewares/Third_Party/FreeRTOS/Source/tasks.c ****  * is used purely for checking the high water mark for tasks.
  75:Middlewares/Third_Party/FreeRTOS/Source/tasks.c ****  */
  76:Middlewares/Third_Party/FreeRTOS/Source/tasks.c **** #define tskSTACK_FILL_BYTE	( 0xa5U )
  77:Middlewares/Third_Party/FreeRTOS/Source/tasks.c **** 
  78:Middlewares/Third_Party/FreeRTOS/Source/tasks.c **** /* Bits used to recored how a task's stack and TCB were allocated. */
  79:Middlewares/Third_Party/FreeRTOS/Source/tasks.c **** #define tskDYNAMICALLY_ALLOCATED_STACK_AND_TCB 		( ( uint8_t ) 0 )
  80:Middlewares/Third_Party/FreeRTOS/Source/tasks.c **** #define tskSTATICALLY_ALLOCATED_STACK_ONLY 			( ( uint8_t ) 1 )
  81:Middlewares/Third_Party/FreeRTOS/Source/tasks.c **** #define tskSTATICALLY_ALLOCATED_STACK_AND_TCB		( ( uint8_t ) 2 )
  82:Middlewares/Third_Party/FreeRTOS/Source/tasks.c **** 
  83:Middlewares/Third_Party/FreeRTOS/Source/tasks.c **** /* If any of the following are set then task stacks are filled with a known
  84:Middlewares/Third_Party/FreeRTOS/Source/tasks.c **** value so the high water mark can be determined.  If none of the following are
  85:Middlewares/Third_Party/FreeRTOS/Source/tasks.c **** set then don't fill the stack so there is no unnecessary dependency on memset. */
  86:Middlewares/Third_Party/FreeRTOS/Source/tasks.c **** #if( ( configCHECK_FOR_STACK_OVERFLOW > 1 ) || ( configUSE_TRACE_FACILITY == 1 ) || ( INCLUDE_uxTas
  87:Middlewares/Third_Party/FreeRTOS/Source/tasks.c **** 	#define tskSET_NEW_STACKS_TO_KNOWN_VALUE	1
  88:Middlewares/Third_Party/FreeRTOS/Source/tasks.c **** #else
  89:Middlewares/Third_Party/FreeRTOS/Source/tasks.c **** 	#define tskSET_NEW_STACKS_TO_KNOWN_VALUE	0
ARM GAS  C:\Users\Asus\AppData\Local\Temp\cctip26G.s 			page 3


  90:Middlewares/Third_Party/FreeRTOS/Source/tasks.c **** #endif
  91:Middlewares/Third_Party/FreeRTOS/Source/tasks.c **** 
  92:Middlewares/Third_Party/FreeRTOS/Source/tasks.c **** /*
  93:Middlewares/Third_Party/FreeRTOS/Source/tasks.c ****  * Macros used by vListTask to indicate which state a task is in.
  94:Middlewares/Third_Party/FreeRTOS/Source/tasks.c ****  */
  95:Middlewares/Third_Party/FreeRTOS/Source/tasks.c **** #define tskRUNNING_CHAR		( 'X' )
  96:Middlewares/Third_Party/FreeRTOS/Source/tasks.c **** #define tskBLOCKED_CHAR		( 'B' )
  97:Middlewares/Third_Party/FreeRTOS/Source/tasks.c **** #define tskREADY_CHAR		( 'R' )
  98:Middlewares/Third_Party/FreeRTOS/Source/tasks.c **** #define tskDELETED_CHAR		( 'D' )
  99:Middlewares/Third_Party/FreeRTOS/Source/tasks.c **** #define tskSUSPENDED_CHAR	( 'S' )
 100:Middlewares/Third_Party/FreeRTOS/Source/tasks.c **** 
 101:Middlewares/Third_Party/FreeRTOS/Source/tasks.c **** /*
 102:Middlewares/Third_Party/FreeRTOS/Source/tasks.c ****  * Some kernel aware debuggers require the data the debugger needs access to be
 103:Middlewares/Third_Party/FreeRTOS/Source/tasks.c ****  * global, rather than file scope.
 104:Middlewares/Third_Party/FreeRTOS/Source/tasks.c ****  */
 105:Middlewares/Third_Party/FreeRTOS/Source/tasks.c **** #ifdef portREMOVE_STATIC_QUALIFIER
 106:Middlewares/Third_Party/FreeRTOS/Source/tasks.c **** 	#define static
 107:Middlewares/Third_Party/FreeRTOS/Source/tasks.c **** #endif
 108:Middlewares/Third_Party/FreeRTOS/Source/tasks.c **** 
 109:Middlewares/Third_Party/FreeRTOS/Source/tasks.c **** /* The name allocated to the Idle task.  This can be overridden by defining
 110:Middlewares/Third_Party/FreeRTOS/Source/tasks.c **** configIDLE_TASK_NAME in FreeRTOSConfig.h. */
 111:Middlewares/Third_Party/FreeRTOS/Source/tasks.c **** #ifndef configIDLE_TASK_NAME
 112:Middlewares/Third_Party/FreeRTOS/Source/tasks.c **** 	#define configIDLE_TASK_NAME "IDLE"
 113:Middlewares/Third_Party/FreeRTOS/Source/tasks.c **** #endif
 114:Middlewares/Third_Party/FreeRTOS/Source/tasks.c **** 
 115:Middlewares/Third_Party/FreeRTOS/Source/tasks.c **** #if ( configUSE_PORT_OPTIMISED_TASK_SELECTION == 0 )
 116:Middlewares/Third_Party/FreeRTOS/Source/tasks.c **** 
 117:Middlewares/Third_Party/FreeRTOS/Source/tasks.c **** 	/* If configUSE_PORT_OPTIMISED_TASK_SELECTION is 0 then task selection is
 118:Middlewares/Third_Party/FreeRTOS/Source/tasks.c **** 	performed in a generic way that is not optimised to any particular
 119:Middlewares/Third_Party/FreeRTOS/Source/tasks.c **** 	microcontroller architecture. */
 120:Middlewares/Third_Party/FreeRTOS/Source/tasks.c **** 
 121:Middlewares/Third_Party/FreeRTOS/Source/tasks.c **** 	/* uxTopReadyPriority holds the priority of the highest priority ready
 122:Middlewares/Third_Party/FreeRTOS/Source/tasks.c **** 	state task. */
 123:Middlewares/Third_Party/FreeRTOS/Source/tasks.c **** 	#define taskRECORD_READY_PRIORITY( uxPriority )														\
 124:Middlewares/Third_Party/FreeRTOS/Source/tasks.c **** 	{																									\
 125:Middlewares/Third_Party/FreeRTOS/Source/tasks.c **** 		if( ( uxPriority ) > uxTopReadyPriority )														\
 126:Middlewares/Third_Party/FreeRTOS/Source/tasks.c **** 		{																								\
 127:Middlewares/Third_Party/FreeRTOS/Source/tasks.c **** 			uxTopReadyPriority = ( uxPriority );														\
 128:Middlewares/Third_Party/FreeRTOS/Source/tasks.c **** 		}																								\
 129:Middlewares/Third_Party/FreeRTOS/Source/tasks.c **** 	} /* taskRECORD_READY_PRIORITY */
 130:Middlewares/Third_Party/FreeRTOS/Source/tasks.c **** 
 131:Middlewares/Third_Party/FreeRTOS/Source/tasks.c **** 	/*-----------------------------------------------------------*/
 132:Middlewares/Third_Party/FreeRTOS/Source/tasks.c **** 
 133:Middlewares/Third_Party/FreeRTOS/Source/tasks.c **** 	#define taskSELECT_HIGHEST_PRIORITY_TASK()															\
 134:Middlewares/Third_Party/FreeRTOS/Source/tasks.c **** 	{																									\
 135:Middlewares/Third_Party/FreeRTOS/Source/tasks.c **** 	UBaseType_t uxTopPriority = uxTopReadyPriority;														\
 136:Middlewares/Third_Party/FreeRTOS/Source/tasks.c **** 																										\
 137:Middlewares/Third_Party/FreeRTOS/Source/tasks.c **** 		/* Find the highest priority queue that contains ready tasks. */								\
 138:Middlewares/Third_Party/FreeRTOS/Source/tasks.c **** 		while( listLIST_IS_EMPTY( &( pxReadyTasksLists[ uxTopPriority ] ) ) )							\
 139:Middlewares/Third_Party/FreeRTOS/Source/tasks.c **** 		{																								\
 140:Middlewares/Third_Party/FreeRTOS/Source/tasks.c **** 			configASSERT( uxTopPriority );																\
 141:Middlewares/Third_Party/FreeRTOS/Source/tasks.c **** 			--uxTopPriority;																			\
 142:Middlewares/Third_Party/FreeRTOS/Source/tasks.c **** 		}																								\
 143:Middlewares/Third_Party/FreeRTOS/Source/tasks.c **** 																										\
 144:Middlewares/Third_Party/FreeRTOS/Source/tasks.c **** 		/* listGET_OWNER_OF_NEXT_ENTRY indexes through the list, so the tasks of						\
 145:Middlewares/Third_Party/FreeRTOS/Source/tasks.c **** 		the	same priority get an equal share of the processor time. */									\
 146:Middlewares/Third_Party/FreeRTOS/Source/tasks.c **** 		listGET_OWNER_OF_NEXT_ENTRY( pxCurrentTCB, &( pxReadyTasksLists[ uxTopPriority ] ) );			\
ARM GAS  C:\Users\Asus\AppData\Local\Temp\cctip26G.s 			page 4


 147:Middlewares/Third_Party/FreeRTOS/Source/tasks.c **** 		uxTopReadyPriority = uxTopPriority;																\
 148:Middlewares/Third_Party/FreeRTOS/Source/tasks.c **** 	} /* taskSELECT_HIGHEST_PRIORITY_TASK */
 149:Middlewares/Third_Party/FreeRTOS/Source/tasks.c **** 
 150:Middlewares/Third_Party/FreeRTOS/Source/tasks.c **** 	/*-----------------------------------------------------------*/
 151:Middlewares/Third_Party/FreeRTOS/Source/tasks.c **** 
 152:Middlewares/Third_Party/FreeRTOS/Source/tasks.c **** 	/* Define away taskRESET_READY_PRIORITY() and portRESET_READY_PRIORITY() as
 153:Middlewares/Third_Party/FreeRTOS/Source/tasks.c **** 	they are only required when a port optimised method of task selection is
 154:Middlewares/Third_Party/FreeRTOS/Source/tasks.c **** 	being used. */
 155:Middlewares/Third_Party/FreeRTOS/Source/tasks.c **** 	#define taskRESET_READY_PRIORITY( uxPriority )
 156:Middlewares/Third_Party/FreeRTOS/Source/tasks.c **** 	#define portRESET_READY_PRIORITY( uxPriority, uxTopReadyPriority )
 157:Middlewares/Third_Party/FreeRTOS/Source/tasks.c **** 
 158:Middlewares/Third_Party/FreeRTOS/Source/tasks.c **** #else /* configUSE_PORT_OPTIMISED_TASK_SELECTION */
 159:Middlewares/Third_Party/FreeRTOS/Source/tasks.c **** 
 160:Middlewares/Third_Party/FreeRTOS/Source/tasks.c **** 	/* If configUSE_PORT_OPTIMISED_TASK_SELECTION is 1 then task selection is
 161:Middlewares/Third_Party/FreeRTOS/Source/tasks.c **** 	performed in a way that is tailored to the particular microcontroller
 162:Middlewares/Third_Party/FreeRTOS/Source/tasks.c **** 	architecture being used. */
 163:Middlewares/Third_Party/FreeRTOS/Source/tasks.c **** 
 164:Middlewares/Third_Party/FreeRTOS/Source/tasks.c **** 	/* A port optimised version is provided.  Call the port defined macros. */
 165:Middlewares/Third_Party/FreeRTOS/Source/tasks.c **** 	#define taskRECORD_READY_PRIORITY( uxPriority )	portRECORD_READY_PRIORITY( uxPriority, uxTopReadyP
 166:Middlewares/Third_Party/FreeRTOS/Source/tasks.c **** 
 167:Middlewares/Third_Party/FreeRTOS/Source/tasks.c **** 	/*-----------------------------------------------------------*/
 168:Middlewares/Third_Party/FreeRTOS/Source/tasks.c **** 
 169:Middlewares/Third_Party/FreeRTOS/Source/tasks.c **** 	#define taskSELECT_HIGHEST_PRIORITY_TASK()														\
 170:Middlewares/Third_Party/FreeRTOS/Source/tasks.c **** 	{																								\
 171:Middlewares/Third_Party/FreeRTOS/Source/tasks.c **** 	UBaseType_t uxTopPriority;																		\
 172:Middlewares/Third_Party/FreeRTOS/Source/tasks.c **** 																									\
 173:Middlewares/Third_Party/FreeRTOS/Source/tasks.c **** 		/* Find the highest priority list that contains ready tasks. */								\
 174:Middlewares/Third_Party/FreeRTOS/Source/tasks.c **** 		portGET_HIGHEST_PRIORITY( uxTopPriority, uxTopReadyPriority );								\
 175:Middlewares/Third_Party/FreeRTOS/Source/tasks.c **** 		configASSERT( listCURRENT_LIST_LENGTH( &( pxReadyTasksLists[ uxTopPriority ] ) ) > 0 );		\
 176:Middlewares/Third_Party/FreeRTOS/Source/tasks.c **** 		listGET_OWNER_OF_NEXT_ENTRY( pxCurrentTCB, &( pxReadyTasksLists[ uxTopPriority ] ) );		\
 177:Middlewares/Third_Party/FreeRTOS/Source/tasks.c **** 	} /* taskSELECT_HIGHEST_PRIORITY_TASK() */
 178:Middlewares/Third_Party/FreeRTOS/Source/tasks.c **** 
 179:Middlewares/Third_Party/FreeRTOS/Source/tasks.c **** 	/*-----------------------------------------------------------*/
 180:Middlewares/Third_Party/FreeRTOS/Source/tasks.c **** 
 181:Middlewares/Third_Party/FreeRTOS/Source/tasks.c **** 	/* A port optimised version is provided, call it only if the TCB being reset
 182:Middlewares/Third_Party/FreeRTOS/Source/tasks.c **** 	is being referenced from a ready list.  If it is referenced from a delayed
 183:Middlewares/Third_Party/FreeRTOS/Source/tasks.c **** 	or suspended list then it won't be in a ready list. */
 184:Middlewares/Third_Party/FreeRTOS/Source/tasks.c **** 	#define taskRESET_READY_PRIORITY( uxPriority )														\
 185:Middlewares/Third_Party/FreeRTOS/Source/tasks.c **** 	{																									\
 186:Middlewares/Third_Party/FreeRTOS/Source/tasks.c **** 		if( listCURRENT_LIST_LENGTH( &( pxReadyTasksLists[ ( uxPriority ) ] ) ) == ( UBaseType_t ) 0 )	\
 187:Middlewares/Third_Party/FreeRTOS/Source/tasks.c **** 		{																								\
 188:Middlewares/Third_Party/FreeRTOS/Source/tasks.c **** 			portRESET_READY_PRIORITY( ( uxPriority ), ( uxTopReadyPriority ) );							\
 189:Middlewares/Third_Party/FreeRTOS/Source/tasks.c **** 		}																								\
 190:Middlewares/Third_Party/FreeRTOS/Source/tasks.c **** 	}
 191:Middlewares/Third_Party/FreeRTOS/Source/tasks.c **** 
 192:Middlewares/Third_Party/FreeRTOS/Source/tasks.c **** #endif /* configUSE_PORT_OPTIMISED_TASK_SELECTION */
 193:Middlewares/Third_Party/FreeRTOS/Source/tasks.c **** 
 194:Middlewares/Third_Party/FreeRTOS/Source/tasks.c **** /*-----------------------------------------------------------*/
 195:Middlewares/Third_Party/FreeRTOS/Source/tasks.c **** 
 196:Middlewares/Third_Party/FreeRTOS/Source/tasks.c **** /* pxDelayedTaskList and pxOverflowDelayedTaskList are switched when the tick
 197:Middlewares/Third_Party/FreeRTOS/Source/tasks.c **** count overflows. */
 198:Middlewares/Third_Party/FreeRTOS/Source/tasks.c **** #define taskSWITCH_DELAYED_LISTS()																	\
 199:Middlewares/Third_Party/FreeRTOS/Source/tasks.c **** {																									\
 200:Middlewares/Third_Party/FreeRTOS/Source/tasks.c **** 	List_t *pxTemp;																					\
 201:Middlewares/Third_Party/FreeRTOS/Source/tasks.c **** 																									\
 202:Middlewares/Third_Party/FreeRTOS/Source/tasks.c **** 	/* The delayed tasks list should be empty when the lists are switched. */						\
 203:Middlewares/Third_Party/FreeRTOS/Source/tasks.c **** 	configASSERT( ( listLIST_IS_EMPTY( pxDelayedTaskList ) ) );										\
ARM GAS  C:\Users\Asus\AppData\Local\Temp\cctip26G.s 			page 5


 204:Middlewares/Third_Party/FreeRTOS/Source/tasks.c **** 																									\
 205:Middlewares/Third_Party/FreeRTOS/Source/tasks.c **** 	pxTemp = pxDelayedTaskList;																		\
 206:Middlewares/Third_Party/FreeRTOS/Source/tasks.c **** 	pxDelayedTaskList = pxOverflowDelayedTaskList;													\
 207:Middlewares/Third_Party/FreeRTOS/Source/tasks.c **** 	pxOverflowDelayedTaskList = pxTemp;																\
 208:Middlewares/Third_Party/FreeRTOS/Source/tasks.c **** 	xNumOfOverflows++;																				\
 209:Middlewares/Third_Party/FreeRTOS/Source/tasks.c **** 	prvResetNextTaskUnblockTime();																	\
 210:Middlewares/Third_Party/FreeRTOS/Source/tasks.c **** }
 211:Middlewares/Third_Party/FreeRTOS/Source/tasks.c **** 
 212:Middlewares/Third_Party/FreeRTOS/Source/tasks.c **** /*-----------------------------------------------------------*/
 213:Middlewares/Third_Party/FreeRTOS/Source/tasks.c **** 
 214:Middlewares/Third_Party/FreeRTOS/Source/tasks.c **** /*
 215:Middlewares/Third_Party/FreeRTOS/Source/tasks.c ****  * Place the task represented by pxTCB into the appropriate ready list for
 216:Middlewares/Third_Party/FreeRTOS/Source/tasks.c ****  * the task.  It is inserted at the end of the list.
 217:Middlewares/Third_Party/FreeRTOS/Source/tasks.c ****  */
 218:Middlewares/Third_Party/FreeRTOS/Source/tasks.c **** #define prvAddTaskToReadyList( pxTCB )																\
 219:Middlewares/Third_Party/FreeRTOS/Source/tasks.c **** 	traceMOVED_TASK_TO_READY_STATE( pxTCB );														\
 220:Middlewares/Third_Party/FreeRTOS/Source/tasks.c **** 	taskRECORD_READY_PRIORITY( ( pxTCB )->uxPriority );												\
 221:Middlewares/Third_Party/FreeRTOS/Source/tasks.c **** 	vListInsertEnd( &( pxReadyTasksLists[ ( pxTCB )->uxPriority ] ), &( ( pxTCB )->xStateListItem ) );
 222:Middlewares/Third_Party/FreeRTOS/Source/tasks.c **** 	tracePOST_MOVED_TASK_TO_READY_STATE( pxTCB )
 223:Middlewares/Third_Party/FreeRTOS/Source/tasks.c **** /*-----------------------------------------------------------*/
 224:Middlewares/Third_Party/FreeRTOS/Source/tasks.c **** 
 225:Middlewares/Third_Party/FreeRTOS/Source/tasks.c **** /*
 226:Middlewares/Third_Party/FreeRTOS/Source/tasks.c ****  * Several functions take an TaskHandle_t parameter that can optionally be NULL,
 227:Middlewares/Third_Party/FreeRTOS/Source/tasks.c ****  * where NULL is used to indicate that the handle of the currently executing
 228:Middlewares/Third_Party/FreeRTOS/Source/tasks.c ****  * task should be used in place of the parameter.  This macro simply checks to
 229:Middlewares/Third_Party/FreeRTOS/Source/tasks.c ****  * see if the parameter is NULL and returns a pointer to the appropriate TCB.
 230:Middlewares/Third_Party/FreeRTOS/Source/tasks.c ****  */
 231:Middlewares/Third_Party/FreeRTOS/Source/tasks.c **** #define prvGetTCBFromHandle( pxHandle ) ( ( ( pxHandle ) == NULL ) ? pxCurrentTCB : ( pxHandle ) )
 232:Middlewares/Third_Party/FreeRTOS/Source/tasks.c **** 
 233:Middlewares/Third_Party/FreeRTOS/Source/tasks.c **** /* The item value of the event list item is normally used to hold the priority
 234:Middlewares/Third_Party/FreeRTOS/Source/tasks.c **** of the task to which it belongs (coded to allow it to be held in reverse
 235:Middlewares/Third_Party/FreeRTOS/Source/tasks.c **** priority order).  However, it is occasionally borrowed for other purposes.  It
 236:Middlewares/Third_Party/FreeRTOS/Source/tasks.c **** is important its value is not updated due to a task priority change while it is
 237:Middlewares/Third_Party/FreeRTOS/Source/tasks.c **** being used for another purpose.  The following bit definition is used to inform
 238:Middlewares/Third_Party/FreeRTOS/Source/tasks.c **** the scheduler that the value should not be changed - in which case it is the
 239:Middlewares/Third_Party/FreeRTOS/Source/tasks.c **** responsibility of whichever module is using the value to ensure it gets set back
 240:Middlewares/Third_Party/FreeRTOS/Source/tasks.c **** to its original value when it is released. */
 241:Middlewares/Third_Party/FreeRTOS/Source/tasks.c **** #if( configUSE_16_BIT_TICKS == 1 )
 242:Middlewares/Third_Party/FreeRTOS/Source/tasks.c **** 	#define taskEVENT_LIST_ITEM_VALUE_IN_USE	0x8000U
 243:Middlewares/Third_Party/FreeRTOS/Source/tasks.c **** #else
 244:Middlewares/Third_Party/FreeRTOS/Source/tasks.c **** 	#define taskEVENT_LIST_ITEM_VALUE_IN_USE	0x80000000UL
 245:Middlewares/Third_Party/FreeRTOS/Source/tasks.c **** #endif
 246:Middlewares/Third_Party/FreeRTOS/Source/tasks.c **** 
 247:Middlewares/Third_Party/FreeRTOS/Source/tasks.c **** /*
 248:Middlewares/Third_Party/FreeRTOS/Source/tasks.c ****  * Task control block.  A task control block (TCB) is allocated for each task,
 249:Middlewares/Third_Party/FreeRTOS/Source/tasks.c ****  * and stores task state information, including a pointer to the task's context
 250:Middlewares/Third_Party/FreeRTOS/Source/tasks.c ****  * (the task's run time environment, including register values)
 251:Middlewares/Third_Party/FreeRTOS/Source/tasks.c ****  */
 252:Middlewares/Third_Party/FreeRTOS/Source/tasks.c **** typedef struct tskTaskControlBlock 			/* The old naming convention is used to prevent breaking kern
 253:Middlewares/Third_Party/FreeRTOS/Source/tasks.c **** {
 254:Middlewares/Third_Party/FreeRTOS/Source/tasks.c **** 	volatile StackType_t	*pxTopOfStack;	/*< Points to the location of the last item placed on the task
 255:Middlewares/Third_Party/FreeRTOS/Source/tasks.c **** 
 256:Middlewares/Third_Party/FreeRTOS/Source/tasks.c **** 	#if ( portUSING_MPU_WRAPPERS == 1 )
 257:Middlewares/Third_Party/FreeRTOS/Source/tasks.c **** 		xMPU_SETTINGS	xMPUSettings;		/*< The MPU settings are defined as part of the port layer.  THIS MU
 258:Middlewares/Third_Party/FreeRTOS/Source/tasks.c **** 	#endif
 259:Middlewares/Third_Party/FreeRTOS/Source/tasks.c **** 
 260:Middlewares/Third_Party/FreeRTOS/Source/tasks.c **** 	ListItem_t			xStateListItem;	/*< The list that the state list item of a task is reference from den
ARM GAS  C:\Users\Asus\AppData\Local\Temp\cctip26G.s 			page 6


 261:Middlewares/Third_Party/FreeRTOS/Source/tasks.c **** 	ListItem_t			xEventListItem;		/*< Used to reference a task from an event list. */
 262:Middlewares/Third_Party/FreeRTOS/Source/tasks.c **** 	UBaseType_t			uxPriority;			/*< The priority of the task.  0 is the lowest priority. */
 263:Middlewares/Third_Party/FreeRTOS/Source/tasks.c **** 	StackType_t			*pxStack;			/*< Points to the start of the stack. */
 264:Middlewares/Third_Party/FreeRTOS/Source/tasks.c **** 	char				pcTaskName[ configMAX_TASK_NAME_LEN ];/*< Descriptive name given to the task when created.
 265:Middlewares/Third_Party/FreeRTOS/Source/tasks.c **** 
 266:Middlewares/Third_Party/FreeRTOS/Source/tasks.c **** 	#if ( ( portSTACK_GROWTH > 0 ) || ( configRECORD_STACK_HIGH_ADDRESS == 1 ) )
 267:Middlewares/Third_Party/FreeRTOS/Source/tasks.c **** 		StackType_t		*pxEndOfStack;		/*< Points to the highest valid address for the stack. */
 268:Middlewares/Third_Party/FreeRTOS/Source/tasks.c **** 	#endif
 269:Middlewares/Third_Party/FreeRTOS/Source/tasks.c **** 
 270:Middlewares/Third_Party/FreeRTOS/Source/tasks.c **** 	#if ( portCRITICAL_NESTING_IN_TCB == 1 )
 271:Middlewares/Third_Party/FreeRTOS/Source/tasks.c **** 		UBaseType_t		uxCriticalNesting;	/*< Holds the critical section nesting depth for ports that do no
 272:Middlewares/Third_Party/FreeRTOS/Source/tasks.c **** 	#endif
 273:Middlewares/Third_Party/FreeRTOS/Source/tasks.c **** 
 274:Middlewares/Third_Party/FreeRTOS/Source/tasks.c **** 	#if ( configUSE_TRACE_FACILITY == 1 )
 275:Middlewares/Third_Party/FreeRTOS/Source/tasks.c **** 		UBaseType_t		uxTCBNumber;		/*< Stores a number that increments each time a TCB is created.  It al
 276:Middlewares/Third_Party/FreeRTOS/Source/tasks.c **** 		UBaseType_t		uxTaskNumber;		/*< Stores a number specifically for use by third party trace code. *
 277:Middlewares/Third_Party/FreeRTOS/Source/tasks.c **** 	#endif
 278:Middlewares/Third_Party/FreeRTOS/Source/tasks.c **** 
 279:Middlewares/Third_Party/FreeRTOS/Source/tasks.c **** 	#if ( configUSE_MUTEXES == 1 )
 280:Middlewares/Third_Party/FreeRTOS/Source/tasks.c **** 		UBaseType_t		uxBasePriority;		/*< The priority last assigned to the task - used by the priority i
 281:Middlewares/Third_Party/FreeRTOS/Source/tasks.c **** 		UBaseType_t		uxMutexesHeld;
 282:Middlewares/Third_Party/FreeRTOS/Source/tasks.c **** 	#endif
 283:Middlewares/Third_Party/FreeRTOS/Source/tasks.c **** 
 284:Middlewares/Third_Party/FreeRTOS/Source/tasks.c **** 	#if ( configUSE_APPLICATION_TASK_TAG == 1 )
 285:Middlewares/Third_Party/FreeRTOS/Source/tasks.c **** 		TaskHookFunction_t pxTaskTag;
 286:Middlewares/Third_Party/FreeRTOS/Source/tasks.c **** 	#endif
 287:Middlewares/Third_Party/FreeRTOS/Source/tasks.c **** 
 288:Middlewares/Third_Party/FreeRTOS/Source/tasks.c **** 	#if( configNUM_THREAD_LOCAL_STORAGE_POINTERS > 0 )
 289:Middlewares/Third_Party/FreeRTOS/Source/tasks.c **** 		void			*pvThreadLocalStoragePointers[ configNUM_THREAD_LOCAL_STORAGE_POINTERS ];
 290:Middlewares/Third_Party/FreeRTOS/Source/tasks.c **** 	#endif
 291:Middlewares/Third_Party/FreeRTOS/Source/tasks.c **** 
 292:Middlewares/Third_Party/FreeRTOS/Source/tasks.c **** 	#if( configGENERATE_RUN_TIME_STATS == 1 )
 293:Middlewares/Third_Party/FreeRTOS/Source/tasks.c **** 		uint32_t		ulRunTimeCounter;	/*< Stores the amount of time the task has spent in the Running state
 294:Middlewares/Third_Party/FreeRTOS/Source/tasks.c **** 	#endif
 295:Middlewares/Third_Party/FreeRTOS/Source/tasks.c **** 
 296:Middlewares/Third_Party/FreeRTOS/Source/tasks.c **** 	#if ( configUSE_NEWLIB_REENTRANT == 1 )
 297:Middlewares/Third_Party/FreeRTOS/Source/tasks.c **** 		/* Allocate a Newlib reent structure that is specific to this task.
 298:Middlewares/Third_Party/FreeRTOS/Source/tasks.c **** 		Note Newlib support has been included by popular demand, but is not
 299:Middlewares/Third_Party/FreeRTOS/Source/tasks.c **** 		used by the FreeRTOS maintainers themselves.  FreeRTOS is not
 300:Middlewares/Third_Party/FreeRTOS/Source/tasks.c **** 		responsible for resulting newlib operation.  User must be familiar with
 301:Middlewares/Third_Party/FreeRTOS/Source/tasks.c **** 		newlib and must provide system-wide implementations of the necessary
 302:Middlewares/Third_Party/FreeRTOS/Source/tasks.c **** 		stubs. Be warned that (at the time of writing) the current newlib design
 303:Middlewares/Third_Party/FreeRTOS/Source/tasks.c **** 		implements a system-wide malloc() that must be provided with locks.
 304:Middlewares/Third_Party/FreeRTOS/Source/tasks.c **** 
 305:Middlewares/Third_Party/FreeRTOS/Source/tasks.c **** 		See the third party link http://www.nadler.com/embedded/newlibAndFreeRTOS.html
 306:Middlewares/Third_Party/FreeRTOS/Source/tasks.c **** 		for additional information. */
 307:Middlewares/Third_Party/FreeRTOS/Source/tasks.c **** 		struct	_reent xNewLib_reent;
 308:Middlewares/Third_Party/FreeRTOS/Source/tasks.c **** 	#endif
 309:Middlewares/Third_Party/FreeRTOS/Source/tasks.c **** 
 310:Middlewares/Third_Party/FreeRTOS/Source/tasks.c **** 	#if( configUSE_TASK_NOTIFICATIONS == 1 )
 311:Middlewares/Third_Party/FreeRTOS/Source/tasks.c **** 		volatile uint32_t ulNotifiedValue;
 312:Middlewares/Third_Party/FreeRTOS/Source/tasks.c **** 		volatile uint8_t ucNotifyState;
 313:Middlewares/Third_Party/FreeRTOS/Source/tasks.c **** 	#endif
 314:Middlewares/Third_Party/FreeRTOS/Source/tasks.c **** 
 315:Middlewares/Third_Party/FreeRTOS/Source/tasks.c **** 	/* See the comments in FreeRTOS.h with the definition of
 316:Middlewares/Third_Party/FreeRTOS/Source/tasks.c **** 	tskSTATIC_AND_DYNAMIC_ALLOCATION_POSSIBLE. */
 317:Middlewares/Third_Party/FreeRTOS/Source/tasks.c **** 	#if( tskSTATIC_AND_DYNAMIC_ALLOCATION_POSSIBLE != 0 ) /*lint !e731 !e9029 Macro has been consolida
ARM GAS  C:\Users\Asus\AppData\Local\Temp\cctip26G.s 			page 7


 318:Middlewares/Third_Party/FreeRTOS/Source/tasks.c **** 		uint8_t	ucStaticallyAllocated; 		/*< Set to pdTRUE if the task is a statically allocated to ensur
 319:Middlewares/Third_Party/FreeRTOS/Source/tasks.c **** 	#endif
 320:Middlewares/Third_Party/FreeRTOS/Source/tasks.c **** 
 321:Middlewares/Third_Party/FreeRTOS/Source/tasks.c **** 	#if( INCLUDE_xTaskAbortDelay == 1 )
 322:Middlewares/Third_Party/FreeRTOS/Source/tasks.c **** 		uint8_t ucDelayAborted;
 323:Middlewares/Third_Party/FreeRTOS/Source/tasks.c **** 	#endif
 324:Middlewares/Third_Party/FreeRTOS/Source/tasks.c **** 
 325:Middlewares/Third_Party/FreeRTOS/Source/tasks.c **** 	#if( configUSE_POSIX_ERRNO == 1 )
 326:Middlewares/Third_Party/FreeRTOS/Source/tasks.c **** 		int iTaskErrno;
 327:Middlewares/Third_Party/FreeRTOS/Source/tasks.c **** 	#endif
 328:Middlewares/Third_Party/FreeRTOS/Source/tasks.c **** 
 329:Middlewares/Third_Party/FreeRTOS/Source/tasks.c **** } tskTCB;
 330:Middlewares/Third_Party/FreeRTOS/Source/tasks.c **** 
 331:Middlewares/Third_Party/FreeRTOS/Source/tasks.c **** /* The old tskTCB name is maintained above then typedefed to the new TCB_t name
 332:Middlewares/Third_Party/FreeRTOS/Source/tasks.c **** below to enable the use of older kernel aware debuggers. */
 333:Middlewares/Third_Party/FreeRTOS/Source/tasks.c **** typedef tskTCB TCB_t;
 334:Middlewares/Third_Party/FreeRTOS/Source/tasks.c **** 
 335:Middlewares/Third_Party/FreeRTOS/Source/tasks.c **** /*lint -save -e956 A manual analysis and inspection has been used to determine
 336:Middlewares/Third_Party/FreeRTOS/Source/tasks.c **** which static variables must be declared volatile. */
 337:Middlewares/Third_Party/FreeRTOS/Source/tasks.c **** PRIVILEGED_DATA TCB_t * volatile pxCurrentTCB = NULL;
 338:Middlewares/Third_Party/FreeRTOS/Source/tasks.c **** 
 339:Middlewares/Third_Party/FreeRTOS/Source/tasks.c **** /* Lists for ready and blocked tasks. --------------------
 340:Middlewares/Third_Party/FreeRTOS/Source/tasks.c **** xDelayedTaskList1 and xDelayedTaskList2 could be move to function scople but
 341:Middlewares/Third_Party/FreeRTOS/Source/tasks.c **** doing so breaks some kernel aware debuggers and debuggers that rely on removing
 342:Middlewares/Third_Party/FreeRTOS/Source/tasks.c **** the static qualifier. */
 343:Middlewares/Third_Party/FreeRTOS/Source/tasks.c **** PRIVILEGED_DATA static List_t pxReadyTasksLists[ configMAX_PRIORITIES ];/*< Prioritised ready tasks
 344:Middlewares/Third_Party/FreeRTOS/Source/tasks.c **** PRIVILEGED_DATA static List_t xDelayedTaskList1;						/*< Delayed tasks. */
 345:Middlewares/Third_Party/FreeRTOS/Source/tasks.c **** PRIVILEGED_DATA static List_t xDelayedTaskList2;						/*< Delayed tasks (two lists are used - one f
 346:Middlewares/Third_Party/FreeRTOS/Source/tasks.c **** PRIVILEGED_DATA static List_t * volatile pxDelayedTaskList;				/*< Points to the delayed task list 
 347:Middlewares/Third_Party/FreeRTOS/Source/tasks.c **** PRIVILEGED_DATA static List_t * volatile pxOverflowDelayedTaskList;		/*< Points to the delayed task
 348:Middlewares/Third_Party/FreeRTOS/Source/tasks.c **** PRIVILEGED_DATA static List_t xPendingReadyList;						/*< Tasks that have been readied while the sc
 349:Middlewares/Third_Party/FreeRTOS/Source/tasks.c **** 
 350:Middlewares/Third_Party/FreeRTOS/Source/tasks.c **** #if( INCLUDE_vTaskDelete == 1 )
 351:Middlewares/Third_Party/FreeRTOS/Source/tasks.c **** 
 352:Middlewares/Third_Party/FreeRTOS/Source/tasks.c **** 	PRIVILEGED_DATA static List_t xTasksWaitingTermination;				/*< Tasks that have been deleted - but 
 353:Middlewares/Third_Party/FreeRTOS/Source/tasks.c **** 	PRIVILEGED_DATA static volatile UBaseType_t uxDeletedTasksWaitingCleanUp = ( UBaseType_t ) 0U;
 354:Middlewares/Third_Party/FreeRTOS/Source/tasks.c **** 
 355:Middlewares/Third_Party/FreeRTOS/Source/tasks.c **** #endif
 356:Middlewares/Third_Party/FreeRTOS/Source/tasks.c **** 
 357:Middlewares/Third_Party/FreeRTOS/Source/tasks.c **** #if ( INCLUDE_vTaskSuspend == 1 )
 358:Middlewares/Third_Party/FreeRTOS/Source/tasks.c **** 
 359:Middlewares/Third_Party/FreeRTOS/Source/tasks.c **** 	PRIVILEGED_DATA static List_t xSuspendedTaskList;					/*< Tasks that are currently suspended. */
 360:Middlewares/Third_Party/FreeRTOS/Source/tasks.c **** 
 361:Middlewares/Third_Party/FreeRTOS/Source/tasks.c **** #endif
 362:Middlewares/Third_Party/FreeRTOS/Source/tasks.c **** 
 363:Middlewares/Third_Party/FreeRTOS/Source/tasks.c **** /* Global POSIX errno. Its value is changed upon context switching to match
 364:Middlewares/Third_Party/FreeRTOS/Source/tasks.c **** the errno of the currently running task. */
 365:Middlewares/Third_Party/FreeRTOS/Source/tasks.c **** #if ( configUSE_POSIX_ERRNO == 1 )
 366:Middlewares/Third_Party/FreeRTOS/Source/tasks.c **** 	int FreeRTOS_errno = 0;
 367:Middlewares/Third_Party/FreeRTOS/Source/tasks.c **** #endif
 368:Middlewares/Third_Party/FreeRTOS/Source/tasks.c **** 
 369:Middlewares/Third_Party/FreeRTOS/Source/tasks.c **** /* Other file private variables. --------------------------------*/
 370:Middlewares/Third_Party/FreeRTOS/Source/tasks.c **** PRIVILEGED_DATA static volatile UBaseType_t uxCurrentNumberOfTasks 	= ( UBaseType_t ) 0U;
 371:Middlewares/Third_Party/FreeRTOS/Source/tasks.c **** PRIVILEGED_DATA static volatile TickType_t xTickCount 				= ( TickType_t ) configINITIAL_TICK_COUNT
 372:Middlewares/Third_Party/FreeRTOS/Source/tasks.c **** PRIVILEGED_DATA static volatile UBaseType_t uxTopReadyPriority 		= tskIDLE_PRIORITY;
 373:Middlewares/Third_Party/FreeRTOS/Source/tasks.c **** PRIVILEGED_DATA static volatile BaseType_t xSchedulerRunning 		= pdFALSE;
 374:Middlewares/Third_Party/FreeRTOS/Source/tasks.c **** PRIVILEGED_DATA static volatile TickType_t xPendedTicks 			= ( TickType_t ) 0U;
ARM GAS  C:\Users\Asus\AppData\Local\Temp\cctip26G.s 			page 8


 375:Middlewares/Third_Party/FreeRTOS/Source/tasks.c **** PRIVILEGED_DATA static volatile BaseType_t xYieldPending 			= pdFALSE;
 376:Middlewares/Third_Party/FreeRTOS/Source/tasks.c **** PRIVILEGED_DATA static volatile BaseType_t xNumOfOverflows 			= ( BaseType_t ) 0;
 377:Middlewares/Third_Party/FreeRTOS/Source/tasks.c **** PRIVILEGED_DATA static UBaseType_t uxTaskNumber 					= ( UBaseType_t ) 0U;
 378:Middlewares/Third_Party/FreeRTOS/Source/tasks.c **** PRIVILEGED_DATA static volatile TickType_t xNextTaskUnblockTime		= ( TickType_t ) 0U; /* Initialise
 379:Middlewares/Third_Party/FreeRTOS/Source/tasks.c **** PRIVILEGED_DATA static TaskHandle_t xIdleTaskHandle					= NULL;			/*< Holds the handle of the idle 
 380:Middlewares/Third_Party/FreeRTOS/Source/tasks.c **** 
 381:Middlewares/Third_Party/FreeRTOS/Source/tasks.c **** /* Context switches are held pending while the scheduler is suspended.  Also,
 382:Middlewares/Third_Party/FreeRTOS/Source/tasks.c **** interrupts must not manipulate the xStateListItem of a TCB, or any of the
 383:Middlewares/Third_Party/FreeRTOS/Source/tasks.c **** lists the xStateListItem can be referenced from, if the scheduler is suspended.
 384:Middlewares/Third_Party/FreeRTOS/Source/tasks.c **** If an interrupt needs to unblock a task while the scheduler is suspended then it
 385:Middlewares/Third_Party/FreeRTOS/Source/tasks.c **** moves the task's event list item into the xPendingReadyList, ready for the
 386:Middlewares/Third_Party/FreeRTOS/Source/tasks.c **** kernel to move the task from the pending ready list into the real ready list
 387:Middlewares/Third_Party/FreeRTOS/Source/tasks.c **** when the scheduler is unsuspended.  The pending ready list itself can only be
 388:Middlewares/Third_Party/FreeRTOS/Source/tasks.c **** accessed from a critical section. */
 389:Middlewares/Third_Party/FreeRTOS/Source/tasks.c **** PRIVILEGED_DATA static volatile UBaseType_t uxSchedulerSuspended	= ( UBaseType_t ) pdFALSE;
 390:Middlewares/Third_Party/FreeRTOS/Source/tasks.c **** 
 391:Middlewares/Third_Party/FreeRTOS/Source/tasks.c **** #if ( configGENERATE_RUN_TIME_STATS == 1 )
 392:Middlewares/Third_Party/FreeRTOS/Source/tasks.c **** 
 393:Middlewares/Third_Party/FreeRTOS/Source/tasks.c **** 	/* Do not move these variables to function scope as doing so prevents the
 394:Middlewares/Third_Party/FreeRTOS/Source/tasks.c **** 	code working with debuggers that need to remove the static qualifier. */
 395:Middlewares/Third_Party/FreeRTOS/Source/tasks.c **** 	PRIVILEGED_DATA static uint32_t ulTaskSwitchedInTime = 0UL;	/*< Holds the value of a timer/counter
 396:Middlewares/Third_Party/FreeRTOS/Source/tasks.c **** 	PRIVILEGED_DATA static uint32_t ulTotalRunTime = 0UL;		/*< Holds the total amount of execution tim
 397:Middlewares/Third_Party/FreeRTOS/Source/tasks.c **** 
 398:Middlewares/Third_Party/FreeRTOS/Source/tasks.c **** #endif
 399:Middlewares/Third_Party/FreeRTOS/Source/tasks.c **** 
 400:Middlewares/Third_Party/FreeRTOS/Source/tasks.c **** /*lint -restore */
 401:Middlewares/Third_Party/FreeRTOS/Source/tasks.c **** 
 402:Middlewares/Third_Party/FreeRTOS/Source/tasks.c **** /*-----------------------------------------------------------*/
 403:Middlewares/Third_Party/FreeRTOS/Source/tasks.c **** 
 404:Middlewares/Third_Party/FreeRTOS/Source/tasks.c **** /* Callback function prototypes. --------------------------*/
 405:Middlewares/Third_Party/FreeRTOS/Source/tasks.c **** #if(  configCHECK_FOR_STACK_OVERFLOW > 0 )
 406:Middlewares/Third_Party/FreeRTOS/Source/tasks.c **** 
 407:Middlewares/Third_Party/FreeRTOS/Source/tasks.c **** 	extern void vApplicationStackOverflowHook( TaskHandle_t xTask, char *pcTaskName );
 408:Middlewares/Third_Party/FreeRTOS/Source/tasks.c **** 
 409:Middlewares/Third_Party/FreeRTOS/Source/tasks.c **** #endif
 410:Middlewares/Third_Party/FreeRTOS/Source/tasks.c **** 
 411:Middlewares/Third_Party/FreeRTOS/Source/tasks.c **** #if( configUSE_TICK_HOOK > 0 )
 412:Middlewares/Third_Party/FreeRTOS/Source/tasks.c **** 
 413:Middlewares/Third_Party/FreeRTOS/Source/tasks.c **** 	extern void vApplicationTickHook( void ); /*lint !e526 Symbol not defined as it is an application 
 414:Middlewares/Third_Party/FreeRTOS/Source/tasks.c **** 
 415:Middlewares/Third_Party/FreeRTOS/Source/tasks.c **** #endif
 416:Middlewares/Third_Party/FreeRTOS/Source/tasks.c **** 
 417:Middlewares/Third_Party/FreeRTOS/Source/tasks.c **** #if( configSUPPORT_STATIC_ALLOCATION == 1 )
 418:Middlewares/Third_Party/FreeRTOS/Source/tasks.c **** 
 419:Middlewares/Third_Party/FreeRTOS/Source/tasks.c **** 	extern void vApplicationGetIdleTaskMemory( StaticTask_t **ppxIdleTaskTCBBuffer, StackType_t **ppxI
 420:Middlewares/Third_Party/FreeRTOS/Source/tasks.c **** 
 421:Middlewares/Third_Party/FreeRTOS/Source/tasks.c **** #endif
 422:Middlewares/Third_Party/FreeRTOS/Source/tasks.c **** 
 423:Middlewares/Third_Party/FreeRTOS/Source/tasks.c **** /* File private functions. --------------------------------*/
 424:Middlewares/Third_Party/FreeRTOS/Source/tasks.c **** 
 425:Middlewares/Third_Party/FreeRTOS/Source/tasks.c **** /**
 426:Middlewares/Third_Party/FreeRTOS/Source/tasks.c ****  * Utility task that simply returns pdTRUE if the task referenced by xTask is
 427:Middlewares/Third_Party/FreeRTOS/Source/tasks.c ****  * currently in the Suspended state, or pdFALSE if the task referenced by xTask
 428:Middlewares/Third_Party/FreeRTOS/Source/tasks.c ****  * is in any other state.
 429:Middlewares/Third_Party/FreeRTOS/Source/tasks.c ****  */
 430:Middlewares/Third_Party/FreeRTOS/Source/tasks.c **** #if ( INCLUDE_vTaskSuspend == 1 )
 431:Middlewares/Third_Party/FreeRTOS/Source/tasks.c **** 
ARM GAS  C:\Users\Asus\AppData\Local\Temp\cctip26G.s 			page 9


 432:Middlewares/Third_Party/FreeRTOS/Source/tasks.c **** 	static BaseType_t prvTaskIsTaskSuspended( const TaskHandle_t xTask ) PRIVILEGED_FUNCTION;
 433:Middlewares/Third_Party/FreeRTOS/Source/tasks.c **** 
 434:Middlewares/Third_Party/FreeRTOS/Source/tasks.c **** #endif /* INCLUDE_vTaskSuspend */
 435:Middlewares/Third_Party/FreeRTOS/Source/tasks.c **** 
 436:Middlewares/Third_Party/FreeRTOS/Source/tasks.c **** /*
 437:Middlewares/Third_Party/FreeRTOS/Source/tasks.c ****  * Utility to ready all the lists used by the scheduler.  This is called
 438:Middlewares/Third_Party/FreeRTOS/Source/tasks.c ****  * automatically upon the creation of the first task.
 439:Middlewares/Third_Party/FreeRTOS/Source/tasks.c ****  */
 440:Middlewares/Third_Party/FreeRTOS/Source/tasks.c **** static void prvInitialiseTaskLists( void ) PRIVILEGED_FUNCTION;
 441:Middlewares/Third_Party/FreeRTOS/Source/tasks.c **** 
 442:Middlewares/Third_Party/FreeRTOS/Source/tasks.c **** /*
 443:Middlewares/Third_Party/FreeRTOS/Source/tasks.c ****  * The idle task, which as all tasks is implemented as a never ending loop.
 444:Middlewares/Third_Party/FreeRTOS/Source/tasks.c ****  * The idle task is automatically created and added to the ready lists upon
 445:Middlewares/Third_Party/FreeRTOS/Source/tasks.c ****  * creation of the first user task.
 446:Middlewares/Third_Party/FreeRTOS/Source/tasks.c ****  *
 447:Middlewares/Third_Party/FreeRTOS/Source/tasks.c ****  * The portTASK_FUNCTION_PROTO() macro is used to allow port/compiler specific
 448:Middlewares/Third_Party/FreeRTOS/Source/tasks.c ****  * language extensions.  The equivalent prototype for this function is:
 449:Middlewares/Third_Party/FreeRTOS/Source/tasks.c ****  *
 450:Middlewares/Third_Party/FreeRTOS/Source/tasks.c ****  * void prvIdleTask( void *pvParameters );
 451:Middlewares/Third_Party/FreeRTOS/Source/tasks.c ****  *
 452:Middlewares/Third_Party/FreeRTOS/Source/tasks.c ****  */
 453:Middlewares/Third_Party/FreeRTOS/Source/tasks.c **** static portTASK_FUNCTION_PROTO( prvIdleTask, pvParameters );
 454:Middlewares/Third_Party/FreeRTOS/Source/tasks.c **** 
 455:Middlewares/Third_Party/FreeRTOS/Source/tasks.c **** /*
 456:Middlewares/Third_Party/FreeRTOS/Source/tasks.c ****  * Utility to free all memory allocated by the scheduler to hold a TCB,
 457:Middlewares/Third_Party/FreeRTOS/Source/tasks.c ****  * including the stack pointed to by the TCB.
 458:Middlewares/Third_Party/FreeRTOS/Source/tasks.c ****  *
 459:Middlewares/Third_Party/FreeRTOS/Source/tasks.c ****  * This does not free memory allocated by the task itself (i.e. memory
 460:Middlewares/Third_Party/FreeRTOS/Source/tasks.c ****  * allocated by calls to pvPortMalloc from within the tasks application code).
 461:Middlewares/Third_Party/FreeRTOS/Source/tasks.c ****  */
 462:Middlewares/Third_Party/FreeRTOS/Source/tasks.c **** #if ( INCLUDE_vTaskDelete == 1 )
 463:Middlewares/Third_Party/FreeRTOS/Source/tasks.c **** 
 464:Middlewares/Third_Party/FreeRTOS/Source/tasks.c **** 	static void prvDeleteTCB( TCB_t *pxTCB ) PRIVILEGED_FUNCTION;
 465:Middlewares/Third_Party/FreeRTOS/Source/tasks.c **** 
 466:Middlewares/Third_Party/FreeRTOS/Source/tasks.c **** #endif
 467:Middlewares/Third_Party/FreeRTOS/Source/tasks.c **** 
 468:Middlewares/Third_Party/FreeRTOS/Source/tasks.c **** /*
 469:Middlewares/Third_Party/FreeRTOS/Source/tasks.c ****  * Used only by the idle task.  This checks to see if anything has been placed
 470:Middlewares/Third_Party/FreeRTOS/Source/tasks.c ****  * in the list of tasks waiting to be deleted.  If so the task is cleaned up
 471:Middlewares/Third_Party/FreeRTOS/Source/tasks.c ****  * and its TCB deleted.
 472:Middlewares/Third_Party/FreeRTOS/Source/tasks.c ****  */
 473:Middlewares/Third_Party/FreeRTOS/Source/tasks.c **** static void prvCheckTasksWaitingTermination( void ) PRIVILEGED_FUNCTION;
 474:Middlewares/Third_Party/FreeRTOS/Source/tasks.c **** 
 475:Middlewares/Third_Party/FreeRTOS/Source/tasks.c **** /*
 476:Middlewares/Third_Party/FreeRTOS/Source/tasks.c ****  * The currently executing task is entering the Blocked state.  Add the task to
 477:Middlewares/Third_Party/FreeRTOS/Source/tasks.c ****  * either the current or the overflow delayed task list.
 478:Middlewares/Third_Party/FreeRTOS/Source/tasks.c ****  */
 479:Middlewares/Third_Party/FreeRTOS/Source/tasks.c **** static void prvAddCurrentTaskToDelayedList( TickType_t xTicksToWait, const BaseType_t xCanBlockInde
 480:Middlewares/Third_Party/FreeRTOS/Source/tasks.c **** 
 481:Middlewares/Third_Party/FreeRTOS/Source/tasks.c **** /*
 482:Middlewares/Third_Party/FreeRTOS/Source/tasks.c ****  * Fills an TaskStatus_t structure with information on each task that is
 483:Middlewares/Third_Party/FreeRTOS/Source/tasks.c ****  * referenced from the pxList list (which may be a ready list, a delayed list,
 484:Middlewares/Third_Party/FreeRTOS/Source/tasks.c ****  * a suspended list, etc.).
 485:Middlewares/Third_Party/FreeRTOS/Source/tasks.c ****  *
 486:Middlewares/Third_Party/FreeRTOS/Source/tasks.c ****  * THIS FUNCTION IS INTENDED FOR DEBUGGING ONLY, AND SHOULD NOT BE CALLED FROM
 487:Middlewares/Third_Party/FreeRTOS/Source/tasks.c ****  * NORMAL APPLICATION CODE.
 488:Middlewares/Third_Party/FreeRTOS/Source/tasks.c ****  */
ARM GAS  C:\Users\Asus\AppData\Local\Temp\cctip26G.s 			page 10


 489:Middlewares/Third_Party/FreeRTOS/Source/tasks.c **** #if ( configUSE_TRACE_FACILITY == 1 )
 490:Middlewares/Third_Party/FreeRTOS/Source/tasks.c **** 
 491:Middlewares/Third_Party/FreeRTOS/Source/tasks.c **** 	static UBaseType_t prvListTasksWithinSingleList( TaskStatus_t *pxTaskStatusArray, List_t *pxList, 
 492:Middlewares/Third_Party/FreeRTOS/Source/tasks.c **** 
 493:Middlewares/Third_Party/FreeRTOS/Source/tasks.c **** #endif
 494:Middlewares/Third_Party/FreeRTOS/Source/tasks.c **** 
 495:Middlewares/Third_Party/FreeRTOS/Source/tasks.c **** /*
 496:Middlewares/Third_Party/FreeRTOS/Source/tasks.c ****  * Searches pxList for a task with name pcNameToQuery - returning a handle to
 497:Middlewares/Third_Party/FreeRTOS/Source/tasks.c ****  * the task if it is found, or NULL if the task is not found.
 498:Middlewares/Third_Party/FreeRTOS/Source/tasks.c ****  */
 499:Middlewares/Third_Party/FreeRTOS/Source/tasks.c **** #if ( INCLUDE_xTaskGetHandle == 1 )
 500:Middlewares/Third_Party/FreeRTOS/Source/tasks.c **** 
 501:Middlewares/Third_Party/FreeRTOS/Source/tasks.c **** 	static TCB_t *prvSearchForNameWithinSingleList( List_t *pxList, const char pcNameToQuery[] ) PRIVI
 502:Middlewares/Third_Party/FreeRTOS/Source/tasks.c **** 
 503:Middlewares/Third_Party/FreeRTOS/Source/tasks.c **** #endif
 504:Middlewares/Third_Party/FreeRTOS/Source/tasks.c **** 
 505:Middlewares/Third_Party/FreeRTOS/Source/tasks.c **** /*
 506:Middlewares/Third_Party/FreeRTOS/Source/tasks.c ****  * When a task is created, the stack of the task is filled with a known value.
 507:Middlewares/Third_Party/FreeRTOS/Source/tasks.c ****  * This function determines the 'high water mark' of the task stack by
 508:Middlewares/Third_Party/FreeRTOS/Source/tasks.c ****  * determining how much of the stack remains at the original preset value.
 509:Middlewares/Third_Party/FreeRTOS/Source/tasks.c ****  */
 510:Middlewares/Third_Party/FreeRTOS/Source/tasks.c **** #if ( ( configUSE_TRACE_FACILITY == 1 ) || ( INCLUDE_uxTaskGetStackHighWaterMark == 1 ) || ( INCLUD
 511:Middlewares/Third_Party/FreeRTOS/Source/tasks.c **** 
 512:Middlewares/Third_Party/FreeRTOS/Source/tasks.c **** 	static configSTACK_DEPTH_TYPE prvTaskCheckFreeStackSpace( const uint8_t * pucStackByte ) PRIVILEGE
 513:Middlewares/Third_Party/FreeRTOS/Source/tasks.c **** 
 514:Middlewares/Third_Party/FreeRTOS/Source/tasks.c **** #endif
 515:Middlewares/Third_Party/FreeRTOS/Source/tasks.c **** 
 516:Middlewares/Third_Party/FreeRTOS/Source/tasks.c **** /*
 517:Middlewares/Third_Party/FreeRTOS/Source/tasks.c ****  * Return the amount of time, in ticks, that will pass before the kernel will
 518:Middlewares/Third_Party/FreeRTOS/Source/tasks.c ****  * next move a task from the Blocked state to the Running state.
 519:Middlewares/Third_Party/FreeRTOS/Source/tasks.c ****  *
 520:Middlewares/Third_Party/FreeRTOS/Source/tasks.c ****  * This conditional compilation should use inequality to 0, not equality to 1.
 521:Middlewares/Third_Party/FreeRTOS/Source/tasks.c ****  * This is to ensure portSUPPRESS_TICKS_AND_SLEEP() can be called when user
 522:Middlewares/Third_Party/FreeRTOS/Source/tasks.c ****  * defined low power mode implementations require configUSE_TICKLESS_IDLE to be
 523:Middlewares/Third_Party/FreeRTOS/Source/tasks.c ****  * set to a value other than 1.
 524:Middlewares/Third_Party/FreeRTOS/Source/tasks.c ****  */
 525:Middlewares/Third_Party/FreeRTOS/Source/tasks.c **** #if ( configUSE_TICKLESS_IDLE != 0 )
 526:Middlewares/Third_Party/FreeRTOS/Source/tasks.c **** 
 527:Middlewares/Third_Party/FreeRTOS/Source/tasks.c **** 	static TickType_t prvGetExpectedIdleTime( void ) PRIVILEGED_FUNCTION;
 528:Middlewares/Third_Party/FreeRTOS/Source/tasks.c **** 
 529:Middlewares/Third_Party/FreeRTOS/Source/tasks.c **** #endif
 530:Middlewares/Third_Party/FreeRTOS/Source/tasks.c **** 
 531:Middlewares/Third_Party/FreeRTOS/Source/tasks.c **** /*
 532:Middlewares/Third_Party/FreeRTOS/Source/tasks.c ****  * Set xNextTaskUnblockTime to the time at which the next Blocked state task
 533:Middlewares/Third_Party/FreeRTOS/Source/tasks.c ****  * will exit the Blocked state.
 534:Middlewares/Third_Party/FreeRTOS/Source/tasks.c ****  */
 535:Middlewares/Third_Party/FreeRTOS/Source/tasks.c **** static void prvResetNextTaskUnblockTime( void );
 536:Middlewares/Third_Party/FreeRTOS/Source/tasks.c **** 
 537:Middlewares/Third_Party/FreeRTOS/Source/tasks.c **** #if ( ( configUSE_TRACE_FACILITY == 1 ) && ( configUSE_STATS_FORMATTING_FUNCTIONS > 0 ) )
 538:Middlewares/Third_Party/FreeRTOS/Source/tasks.c **** 
 539:Middlewares/Third_Party/FreeRTOS/Source/tasks.c **** 	/*
 540:Middlewares/Third_Party/FreeRTOS/Source/tasks.c **** 	 * Helper function used to pad task names with spaces when printing out
 541:Middlewares/Third_Party/FreeRTOS/Source/tasks.c **** 	 * human readable tables of task information.
 542:Middlewares/Third_Party/FreeRTOS/Source/tasks.c **** 	 */
 543:Middlewares/Third_Party/FreeRTOS/Source/tasks.c **** 	static char *prvWriteNameToBuffer( char *pcBuffer, const char *pcTaskName ) PRIVILEGED_FUNCTION;
 544:Middlewares/Third_Party/FreeRTOS/Source/tasks.c **** 
 545:Middlewares/Third_Party/FreeRTOS/Source/tasks.c **** #endif
ARM GAS  C:\Users\Asus\AppData\Local\Temp\cctip26G.s 			page 11


 546:Middlewares/Third_Party/FreeRTOS/Source/tasks.c **** 
 547:Middlewares/Third_Party/FreeRTOS/Source/tasks.c **** /*
 548:Middlewares/Third_Party/FreeRTOS/Source/tasks.c ****  * Called after a Task_t structure has been allocated either statically or
 549:Middlewares/Third_Party/FreeRTOS/Source/tasks.c ****  * dynamically to fill in the structure's members.
 550:Middlewares/Third_Party/FreeRTOS/Source/tasks.c ****  */
 551:Middlewares/Third_Party/FreeRTOS/Source/tasks.c **** static void prvInitialiseNewTask( 	TaskFunction_t pxTaskCode,
 552:Middlewares/Third_Party/FreeRTOS/Source/tasks.c **** 									const char * const pcName, 		/*lint !e971 Unqualified char types are allowed for strings a
 553:Middlewares/Third_Party/FreeRTOS/Source/tasks.c **** 									const uint32_t ulStackDepth,
 554:Middlewares/Third_Party/FreeRTOS/Source/tasks.c **** 									void * const pvParameters,
 555:Middlewares/Third_Party/FreeRTOS/Source/tasks.c **** 									UBaseType_t uxPriority,
 556:Middlewares/Third_Party/FreeRTOS/Source/tasks.c **** 									TaskHandle_t * const pxCreatedTask,
 557:Middlewares/Third_Party/FreeRTOS/Source/tasks.c **** 									TCB_t *pxNewTCB,
 558:Middlewares/Third_Party/FreeRTOS/Source/tasks.c **** 									const MemoryRegion_t * const xRegions ) PRIVILEGED_FUNCTION;
 559:Middlewares/Third_Party/FreeRTOS/Source/tasks.c **** 
 560:Middlewares/Third_Party/FreeRTOS/Source/tasks.c **** /*
 561:Middlewares/Third_Party/FreeRTOS/Source/tasks.c ****  * Called after a new task has been created and initialised to place the task
 562:Middlewares/Third_Party/FreeRTOS/Source/tasks.c ****  * under the control of the scheduler.
 563:Middlewares/Third_Party/FreeRTOS/Source/tasks.c ****  */
 564:Middlewares/Third_Party/FreeRTOS/Source/tasks.c **** static void prvAddNewTaskToReadyList( TCB_t *pxNewTCB ) PRIVILEGED_FUNCTION;
 565:Middlewares/Third_Party/FreeRTOS/Source/tasks.c **** 
 566:Middlewares/Third_Party/FreeRTOS/Source/tasks.c **** /*
 567:Middlewares/Third_Party/FreeRTOS/Source/tasks.c ****  * freertos_tasks_c_additions_init() should only be called if the user definable
 568:Middlewares/Third_Party/FreeRTOS/Source/tasks.c ****  * macro FREERTOS_TASKS_C_ADDITIONS_INIT() is defined, as that is the only macro
 569:Middlewares/Third_Party/FreeRTOS/Source/tasks.c ****  * called by the function.
 570:Middlewares/Third_Party/FreeRTOS/Source/tasks.c ****  */
 571:Middlewares/Third_Party/FreeRTOS/Source/tasks.c **** #ifdef FREERTOS_TASKS_C_ADDITIONS_INIT
 572:Middlewares/Third_Party/FreeRTOS/Source/tasks.c **** 
 573:Middlewares/Third_Party/FreeRTOS/Source/tasks.c **** 	static void freertos_tasks_c_additions_init( void ) PRIVILEGED_FUNCTION;
 574:Middlewares/Third_Party/FreeRTOS/Source/tasks.c **** 
 575:Middlewares/Third_Party/FreeRTOS/Source/tasks.c **** #endif
 576:Middlewares/Third_Party/FreeRTOS/Source/tasks.c **** 
 577:Middlewares/Third_Party/FreeRTOS/Source/tasks.c **** /*-----------------------------------------------------------*/
 578:Middlewares/Third_Party/FreeRTOS/Source/tasks.c **** 
 579:Middlewares/Third_Party/FreeRTOS/Source/tasks.c **** #if( configSUPPORT_STATIC_ALLOCATION == 1 )
 580:Middlewares/Third_Party/FreeRTOS/Source/tasks.c **** 
 581:Middlewares/Third_Party/FreeRTOS/Source/tasks.c **** 	TaskHandle_t xTaskCreateStatic(	TaskFunction_t pxTaskCode,
 582:Middlewares/Third_Party/FreeRTOS/Source/tasks.c **** 									const char * const pcName,		/*lint !e971 Unqualified char types are allowed for strings an
 583:Middlewares/Third_Party/FreeRTOS/Source/tasks.c **** 									const uint32_t ulStackDepth,
 584:Middlewares/Third_Party/FreeRTOS/Source/tasks.c **** 									void * const pvParameters,
 585:Middlewares/Third_Party/FreeRTOS/Source/tasks.c **** 									UBaseType_t uxPriority,
 586:Middlewares/Third_Party/FreeRTOS/Source/tasks.c **** 									StackType_t * const puxStackBuffer,
 587:Middlewares/Third_Party/FreeRTOS/Source/tasks.c **** 									StaticTask_t * const pxTaskBuffer )
 588:Middlewares/Third_Party/FreeRTOS/Source/tasks.c **** 	{
 589:Middlewares/Third_Party/FreeRTOS/Source/tasks.c **** 	TCB_t *pxNewTCB;
 590:Middlewares/Third_Party/FreeRTOS/Source/tasks.c **** 	TaskHandle_t xReturn;
 591:Middlewares/Third_Party/FreeRTOS/Source/tasks.c **** 
 592:Middlewares/Third_Party/FreeRTOS/Source/tasks.c **** 		configASSERT( puxStackBuffer != NULL );
 593:Middlewares/Third_Party/FreeRTOS/Source/tasks.c **** 		configASSERT( pxTaskBuffer != NULL );
 594:Middlewares/Third_Party/FreeRTOS/Source/tasks.c **** 
 595:Middlewares/Third_Party/FreeRTOS/Source/tasks.c **** 		#if( configASSERT_DEFINED == 1 )
 596:Middlewares/Third_Party/FreeRTOS/Source/tasks.c **** 		{
 597:Middlewares/Third_Party/FreeRTOS/Source/tasks.c **** 			/* Sanity check that the size of the structure used to declare a
 598:Middlewares/Third_Party/FreeRTOS/Source/tasks.c **** 			variable of type StaticTask_t equals the size of the real task
 599:Middlewares/Third_Party/FreeRTOS/Source/tasks.c **** 			structure. */
 600:Middlewares/Third_Party/FreeRTOS/Source/tasks.c **** 			volatile size_t xSize = sizeof( StaticTask_t );
 601:Middlewares/Third_Party/FreeRTOS/Source/tasks.c **** 			configASSERT( xSize == sizeof( TCB_t ) );
 602:Middlewares/Third_Party/FreeRTOS/Source/tasks.c **** 			( void ) xSize; /* Prevent lint warning when configASSERT() is not used. */
ARM GAS  C:\Users\Asus\AppData\Local\Temp\cctip26G.s 			page 12


 603:Middlewares/Third_Party/FreeRTOS/Source/tasks.c **** 		}
 604:Middlewares/Third_Party/FreeRTOS/Source/tasks.c **** 		#endif /* configASSERT_DEFINED */
 605:Middlewares/Third_Party/FreeRTOS/Source/tasks.c **** 
 606:Middlewares/Third_Party/FreeRTOS/Source/tasks.c **** 
 607:Middlewares/Third_Party/FreeRTOS/Source/tasks.c **** 		if( ( pxTaskBuffer != NULL ) && ( puxStackBuffer != NULL ) )
 608:Middlewares/Third_Party/FreeRTOS/Source/tasks.c **** 		{
 609:Middlewares/Third_Party/FreeRTOS/Source/tasks.c **** 			/* The memory used for the task's TCB and stack are passed into this
 610:Middlewares/Third_Party/FreeRTOS/Source/tasks.c **** 			function - use them. */
 611:Middlewares/Third_Party/FreeRTOS/Source/tasks.c **** 			pxNewTCB = ( TCB_t * ) pxTaskBuffer; /*lint !e740 !e9087 Unusual cast is ok as the structures ar
 612:Middlewares/Third_Party/FreeRTOS/Source/tasks.c **** 			pxNewTCB->pxStack = ( StackType_t * ) puxStackBuffer;
 613:Middlewares/Third_Party/FreeRTOS/Source/tasks.c **** 
 614:Middlewares/Third_Party/FreeRTOS/Source/tasks.c **** 			#if( tskSTATIC_AND_DYNAMIC_ALLOCATION_POSSIBLE != 0 ) /*lint !e731 !e9029 Macro has been consoli
 615:Middlewares/Third_Party/FreeRTOS/Source/tasks.c **** 			{
 616:Middlewares/Third_Party/FreeRTOS/Source/tasks.c **** 				/* Tasks can be created statically or dynamically, so note this
 617:Middlewares/Third_Party/FreeRTOS/Source/tasks.c **** 				task was created statically in case the task is later deleted. */
 618:Middlewares/Third_Party/FreeRTOS/Source/tasks.c **** 				pxNewTCB->ucStaticallyAllocated = tskSTATICALLY_ALLOCATED_STACK_AND_TCB;
 619:Middlewares/Third_Party/FreeRTOS/Source/tasks.c **** 			}
 620:Middlewares/Third_Party/FreeRTOS/Source/tasks.c **** 			#endif /* tskSTATIC_AND_DYNAMIC_ALLOCATION_POSSIBLE */
 621:Middlewares/Third_Party/FreeRTOS/Source/tasks.c **** 
 622:Middlewares/Third_Party/FreeRTOS/Source/tasks.c **** 			prvInitialiseNewTask( pxTaskCode, pcName, ulStackDepth, pvParameters, uxPriority, &xReturn, pxNe
 623:Middlewares/Third_Party/FreeRTOS/Source/tasks.c **** 			prvAddNewTaskToReadyList( pxNewTCB );
 624:Middlewares/Third_Party/FreeRTOS/Source/tasks.c **** 		}
 625:Middlewares/Third_Party/FreeRTOS/Source/tasks.c **** 		else
 626:Middlewares/Third_Party/FreeRTOS/Source/tasks.c **** 		{
 627:Middlewares/Third_Party/FreeRTOS/Source/tasks.c **** 			xReturn = NULL;
 628:Middlewares/Third_Party/FreeRTOS/Source/tasks.c **** 		}
 629:Middlewares/Third_Party/FreeRTOS/Source/tasks.c **** 
 630:Middlewares/Third_Party/FreeRTOS/Source/tasks.c **** 		return xReturn;
 631:Middlewares/Third_Party/FreeRTOS/Source/tasks.c **** 	}
 632:Middlewares/Third_Party/FreeRTOS/Source/tasks.c **** 
 633:Middlewares/Third_Party/FreeRTOS/Source/tasks.c **** #endif /* SUPPORT_STATIC_ALLOCATION */
 634:Middlewares/Third_Party/FreeRTOS/Source/tasks.c **** /*-----------------------------------------------------------*/
 635:Middlewares/Third_Party/FreeRTOS/Source/tasks.c **** 
 636:Middlewares/Third_Party/FreeRTOS/Source/tasks.c **** #if( ( portUSING_MPU_WRAPPERS == 1 ) && ( configSUPPORT_STATIC_ALLOCATION == 1 ) )
 637:Middlewares/Third_Party/FreeRTOS/Source/tasks.c **** 
 638:Middlewares/Third_Party/FreeRTOS/Source/tasks.c **** 	BaseType_t xTaskCreateRestrictedStatic( const TaskParameters_t * const pxTaskDefinition, TaskHandl
 639:Middlewares/Third_Party/FreeRTOS/Source/tasks.c **** 	{
 640:Middlewares/Third_Party/FreeRTOS/Source/tasks.c **** 	TCB_t *pxNewTCB;
 641:Middlewares/Third_Party/FreeRTOS/Source/tasks.c **** 	BaseType_t xReturn = errCOULD_NOT_ALLOCATE_REQUIRED_MEMORY;
 642:Middlewares/Third_Party/FreeRTOS/Source/tasks.c **** 
 643:Middlewares/Third_Party/FreeRTOS/Source/tasks.c **** 		configASSERT( pxTaskDefinition->puxStackBuffer != NULL );
 644:Middlewares/Third_Party/FreeRTOS/Source/tasks.c **** 		configASSERT( pxTaskDefinition->pxTaskBuffer != NULL );
 645:Middlewares/Third_Party/FreeRTOS/Source/tasks.c **** 
 646:Middlewares/Third_Party/FreeRTOS/Source/tasks.c **** 		if( ( pxTaskDefinition->puxStackBuffer != NULL ) && ( pxTaskDefinition->pxTaskBuffer != NULL ) )
 647:Middlewares/Third_Party/FreeRTOS/Source/tasks.c **** 		{
 648:Middlewares/Third_Party/FreeRTOS/Source/tasks.c **** 			/* Allocate space for the TCB.  Where the memory comes from depends
 649:Middlewares/Third_Party/FreeRTOS/Source/tasks.c **** 			on the implementation of the port malloc function and whether or
 650:Middlewares/Third_Party/FreeRTOS/Source/tasks.c **** 			not static allocation is being used. */
 651:Middlewares/Third_Party/FreeRTOS/Source/tasks.c **** 			pxNewTCB = ( TCB_t * ) pxTaskDefinition->pxTaskBuffer;
 652:Middlewares/Third_Party/FreeRTOS/Source/tasks.c **** 
 653:Middlewares/Third_Party/FreeRTOS/Source/tasks.c **** 			/* Store the stack location in the TCB. */
 654:Middlewares/Third_Party/FreeRTOS/Source/tasks.c **** 			pxNewTCB->pxStack = pxTaskDefinition->puxStackBuffer;
 655:Middlewares/Third_Party/FreeRTOS/Source/tasks.c **** 
 656:Middlewares/Third_Party/FreeRTOS/Source/tasks.c **** 			#if( tskSTATIC_AND_DYNAMIC_ALLOCATION_POSSIBLE != 0 )
 657:Middlewares/Third_Party/FreeRTOS/Source/tasks.c **** 			{
 658:Middlewares/Third_Party/FreeRTOS/Source/tasks.c **** 				/* Tasks can be created statically or dynamically, so note this
 659:Middlewares/Third_Party/FreeRTOS/Source/tasks.c **** 				task was created statically in case the task is later deleted. */
ARM GAS  C:\Users\Asus\AppData\Local\Temp\cctip26G.s 			page 13


 660:Middlewares/Third_Party/FreeRTOS/Source/tasks.c **** 				pxNewTCB->ucStaticallyAllocated = tskSTATICALLY_ALLOCATED_STACK_AND_TCB;
 661:Middlewares/Third_Party/FreeRTOS/Source/tasks.c **** 			}
 662:Middlewares/Third_Party/FreeRTOS/Source/tasks.c **** 			#endif /* tskSTATIC_AND_DYNAMIC_ALLOCATION_POSSIBLE */
 663:Middlewares/Third_Party/FreeRTOS/Source/tasks.c **** 
 664:Middlewares/Third_Party/FreeRTOS/Source/tasks.c **** 			prvInitialiseNewTask(	pxTaskDefinition->pvTaskCode,
 665:Middlewares/Third_Party/FreeRTOS/Source/tasks.c **** 									pxTaskDefinition->pcName,
 666:Middlewares/Third_Party/FreeRTOS/Source/tasks.c **** 									( uint32_t ) pxTaskDefinition->usStackDepth,
 667:Middlewares/Third_Party/FreeRTOS/Source/tasks.c **** 									pxTaskDefinition->pvParameters,
 668:Middlewares/Third_Party/FreeRTOS/Source/tasks.c **** 									pxTaskDefinition->uxPriority,
 669:Middlewares/Third_Party/FreeRTOS/Source/tasks.c **** 									pxCreatedTask, pxNewTCB,
 670:Middlewares/Third_Party/FreeRTOS/Source/tasks.c **** 									pxTaskDefinition->xRegions );
 671:Middlewares/Third_Party/FreeRTOS/Source/tasks.c **** 
 672:Middlewares/Third_Party/FreeRTOS/Source/tasks.c **** 			prvAddNewTaskToReadyList( pxNewTCB );
 673:Middlewares/Third_Party/FreeRTOS/Source/tasks.c **** 			xReturn = pdPASS;
 674:Middlewares/Third_Party/FreeRTOS/Source/tasks.c **** 		}
 675:Middlewares/Third_Party/FreeRTOS/Source/tasks.c **** 
 676:Middlewares/Third_Party/FreeRTOS/Source/tasks.c **** 		return xReturn;
 677:Middlewares/Third_Party/FreeRTOS/Source/tasks.c **** 	}
 678:Middlewares/Third_Party/FreeRTOS/Source/tasks.c **** 
 679:Middlewares/Third_Party/FreeRTOS/Source/tasks.c **** #endif /* ( portUSING_MPU_WRAPPERS == 1 ) && ( configSUPPORT_STATIC_ALLOCATION == 1 ) */
 680:Middlewares/Third_Party/FreeRTOS/Source/tasks.c **** /*-----------------------------------------------------------*/
 681:Middlewares/Third_Party/FreeRTOS/Source/tasks.c **** 
 682:Middlewares/Third_Party/FreeRTOS/Source/tasks.c **** #if( ( portUSING_MPU_WRAPPERS == 1 ) && ( configSUPPORT_DYNAMIC_ALLOCATION == 1 ) )
 683:Middlewares/Third_Party/FreeRTOS/Source/tasks.c **** 
 684:Middlewares/Third_Party/FreeRTOS/Source/tasks.c **** 	BaseType_t xTaskCreateRestricted( const TaskParameters_t * const pxTaskDefinition, TaskHandle_t *p
 685:Middlewares/Third_Party/FreeRTOS/Source/tasks.c **** 	{
 686:Middlewares/Third_Party/FreeRTOS/Source/tasks.c **** 	TCB_t *pxNewTCB;
 687:Middlewares/Third_Party/FreeRTOS/Source/tasks.c **** 	BaseType_t xReturn = errCOULD_NOT_ALLOCATE_REQUIRED_MEMORY;
 688:Middlewares/Third_Party/FreeRTOS/Source/tasks.c **** 
 689:Middlewares/Third_Party/FreeRTOS/Source/tasks.c **** 		configASSERT( pxTaskDefinition->puxStackBuffer );
 690:Middlewares/Third_Party/FreeRTOS/Source/tasks.c **** 
 691:Middlewares/Third_Party/FreeRTOS/Source/tasks.c **** 		if( pxTaskDefinition->puxStackBuffer != NULL )
 692:Middlewares/Third_Party/FreeRTOS/Source/tasks.c **** 		{
 693:Middlewares/Third_Party/FreeRTOS/Source/tasks.c **** 			/* Allocate space for the TCB.  Where the memory comes from depends
 694:Middlewares/Third_Party/FreeRTOS/Source/tasks.c **** 			on the implementation of the port malloc function and whether or
 695:Middlewares/Third_Party/FreeRTOS/Source/tasks.c **** 			not static allocation is being used. */
 696:Middlewares/Third_Party/FreeRTOS/Source/tasks.c **** 			pxNewTCB = ( TCB_t * ) pvPortMalloc( sizeof( TCB_t ) );
 697:Middlewares/Third_Party/FreeRTOS/Source/tasks.c **** 
 698:Middlewares/Third_Party/FreeRTOS/Source/tasks.c **** 			if( pxNewTCB != NULL )
 699:Middlewares/Third_Party/FreeRTOS/Source/tasks.c **** 			{
 700:Middlewares/Third_Party/FreeRTOS/Source/tasks.c **** 				/* Store the stack location in the TCB. */
 701:Middlewares/Third_Party/FreeRTOS/Source/tasks.c **** 				pxNewTCB->pxStack = pxTaskDefinition->puxStackBuffer;
 702:Middlewares/Third_Party/FreeRTOS/Source/tasks.c **** 
 703:Middlewares/Third_Party/FreeRTOS/Source/tasks.c **** 				#if( tskSTATIC_AND_DYNAMIC_ALLOCATION_POSSIBLE != 0 )
 704:Middlewares/Third_Party/FreeRTOS/Source/tasks.c **** 				{
 705:Middlewares/Third_Party/FreeRTOS/Source/tasks.c **** 					/* Tasks can be created statically or dynamically, so note
 706:Middlewares/Third_Party/FreeRTOS/Source/tasks.c **** 					this task had a statically allocated stack in case it is
 707:Middlewares/Third_Party/FreeRTOS/Source/tasks.c **** 					later deleted.  The TCB was allocated dynamically. */
 708:Middlewares/Third_Party/FreeRTOS/Source/tasks.c **** 					pxNewTCB->ucStaticallyAllocated = tskSTATICALLY_ALLOCATED_STACK_ONLY;
 709:Middlewares/Third_Party/FreeRTOS/Source/tasks.c **** 				}
 710:Middlewares/Third_Party/FreeRTOS/Source/tasks.c **** 				#endif /* tskSTATIC_AND_DYNAMIC_ALLOCATION_POSSIBLE */
 711:Middlewares/Third_Party/FreeRTOS/Source/tasks.c **** 
 712:Middlewares/Third_Party/FreeRTOS/Source/tasks.c **** 				prvInitialiseNewTask(	pxTaskDefinition->pvTaskCode,
 713:Middlewares/Third_Party/FreeRTOS/Source/tasks.c **** 										pxTaskDefinition->pcName,
 714:Middlewares/Third_Party/FreeRTOS/Source/tasks.c **** 										( uint32_t ) pxTaskDefinition->usStackDepth,
 715:Middlewares/Third_Party/FreeRTOS/Source/tasks.c **** 										pxTaskDefinition->pvParameters,
 716:Middlewares/Third_Party/FreeRTOS/Source/tasks.c **** 										pxTaskDefinition->uxPriority,
ARM GAS  C:\Users\Asus\AppData\Local\Temp\cctip26G.s 			page 14


 717:Middlewares/Third_Party/FreeRTOS/Source/tasks.c **** 										pxCreatedTask, pxNewTCB,
 718:Middlewares/Third_Party/FreeRTOS/Source/tasks.c **** 										pxTaskDefinition->xRegions );
 719:Middlewares/Third_Party/FreeRTOS/Source/tasks.c **** 
 720:Middlewares/Third_Party/FreeRTOS/Source/tasks.c **** 				prvAddNewTaskToReadyList( pxNewTCB );
 721:Middlewares/Third_Party/FreeRTOS/Source/tasks.c **** 				xReturn = pdPASS;
 722:Middlewares/Third_Party/FreeRTOS/Source/tasks.c **** 			}
 723:Middlewares/Third_Party/FreeRTOS/Source/tasks.c **** 		}
 724:Middlewares/Third_Party/FreeRTOS/Source/tasks.c **** 
 725:Middlewares/Third_Party/FreeRTOS/Source/tasks.c **** 		return xReturn;
 726:Middlewares/Third_Party/FreeRTOS/Source/tasks.c **** 	}
 727:Middlewares/Third_Party/FreeRTOS/Source/tasks.c **** 
 728:Middlewares/Third_Party/FreeRTOS/Source/tasks.c **** #endif /* portUSING_MPU_WRAPPERS */
 729:Middlewares/Third_Party/FreeRTOS/Source/tasks.c **** /*-----------------------------------------------------------*/
 730:Middlewares/Third_Party/FreeRTOS/Source/tasks.c **** 
 731:Middlewares/Third_Party/FreeRTOS/Source/tasks.c **** #if( configSUPPORT_DYNAMIC_ALLOCATION == 1 )
 732:Middlewares/Third_Party/FreeRTOS/Source/tasks.c **** 
 733:Middlewares/Third_Party/FreeRTOS/Source/tasks.c **** 	BaseType_t xTaskCreate(	TaskFunction_t pxTaskCode,
 734:Middlewares/Third_Party/FreeRTOS/Source/tasks.c **** 							const char * const pcName,		/*lint !e971 Unqualified char types are allowed for strings and 
 735:Middlewares/Third_Party/FreeRTOS/Source/tasks.c **** 							const configSTACK_DEPTH_TYPE usStackDepth,
 736:Middlewares/Third_Party/FreeRTOS/Source/tasks.c **** 							void * const pvParameters,
 737:Middlewares/Third_Party/FreeRTOS/Source/tasks.c **** 							UBaseType_t uxPriority,
 738:Middlewares/Third_Party/FreeRTOS/Source/tasks.c **** 							TaskHandle_t * const pxCreatedTask )
 739:Middlewares/Third_Party/FreeRTOS/Source/tasks.c **** 	{
 740:Middlewares/Third_Party/FreeRTOS/Source/tasks.c **** 	TCB_t *pxNewTCB;
 741:Middlewares/Third_Party/FreeRTOS/Source/tasks.c **** 	BaseType_t xReturn;
 742:Middlewares/Third_Party/FreeRTOS/Source/tasks.c **** 
 743:Middlewares/Third_Party/FreeRTOS/Source/tasks.c **** 		/* If the stack grows down then allocate the stack then the TCB so the stack
 744:Middlewares/Third_Party/FreeRTOS/Source/tasks.c **** 		does not grow into the TCB.  Likewise if the stack grows up then allocate
 745:Middlewares/Third_Party/FreeRTOS/Source/tasks.c **** 		the TCB then the stack. */
 746:Middlewares/Third_Party/FreeRTOS/Source/tasks.c **** 		#if( portSTACK_GROWTH > 0 )
 747:Middlewares/Third_Party/FreeRTOS/Source/tasks.c **** 		{
 748:Middlewares/Third_Party/FreeRTOS/Source/tasks.c **** 			/* Allocate space for the TCB.  Where the memory comes from depends on
 749:Middlewares/Third_Party/FreeRTOS/Source/tasks.c **** 			the implementation of the port malloc function and whether or not static
 750:Middlewares/Third_Party/FreeRTOS/Source/tasks.c **** 			allocation is being used. */
 751:Middlewares/Third_Party/FreeRTOS/Source/tasks.c **** 			pxNewTCB = ( TCB_t * ) pvPortMalloc( sizeof( TCB_t ) );
 752:Middlewares/Third_Party/FreeRTOS/Source/tasks.c **** 
 753:Middlewares/Third_Party/FreeRTOS/Source/tasks.c **** 			if( pxNewTCB != NULL )
 754:Middlewares/Third_Party/FreeRTOS/Source/tasks.c **** 			{
 755:Middlewares/Third_Party/FreeRTOS/Source/tasks.c **** 				/* Allocate space for the stack used by the task being created.
 756:Middlewares/Third_Party/FreeRTOS/Source/tasks.c **** 				The base of the stack memory stored in the TCB so the task can
 757:Middlewares/Third_Party/FreeRTOS/Source/tasks.c **** 				be deleted later if required. */
 758:Middlewares/Third_Party/FreeRTOS/Source/tasks.c **** 				pxNewTCB->pxStack = ( StackType_t * ) pvPortMalloc( ( ( ( size_t ) usStackDepth ) * sizeof( Sta
 759:Middlewares/Third_Party/FreeRTOS/Source/tasks.c **** 
 760:Middlewares/Third_Party/FreeRTOS/Source/tasks.c **** 				if( pxNewTCB->pxStack == NULL )
 761:Middlewares/Third_Party/FreeRTOS/Source/tasks.c **** 				{
 762:Middlewares/Third_Party/FreeRTOS/Source/tasks.c **** 					/* Could not allocate the stack.  Delete the allocated TCB. */
 763:Middlewares/Third_Party/FreeRTOS/Source/tasks.c **** 					vPortFree( pxNewTCB );
 764:Middlewares/Third_Party/FreeRTOS/Source/tasks.c **** 					pxNewTCB = NULL;
 765:Middlewares/Third_Party/FreeRTOS/Source/tasks.c **** 				}
 766:Middlewares/Third_Party/FreeRTOS/Source/tasks.c **** 			}
 767:Middlewares/Third_Party/FreeRTOS/Source/tasks.c **** 		}
 768:Middlewares/Third_Party/FreeRTOS/Source/tasks.c **** 		#else /* portSTACK_GROWTH */
 769:Middlewares/Third_Party/FreeRTOS/Source/tasks.c **** 		{
 770:Middlewares/Third_Party/FreeRTOS/Source/tasks.c **** 		StackType_t *pxStack;
 771:Middlewares/Third_Party/FreeRTOS/Source/tasks.c **** 
 772:Middlewares/Third_Party/FreeRTOS/Source/tasks.c **** 			/* Allocate space for the stack used by the task being created. */
 773:Middlewares/Third_Party/FreeRTOS/Source/tasks.c **** 			pxStack = pvPortMalloc( ( ( ( size_t ) usStackDepth ) * sizeof( StackType_t ) ) ); /*lint !e9079
ARM GAS  C:\Users\Asus\AppData\Local\Temp\cctip26G.s 			page 15


 774:Middlewares/Third_Party/FreeRTOS/Source/tasks.c **** 
 775:Middlewares/Third_Party/FreeRTOS/Source/tasks.c **** 			if( pxStack != NULL )
 776:Middlewares/Third_Party/FreeRTOS/Source/tasks.c **** 			{
 777:Middlewares/Third_Party/FreeRTOS/Source/tasks.c **** 				/* Allocate space for the TCB. */
 778:Middlewares/Third_Party/FreeRTOS/Source/tasks.c **** 				pxNewTCB = ( TCB_t * ) pvPortMalloc( sizeof( TCB_t ) ); /*lint !e9087 !e9079 All values returne
 779:Middlewares/Third_Party/FreeRTOS/Source/tasks.c **** 
 780:Middlewares/Third_Party/FreeRTOS/Source/tasks.c **** 				if( pxNewTCB != NULL )
 781:Middlewares/Third_Party/FreeRTOS/Source/tasks.c **** 				{
 782:Middlewares/Third_Party/FreeRTOS/Source/tasks.c **** 					/* Store the stack location in the TCB. */
 783:Middlewares/Third_Party/FreeRTOS/Source/tasks.c **** 					pxNewTCB->pxStack = pxStack;
 784:Middlewares/Third_Party/FreeRTOS/Source/tasks.c **** 				}
 785:Middlewares/Third_Party/FreeRTOS/Source/tasks.c **** 				else
 786:Middlewares/Third_Party/FreeRTOS/Source/tasks.c **** 				{
 787:Middlewares/Third_Party/FreeRTOS/Source/tasks.c **** 					/* The stack cannot be used as the TCB was not created.  Free
 788:Middlewares/Third_Party/FreeRTOS/Source/tasks.c **** 					it again. */
 789:Middlewares/Third_Party/FreeRTOS/Source/tasks.c **** 					vPortFree( pxStack );
 790:Middlewares/Third_Party/FreeRTOS/Source/tasks.c **** 				}
 791:Middlewares/Third_Party/FreeRTOS/Source/tasks.c **** 			}
 792:Middlewares/Third_Party/FreeRTOS/Source/tasks.c **** 			else
 793:Middlewares/Third_Party/FreeRTOS/Source/tasks.c **** 			{
 794:Middlewares/Third_Party/FreeRTOS/Source/tasks.c **** 				pxNewTCB = NULL;
 795:Middlewares/Third_Party/FreeRTOS/Source/tasks.c **** 			}
 796:Middlewares/Third_Party/FreeRTOS/Source/tasks.c **** 		}
 797:Middlewares/Third_Party/FreeRTOS/Source/tasks.c **** 		#endif /* portSTACK_GROWTH */
 798:Middlewares/Third_Party/FreeRTOS/Source/tasks.c **** 
 799:Middlewares/Third_Party/FreeRTOS/Source/tasks.c **** 		if( pxNewTCB != NULL )
 800:Middlewares/Third_Party/FreeRTOS/Source/tasks.c **** 		{
 801:Middlewares/Third_Party/FreeRTOS/Source/tasks.c **** 			#if( tskSTATIC_AND_DYNAMIC_ALLOCATION_POSSIBLE != 0 ) /*lint !e9029 !e731 Macro has been consoli
 802:Middlewares/Third_Party/FreeRTOS/Source/tasks.c **** 			{
 803:Middlewares/Third_Party/FreeRTOS/Source/tasks.c **** 				/* Tasks can be created statically or dynamically, so note this
 804:Middlewares/Third_Party/FreeRTOS/Source/tasks.c **** 				task was created dynamically in case it is later deleted. */
 805:Middlewares/Third_Party/FreeRTOS/Source/tasks.c **** 				pxNewTCB->ucStaticallyAllocated = tskDYNAMICALLY_ALLOCATED_STACK_AND_TCB;
 806:Middlewares/Third_Party/FreeRTOS/Source/tasks.c **** 			}
 807:Middlewares/Third_Party/FreeRTOS/Source/tasks.c **** 			#endif /* tskSTATIC_AND_DYNAMIC_ALLOCATION_POSSIBLE */
 808:Middlewares/Third_Party/FreeRTOS/Source/tasks.c **** 
 809:Middlewares/Third_Party/FreeRTOS/Source/tasks.c **** 			prvInitialiseNewTask( pxTaskCode, pcName, ( uint32_t ) usStackDepth, pvParameters, uxPriority, p
 810:Middlewares/Third_Party/FreeRTOS/Source/tasks.c **** 			prvAddNewTaskToReadyList( pxNewTCB );
 811:Middlewares/Third_Party/FreeRTOS/Source/tasks.c **** 			xReturn = pdPASS;
 812:Middlewares/Third_Party/FreeRTOS/Source/tasks.c **** 		}
 813:Middlewares/Third_Party/FreeRTOS/Source/tasks.c **** 		else
 814:Middlewares/Third_Party/FreeRTOS/Source/tasks.c **** 		{
 815:Middlewares/Third_Party/FreeRTOS/Source/tasks.c **** 			xReturn = errCOULD_NOT_ALLOCATE_REQUIRED_MEMORY;
 816:Middlewares/Third_Party/FreeRTOS/Source/tasks.c **** 		}
 817:Middlewares/Third_Party/FreeRTOS/Source/tasks.c **** 
 818:Middlewares/Third_Party/FreeRTOS/Source/tasks.c **** 		return xReturn;
 819:Middlewares/Third_Party/FreeRTOS/Source/tasks.c **** 	}
 820:Middlewares/Third_Party/FreeRTOS/Source/tasks.c **** 
 821:Middlewares/Third_Party/FreeRTOS/Source/tasks.c **** #endif /* configSUPPORT_DYNAMIC_ALLOCATION */
 822:Middlewares/Third_Party/FreeRTOS/Source/tasks.c **** /*-----------------------------------------------------------*/
 823:Middlewares/Third_Party/FreeRTOS/Source/tasks.c **** 
 824:Middlewares/Third_Party/FreeRTOS/Source/tasks.c **** static void prvInitialiseNewTask( 	TaskFunction_t pxTaskCode,
 825:Middlewares/Third_Party/FreeRTOS/Source/tasks.c **** 									const char * const pcName,		/*lint !e971 Unqualified char types are allowed for strings an
 826:Middlewares/Third_Party/FreeRTOS/Source/tasks.c **** 									const uint32_t ulStackDepth,
 827:Middlewares/Third_Party/FreeRTOS/Source/tasks.c **** 									void * const pvParameters,
 828:Middlewares/Third_Party/FreeRTOS/Source/tasks.c **** 									UBaseType_t uxPriority,
 829:Middlewares/Third_Party/FreeRTOS/Source/tasks.c **** 									TaskHandle_t * const pxCreatedTask,
 830:Middlewares/Third_Party/FreeRTOS/Source/tasks.c **** 									TCB_t *pxNewTCB,
ARM GAS  C:\Users\Asus\AppData\Local\Temp\cctip26G.s 			page 16


 831:Middlewares/Third_Party/FreeRTOS/Source/tasks.c **** 									const MemoryRegion_t * const xRegions )
 832:Middlewares/Third_Party/FreeRTOS/Source/tasks.c **** {
 833:Middlewares/Third_Party/FreeRTOS/Source/tasks.c **** StackType_t *pxTopOfStack;
 834:Middlewares/Third_Party/FreeRTOS/Source/tasks.c **** UBaseType_t x;
 835:Middlewares/Third_Party/FreeRTOS/Source/tasks.c **** 
 836:Middlewares/Third_Party/FreeRTOS/Source/tasks.c **** 	#if( portUSING_MPU_WRAPPERS == 1 )
 837:Middlewares/Third_Party/FreeRTOS/Source/tasks.c **** 		/* Should the task be created in privileged mode? */
 838:Middlewares/Third_Party/FreeRTOS/Source/tasks.c **** 		BaseType_t xRunPrivileged;
 839:Middlewares/Third_Party/FreeRTOS/Source/tasks.c **** 		if( ( uxPriority & portPRIVILEGE_BIT ) != 0U )
 840:Middlewares/Third_Party/FreeRTOS/Source/tasks.c **** 		{
 841:Middlewares/Third_Party/FreeRTOS/Source/tasks.c **** 			xRunPrivileged = pdTRUE;
 842:Middlewares/Third_Party/FreeRTOS/Source/tasks.c **** 		}
 843:Middlewares/Third_Party/FreeRTOS/Source/tasks.c **** 		else
 844:Middlewares/Third_Party/FreeRTOS/Source/tasks.c **** 		{
 845:Middlewares/Third_Party/FreeRTOS/Source/tasks.c **** 			xRunPrivileged = pdFALSE;
 846:Middlewares/Third_Party/FreeRTOS/Source/tasks.c **** 		}
 847:Middlewares/Third_Party/FreeRTOS/Source/tasks.c **** 		uxPriority &= ~portPRIVILEGE_BIT;
 848:Middlewares/Third_Party/FreeRTOS/Source/tasks.c **** 	#endif /* portUSING_MPU_WRAPPERS == 1 */
 849:Middlewares/Third_Party/FreeRTOS/Source/tasks.c **** 
 850:Middlewares/Third_Party/FreeRTOS/Source/tasks.c **** 	/* Avoid dependency on memset() if it is not required. */
 851:Middlewares/Third_Party/FreeRTOS/Source/tasks.c **** 	#if( tskSET_NEW_STACKS_TO_KNOWN_VALUE == 1 )
 852:Middlewares/Third_Party/FreeRTOS/Source/tasks.c **** 	{
 853:Middlewares/Third_Party/FreeRTOS/Source/tasks.c **** 		/* Fill the stack with a known value to assist debugging. */
 854:Middlewares/Third_Party/FreeRTOS/Source/tasks.c **** 		( void ) memset( pxNewTCB->pxStack, ( int ) tskSTACK_FILL_BYTE, ( size_t ) ulStackDepth * sizeof(
 855:Middlewares/Third_Party/FreeRTOS/Source/tasks.c **** 	}
 856:Middlewares/Third_Party/FreeRTOS/Source/tasks.c **** 	#endif /* tskSET_NEW_STACKS_TO_KNOWN_VALUE */
 857:Middlewares/Third_Party/FreeRTOS/Source/tasks.c **** 
 858:Middlewares/Third_Party/FreeRTOS/Source/tasks.c **** 	/* Calculate the top of stack address.  This depends on whether the stack
 859:Middlewares/Third_Party/FreeRTOS/Source/tasks.c **** 	grows from high memory to low (as per the 80x86) or vice versa.
 860:Middlewares/Third_Party/FreeRTOS/Source/tasks.c **** 	portSTACK_GROWTH is used to make the result positive or negative as required
 861:Middlewares/Third_Party/FreeRTOS/Source/tasks.c **** 	by the port. */
 862:Middlewares/Third_Party/FreeRTOS/Source/tasks.c **** 	#if( portSTACK_GROWTH < 0 )
 863:Middlewares/Third_Party/FreeRTOS/Source/tasks.c **** 	{
 864:Middlewares/Third_Party/FreeRTOS/Source/tasks.c **** 		pxTopOfStack = &( pxNewTCB->pxStack[ ulStackDepth - ( uint32_t ) 1 ] );
 865:Middlewares/Third_Party/FreeRTOS/Source/tasks.c **** 		pxTopOfStack = ( StackType_t * ) ( ( ( portPOINTER_SIZE_TYPE ) pxTopOfStack ) & ( ~( ( portPOINTE
 866:Middlewares/Third_Party/FreeRTOS/Source/tasks.c **** 
 867:Middlewares/Third_Party/FreeRTOS/Source/tasks.c **** 		/* Check the alignment of the calculated top of stack is correct. */
 868:Middlewares/Third_Party/FreeRTOS/Source/tasks.c **** 		configASSERT( ( ( ( portPOINTER_SIZE_TYPE ) pxTopOfStack & ( portPOINTER_SIZE_TYPE ) portBYTE_ALI
 869:Middlewares/Third_Party/FreeRTOS/Source/tasks.c **** 
 870:Middlewares/Third_Party/FreeRTOS/Source/tasks.c **** 		#if( configRECORD_STACK_HIGH_ADDRESS == 1 )
 871:Middlewares/Third_Party/FreeRTOS/Source/tasks.c **** 		{
 872:Middlewares/Third_Party/FreeRTOS/Source/tasks.c **** 			/* Also record the stack's high address, which may assist
 873:Middlewares/Third_Party/FreeRTOS/Source/tasks.c **** 			debugging. */
 874:Middlewares/Third_Party/FreeRTOS/Source/tasks.c **** 			pxNewTCB->pxEndOfStack = pxTopOfStack;
 875:Middlewares/Third_Party/FreeRTOS/Source/tasks.c **** 		}
 876:Middlewares/Third_Party/FreeRTOS/Source/tasks.c **** 		#endif /* configRECORD_STACK_HIGH_ADDRESS */
 877:Middlewares/Third_Party/FreeRTOS/Source/tasks.c **** 	}
 878:Middlewares/Third_Party/FreeRTOS/Source/tasks.c **** 	#else /* portSTACK_GROWTH */
 879:Middlewares/Third_Party/FreeRTOS/Source/tasks.c **** 	{
 880:Middlewares/Third_Party/FreeRTOS/Source/tasks.c **** 		pxTopOfStack = pxNewTCB->pxStack;
 881:Middlewares/Third_Party/FreeRTOS/Source/tasks.c **** 
 882:Middlewares/Third_Party/FreeRTOS/Source/tasks.c **** 		/* Check the alignment of the stack buffer is correct. */
 883:Middlewares/Third_Party/FreeRTOS/Source/tasks.c **** 		configASSERT( ( ( ( portPOINTER_SIZE_TYPE ) pxNewTCB->pxStack & ( portPOINTER_SIZE_TYPE ) portBYT
 884:Middlewares/Third_Party/FreeRTOS/Source/tasks.c **** 
 885:Middlewares/Third_Party/FreeRTOS/Source/tasks.c **** 		/* The other extreme of the stack space is required if stack checking is
 886:Middlewares/Third_Party/FreeRTOS/Source/tasks.c **** 		performed. */
 887:Middlewares/Third_Party/FreeRTOS/Source/tasks.c **** 		pxNewTCB->pxEndOfStack = pxNewTCB->pxStack + ( ulStackDepth - ( uint32_t ) 1 );
ARM GAS  C:\Users\Asus\AppData\Local\Temp\cctip26G.s 			page 17


 888:Middlewares/Third_Party/FreeRTOS/Source/tasks.c **** 	}
 889:Middlewares/Third_Party/FreeRTOS/Source/tasks.c **** 	#endif /* portSTACK_GROWTH */
 890:Middlewares/Third_Party/FreeRTOS/Source/tasks.c **** 
 891:Middlewares/Third_Party/FreeRTOS/Source/tasks.c **** 	/* Store the task name in the TCB. */
 892:Middlewares/Third_Party/FreeRTOS/Source/tasks.c **** 	if( pcName != NULL )
 893:Middlewares/Third_Party/FreeRTOS/Source/tasks.c **** 	{
 894:Middlewares/Third_Party/FreeRTOS/Source/tasks.c **** 		for( x = ( UBaseType_t ) 0; x < ( UBaseType_t ) configMAX_TASK_NAME_LEN; x++ )
 895:Middlewares/Third_Party/FreeRTOS/Source/tasks.c **** 		{
 896:Middlewares/Third_Party/FreeRTOS/Source/tasks.c **** 			pxNewTCB->pcTaskName[ x ] = pcName[ x ];
 897:Middlewares/Third_Party/FreeRTOS/Source/tasks.c **** 
 898:Middlewares/Third_Party/FreeRTOS/Source/tasks.c **** 			/* Don't copy all configMAX_TASK_NAME_LEN if the string is shorter than
 899:Middlewares/Third_Party/FreeRTOS/Source/tasks.c **** 			configMAX_TASK_NAME_LEN characters just in case the memory after the
 900:Middlewares/Third_Party/FreeRTOS/Source/tasks.c **** 			string is not accessible (extremely unlikely). */
 901:Middlewares/Third_Party/FreeRTOS/Source/tasks.c **** 			if( pcName[ x ] == ( char ) 0x00 )
 902:Middlewares/Third_Party/FreeRTOS/Source/tasks.c **** 			{
 903:Middlewares/Third_Party/FreeRTOS/Source/tasks.c **** 				break;
 904:Middlewares/Third_Party/FreeRTOS/Source/tasks.c **** 			}
 905:Middlewares/Third_Party/FreeRTOS/Source/tasks.c **** 			else
 906:Middlewares/Third_Party/FreeRTOS/Source/tasks.c **** 			{
 907:Middlewares/Third_Party/FreeRTOS/Source/tasks.c **** 				mtCOVERAGE_TEST_MARKER();
 908:Middlewares/Third_Party/FreeRTOS/Source/tasks.c **** 			}
 909:Middlewares/Third_Party/FreeRTOS/Source/tasks.c **** 		}
 910:Middlewares/Third_Party/FreeRTOS/Source/tasks.c **** 
 911:Middlewares/Third_Party/FreeRTOS/Source/tasks.c **** 		/* Ensure the name string is terminated in the case that the string length
 912:Middlewares/Third_Party/FreeRTOS/Source/tasks.c **** 		was greater or equal to configMAX_TASK_NAME_LEN. */
 913:Middlewares/Third_Party/FreeRTOS/Source/tasks.c **** 		pxNewTCB->pcTaskName[ configMAX_TASK_NAME_LEN - 1 ] = '\0';
 914:Middlewares/Third_Party/FreeRTOS/Source/tasks.c **** 	}
 915:Middlewares/Third_Party/FreeRTOS/Source/tasks.c **** 	else
 916:Middlewares/Third_Party/FreeRTOS/Source/tasks.c **** 	{
 917:Middlewares/Third_Party/FreeRTOS/Source/tasks.c **** 		/* The task has not been given a name, so just ensure there is a NULL
 918:Middlewares/Third_Party/FreeRTOS/Source/tasks.c **** 		terminator when it is read out. */
 919:Middlewares/Third_Party/FreeRTOS/Source/tasks.c **** 		pxNewTCB->pcTaskName[ 0 ] = 0x00;
 920:Middlewares/Third_Party/FreeRTOS/Source/tasks.c **** 	}
 921:Middlewares/Third_Party/FreeRTOS/Source/tasks.c **** 
 922:Middlewares/Third_Party/FreeRTOS/Source/tasks.c **** 	/* This is used as an array index so must ensure it's not too large.  First
 923:Middlewares/Third_Party/FreeRTOS/Source/tasks.c **** 	remove the privilege bit if one is present. */
 924:Middlewares/Third_Party/FreeRTOS/Source/tasks.c **** 	if( uxPriority >= ( UBaseType_t ) configMAX_PRIORITIES )
 925:Middlewares/Third_Party/FreeRTOS/Source/tasks.c **** 	{
 926:Middlewares/Third_Party/FreeRTOS/Source/tasks.c **** 		uxPriority = ( UBaseType_t ) configMAX_PRIORITIES - ( UBaseType_t ) 1U;
 927:Middlewares/Third_Party/FreeRTOS/Source/tasks.c **** 	}
 928:Middlewares/Third_Party/FreeRTOS/Source/tasks.c **** 	else
 929:Middlewares/Third_Party/FreeRTOS/Source/tasks.c **** 	{
 930:Middlewares/Third_Party/FreeRTOS/Source/tasks.c **** 		mtCOVERAGE_TEST_MARKER();
 931:Middlewares/Third_Party/FreeRTOS/Source/tasks.c **** 	}
 932:Middlewares/Third_Party/FreeRTOS/Source/tasks.c **** 
 933:Middlewares/Third_Party/FreeRTOS/Source/tasks.c **** 	pxNewTCB->uxPriority = uxPriority;
 934:Middlewares/Third_Party/FreeRTOS/Source/tasks.c **** 	#if ( configUSE_MUTEXES == 1 )
 935:Middlewares/Third_Party/FreeRTOS/Source/tasks.c **** 	{
 936:Middlewares/Third_Party/FreeRTOS/Source/tasks.c **** 		pxNewTCB->uxBasePriority = uxPriority;
 937:Middlewares/Third_Party/FreeRTOS/Source/tasks.c **** 		pxNewTCB->uxMutexesHeld = 0;
 938:Middlewares/Third_Party/FreeRTOS/Source/tasks.c **** 	}
 939:Middlewares/Third_Party/FreeRTOS/Source/tasks.c **** 	#endif /* configUSE_MUTEXES */
 940:Middlewares/Third_Party/FreeRTOS/Source/tasks.c **** 
 941:Middlewares/Third_Party/FreeRTOS/Source/tasks.c **** 	vListInitialiseItem( &( pxNewTCB->xStateListItem ) );
 942:Middlewares/Third_Party/FreeRTOS/Source/tasks.c **** 	vListInitialiseItem( &( pxNewTCB->xEventListItem ) );
 943:Middlewares/Third_Party/FreeRTOS/Source/tasks.c **** 
 944:Middlewares/Third_Party/FreeRTOS/Source/tasks.c **** 	/* Set the pxNewTCB as a link back from the ListItem_t.  This is so we can get
ARM GAS  C:\Users\Asus\AppData\Local\Temp\cctip26G.s 			page 18


 945:Middlewares/Third_Party/FreeRTOS/Source/tasks.c **** 	back to	the containing TCB from a generic item in a list. */
 946:Middlewares/Third_Party/FreeRTOS/Source/tasks.c **** 	listSET_LIST_ITEM_OWNER( &( pxNewTCB->xStateListItem ), pxNewTCB );
 947:Middlewares/Third_Party/FreeRTOS/Source/tasks.c **** 
 948:Middlewares/Third_Party/FreeRTOS/Source/tasks.c **** 	/* Event lists are always in priority order. */
 949:Middlewares/Third_Party/FreeRTOS/Source/tasks.c **** 	listSET_LIST_ITEM_VALUE( &( pxNewTCB->xEventListItem ), ( TickType_t ) configMAX_PRIORITIES - ( Ti
 950:Middlewares/Third_Party/FreeRTOS/Source/tasks.c **** 	listSET_LIST_ITEM_OWNER( &( pxNewTCB->xEventListItem ), pxNewTCB );
 951:Middlewares/Third_Party/FreeRTOS/Source/tasks.c **** 
 952:Middlewares/Third_Party/FreeRTOS/Source/tasks.c **** 	#if ( portCRITICAL_NESTING_IN_TCB == 1 )
 953:Middlewares/Third_Party/FreeRTOS/Source/tasks.c **** 	{
 954:Middlewares/Third_Party/FreeRTOS/Source/tasks.c **** 		pxNewTCB->uxCriticalNesting = ( UBaseType_t ) 0U;
 955:Middlewares/Third_Party/FreeRTOS/Source/tasks.c **** 	}
 956:Middlewares/Third_Party/FreeRTOS/Source/tasks.c **** 	#endif /* portCRITICAL_NESTING_IN_TCB */
 957:Middlewares/Third_Party/FreeRTOS/Source/tasks.c **** 
 958:Middlewares/Third_Party/FreeRTOS/Source/tasks.c **** 	#if ( configUSE_APPLICATION_TASK_TAG == 1 )
 959:Middlewares/Third_Party/FreeRTOS/Source/tasks.c **** 	{
 960:Middlewares/Third_Party/FreeRTOS/Source/tasks.c **** 		pxNewTCB->pxTaskTag = NULL;
 961:Middlewares/Third_Party/FreeRTOS/Source/tasks.c **** 	}
 962:Middlewares/Third_Party/FreeRTOS/Source/tasks.c **** 	#endif /* configUSE_APPLICATION_TASK_TAG */
 963:Middlewares/Third_Party/FreeRTOS/Source/tasks.c **** 
 964:Middlewares/Third_Party/FreeRTOS/Source/tasks.c **** 	#if ( configGENERATE_RUN_TIME_STATS == 1 )
 965:Middlewares/Third_Party/FreeRTOS/Source/tasks.c **** 	{
 966:Middlewares/Third_Party/FreeRTOS/Source/tasks.c **** 		pxNewTCB->ulRunTimeCounter = 0UL;
 967:Middlewares/Third_Party/FreeRTOS/Source/tasks.c **** 	}
 968:Middlewares/Third_Party/FreeRTOS/Source/tasks.c **** 	#endif /* configGENERATE_RUN_TIME_STATS */
 969:Middlewares/Third_Party/FreeRTOS/Source/tasks.c **** 
 970:Middlewares/Third_Party/FreeRTOS/Source/tasks.c **** 	#if ( portUSING_MPU_WRAPPERS == 1 )
 971:Middlewares/Third_Party/FreeRTOS/Source/tasks.c **** 	{
 972:Middlewares/Third_Party/FreeRTOS/Source/tasks.c **** 		vPortStoreTaskMPUSettings( &( pxNewTCB->xMPUSettings ), xRegions, pxNewTCB->pxStack, ulStackDepth
 973:Middlewares/Third_Party/FreeRTOS/Source/tasks.c **** 	}
 974:Middlewares/Third_Party/FreeRTOS/Source/tasks.c **** 	#else
 975:Middlewares/Third_Party/FreeRTOS/Source/tasks.c **** 	{
 976:Middlewares/Third_Party/FreeRTOS/Source/tasks.c **** 		/* Avoid compiler warning about unreferenced parameter. */
 977:Middlewares/Third_Party/FreeRTOS/Source/tasks.c **** 		( void ) xRegions;
 978:Middlewares/Third_Party/FreeRTOS/Source/tasks.c **** 	}
 979:Middlewares/Third_Party/FreeRTOS/Source/tasks.c **** 	#endif
 980:Middlewares/Third_Party/FreeRTOS/Source/tasks.c **** 
 981:Middlewares/Third_Party/FreeRTOS/Source/tasks.c **** 	#if( configNUM_THREAD_LOCAL_STORAGE_POINTERS != 0 )
 982:Middlewares/Third_Party/FreeRTOS/Source/tasks.c **** 	{
 983:Middlewares/Third_Party/FreeRTOS/Source/tasks.c **** 		for( x = 0; x < ( UBaseType_t ) configNUM_THREAD_LOCAL_STORAGE_POINTERS; x++ )
 984:Middlewares/Third_Party/FreeRTOS/Source/tasks.c **** 		{
 985:Middlewares/Third_Party/FreeRTOS/Source/tasks.c **** 			pxNewTCB->pvThreadLocalStoragePointers[ x ] = NULL;
 986:Middlewares/Third_Party/FreeRTOS/Source/tasks.c **** 		}
 987:Middlewares/Third_Party/FreeRTOS/Source/tasks.c **** 	}
 988:Middlewares/Third_Party/FreeRTOS/Source/tasks.c **** 	#endif
 989:Middlewares/Third_Party/FreeRTOS/Source/tasks.c **** 
 990:Middlewares/Third_Party/FreeRTOS/Source/tasks.c **** 	#if ( configUSE_TASK_NOTIFICATIONS == 1 )
 991:Middlewares/Third_Party/FreeRTOS/Source/tasks.c **** 	{
 992:Middlewares/Third_Party/FreeRTOS/Source/tasks.c **** 		pxNewTCB->ulNotifiedValue = 0;
 993:Middlewares/Third_Party/FreeRTOS/Source/tasks.c **** 		pxNewTCB->ucNotifyState = taskNOT_WAITING_NOTIFICATION;
 994:Middlewares/Third_Party/FreeRTOS/Source/tasks.c **** 	}
 995:Middlewares/Third_Party/FreeRTOS/Source/tasks.c **** 	#endif
 996:Middlewares/Third_Party/FreeRTOS/Source/tasks.c **** 
 997:Middlewares/Third_Party/FreeRTOS/Source/tasks.c **** 	#if ( configUSE_NEWLIB_REENTRANT == 1 )
 998:Middlewares/Third_Party/FreeRTOS/Source/tasks.c **** 	{
 999:Middlewares/Third_Party/FreeRTOS/Source/tasks.c **** 		/* Initialise this task's Newlib reent structure.
1000:Middlewares/Third_Party/FreeRTOS/Source/tasks.c **** 		See the third party link http://www.nadler.com/embedded/newlibAndFreeRTOS.html
1001:Middlewares/Third_Party/FreeRTOS/Source/tasks.c **** 		for additional information. */
ARM GAS  C:\Users\Asus\AppData\Local\Temp\cctip26G.s 			page 19


1002:Middlewares/Third_Party/FreeRTOS/Source/tasks.c **** 		_REENT_INIT_PTR( ( &( pxNewTCB->xNewLib_reent ) ) );
1003:Middlewares/Third_Party/FreeRTOS/Source/tasks.c **** 	}
1004:Middlewares/Third_Party/FreeRTOS/Source/tasks.c **** 	#endif
1005:Middlewares/Third_Party/FreeRTOS/Source/tasks.c **** 
1006:Middlewares/Third_Party/FreeRTOS/Source/tasks.c **** 	#if( INCLUDE_xTaskAbortDelay == 1 )
1007:Middlewares/Third_Party/FreeRTOS/Source/tasks.c **** 	{
1008:Middlewares/Third_Party/FreeRTOS/Source/tasks.c **** 		pxNewTCB->ucDelayAborted = pdFALSE;
1009:Middlewares/Third_Party/FreeRTOS/Source/tasks.c **** 	}
1010:Middlewares/Third_Party/FreeRTOS/Source/tasks.c **** 	#endif
1011:Middlewares/Third_Party/FreeRTOS/Source/tasks.c **** 
1012:Middlewares/Third_Party/FreeRTOS/Source/tasks.c **** 	/* Initialize the TCB stack to look as if the task was already running,
1013:Middlewares/Third_Party/FreeRTOS/Source/tasks.c **** 	but had been interrupted by the scheduler.  The return address is set
1014:Middlewares/Third_Party/FreeRTOS/Source/tasks.c **** 	to the start of the task function. Once the stack has been initialised
1015:Middlewares/Third_Party/FreeRTOS/Source/tasks.c **** 	the top of stack variable is updated. */
1016:Middlewares/Third_Party/FreeRTOS/Source/tasks.c **** 	#if( portUSING_MPU_WRAPPERS == 1 )
1017:Middlewares/Third_Party/FreeRTOS/Source/tasks.c **** 	{
1018:Middlewares/Third_Party/FreeRTOS/Source/tasks.c **** 		/* If the port has capability to detect stack overflow,
1019:Middlewares/Third_Party/FreeRTOS/Source/tasks.c **** 		pass the stack end address to the stack initialization
1020:Middlewares/Third_Party/FreeRTOS/Source/tasks.c **** 		function as well. */
1021:Middlewares/Third_Party/FreeRTOS/Source/tasks.c **** 		#if( portHAS_STACK_OVERFLOW_CHECKING == 1 )
1022:Middlewares/Third_Party/FreeRTOS/Source/tasks.c **** 		{
1023:Middlewares/Third_Party/FreeRTOS/Source/tasks.c **** 			#if( portSTACK_GROWTH < 0 )
1024:Middlewares/Third_Party/FreeRTOS/Source/tasks.c **** 			{
1025:Middlewares/Third_Party/FreeRTOS/Source/tasks.c **** 				pxNewTCB->pxTopOfStack = pxPortInitialiseStack( pxTopOfStack, pxNewTCB->pxStack, pxTaskCode, pv
1026:Middlewares/Third_Party/FreeRTOS/Source/tasks.c **** 			}
1027:Middlewares/Third_Party/FreeRTOS/Source/tasks.c **** 			#else /* portSTACK_GROWTH */
1028:Middlewares/Third_Party/FreeRTOS/Source/tasks.c **** 			{
1029:Middlewares/Third_Party/FreeRTOS/Source/tasks.c **** 				pxNewTCB->pxTopOfStack = pxPortInitialiseStack( pxTopOfStack, pxNewTCB->pxEndOfStack, pxTaskCod
1030:Middlewares/Third_Party/FreeRTOS/Source/tasks.c **** 			}
1031:Middlewares/Third_Party/FreeRTOS/Source/tasks.c **** 			#endif /* portSTACK_GROWTH */
1032:Middlewares/Third_Party/FreeRTOS/Source/tasks.c **** 		}
1033:Middlewares/Third_Party/FreeRTOS/Source/tasks.c **** 		#else /* portHAS_STACK_OVERFLOW_CHECKING */
1034:Middlewares/Third_Party/FreeRTOS/Source/tasks.c **** 		{
1035:Middlewares/Third_Party/FreeRTOS/Source/tasks.c **** 			pxNewTCB->pxTopOfStack = pxPortInitialiseStack( pxTopOfStack, pxTaskCode, pvParameters, xRunPriv
1036:Middlewares/Third_Party/FreeRTOS/Source/tasks.c **** 		}
1037:Middlewares/Third_Party/FreeRTOS/Source/tasks.c **** 		#endif /* portHAS_STACK_OVERFLOW_CHECKING */
1038:Middlewares/Third_Party/FreeRTOS/Source/tasks.c **** 	}
1039:Middlewares/Third_Party/FreeRTOS/Source/tasks.c **** 	#else /* portUSING_MPU_WRAPPERS */
1040:Middlewares/Third_Party/FreeRTOS/Source/tasks.c **** 	{
1041:Middlewares/Third_Party/FreeRTOS/Source/tasks.c **** 		/* If the port has capability to detect stack overflow,
1042:Middlewares/Third_Party/FreeRTOS/Source/tasks.c **** 		pass the stack end address to the stack initialization
1043:Middlewares/Third_Party/FreeRTOS/Source/tasks.c **** 		function as well. */
1044:Middlewares/Third_Party/FreeRTOS/Source/tasks.c **** 		#if( portHAS_STACK_OVERFLOW_CHECKING == 1 )
1045:Middlewares/Third_Party/FreeRTOS/Source/tasks.c **** 		{
1046:Middlewares/Third_Party/FreeRTOS/Source/tasks.c **** 			#if( portSTACK_GROWTH < 0 )
1047:Middlewares/Third_Party/FreeRTOS/Source/tasks.c **** 			{
1048:Middlewares/Third_Party/FreeRTOS/Source/tasks.c **** 				pxNewTCB->pxTopOfStack = pxPortInitialiseStack( pxTopOfStack, pxNewTCB->pxStack, pxTaskCode, pv
1049:Middlewares/Third_Party/FreeRTOS/Source/tasks.c **** 			}
1050:Middlewares/Third_Party/FreeRTOS/Source/tasks.c **** 			#else /* portSTACK_GROWTH */
1051:Middlewares/Third_Party/FreeRTOS/Source/tasks.c **** 			{
1052:Middlewares/Third_Party/FreeRTOS/Source/tasks.c **** 				pxNewTCB->pxTopOfStack = pxPortInitialiseStack( pxTopOfStack, pxNewTCB->pxEndOfStack, pxTaskCod
1053:Middlewares/Third_Party/FreeRTOS/Source/tasks.c **** 			}
1054:Middlewares/Third_Party/FreeRTOS/Source/tasks.c **** 			#endif /* portSTACK_GROWTH */
1055:Middlewares/Third_Party/FreeRTOS/Source/tasks.c **** 		}
1056:Middlewares/Third_Party/FreeRTOS/Source/tasks.c **** 		#else /* portHAS_STACK_OVERFLOW_CHECKING */
1057:Middlewares/Third_Party/FreeRTOS/Source/tasks.c **** 		{
1058:Middlewares/Third_Party/FreeRTOS/Source/tasks.c **** 			pxNewTCB->pxTopOfStack = pxPortInitialiseStack( pxTopOfStack, pxTaskCode, pvParameters );
ARM GAS  C:\Users\Asus\AppData\Local\Temp\cctip26G.s 			page 20


1059:Middlewares/Third_Party/FreeRTOS/Source/tasks.c **** 		}
1060:Middlewares/Third_Party/FreeRTOS/Source/tasks.c **** 		#endif /* portHAS_STACK_OVERFLOW_CHECKING */
1061:Middlewares/Third_Party/FreeRTOS/Source/tasks.c **** 	}
1062:Middlewares/Third_Party/FreeRTOS/Source/tasks.c **** 	#endif /* portUSING_MPU_WRAPPERS */
1063:Middlewares/Third_Party/FreeRTOS/Source/tasks.c **** 
1064:Middlewares/Third_Party/FreeRTOS/Source/tasks.c **** 	if( pxCreatedTask != NULL )
1065:Middlewares/Third_Party/FreeRTOS/Source/tasks.c **** 	{
1066:Middlewares/Third_Party/FreeRTOS/Source/tasks.c **** 		/* Pass the handle out in an anonymous way.  The handle can be used to
1067:Middlewares/Third_Party/FreeRTOS/Source/tasks.c **** 		change the created task's priority, delete the created task, etc.*/
1068:Middlewares/Third_Party/FreeRTOS/Source/tasks.c **** 		*pxCreatedTask = ( TaskHandle_t ) pxNewTCB;
1069:Middlewares/Third_Party/FreeRTOS/Source/tasks.c **** 	}
1070:Middlewares/Third_Party/FreeRTOS/Source/tasks.c **** 	else
1071:Middlewares/Third_Party/FreeRTOS/Source/tasks.c **** 	{
1072:Middlewares/Third_Party/FreeRTOS/Source/tasks.c **** 		mtCOVERAGE_TEST_MARKER();
1073:Middlewares/Third_Party/FreeRTOS/Source/tasks.c **** 	}
1074:Middlewares/Third_Party/FreeRTOS/Source/tasks.c **** }
1075:Middlewares/Third_Party/FreeRTOS/Source/tasks.c **** /*-----------------------------------------------------------*/
1076:Middlewares/Third_Party/FreeRTOS/Source/tasks.c **** 
1077:Middlewares/Third_Party/FreeRTOS/Source/tasks.c **** static void prvAddNewTaskToReadyList( TCB_t *pxNewTCB )
1078:Middlewares/Third_Party/FreeRTOS/Source/tasks.c **** {
1079:Middlewares/Third_Party/FreeRTOS/Source/tasks.c **** 	/* Ensure interrupts don't access the task lists while the lists are being
1080:Middlewares/Third_Party/FreeRTOS/Source/tasks.c **** 	updated. */
1081:Middlewares/Third_Party/FreeRTOS/Source/tasks.c **** 	taskENTER_CRITICAL();
1082:Middlewares/Third_Party/FreeRTOS/Source/tasks.c **** 	{
1083:Middlewares/Third_Party/FreeRTOS/Source/tasks.c **** 		uxCurrentNumberOfTasks++;
1084:Middlewares/Third_Party/FreeRTOS/Source/tasks.c **** 		if( pxCurrentTCB == NULL )
1085:Middlewares/Third_Party/FreeRTOS/Source/tasks.c **** 		{
1086:Middlewares/Third_Party/FreeRTOS/Source/tasks.c **** 			/* There are no other tasks, or all the other tasks are in
1087:Middlewares/Third_Party/FreeRTOS/Source/tasks.c **** 			the suspended state - make this the current task. */
1088:Middlewares/Third_Party/FreeRTOS/Source/tasks.c **** 			pxCurrentTCB = pxNewTCB;
1089:Middlewares/Third_Party/FreeRTOS/Source/tasks.c **** 
1090:Middlewares/Third_Party/FreeRTOS/Source/tasks.c **** 			if( uxCurrentNumberOfTasks == ( UBaseType_t ) 1 )
1091:Middlewares/Third_Party/FreeRTOS/Source/tasks.c **** 			{
1092:Middlewares/Third_Party/FreeRTOS/Source/tasks.c **** 				/* This is the first task to be created so do the preliminary
1093:Middlewares/Third_Party/FreeRTOS/Source/tasks.c **** 				initialisation required.  We will not recover if this call
1094:Middlewares/Third_Party/FreeRTOS/Source/tasks.c **** 				fails, but we will report the failure. */
1095:Middlewares/Third_Party/FreeRTOS/Source/tasks.c **** 				prvInitialiseTaskLists();
1096:Middlewares/Third_Party/FreeRTOS/Source/tasks.c **** 			}
1097:Middlewares/Third_Party/FreeRTOS/Source/tasks.c **** 			else
1098:Middlewares/Third_Party/FreeRTOS/Source/tasks.c **** 			{
1099:Middlewares/Third_Party/FreeRTOS/Source/tasks.c **** 				mtCOVERAGE_TEST_MARKER();
1100:Middlewares/Third_Party/FreeRTOS/Source/tasks.c **** 			}
1101:Middlewares/Third_Party/FreeRTOS/Source/tasks.c **** 		}
1102:Middlewares/Third_Party/FreeRTOS/Source/tasks.c **** 		else
1103:Middlewares/Third_Party/FreeRTOS/Source/tasks.c **** 		{
1104:Middlewares/Third_Party/FreeRTOS/Source/tasks.c **** 			/* If the scheduler is not already running, make this task the
1105:Middlewares/Third_Party/FreeRTOS/Source/tasks.c **** 			current task if it is the highest priority task to be created
1106:Middlewares/Third_Party/FreeRTOS/Source/tasks.c **** 			so far. */
1107:Middlewares/Third_Party/FreeRTOS/Source/tasks.c **** 			if( xSchedulerRunning == pdFALSE )
1108:Middlewares/Third_Party/FreeRTOS/Source/tasks.c **** 			{
1109:Middlewares/Third_Party/FreeRTOS/Source/tasks.c **** 				if( pxCurrentTCB->uxPriority <= pxNewTCB->uxPriority )
1110:Middlewares/Third_Party/FreeRTOS/Source/tasks.c **** 				{
1111:Middlewares/Third_Party/FreeRTOS/Source/tasks.c **** 					pxCurrentTCB = pxNewTCB;
1112:Middlewares/Third_Party/FreeRTOS/Source/tasks.c **** 				}
1113:Middlewares/Third_Party/FreeRTOS/Source/tasks.c **** 				else
1114:Middlewares/Third_Party/FreeRTOS/Source/tasks.c **** 				{
1115:Middlewares/Third_Party/FreeRTOS/Source/tasks.c **** 					mtCOVERAGE_TEST_MARKER();
ARM GAS  C:\Users\Asus\AppData\Local\Temp\cctip26G.s 			page 21


1116:Middlewares/Third_Party/FreeRTOS/Source/tasks.c **** 				}
1117:Middlewares/Third_Party/FreeRTOS/Source/tasks.c **** 			}
1118:Middlewares/Third_Party/FreeRTOS/Source/tasks.c **** 			else
1119:Middlewares/Third_Party/FreeRTOS/Source/tasks.c **** 			{
1120:Middlewares/Third_Party/FreeRTOS/Source/tasks.c **** 				mtCOVERAGE_TEST_MARKER();
1121:Middlewares/Third_Party/FreeRTOS/Source/tasks.c **** 			}
1122:Middlewares/Third_Party/FreeRTOS/Source/tasks.c **** 		}
1123:Middlewares/Third_Party/FreeRTOS/Source/tasks.c **** 
1124:Middlewares/Third_Party/FreeRTOS/Source/tasks.c **** 		uxTaskNumber++;
1125:Middlewares/Third_Party/FreeRTOS/Source/tasks.c **** 
1126:Middlewares/Third_Party/FreeRTOS/Source/tasks.c **** 		#if ( configUSE_TRACE_FACILITY == 1 )
1127:Middlewares/Third_Party/FreeRTOS/Source/tasks.c **** 		{
1128:Middlewares/Third_Party/FreeRTOS/Source/tasks.c **** 			/* Add a counter into the TCB for tracing only. */
1129:Middlewares/Third_Party/FreeRTOS/Source/tasks.c **** 			pxNewTCB->uxTCBNumber = uxTaskNumber;
1130:Middlewares/Third_Party/FreeRTOS/Source/tasks.c **** 		}
1131:Middlewares/Third_Party/FreeRTOS/Source/tasks.c **** 		#endif /* configUSE_TRACE_FACILITY */
1132:Middlewares/Third_Party/FreeRTOS/Source/tasks.c **** 		traceTASK_CREATE( pxNewTCB );
1133:Middlewares/Third_Party/FreeRTOS/Source/tasks.c **** 
1134:Middlewares/Third_Party/FreeRTOS/Source/tasks.c **** 		prvAddTaskToReadyList( pxNewTCB );
1135:Middlewares/Third_Party/FreeRTOS/Source/tasks.c **** 
1136:Middlewares/Third_Party/FreeRTOS/Source/tasks.c **** 		portSETUP_TCB( pxNewTCB );
1137:Middlewares/Third_Party/FreeRTOS/Source/tasks.c **** 	}
1138:Middlewares/Third_Party/FreeRTOS/Source/tasks.c **** 	taskEXIT_CRITICAL();
1139:Middlewares/Third_Party/FreeRTOS/Source/tasks.c **** 
1140:Middlewares/Third_Party/FreeRTOS/Source/tasks.c **** 	if( xSchedulerRunning != pdFALSE )
1141:Middlewares/Third_Party/FreeRTOS/Source/tasks.c **** 	{
1142:Middlewares/Third_Party/FreeRTOS/Source/tasks.c **** 		/* If the created task is of a higher priority than the current task
1143:Middlewares/Third_Party/FreeRTOS/Source/tasks.c **** 		then it should run now. */
1144:Middlewares/Third_Party/FreeRTOS/Source/tasks.c **** 		if( pxCurrentTCB->uxPriority < pxNewTCB->uxPriority )
1145:Middlewares/Third_Party/FreeRTOS/Source/tasks.c **** 		{
1146:Middlewares/Third_Party/FreeRTOS/Source/tasks.c **** 			taskYIELD_IF_USING_PREEMPTION();
1147:Middlewares/Third_Party/FreeRTOS/Source/tasks.c **** 		}
1148:Middlewares/Third_Party/FreeRTOS/Source/tasks.c **** 		else
1149:Middlewares/Third_Party/FreeRTOS/Source/tasks.c **** 		{
1150:Middlewares/Third_Party/FreeRTOS/Source/tasks.c **** 			mtCOVERAGE_TEST_MARKER();
1151:Middlewares/Third_Party/FreeRTOS/Source/tasks.c **** 		}
1152:Middlewares/Third_Party/FreeRTOS/Source/tasks.c **** 	}
1153:Middlewares/Third_Party/FreeRTOS/Source/tasks.c **** 	else
1154:Middlewares/Third_Party/FreeRTOS/Source/tasks.c **** 	{
1155:Middlewares/Third_Party/FreeRTOS/Source/tasks.c **** 		mtCOVERAGE_TEST_MARKER();
1156:Middlewares/Third_Party/FreeRTOS/Source/tasks.c **** 	}
1157:Middlewares/Third_Party/FreeRTOS/Source/tasks.c **** }
1158:Middlewares/Third_Party/FreeRTOS/Source/tasks.c **** /*-----------------------------------------------------------*/
1159:Middlewares/Third_Party/FreeRTOS/Source/tasks.c **** 
1160:Middlewares/Third_Party/FreeRTOS/Source/tasks.c **** #if ( INCLUDE_vTaskDelete == 1 )
1161:Middlewares/Third_Party/FreeRTOS/Source/tasks.c **** 
1162:Middlewares/Third_Party/FreeRTOS/Source/tasks.c **** 	void vTaskDelete( TaskHandle_t xTaskToDelete )
1163:Middlewares/Third_Party/FreeRTOS/Source/tasks.c **** 	{
1164:Middlewares/Third_Party/FreeRTOS/Source/tasks.c **** 	TCB_t *pxTCB;
1165:Middlewares/Third_Party/FreeRTOS/Source/tasks.c **** 
1166:Middlewares/Third_Party/FreeRTOS/Source/tasks.c **** 		taskENTER_CRITICAL();
1167:Middlewares/Third_Party/FreeRTOS/Source/tasks.c **** 		{
1168:Middlewares/Third_Party/FreeRTOS/Source/tasks.c **** 			/* If null is passed in here then it is the calling task that is
1169:Middlewares/Third_Party/FreeRTOS/Source/tasks.c **** 			being deleted. */
1170:Middlewares/Third_Party/FreeRTOS/Source/tasks.c **** 			pxTCB = prvGetTCBFromHandle( xTaskToDelete );
1171:Middlewares/Third_Party/FreeRTOS/Source/tasks.c **** 
1172:Middlewares/Third_Party/FreeRTOS/Source/tasks.c **** 			/* Remove task from the ready/delayed list. */
ARM GAS  C:\Users\Asus\AppData\Local\Temp\cctip26G.s 			page 22


1173:Middlewares/Third_Party/FreeRTOS/Source/tasks.c **** 			if( uxListRemove( &( pxTCB->xStateListItem ) ) == ( UBaseType_t ) 0 )
1174:Middlewares/Third_Party/FreeRTOS/Source/tasks.c **** 			{
1175:Middlewares/Third_Party/FreeRTOS/Source/tasks.c **** 				taskRESET_READY_PRIORITY( pxTCB->uxPriority );
1176:Middlewares/Third_Party/FreeRTOS/Source/tasks.c **** 			}
1177:Middlewares/Third_Party/FreeRTOS/Source/tasks.c **** 			else
1178:Middlewares/Third_Party/FreeRTOS/Source/tasks.c **** 			{
1179:Middlewares/Third_Party/FreeRTOS/Source/tasks.c **** 				mtCOVERAGE_TEST_MARKER();
1180:Middlewares/Third_Party/FreeRTOS/Source/tasks.c **** 			}
1181:Middlewares/Third_Party/FreeRTOS/Source/tasks.c **** 
1182:Middlewares/Third_Party/FreeRTOS/Source/tasks.c **** 			/* Is the task waiting on an event also? */
1183:Middlewares/Third_Party/FreeRTOS/Source/tasks.c **** 			if( listLIST_ITEM_CONTAINER( &( pxTCB->xEventListItem ) ) != NULL )
1184:Middlewares/Third_Party/FreeRTOS/Source/tasks.c **** 			{
1185:Middlewares/Third_Party/FreeRTOS/Source/tasks.c **** 				( void ) uxListRemove( &( pxTCB->xEventListItem ) );
1186:Middlewares/Third_Party/FreeRTOS/Source/tasks.c **** 			}
1187:Middlewares/Third_Party/FreeRTOS/Source/tasks.c **** 			else
1188:Middlewares/Third_Party/FreeRTOS/Source/tasks.c **** 			{
1189:Middlewares/Third_Party/FreeRTOS/Source/tasks.c **** 				mtCOVERAGE_TEST_MARKER();
1190:Middlewares/Third_Party/FreeRTOS/Source/tasks.c **** 			}
1191:Middlewares/Third_Party/FreeRTOS/Source/tasks.c **** 
1192:Middlewares/Third_Party/FreeRTOS/Source/tasks.c **** 			/* Increment the uxTaskNumber also so kernel aware debuggers can
1193:Middlewares/Third_Party/FreeRTOS/Source/tasks.c **** 			detect that the task lists need re-generating.  This is done before
1194:Middlewares/Third_Party/FreeRTOS/Source/tasks.c **** 			portPRE_TASK_DELETE_HOOK() as in the Windows port that macro will
1195:Middlewares/Third_Party/FreeRTOS/Source/tasks.c **** 			not return. */
1196:Middlewares/Third_Party/FreeRTOS/Source/tasks.c **** 			uxTaskNumber++;
1197:Middlewares/Third_Party/FreeRTOS/Source/tasks.c **** 
1198:Middlewares/Third_Party/FreeRTOS/Source/tasks.c **** 			if( pxTCB == pxCurrentTCB )
1199:Middlewares/Third_Party/FreeRTOS/Source/tasks.c **** 			{
1200:Middlewares/Third_Party/FreeRTOS/Source/tasks.c **** 				/* A task is deleting itself.  This cannot complete within the
1201:Middlewares/Third_Party/FreeRTOS/Source/tasks.c **** 				task itself, as a context switch to another task is required.
1202:Middlewares/Third_Party/FreeRTOS/Source/tasks.c **** 				Place the task in the termination list.  The idle task will
1203:Middlewares/Third_Party/FreeRTOS/Source/tasks.c **** 				check the termination list and free up any memory allocated by
1204:Middlewares/Third_Party/FreeRTOS/Source/tasks.c **** 				the scheduler for the TCB and stack of the deleted task. */
1205:Middlewares/Third_Party/FreeRTOS/Source/tasks.c **** 				vListInsertEnd( &xTasksWaitingTermination, &( pxTCB->xStateListItem ) );
1206:Middlewares/Third_Party/FreeRTOS/Source/tasks.c **** 
1207:Middlewares/Third_Party/FreeRTOS/Source/tasks.c **** 				/* Increment the ucTasksDeleted variable so the idle task knows
1208:Middlewares/Third_Party/FreeRTOS/Source/tasks.c **** 				there is a task that has been deleted and that it should therefore
1209:Middlewares/Third_Party/FreeRTOS/Source/tasks.c **** 				check the xTasksWaitingTermination list. */
1210:Middlewares/Third_Party/FreeRTOS/Source/tasks.c **** 				++uxDeletedTasksWaitingCleanUp;
1211:Middlewares/Third_Party/FreeRTOS/Source/tasks.c **** 
1212:Middlewares/Third_Party/FreeRTOS/Source/tasks.c **** 				/* Call the delete hook before portPRE_TASK_DELETE_HOOK() as
1213:Middlewares/Third_Party/FreeRTOS/Source/tasks.c **** 				portPRE_TASK_DELETE_HOOK() does not return in the Win32 port. */
1214:Middlewares/Third_Party/FreeRTOS/Source/tasks.c **** 				traceTASK_DELETE( pxTCB );
1215:Middlewares/Third_Party/FreeRTOS/Source/tasks.c **** 
1216:Middlewares/Third_Party/FreeRTOS/Source/tasks.c **** 				/* The pre-delete hook is primarily for the Windows simulator,
1217:Middlewares/Third_Party/FreeRTOS/Source/tasks.c **** 				in which Windows specific clean up operations are performed,
1218:Middlewares/Third_Party/FreeRTOS/Source/tasks.c **** 				after which it is not possible to yield away from this task -
1219:Middlewares/Third_Party/FreeRTOS/Source/tasks.c **** 				hence xYieldPending is used to latch that a context switch is
1220:Middlewares/Third_Party/FreeRTOS/Source/tasks.c **** 				required. */
1221:Middlewares/Third_Party/FreeRTOS/Source/tasks.c **** 				portPRE_TASK_DELETE_HOOK( pxTCB, &xYieldPending );
1222:Middlewares/Third_Party/FreeRTOS/Source/tasks.c **** 			}
1223:Middlewares/Third_Party/FreeRTOS/Source/tasks.c **** 			else
1224:Middlewares/Third_Party/FreeRTOS/Source/tasks.c **** 			{
1225:Middlewares/Third_Party/FreeRTOS/Source/tasks.c **** 				--uxCurrentNumberOfTasks;
1226:Middlewares/Third_Party/FreeRTOS/Source/tasks.c **** 				traceTASK_DELETE( pxTCB );
1227:Middlewares/Third_Party/FreeRTOS/Source/tasks.c **** 				prvDeleteTCB( pxTCB );
1228:Middlewares/Third_Party/FreeRTOS/Source/tasks.c **** 
1229:Middlewares/Third_Party/FreeRTOS/Source/tasks.c **** 				/* Reset the next expected unblock time in case it referred to
ARM GAS  C:\Users\Asus\AppData\Local\Temp\cctip26G.s 			page 23


1230:Middlewares/Third_Party/FreeRTOS/Source/tasks.c **** 				the task that has just been deleted. */
1231:Middlewares/Third_Party/FreeRTOS/Source/tasks.c **** 				prvResetNextTaskUnblockTime();
1232:Middlewares/Third_Party/FreeRTOS/Source/tasks.c **** 			}
1233:Middlewares/Third_Party/FreeRTOS/Source/tasks.c **** 		}
1234:Middlewares/Third_Party/FreeRTOS/Source/tasks.c **** 		taskEXIT_CRITICAL();
1235:Middlewares/Third_Party/FreeRTOS/Source/tasks.c **** 
1236:Middlewares/Third_Party/FreeRTOS/Source/tasks.c **** 		/* Force a reschedule if it is the currently running task that has just
1237:Middlewares/Third_Party/FreeRTOS/Source/tasks.c **** 		been deleted. */
1238:Middlewares/Third_Party/FreeRTOS/Source/tasks.c **** 		if( xSchedulerRunning != pdFALSE )
1239:Middlewares/Third_Party/FreeRTOS/Source/tasks.c **** 		{
1240:Middlewares/Third_Party/FreeRTOS/Source/tasks.c **** 			if( pxTCB == pxCurrentTCB )
1241:Middlewares/Third_Party/FreeRTOS/Source/tasks.c **** 			{
1242:Middlewares/Third_Party/FreeRTOS/Source/tasks.c **** 				configASSERT( uxSchedulerSuspended == 0 );
1243:Middlewares/Third_Party/FreeRTOS/Source/tasks.c **** 				portYIELD_WITHIN_API();
1244:Middlewares/Third_Party/FreeRTOS/Source/tasks.c **** 			}
1245:Middlewares/Third_Party/FreeRTOS/Source/tasks.c **** 			else
1246:Middlewares/Third_Party/FreeRTOS/Source/tasks.c **** 			{
1247:Middlewares/Third_Party/FreeRTOS/Source/tasks.c **** 				mtCOVERAGE_TEST_MARKER();
1248:Middlewares/Third_Party/FreeRTOS/Source/tasks.c **** 			}
1249:Middlewares/Third_Party/FreeRTOS/Source/tasks.c **** 		}
1250:Middlewares/Third_Party/FreeRTOS/Source/tasks.c **** 	}
1251:Middlewares/Third_Party/FreeRTOS/Source/tasks.c **** 
1252:Middlewares/Third_Party/FreeRTOS/Source/tasks.c **** #endif /* INCLUDE_vTaskDelete */
1253:Middlewares/Third_Party/FreeRTOS/Source/tasks.c **** /*-----------------------------------------------------------*/
1254:Middlewares/Third_Party/FreeRTOS/Source/tasks.c **** 
1255:Middlewares/Third_Party/FreeRTOS/Source/tasks.c **** #if ( INCLUDE_vTaskDelayUntil == 1 )
1256:Middlewares/Third_Party/FreeRTOS/Source/tasks.c **** 
1257:Middlewares/Third_Party/FreeRTOS/Source/tasks.c **** 	void vTaskDelayUntil( TickType_t * const pxPreviousWakeTime, const TickType_t xTimeIncrement )
1258:Middlewares/Third_Party/FreeRTOS/Source/tasks.c **** 	{
1259:Middlewares/Third_Party/FreeRTOS/Source/tasks.c **** 	TickType_t xTimeToWake;
1260:Middlewares/Third_Party/FreeRTOS/Source/tasks.c **** 	BaseType_t xAlreadyYielded, xShouldDelay = pdFALSE;
1261:Middlewares/Third_Party/FreeRTOS/Source/tasks.c **** 
1262:Middlewares/Third_Party/FreeRTOS/Source/tasks.c **** 		configASSERT( pxPreviousWakeTime );
1263:Middlewares/Third_Party/FreeRTOS/Source/tasks.c **** 		configASSERT( ( xTimeIncrement > 0U ) );
1264:Middlewares/Third_Party/FreeRTOS/Source/tasks.c **** 		configASSERT( uxSchedulerSuspended == 0 );
1265:Middlewares/Third_Party/FreeRTOS/Source/tasks.c **** 
1266:Middlewares/Third_Party/FreeRTOS/Source/tasks.c **** 		vTaskSuspendAll();
1267:Middlewares/Third_Party/FreeRTOS/Source/tasks.c **** 		{
1268:Middlewares/Third_Party/FreeRTOS/Source/tasks.c **** 			/* Minor optimisation.  The tick count cannot change in this
1269:Middlewares/Third_Party/FreeRTOS/Source/tasks.c **** 			block. */
1270:Middlewares/Third_Party/FreeRTOS/Source/tasks.c **** 			const TickType_t xConstTickCount = xTickCount;
1271:Middlewares/Third_Party/FreeRTOS/Source/tasks.c **** 
1272:Middlewares/Third_Party/FreeRTOS/Source/tasks.c **** 			/* Generate the tick time at which the task wants to wake. */
1273:Middlewares/Third_Party/FreeRTOS/Source/tasks.c **** 			xTimeToWake = *pxPreviousWakeTime + xTimeIncrement;
1274:Middlewares/Third_Party/FreeRTOS/Source/tasks.c **** 
1275:Middlewares/Third_Party/FreeRTOS/Source/tasks.c **** 			if( xConstTickCount < *pxPreviousWakeTime )
1276:Middlewares/Third_Party/FreeRTOS/Source/tasks.c **** 			{
1277:Middlewares/Third_Party/FreeRTOS/Source/tasks.c **** 				/* The tick count has overflowed since this function was
1278:Middlewares/Third_Party/FreeRTOS/Source/tasks.c **** 				lasted called.  In this case the only time we should ever
1279:Middlewares/Third_Party/FreeRTOS/Source/tasks.c **** 				actually delay is if the wake time has also	overflowed,
1280:Middlewares/Third_Party/FreeRTOS/Source/tasks.c **** 				and the wake time is greater than the tick time.  When this
1281:Middlewares/Third_Party/FreeRTOS/Source/tasks.c **** 				is the case it is as if neither time had overflowed. */
1282:Middlewares/Third_Party/FreeRTOS/Source/tasks.c **** 				if( ( xTimeToWake < *pxPreviousWakeTime ) && ( xTimeToWake > xConstTickCount ) )
1283:Middlewares/Third_Party/FreeRTOS/Source/tasks.c **** 				{
1284:Middlewares/Third_Party/FreeRTOS/Source/tasks.c **** 					xShouldDelay = pdTRUE;
1285:Middlewares/Third_Party/FreeRTOS/Source/tasks.c **** 				}
1286:Middlewares/Third_Party/FreeRTOS/Source/tasks.c **** 				else
ARM GAS  C:\Users\Asus\AppData\Local\Temp\cctip26G.s 			page 24


1287:Middlewares/Third_Party/FreeRTOS/Source/tasks.c **** 				{
1288:Middlewares/Third_Party/FreeRTOS/Source/tasks.c **** 					mtCOVERAGE_TEST_MARKER();
1289:Middlewares/Third_Party/FreeRTOS/Source/tasks.c **** 				}
1290:Middlewares/Third_Party/FreeRTOS/Source/tasks.c **** 			}
1291:Middlewares/Third_Party/FreeRTOS/Source/tasks.c **** 			else
1292:Middlewares/Third_Party/FreeRTOS/Source/tasks.c **** 			{
1293:Middlewares/Third_Party/FreeRTOS/Source/tasks.c **** 				/* The tick time has not overflowed.  In this case we will
1294:Middlewares/Third_Party/FreeRTOS/Source/tasks.c **** 				delay if either the wake time has overflowed, and/or the
1295:Middlewares/Third_Party/FreeRTOS/Source/tasks.c **** 				tick time is less than the wake time. */
1296:Middlewares/Third_Party/FreeRTOS/Source/tasks.c **** 				if( ( xTimeToWake < *pxPreviousWakeTime ) || ( xTimeToWake > xConstTickCount ) )
1297:Middlewares/Third_Party/FreeRTOS/Source/tasks.c **** 				{
1298:Middlewares/Third_Party/FreeRTOS/Source/tasks.c **** 					xShouldDelay = pdTRUE;
1299:Middlewares/Third_Party/FreeRTOS/Source/tasks.c **** 				}
1300:Middlewares/Third_Party/FreeRTOS/Source/tasks.c **** 				else
1301:Middlewares/Third_Party/FreeRTOS/Source/tasks.c **** 				{
1302:Middlewares/Third_Party/FreeRTOS/Source/tasks.c **** 					mtCOVERAGE_TEST_MARKER();
1303:Middlewares/Third_Party/FreeRTOS/Source/tasks.c **** 				}
1304:Middlewares/Third_Party/FreeRTOS/Source/tasks.c **** 			}
1305:Middlewares/Third_Party/FreeRTOS/Source/tasks.c **** 
1306:Middlewares/Third_Party/FreeRTOS/Source/tasks.c **** 			/* Update the wake time ready for the next call. */
1307:Middlewares/Third_Party/FreeRTOS/Source/tasks.c **** 			*pxPreviousWakeTime = xTimeToWake;
1308:Middlewares/Third_Party/FreeRTOS/Source/tasks.c **** 
1309:Middlewares/Third_Party/FreeRTOS/Source/tasks.c **** 			if( xShouldDelay != pdFALSE )
1310:Middlewares/Third_Party/FreeRTOS/Source/tasks.c **** 			{
1311:Middlewares/Third_Party/FreeRTOS/Source/tasks.c **** 				traceTASK_DELAY_UNTIL( xTimeToWake );
1312:Middlewares/Third_Party/FreeRTOS/Source/tasks.c **** 
1313:Middlewares/Third_Party/FreeRTOS/Source/tasks.c **** 				/* prvAddCurrentTaskToDelayedList() needs the block time, not
1314:Middlewares/Third_Party/FreeRTOS/Source/tasks.c **** 				the time to wake, so subtract the current tick count. */
1315:Middlewares/Third_Party/FreeRTOS/Source/tasks.c **** 				prvAddCurrentTaskToDelayedList( xTimeToWake - xConstTickCount, pdFALSE );
1316:Middlewares/Third_Party/FreeRTOS/Source/tasks.c **** 			}
1317:Middlewares/Third_Party/FreeRTOS/Source/tasks.c **** 			else
1318:Middlewares/Third_Party/FreeRTOS/Source/tasks.c **** 			{
1319:Middlewares/Third_Party/FreeRTOS/Source/tasks.c **** 				mtCOVERAGE_TEST_MARKER();
1320:Middlewares/Third_Party/FreeRTOS/Source/tasks.c **** 			}
1321:Middlewares/Third_Party/FreeRTOS/Source/tasks.c **** 		}
1322:Middlewares/Third_Party/FreeRTOS/Source/tasks.c **** 		xAlreadyYielded = xTaskResumeAll();
1323:Middlewares/Third_Party/FreeRTOS/Source/tasks.c **** 
1324:Middlewares/Third_Party/FreeRTOS/Source/tasks.c **** 		/* Force a reschedule if xTaskResumeAll has not already done so, we may
1325:Middlewares/Third_Party/FreeRTOS/Source/tasks.c **** 		have put ourselves to sleep. */
1326:Middlewares/Third_Party/FreeRTOS/Source/tasks.c **** 		if( xAlreadyYielded == pdFALSE )
1327:Middlewares/Third_Party/FreeRTOS/Source/tasks.c **** 		{
1328:Middlewares/Third_Party/FreeRTOS/Source/tasks.c **** 			portYIELD_WITHIN_API();
1329:Middlewares/Third_Party/FreeRTOS/Source/tasks.c **** 		}
1330:Middlewares/Third_Party/FreeRTOS/Source/tasks.c **** 		else
1331:Middlewares/Third_Party/FreeRTOS/Source/tasks.c **** 		{
1332:Middlewares/Third_Party/FreeRTOS/Source/tasks.c **** 			mtCOVERAGE_TEST_MARKER();
1333:Middlewares/Third_Party/FreeRTOS/Source/tasks.c **** 		}
1334:Middlewares/Third_Party/FreeRTOS/Source/tasks.c **** 	}
1335:Middlewares/Third_Party/FreeRTOS/Source/tasks.c **** 
1336:Middlewares/Third_Party/FreeRTOS/Source/tasks.c **** #endif /* INCLUDE_vTaskDelayUntil */
1337:Middlewares/Third_Party/FreeRTOS/Source/tasks.c **** /*-----------------------------------------------------------*/
1338:Middlewares/Third_Party/FreeRTOS/Source/tasks.c **** 
1339:Middlewares/Third_Party/FreeRTOS/Source/tasks.c **** #if ( INCLUDE_vTaskDelay == 1 )
1340:Middlewares/Third_Party/FreeRTOS/Source/tasks.c **** 
1341:Middlewares/Third_Party/FreeRTOS/Source/tasks.c **** 	void vTaskDelay( const TickType_t xTicksToDelay )
1342:Middlewares/Third_Party/FreeRTOS/Source/tasks.c **** 	{
1343:Middlewares/Third_Party/FreeRTOS/Source/tasks.c **** 	BaseType_t xAlreadyYielded = pdFALSE;
ARM GAS  C:\Users\Asus\AppData\Local\Temp\cctip26G.s 			page 25


1344:Middlewares/Third_Party/FreeRTOS/Source/tasks.c **** 
1345:Middlewares/Third_Party/FreeRTOS/Source/tasks.c **** 		/* A delay time of zero just forces a reschedule. */
1346:Middlewares/Third_Party/FreeRTOS/Source/tasks.c **** 		if( xTicksToDelay > ( TickType_t ) 0U )
1347:Middlewares/Third_Party/FreeRTOS/Source/tasks.c **** 		{
1348:Middlewares/Third_Party/FreeRTOS/Source/tasks.c **** 			configASSERT( uxSchedulerSuspended == 0 );
1349:Middlewares/Third_Party/FreeRTOS/Source/tasks.c **** 			vTaskSuspendAll();
1350:Middlewares/Third_Party/FreeRTOS/Source/tasks.c **** 			{
1351:Middlewares/Third_Party/FreeRTOS/Source/tasks.c **** 				traceTASK_DELAY();
1352:Middlewares/Third_Party/FreeRTOS/Source/tasks.c **** 
1353:Middlewares/Third_Party/FreeRTOS/Source/tasks.c **** 				/* A task that is removed from the event list while the
1354:Middlewares/Third_Party/FreeRTOS/Source/tasks.c **** 				scheduler is suspended will not get placed in the ready
1355:Middlewares/Third_Party/FreeRTOS/Source/tasks.c **** 				list or removed from the blocked list until the scheduler
1356:Middlewares/Third_Party/FreeRTOS/Source/tasks.c **** 				is resumed.
1357:Middlewares/Third_Party/FreeRTOS/Source/tasks.c **** 
1358:Middlewares/Third_Party/FreeRTOS/Source/tasks.c **** 				This task cannot be in an event list as it is the currently
1359:Middlewares/Third_Party/FreeRTOS/Source/tasks.c **** 				executing task. */
1360:Middlewares/Third_Party/FreeRTOS/Source/tasks.c **** 				prvAddCurrentTaskToDelayedList( xTicksToDelay, pdFALSE );
1361:Middlewares/Third_Party/FreeRTOS/Source/tasks.c **** 			}
1362:Middlewares/Third_Party/FreeRTOS/Source/tasks.c **** 			xAlreadyYielded = xTaskResumeAll();
1363:Middlewares/Third_Party/FreeRTOS/Source/tasks.c **** 		}
1364:Middlewares/Third_Party/FreeRTOS/Source/tasks.c **** 		else
1365:Middlewares/Third_Party/FreeRTOS/Source/tasks.c **** 		{
1366:Middlewares/Third_Party/FreeRTOS/Source/tasks.c **** 			mtCOVERAGE_TEST_MARKER();
1367:Middlewares/Third_Party/FreeRTOS/Source/tasks.c **** 		}
1368:Middlewares/Third_Party/FreeRTOS/Source/tasks.c **** 
1369:Middlewares/Third_Party/FreeRTOS/Source/tasks.c **** 		/* Force a reschedule if xTaskResumeAll has not already done so, we may
1370:Middlewares/Third_Party/FreeRTOS/Source/tasks.c **** 		have put ourselves to sleep. */
1371:Middlewares/Third_Party/FreeRTOS/Source/tasks.c **** 		if( xAlreadyYielded == pdFALSE )
1372:Middlewares/Third_Party/FreeRTOS/Source/tasks.c **** 		{
1373:Middlewares/Third_Party/FreeRTOS/Source/tasks.c **** 			portYIELD_WITHIN_API();
1374:Middlewares/Third_Party/FreeRTOS/Source/tasks.c **** 		}
1375:Middlewares/Third_Party/FreeRTOS/Source/tasks.c **** 		else
1376:Middlewares/Third_Party/FreeRTOS/Source/tasks.c **** 		{
1377:Middlewares/Third_Party/FreeRTOS/Source/tasks.c **** 			mtCOVERAGE_TEST_MARKER();
1378:Middlewares/Third_Party/FreeRTOS/Source/tasks.c **** 		}
1379:Middlewares/Third_Party/FreeRTOS/Source/tasks.c **** 	}
1380:Middlewares/Third_Party/FreeRTOS/Source/tasks.c **** 
1381:Middlewares/Third_Party/FreeRTOS/Source/tasks.c **** #endif /* INCLUDE_vTaskDelay */
1382:Middlewares/Third_Party/FreeRTOS/Source/tasks.c **** /*-----------------------------------------------------------*/
1383:Middlewares/Third_Party/FreeRTOS/Source/tasks.c **** 
1384:Middlewares/Third_Party/FreeRTOS/Source/tasks.c **** #if( ( INCLUDE_eTaskGetState == 1 ) || ( configUSE_TRACE_FACILITY == 1 ) || ( INCLUDE_xTaskAbortDel
1385:Middlewares/Third_Party/FreeRTOS/Source/tasks.c **** 
1386:Middlewares/Third_Party/FreeRTOS/Source/tasks.c **** 	eTaskState eTaskGetState( TaskHandle_t xTask )
1387:Middlewares/Third_Party/FreeRTOS/Source/tasks.c **** 	{
1388:Middlewares/Third_Party/FreeRTOS/Source/tasks.c **** 	eTaskState eReturn;
1389:Middlewares/Third_Party/FreeRTOS/Source/tasks.c **** 	List_t const * pxStateList, *pxDelayedList, *pxOverflowedDelayedList;
1390:Middlewares/Third_Party/FreeRTOS/Source/tasks.c **** 	const TCB_t * const pxTCB = xTask;
1391:Middlewares/Third_Party/FreeRTOS/Source/tasks.c **** 
1392:Middlewares/Third_Party/FreeRTOS/Source/tasks.c **** 		configASSERT( pxTCB );
1393:Middlewares/Third_Party/FreeRTOS/Source/tasks.c **** 
1394:Middlewares/Third_Party/FreeRTOS/Source/tasks.c **** 		if( pxTCB == pxCurrentTCB )
1395:Middlewares/Third_Party/FreeRTOS/Source/tasks.c **** 		{
1396:Middlewares/Third_Party/FreeRTOS/Source/tasks.c **** 			/* The task calling this function is querying its own state. */
1397:Middlewares/Third_Party/FreeRTOS/Source/tasks.c **** 			eReturn = eRunning;
1398:Middlewares/Third_Party/FreeRTOS/Source/tasks.c **** 		}
1399:Middlewares/Third_Party/FreeRTOS/Source/tasks.c **** 		else
1400:Middlewares/Third_Party/FreeRTOS/Source/tasks.c **** 		{
ARM GAS  C:\Users\Asus\AppData\Local\Temp\cctip26G.s 			page 26


1401:Middlewares/Third_Party/FreeRTOS/Source/tasks.c **** 			taskENTER_CRITICAL();
1402:Middlewares/Third_Party/FreeRTOS/Source/tasks.c **** 			{
1403:Middlewares/Third_Party/FreeRTOS/Source/tasks.c **** 				pxStateList = listLIST_ITEM_CONTAINER( &( pxTCB->xStateListItem ) );
1404:Middlewares/Third_Party/FreeRTOS/Source/tasks.c **** 				pxDelayedList = pxDelayedTaskList;
1405:Middlewares/Third_Party/FreeRTOS/Source/tasks.c **** 				pxOverflowedDelayedList = pxOverflowDelayedTaskList;
1406:Middlewares/Third_Party/FreeRTOS/Source/tasks.c **** 			}
1407:Middlewares/Third_Party/FreeRTOS/Source/tasks.c **** 			taskEXIT_CRITICAL();
1408:Middlewares/Third_Party/FreeRTOS/Source/tasks.c **** 
1409:Middlewares/Third_Party/FreeRTOS/Source/tasks.c **** 			if( ( pxStateList == pxDelayedList ) || ( pxStateList == pxOverflowedDelayedList ) )
1410:Middlewares/Third_Party/FreeRTOS/Source/tasks.c **** 			{
1411:Middlewares/Third_Party/FreeRTOS/Source/tasks.c **** 				/* The task being queried is referenced from one of the Blocked
1412:Middlewares/Third_Party/FreeRTOS/Source/tasks.c **** 				lists. */
1413:Middlewares/Third_Party/FreeRTOS/Source/tasks.c **** 				eReturn = eBlocked;
1414:Middlewares/Third_Party/FreeRTOS/Source/tasks.c **** 			}
1415:Middlewares/Third_Party/FreeRTOS/Source/tasks.c **** 
1416:Middlewares/Third_Party/FreeRTOS/Source/tasks.c **** 			#if ( INCLUDE_vTaskSuspend == 1 )
1417:Middlewares/Third_Party/FreeRTOS/Source/tasks.c **** 				else if( pxStateList == &xSuspendedTaskList )
1418:Middlewares/Third_Party/FreeRTOS/Source/tasks.c **** 				{
1419:Middlewares/Third_Party/FreeRTOS/Source/tasks.c **** 					/* The task being queried is referenced from the suspended
1420:Middlewares/Third_Party/FreeRTOS/Source/tasks.c **** 					list.  Is it genuinely suspended or is it blocked
1421:Middlewares/Third_Party/FreeRTOS/Source/tasks.c **** 					indefinitely? */
1422:Middlewares/Third_Party/FreeRTOS/Source/tasks.c **** 					if( listLIST_ITEM_CONTAINER( &( pxTCB->xEventListItem ) ) == NULL )
1423:Middlewares/Third_Party/FreeRTOS/Source/tasks.c **** 					{
1424:Middlewares/Third_Party/FreeRTOS/Source/tasks.c **** 						#if( configUSE_TASK_NOTIFICATIONS == 1 )
1425:Middlewares/Third_Party/FreeRTOS/Source/tasks.c **** 						{
1426:Middlewares/Third_Party/FreeRTOS/Source/tasks.c **** 							/* The task does not appear on the event list item of
1427:Middlewares/Third_Party/FreeRTOS/Source/tasks.c **** 							and of the RTOS objects, but could still be in the
1428:Middlewares/Third_Party/FreeRTOS/Source/tasks.c **** 							blocked state if it is waiting on its notification
1429:Middlewares/Third_Party/FreeRTOS/Source/tasks.c **** 							rather than waiting on an object. */
1430:Middlewares/Third_Party/FreeRTOS/Source/tasks.c **** 							if( pxTCB->ucNotifyState == taskWAITING_NOTIFICATION )
1431:Middlewares/Third_Party/FreeRTOS/Source/tasks.c **** 							{
1432:Middlewares/Third_Party/FreeRTOS/Source/tasks.c **** 								eReturn = eBlocked;
1433:Middlewares/Third_Party/FreeRTOS/Source/tasks.c **** 							}
1434:Middlewares/Third_Party/FreeRTOS/Source/tasks.c **** 							else
1435:Middlewares/Third_Party/FreeRTOS/Source/tasks.c **** 							{
1436:Middlewares/Third_Party/FreeRTOS/Source/tasks.c **** 								eReturn = eSuspended;
1437:Middlewares/Third_Party/FreeRTOS/Source/tasks.c **** 							}
1438:Middlewares/Third_Party/FreeRTOS/Source/tasks.c **** 						}
1439:Middlewares/Third_Party/FreeRTOS/Source/tasks.c **** 						#else
1440:Middlewares/Third_Party/FreeRTOS/Source/tasks.c **** 						{
1441:Middlewares/Third_Party/FreeRTOS/Source/tasks.c **** 							eReturn = eSuspended;
1442:Middlewares/Third_Party/FreeRTOS/Source/tasks.c **** 						}
1443:Middlewares/Third_Party/FreeRTOS/Source/tasks.c **** 						#endif
1444:Middlewares/Third_Party/FreeRTOS/Source/tasks.c **** 					}
1445:Middlewares/Third_Party/FreeRTOS/Source/tasks.c **** 					else
1446:Middlewares/Third_Party/FreeRTOS/Source/tasks.c **** 					{
1447:Middlewares/Third_Party/FreeRTOS/Source/tasks.c **** 						eReturn = eBlocked;
1448:Middlewares/Third_Party/FreeRTOS/Source/tasks.c **** 					}
1449:Middlewares/Third_Party/FreeRTOS/Source/tasks.c **** 				}
1450:Middlewares/Third_Party/FreeRTOS/Source/tasks.c **** 			#endif
1451:Middlewares/Third_Party/FreeRTOS/Source/tasks.c **** 
1452:Middlewares/Third_Party/FreeRTOS/Source/tasks.c **** 			#if ( INCLUDE_vTaskDelete == 1 )
1453:Middlewares/Third_Party/FreeRTOS/Source/tasks.c **** 				else if( ( pxStateList == &xTasksWaitingTermination ) || ( pxStateList == NULL ) )
1454:Middlewares/Third_Party/FreeRTOS/Source/tasks.c **** 				{
1455:Middlewares/Third_Party/FreeRTOS/Source/tasks.c **** 					/* The task being queried is referenced from the deleted
1456:Middlewares/Third_Party/FreeRTOS/Source/tasks.c **** 					tasks list, or it is not referenced from any lists at
1457:Middlewares/Third_Party/FreeRTOS/Source/tasks.c **** 					all. */
ARM GAS  C:\Users\Asus\AppData\Local\Temp\cctip26G.s 			page 27


1458:Middlewares/Third_Party/FreeRTOS/Source/tasks.c **** 					eReturn = eDeleted;
1459:Middlewares/Third_Party/FreeRTOS/Source/tasks.c **** 				}
1460:Middlewares/Third_Party/FreeRTOS/Source/tasks.c **** 			#endif
1461:Middlewares/Third_Party/FreeRTOS/Source/tasks.c **** 
1462:Middlewares/Third_Party/FreeRTOS/Source/tasks.c **** 			else /*lint !e525 Negative indentation is intended to make use of pre-processor clearer. */
1463:Middlewares/Third_Party/FreeRTOS/Source/tasks.c **** 			{
1464:Middlewares/Third_Party/FreeRTOS/Source/tasks.c **** 				/* If the task is not in any other state, it must be in the
1465:Middlewares/Third_Party/FreeRTOS/Source/tasks.c **** 				Ready (including pending ready) state. */
1466:Middlewares/Third_Party/FreeRTOS/Source/tasks.c **** 				eReturn = eReady;
1467:Middlewares/Third_Party/FreeRTOS/Source/tasks.c **** 			}
1468:Middlewares/Third_Party/FreeRTOS/Source/tasks.c **** 		}
1469:Middlewares/Third_Party/FreeRTOS/Source/tasks.c **** 
1470:Middlewares/Third_Party/FreeRTOS/Source/tasks.c **** 		return eReturn;
1471:Middlewares/Third_Party/FreeRTOS/Source/tasks.c **** 	} /*lint !e818 xTask cannot be a pointer to const because it is a typedef. */
1472:Middlewares/Third_Party/FreeRTOS/Source/tasks.c **** 
1473:Middlewares/Third_Party/FreeRTOS/Source/tasks.c **** #endif /* INCLUDE_eTaskGetState */
1474:Middlewares/Third_Party/FreeRTOS/Source/tasks.c **** /*-----------------------------------------------------------*/
1475:Middlewares/Third_Party/FreeRTOS/Source/tasks.c **** 
1476:Middlewares/Third_Party/FreeRTOS/Source/tasks.c **** #if ( INCLUDE_uxTaskPriorityGet == 1 )
1477:Middlewares/Third_Party/FreeRTOS/Source/tasks.c **** 
1478:Middlewares/Third_Party/FreeRTOS/Source/tasks.c **** 	UBaseType_t uxTaskPriorityGet( const TaskHandle_t xTask )
1479:Middlewares/Third_Party/FreeRTOS/Source/tasks.c **** 	{
1480:Middlewares/Third_Party/FreeRTOS/Source/tasks.c **** 	TCB_t const *pxTCB;
1481:Middlewares/Third_Party/FreeRTOS/Source/tasks.c **** 	UBaseType_t uxReturn;
1482:Middlewares/Third_Party/FreeRTOS/Source/tasks.c **** 
1483:Middlewares/Third_Party/FreeRTOS/Source/tasks.c **** 		taskENTER_CRITICAL();
1484:Middlewares/Third_Party/FreeRTOS/Source/tasks.c **** 		{
1485:Middlewares/Third_Party/FreeRTOS/Source/tasks.c **** 			/* If null is passed in here then it is the priority of the task
1486:Middlewares/Third_Party/FreeRTOS/Source/tasks.c **** 			that called uxTaskPriorityGet() that is being queried. */
1487:Middlewares/Third_Party/FreeRTOS/Source/tasks.c **** 			pxTCB = prvGetTCBFromHandle( xTask );
1488:Middlewares/Third_Party/FreeRTOS/Source/tasks.c **** 			uxReturn = pxTCB->uxPriority;
1489:Middlewares/Third_Party/FreeRTOS/Source/tasks.c **** 		}
1490:Middlewares/Third_Party/FreeRTOS/Source/tasks.c **** 		taskEXIT_CRITICAL();
1491:Middlewares/Third_Party/FreeRTOS/Source/tasks.c **** 
1492:Middlewares/Third_Party/FreeRTOS/Source/tasks.c **** 		return uxReturn;
1493:Middlewares/Third_Party/FreeRTOS/Source/tasks.c **** 	}
1494:Middlewares/Third_Party/FreeRTOS/Source/tasks.c **** 
1495:Middlewares/Third_Party/FreeRTOS/Source/tasks.c **** #endif /* INCLUDE_uxTaskPriorityGet */
1496:Middlewares/Third_Party/FreeRTOS/Source/tasks.c **** /*-----------------------------------------------------------*/
1497:Middlewares/Third_Party/FreeRTOS/Source/tasks.c **** 
1498:Middlewares/Third_Party/FreeRTOS/Source/tasks.c **** #if ( INCLUDE_uxTaskPriorityGet == 1 )
1499:Middlewares/Third_Party/FreeRTOS/Source/tasks.c **** 
1500:Middlewares/Third_Party/FreeRTOS/Source/tasks.c **** 	UBaseType_t uxTaskPriorityGetFromISR( const TaskHandle_t xTask )
1501:Middlewares/Third_Party/FreeRTOS/Source/tasks.c **** 	{
1502:Middlewares/Third_Party/FreeRTOS/Source/tasks.c **** 	TCB_t const *pxTCB;
1503:Middlewares/Third_Party/FreeRTOS/Source/tasks.c **** 	UBaseType_t uxReturn, uxSavedInterruptState;
1504:Middlewares/Third_Party/FreeRTOS/Source/tasks.c **** 
1505:Middlewares/Third_Party/FreeRTOS/Source/tasks.c **** 		/* RTOS ports that support interrupt nesting have the concept of a
1506:Middlewares/Third_Party/FreeRTOS/Source/tasks.c **** 		maximum	system call (or maximum API call) interrupt priority.
1507:Middlewares/Third_Party/FreeRTOS/Source/tasks.c **** 		Interrupts that are	above the maximum system call priority are keep
1508:Middlewares/Third_Party/FreeRTOS/Source/tasks.c **** 		permanently enabled, even when the RTOS kernel is in a critical section,
1509:Middlewares/Third_Party/FreeRTOS/Source/tasks.c **** 		but cannot make any calls to FreeRTOS API functions.  If configASSERT()
1510:Middlewares/Third_Party/FreeRTOS/Source/tasks.c **** 		is defined in FreeRTOSConfig.h then
1511:Middlewares/Third_Party/FreeRTOS/Source/tasks.c **** 		portASSERT_IF_INTERRUPT_PRIORITY_INVALID() will result in an assertion
1512:Middlewares/Third_Party/FreeRTOS/Source/tasks.c **** 		failure if a FreeRTOS API function is called from an interrupt that has
1513:Middlewares/Third_Party/FreeRTOS/Source/tasks.c **** 		been assigned a priority above the configured maximum system call
1514:Middlewares/Third_Party/FreeRTOS/Source/tasks.c **** 		priority.  Only FreeRTOS functions that end in FromISR can be called
ARM GAS  C:\Users\Asus\AppData\Local\Temp\cctip26G.s 			page 28


1515:Middlewares/Third_Party/FreeRTOS/Source/tasks.c **** 		from interrupts	that have been assigned a priority at or (logically)
1516:Middlewares/Third_Party/FreeRTOS/Source/tasks.c **** 		below the maximum system call interrupt priority.  FreeRTOS maintains a
1517:Middlewares/Third_Party/FreeRTOS/Source/tasks.c **** 		separate interrupt safe API to ensure interrupt entry is as fast and as
1518:Middlewares/Third_Party/FreeRTOS/Source/tasks.c **** 		simple as possible.  More information (albeit Cortex-M specific) is
1519:Middlewares/Third_Party/FreeRTOS/Source/tasks.c **** 		provided on the following link:
1520:Middlewares/Third_Party/FreeRTOS/Source/tasks.c **** 		https://www.freertos.org/RTOS-Cortex-M3-M4.html */
1521:Middlewares/Third_Party/FreeRTOS/Source/tasks.c **** 		portASSERT_IF_INTERRUPT_PRIORITY_INVALID();
1522:Middlewares/Third_Party/FreeRTOS/Source/tasks.c **** 
1523:Middlewares/Third_Party/FreeRTOS/Source/tasks.c **** 		uxSavedInterruptState = portSET_INTERRUPT_MASK_FROM_ISR();
1524:Middlewares/Third_Party/FreeRTOS/Source/tasks.c **** 		{
1525:Middlewares/Third_Party/FreeRTOS/Source/tasks.c **** 			/* If null is passed in here then it is the priority of the calling
1526:Middlewares/Third_Party/FreeRTOS/Source/tasks.c **** 			task that is being queried. */
1527:Middlewares/Third_Party/FreeRTOS/Source/tasks.c **** 			pxTCB = prvGetTCBFromHandle( xTask );
1528:Middlewares/Third_Party/FreeRTOS/Source/tasks.c **** 			uxReturn = pxTCB->uxPriority;
1529:Middlewares/Third_Party/FreeRTOS/Source/tasks.c **** 		}
1530:Middlewares/Third_Party/FreeRTOS/Source/tasks.c **** 		portCLEAR_INTERRUPT_MASK_FROM_ISR( uxSavedInterruptState );
1531:Middlewares/Third_Party/FreeRTOS/Source/tasks.c **** 
1532:Middlewares/Third_Party/FreeRTOS/Source/tasks.c **** 		return uxReturn;
1533:Middlewares/Third_Party/FreeRTOS/Source/tasks.c **** 	}
1534:Middlewares/Third_Party/FreeRTOS/Source/tasks.c **** 
1535:Middlewares/Third_Party/FreeRTOS/Source/tasks.c **** #endif /* INCLUDE_uxTaskPriorityGet */
1536:Middlewares/Third_Party/FreeRTOS/Source/tasks.c **** /*-----------------------------------------------------------*/
1537:Middlewares/Third_Party/FreeRTOS/Source/tasks.c **** 
1538:Middlewares/Third_Party/FreeRTOS/Source/tasks.c **** #if ( INCLUDE_vTaskPrioritySet == 1 )
1539:Middlewares/Third_Party/FreeRTOS/Source/tasks.c **** 
1540:Middlewares/Third_Party/FreeRTOS/Source/tasks.c **** 	void vTaskPrioritySet( TaskHandle_t xTask, UBaseType_t uxNewPriority )
1541:Middlewares/Third_Party/FreeRTOS/Source/tasks.c **** 	{
1542:Middlewares/Third_Party/FreeRTOS/Source/tasks.c **** 	TCB_t *pxTCB;
1543:Middlewares/Third_Party/FreeRTOS/Source/tasks.c **** 	UBaseType_t uxCurrentBasePriority, uxPriorityUsedOnEntry;
1544:Middlewares/Third_Party/FreeRTOS/Source/tasks.c **** 	BaseType_t xYieldRequired = pdFALSE;
1545:Middlewares/Third_Party/FreeRTOS/Source/tasks.c **** 
1546:Middlewares/Third_Party/FreeRTOS/Source/tasks.c **** 		configASSERT( ( uxNewPriority < configMAX_PRIORITIES ) );
1547:Middlewares/Third_Party/FreeRTOS/Source/tasks.c **** 
1548:Middlewares/Third_Party/FreeRTOS/Source/tasks.c **** 		/* Ensure the new priority is valid. */
1549:Middlewares/Third_Party/FreeRTOS/Source/tasks.c **** 		if( uxNewPriority >= ( UBaseType_t ) configMAX_PRIORITIES )
1550:Middlewares/Third_Party/FreeRTOS/Source/tasks.c **** 		{
1551:Middlewares/Third_Party/FreeRTOS/Source/tasks.c **** 			uxNewPriority = ( UBaseType_t ) configMAX_PRIORITIES - ( UBaseType_t ) 1U;
1552:Middlewares/Third_Party/FreeRTOS/Source/tasks.c **** 		}
1553:Middlewares/Third_Party/FreeRTOS/Source/tasks.c **** 		else
1554:Middlewares/Third_Party/FreeRTOS/Source/tasks.c **** 		{
1555:Middlewares/Third_Party/FreeRTOS/Source/tasks.c **** 			mtCOVERAGE_TEST_MARKER();
1556:Middlewares/Third_Party/FreeRTOS/Source/tasks.c **** 		}
1557:Middlewares/Third_Party/FreeRTOS/Source/tasks.c **** 
1558:Middlewares/Third_Party/FreeRTOS/Source/tasks.c **** 		taskENTER_CRITICAL();
1559:Middlewares/Third_Party/FreeRTOS/Source/tasks.c **** 		{
1560:Middlewares/Third_Party/FreeRTOS/Source/tasks.c **** 			/* If null is passed in here then it is the priority of the calling
1561:Middlewares/Third_Party/FreeRTOS/Source/tasks.c **** 			task that is being changed. */
1562:Middlewares/Third_Party/FreeRTOS/Source/tasks.c **** 			pxTCB = prvGetTCBFromHandle( xTask );
1563:Middlewares/Third_Party/FreeRTOS/Source/tasks.c **** 
1564:Middlewares/Third_Party/FreeRTOS/Source/tasks.c **** 			traceTASK_PRIORITY_SET( pxTCB, uxNewPriority );
1565:Middlewares/Third_Party/FreeRTOS/Source/tasks.c **** 
1566:Middlewares/Third_Party/FreeRTOS/Source/tasks.c **** 			#if ( configUSE_MUTEXES == 1 )
1567:Middlewares/Third_Party/FreeRTOS/Source/tasks.c **** 			{
1568:Middlewares/Third_Party/FreeRTOS/Source/tasks.c **** 				uxCurrentBasePriority = pxTCB->uxBasePriority;
1569:Middlewares/Third_Party/FreeRTOS/Source/tasks.c **** 			}
1570:Middlewares/Third_Party/FreeRTOS/Source/tasks.c **** 			#else
1571:Middlewares/Third_Party/FreeRTOS/Source/tasks.c **** 			{
ARM GAS  C:\Users\Asus\AppData\Local\Temp\cctip26G.s 			page 29


1572:Middlewares/Third_Party/FreeRTOS/Source/tasks.c **** 				uxCurrentBasePriority = pxTCB->uxPriority;
1573:Middlewares/Third_Party/FreeRTOS/Source/tasks.c **** 			}
1574:Middlewares/Third_Party/FreeRTOS/Source/tasks.c **** 			#endif
1575:Middlewares/Third_Party/FreeRTOS/Source/tasks.c **** 
1576:Middlewares/Third_Party/FreeRTOS/Source/tasks.c **** 			if( uxCurrentBasePriority != uxNewPriority )
1577:Middlewares/Third_Party/FreeRTOS/Source/tasks.c **** 			{
1578:Middlewares/Third_Party/FreeRTOS/Source/tasks.c **** 				/* The priority change may have readied a task of higher
1579:Middlewares/Third_Party/FreeRTOS/Source/tasks.c **** 				priority than the calling task. */
1580:Middlewares/Third_Party/FreeRTOS/Source/tasks.c **** 				if( uxNewPriority > uxCurrentBasePriority )
1581:Middlewares/Third_Party/FreeRTOS/Source/tasks.c **** 				{
1582:Middlewares/Third_Party/FreeRTOS/Source/tasks.c **** 					if( pxTCB != pxCurrentTCB )
1583:Middlewares/Third_Party/FreeRTOS/Source/tasks.c **** 					{
1584:Middlewares/Third_Party/FreeRTOS/Source/tasks.c **** 						/* The priority of a task other than the currently
1585:Middlewares/Third_Party/FreeRTOS/Source/tasks.c **** 						running task is being raised.  Is the priority being
1586:Middlewares/Third_Party/FreeRTOS/Source/tasks.c **** 						raised above that of the running task? */
1587:Middlewares/Third_Party/FreeRTOS/Source/tasks.c **** 						if( uxNewPriority >= pxCurrentTCB->uxPriority )
1588:Middlewares/Third_Party/FreeRTOS/Source/tasks.c **** 						{
1589:Middlewares/Third_Party/FreeRTOS/Source/tasks.c **** 							xYieldRequired = pdTRUE;
1590:Middlewares/Third_Party/FreeRTOS/Source/tasks.c **** 						}
1591:Middlewares/Third_Party/FreeRTOS/Source/tasks.c **** 						else
1592:Middlewares/Third_Party/FreeRTOS/Source/tasks.c **** 						{
1593:Middlewares/Third_Party/FreeRTOS/Source/tasks.c **** 							mtCOVERAGE_TEST_MARKER();
1594:Middlewares/Third_Party/FreeRTOS/Source/tasks.c **** 						}
1595:Middlewares/Third_Party/FreeRTOS/Source/tasks.c **** 					}
1596:Middlewares/Third_Party/FreeRTOS/Source/tasks.c **** 					else
1597:Middlewares/Third_Party/FreeRTOS/Source/tasks.c **** 					{
1598:Middlewares/Third_Party/FreeRTOS/Source/tasks.c **** 						/* The priority of the running task is being raised,
1599:Middlewares/Third_Party/FreeRTOS/Source/tasks.c **** 						but the running task must already be the highest
1600:Middlewares/Third_Party/FreeRTOS/Source/tasks.c **** 						priority task able to run so no yield is required. */
1601:Middlewares/Third_Party/FreeRTOS/Source/tasks.c **** 					}
1602:Middlewares/Third_Party/FreeRTOS/Source/tasks.c **** 				}
1603:Middlewares/Third_Party/FreeRTOS/Source/tasks.c **** 				else if( pxTCB == pxCurrentTCB )
1604:Middlewares/Third_Party/FreeRTOS/Source/tasks.c **** 				{
1605:Middlewares/Third_Party/FreeRTOS/Source/tasks.c **** 					/* Setting the priority of the running task down means
1606:Middlewares/Third_Party/FreeRTOS/Source/tasks.c **** 					there may now be another task of higher priority that
1607:Middlewares/Third_Party/FreeRTOS/Source/tasks.c **** 					is ready to execute. */
1608:Middlewares/Third_Party/FreeRTOS/Source/tasks.c **** 					xYieldRequired = pdTRUE;
1609:Middlewares/Third_Party/FreeRTOS/Source/tasks.c **** 				}
1610:Middlewares/Third_Party/FreeRTOS/Source/tasks.c **** 				else
1611:Middlewares/Third_Party/FreeRTOS/Source/tasks.c **** 				{
1612:Middlewares/Third_Party/FreeRTOS/Source/tasks.c **** 					/* Setting the priority of any other task down does not
1613:Middlewares/Third_Party/FreeRTOS/Source/tasks.c **** 					require a yield as the running task must be above the
1614:Middlewares/Third_Party/FreeRTOS/Source/tasks.c **** 					new priority of the task being modified. */
1615:Middlewares/Third_Party/FreeRTOS/Source/tasks.c **** 				}
1616:Middlewares/Third_Party/FreeRTOS/Source/tasks.c **** 
1617:Middlewares/Third_Party/FreeRTOS/Source/tasks.c **** 				/* Remember the ready list the task might be referenced from
1618:Middlewares/Third_Party/FreeRTOS/Source/tasks.c **** 				before its uxPriority member is changed so the
1619:Middlewares/Third_Party/FreeRTOS/Source/tasks.c **** 				taskRESET_READY_PRIORITY() macro can function correctly. */
1620:Middlewares/Third_Party/FreeRTOS/Source/tasks.c **** 				uxPriorityUsedOnEntry = pxTCB->uxPriority;
1621:Middlewares/Third_Party/FreeRTOS/Source/tasks.c **** 
1622:Middlewares/Third_Party/FreeRTOS/Source/tasks.c **** 				#if ( configUSE_MUTEXES == 1 )
1623:Middlewares/Third_Party/FreeRTOS/Source/tasks.c **** 				{
1624:Middlewares/Third_Party/FreeRTOS/Source/tasks.c **** 					/* Only change the priority being used if the task is not
1625:Middlewares/Third_Party/FreeRTOS/Source/tasks.c **** 					currently using an inherited priority. */
1626:Middlewares/Third_Party/FreeRTOS/Source/tasks.c **** 					if( pxTCB->uxBasePriority == pxTCB->uxPriority )
1627:Middlewares/Third_Party/FreeRTOS/Source/tasks.c **** 					{
1628:Middlewares/Third_Party/FreeRTOS/Source/tasks.c **** 						pxTCB->uxPriority = uxNewPriority;
ARM GAS  C:\Users\Asus\AppData\Local\Temp\cctip26G.s 			page 30


1629:Middlewares/Third_Party/FreeRTOS/Source/tasks.c **** 					}
1630:Middlewares/Third_Party/FreeRTOS/Source/tasks.c **** 					else
1631:Middlewares/Third_Party/FreeRTOS/Source/tasks.c **** 					{
1632:Middlewares/Third_Party/FreeRTOS/Source/tasks.c **** 						mtCOVERAGE_TEST_MARKER();
1633:Middlewares/Third_Party/FreeRTOS/Source/tasks.c **** 					}
1634:Middlewares/Third_Party/FreeRTOS/Source/tasks.c **** 
1635:Middlewares/Third_Party/FreeRTOS/Source/tasks.c **** 					/* The base priority gets set whatever. */
1636:Middlewares/Third_Party/FreeRTOS/Source/tasks.c **** 					pxTCB->uxBasePriority = uxNewPriority;
1637:Middlewares/Third_Party/FreeRTOS/Source/tasks.c **** 				}
1638:Middlewares/Third_Party/FreeRTOS/Source/tasks.c **** 				#else
1639:Middlewares/Third_Party/FreeRTOS/Source/tasks.c **** 				{
1640:Middlewares/Third_Party/FreeRTOS/Source/tasks.c **** 					pxTCB->uxPriority = uxNewPriority;
1641:Middlewares/Third_Party/FreeRTOS/Source/tasks.c **** 				}
1642:Middlewares/Third_Party/FreeRTOS/Source/tasks.c **** 				#endif
1643:Middlewares/Third_Party/FreeRTOS/Source/tasks.c **** 
1644:Middlewares/Third_Party/FreeRTOS/Source/tasks.c **** 				/* Only reset the event list item value if the value is not
1645:Middlewares/Third_Party/FreeRTOS/Source/tasks.c **** 				being used for anything else. */
1646:Middlewares/Third_Party/FreeRTOS/Source/tasks.c **** 				if( ( listGET_LIST_ITEM_VALUE( &( pxTCB->xEventListItem ) ) & taskEVENT_LIST_ITEM_VALUE_IN_USE 
1647:Middlewares/Third_Party/FreeRTOS/Source/tasks.c **** 				{
1648:Middlewares/Third_Party/FreeRTOS/Source/tasks.c **** 					listSET_LIST_ITEM_VALUE( &( pxTCB->xEventListItem ), ( ( TickType_t ) configMAX_PRIORITIES - (
1649:Middlewares/Third_Party/FreeRTOS/Source/tasks.c **** 				}
1650:Middlewares/Third_Party/FreeRTOS/Source/tasks.c **** 				else
1651:Middlewares/Third_Party/FreeRTOS/Source/tasks.c **** 				{
1652:Middlewares/Third_Party/FreeRTOS/Source/tasks.c **** 					mtCOVERAGE_TEST_MARKER();
1653:Middlewares/Third_Party/FreeRTOS/Source/tasks.c **** 				}
1654:Middlewares/Third_Party/FreeRTOS/Source/tasks.c **** 
1655:Middlewares/Third_Party/FreeRTOS/Source/tasks.c **** 				/* If the task is in the blocked or suspended list we need do
1656:Middlewares/Third_Party/FreeRTOS/Source/tasks.c **** 				nothing more than change its priority variable. However, if
1657:Middlewares/Third_Party/FreeRTOS/Source/tasks.c **** 				the task is in a ready list it needs to be removed and placed
1658:Middlewares/Third_Party/FreeRTOS/Source/tasks.c **** 				in the list appropriate to its new priority. */
1659:Middlewares/Third_Party/FreeRTOS/Source/tasks.c **** 				if( listIS_CONTAINED_WITHIN( &( pxReadyTasksLists[ uxPriorityUsedOnEntry ] ), &( pxTCB->xStateL
1660:Middlewares/Third_Party/FreeRTOS/Source/tasks.c **** 				{
1661:Middlewares/Third_Party/FreeRTOS/Source/tasks.c **** 					/* The task is currently in its ready list - remove before
1662:Middlewares/Third_Party/FreeRTOS/Source/tasks.c **** 					adding it to it's new ready list.  As we are in a critical
1663:Middlewares/Third_Party/FreeRTOS/Source/tasks.c **** 					section we can do this even if the scheduler is suspended. */
1664:Middlewares/Third_Party/FreeRTOS/Source/tasks.c **** 					if( uxListRemove( &( pxTCB->xStateListItem ) ) == ( UBaseType_t ) 0 )
1665:Middlewares/Third_Party/FreeRTOS/Source/tasks.c **** 					{
1666:Middlewares/Third_Party/FreeRTOS/Source/tasks.c **** 						/* It is known that the task is in its ready list so
1667:Middlewares/Third_Party/FreeRTOS/Source/tasks.c **** 						there is no need to check again and the port level
1668:Middlewares/Third_Party/FreeRTOS/Source/tasks.c **** 						reset macro can be called directly. */
1669:Middlewares/Third_Party/FreeRTOS/Source/tasks.c **** 						portRESET_READY_PRIORITY( uxPriorityUsedOnEntry, uxTopReadyPriority );
1670:Middlewares/Third_Party/FreeRTOS/Source/tasks.c **** 					}
1671:Middlewares/Third_Party/FreeRTOS/Source/tasks.c **** 					else
1672:Middlewares/Third_Party/FreeRTOS/Source/tasks.c **** 					{
1673:Middlewares/Third_Party/FreeRTOS/Source/tasks.c **** 						mtCOVERAGE_TEST_MARKER();
1674:Middlewares/Third_Party/FreeRTOS/Source/tasks.c **** 					}
1675:Middlewares/Third_Party/FreeRTOS/Source/tasks.c **** 					prvAddTaskToReadyList( pxTCB );
1676:Middlewares/Third_Party/FreeRTOS/Source/tasks.c **** 				}
1677:Middlewares/Third_Party/FreeRTOS/Source/tasks.c **** 				else
1678:Middlewares/Third_Party/FreeRTOS/Source/tasks.c **** 				{
1679:Middlewares/Third_Party/FreeRTOS/Source/tasks.c **** 					mtCOVERAGE_TEST_MARKER();
1680:Middlewares/Third_Party/FreeRTOS/Source/tasks.c **** 				}
1681:Middlewares/Third_Party/FreeRTOS/Source/tasks.c **** 
1682:Middlewares/Third_Party/FreeRTOS/Source/tasks.c **** 				if( xYieldRequired != pdFALSE )
1683:Middlewares/Third_Party/FreeRTOS/Source/tasks.c **** 				{
1684:Middlewares/Third_Party/FreeRTOS/Source/tasks.c **** 					taskYIELD_IF_USING_PREEMPTION();
1685:Middlewares/Third_Party/FreeRTOS/Source/tasks.c **** 				}
ARM GAS  C:\Users\Asus\AppData\Local\Temp\cctip26G.s 			page 31


1686:Middlewares/Third_Party/FreeRTOS/Source/tasks.c **** 				else
1687:Middlewares/Third_Party/FreeRTOS/Source/tasks.c **** 				{
1688:Middlewares/Third_Party/FreeRTOS/Source/tasks.c **** 					mtCOVERAGE_TEST_MARKER();
1689:Middlewares/Third_Party/FreeRTOS/Source/tasks.c **** 				}
1690:Middlewares/Third_Party/FreeRTOS/Source/tasks.c **** 
1691:Middlewares/Third_Party/FreeRTOS/Source/tasks.c **** 				/* Remove compiler warning about unused variables when the port
1692:Middlewares/Third_Party/FreeRTOS/Source/tasks.c **** 				optimised task selection is not being used. */
1693:Middlewares/Third_Party/FreeRTOS/Source/tasks.c **** 				( void ) uxPriorityUsedOnEntry;
1694:Middlewares/Third_Party/FreeRTOS/Source/tasks.c **** 			}
1695:Middlewares/Third_Party/FreeRTOS/Source/tasks.c **** 		}
1696:Middlewares/Third_Party/FreeRTOS/Source/tasks.c **** 		taskEXIT_CRITICAL();
1697:Middlewares/Third_Party/FreeRTOS/Source/tasks.c **** 	}
1698:Middlewares/Third_Party/FreeRTOS/Source/tasks.c **** 
1699:Middlewares/Third_Party/FreeRTOS/Source/tasks.c **** #endif /* INCLUDE_vTaskPrioritySet */
1700:Middlewares/Third_Party/FreeRTOS/Source/tasks.c **** /*-----------------------------------------------------------*/
1701:Middlewares/Third_Party/FreeRTOS/Source/tasks.c **** 
1702:Middlewares/Third_Party/FreeRTOS/Source/tasks.c **** #if ( INCLUDE_vTaskSuspend == 1 )
1703:Middlewares/Third_Party/FreeRTOS/Source/tasks.c **** 
1704:Middlewares/Third_Party/FreeRTOS/Source/tasks.c **** 	void vTaskSuspend( TaskHandle_t xTaskToSuspend )
1705:Middlewares/Third_Party/FreeRTOS/Source/tasks.c **** 	{
1706:Middlewares/Third_Party/FreeRTOS/Source/tasks.c **** 	TCB_t *pxTCB;
1707:Middlewares/Third_Party/FreeRTOS/Source/tasks.c **** 
1708:Middlewares/Third_Party/FreeRTOS/Source/tasks.c **** 		taskENTER_CRITICAL();
1709:Middlewares/Third_Party/FreeRTOS/Source/tasks.c **** 		{
1710:Middlewares/Third_Party/FreeRTOS/Source/tasks.c **** 			/* If null is passed in here then it is the running task that is
1711:Middlewares/Third_Party/FreeRTOS/Source/tasks.c **** 			being suspended. */
1712:Middlewares/Third_Party/FreeRTOS/Source/tasks.c **** 			pxTCB = prvGetTCBFromHandle( xTaskToSuspend );
1713:Middlewares/Third_Party/FreeRTOS/Source/tasks.c **** 
1714:Middlewares/Third_Party/FreeRTOS/Source/tasks.c **** 			traceTASK_SUSPEND( pxTCB );
1715:Middlewares/Third_Party/FreeRTOS/Source/tasks.c **** 
1716:Middlewares/Third_Party/FreeRTOS/Source/tasks.c **** 			/* Remove task from the ready/delayed list and place in the
1717:Middlewares/Third_Party/FreeRTOS/Source/tasks.c **** 			suspended list. */
1718:Middlewares/Third_Party/FreeRTOS/Source/tasks.c **** 			if( uxListRemove( &( pxTCB->xStateListItem ) ) == ( UBaseType_t ) 0 )
1719:Middlewares/Third_Party/FreeRTOS/Source/tasks.c **** 			{
1720:Middlewares/Third_Party/FreeRTOS/Source/tasks.c **** 				taskRESET_READY_PRIORITY( pxTCB->uxPriority );
1721:Middlewares/Third_Party/FreeRTOS/Source/tasks.c **** 			}
1722:Middlewares/Third_Party/FreeRTOS/Source/tasks.c **** 			else
1723:Middlewares/Third_Party/FreeRTOS/Source/tasks.c **** 			{
1724:Middlewares/Third_Party/FreeRTOS/Source/tasks.c **** 				mtCOVERAGE_TEST_MARKER();
1725:Middlewares/Third_Party/FreeRTOS/Source/tasks.c **** 			}
1726:Middlewares/Third_Party/FreeRTOS/Source/tasks.c **** 
1727:Middlewares/Third_Party/FreeRTOS/Source/tasks.c **** 			/* Is the task waiting on an event also? */
1728:Middlewares/Third_Party/FreeRTOS/Source/tasks.c **** 			if( listLIST_ITEM_CONTAINER( &( pxTCB->xEventListItem ) ) != NULL )
1729:Middlewares/Third_Party/FreeRTOS/Source/tasks.c **** 			{
1730:Middlewares/Third_Party/FreeRTOS/Source/tasks.c **** 				( void ) uxListRemove( &( pxTCB->xEventListItem ) );
1731:Middlewares/Third_Party/FreeRTOS/Source/tasks.c **** 			}
1732:Middlewares/Third_Party/FreeRTOS/Source/tasks.c **** 			else
1733:Middlewares/Third_Party/FreeRTOS/Source/tasks.c **** 			{
1734:Middlewares/Third_Party/FreeRTOS/Source/tasks.c **** 				mtCOVERAGE_TEST_MARKER();
1735:Middlewares/Third_Party/FreeRTOS/Source/tasks.c **** 			}
1736:Middlewares/Third_Party/FreeRTOS/Source/tasks.c **** 
1737:Middlewares/Third_Party/FreeRTOS/Source/tasks.c **** 			vListInsertEnd( &xSuspendedTaskList, &( pxTCB->xStateListItem ) );
1738:Middlewares/Third_Party/FreeRTOS/Source/tasks.c **** 
1739:Middlewares/Third_Party/FreeRTOS/Source/tasks.c **** 			#if( configUSE_TASK_NOTIFICATIONS == 1 )
1740:Middlewares/Third_Party/FreeRTOS/Source/tasks.c **** 			{
1741:Middlewares/Third_Party/FreeRTOS/Source/tasks.c **** 				if( pxTCB->ucNotifyState == taskWAITING_NOTIFICATION )
1742:Middlewares/Third_Party/FreeRTOS/Source/tasks.c **** 				{
ARM GAS  C:\Users\Asus\AppData\Local\Temp\cctip26G.s 			page 32


1743:Middlewares/Third_Party/FreeRTOS/Source/tasks.c **** 					/* The task was blocked to wait for a notification, but is
1744:Middlewares/Third_Party/FreeRTOS/Source/tasks.c **** 					now suspended, so no notification was received. */
1745:Middlewares/Third_Party/FreeRTOS/Source/tasks.c **** 					pxTCB->ucNotifyState = taskNOT_WAITING_NOTIFICATION;
1746:Middlewares/Third_Party/FreeRTOS/Source/tasks.c **** 				}
1747:Middlewares/Third_Party/FreeRTOS/Source/tasks.c **** 			}
1748:Middlewares/Third_Party/FreeRTOS/Source/tasks.c **** 			#endif
1749:Middlewares/Third_Party/FreeRTOS/Source/tasks.c **** 		}
1750:Middlewares/Third_Party/FreeRTOS/Source/tasks.c **** 		taskEXIT_CRITICAL();
1751:Middlewares/Third_Party/FreeRTOS/Source/tasks.c **** 
1752:Middlewares/Third_Party/FreeRTOS/Source/tasks.c **** 		if( xSchedulerRunning != pdFALSE )
1753:Middlewares/Third_Party/FreeRTOS/Source/tasks.c **** 		{
1754:Middlewares/Third_Party/FreeRTOS/Source/tasks.c **** 			/* Reset the next expected unblock time in case it referred to the
1755:Middlewares/Third_Party/FreeRTOS/Source/tasks.c **** 			task that is now in the Suspended state. */
1756:Middlewares/Third_Party/FreeRTOS/Source/tasks.c **** 			taskENTER_CRITICAL();
1757:Middlewares/Third_Party/FreeRTOS/Source/tasks.c **** 			{
1758:Middlewares/Third_Party/FreeRTOS/Source/tasks.c **** 				prvResetNextTaskUnblockTime();
1759:Middlewares/Third_Party/FreeRTOS/Source/tasks.c **** 			}
1760:Middlewares/Third_Party/FreeRTOS/Source/tasks.c **** 			taskEXIT_CRITICAL();
1761:Middlewares/Third_Party/FreeRTOS/Source/tasks.c **** 		}
1762:Middlewares/Third_Party/FreeRTOS/Source/tasks.c **** 		else
1763:Middlewares/Third_Party/FreeRTOS/Source/tasks.c **** 		{
1764:Middlewares/Third_Party/FreeRTOS/Source/tasks.c **** 			mtCOVERAGE_TEST_MARKER();
1765:Middlewares/Third_Party/FreeRTOS/Source/tasks.c **** 		}
1766:Middlewares/Third_Party/FreeRTOS/Source/tasks.c **** 
1767:Middlewares/Third_Party/FreeRTOS/Source/tasks.c **** 		if( pxTCB == pxCurrentTCB )
1768:Middlewares/Third_Party/FreeRTOS/Source/tasks.c **** 		{
1769:Middlewares/Third_Party/FreeRTOS/Source/tasks.c **** 			if( xSchedulerRunning != pdFALSE )
1770:Middlewares/Third_Party/FreeRTOS/Source/tasks.c **** 			{
1771:Middlewares/Third_Party/FreeRTOS/Source/tasks.c **** 				/* The current task has just been suspended. */
1772:Middlewares/Third_Party/FreeRTOS/Source/tasks.c **** 				configASSERT( uxSchedulerSuspended == 0 );
1773:Middlewares/Third_Party/FreeRTOS/Source/tasks.c **** 				portYIELD_WITHIN_API();
1774:Middlewares/Third_Party/FreeRTOS/Source/tasks.c **** 			}
1775:Middlewares/Third_Party/FreeRTOS/Source/tasks.c **** 			else
1776:Middlewares/Third_Party/FreeRTOS/Source/tasks.c **** 			{
1777:Middlewares/Third_Party/FreeRTOS/Source/tasks.c **** 				/* The scheduler is not running, but the task that was pointed
1778:Middlewares/Third_Party/FreeRTOS/Source/tasks.c **** 				to by pxCurrentTCB has just been suspended and pxCurrentTCB
1779:Middlewares/Third_Party/FreeRTOS/Source/tasks.c **** 				must be adjusted to point to a different task. */
1780:Middlewares/Third_Party/FreeRTOS/Source/tasks.c **** 				if( listCURRENT_LIST_LENGTH( &xSuspendedTaskList ) == uxCurrentNumberOfTasks ) /*lint !e931 Rig
1781:Middlewares/Third_Party/FreeRTOS/Source/tasks.c **** 				{
1782:Middlewares/Third_Party/FreeRTOS/Source/tasks.c **** 					/* No other tasks are ready, so set pxCurrentTCB back to
1783:Middlewares/Third_Party/FreeRTOS/Source/tasks.c **** 					NULL so when the next task is created pxCurrentTCB will
1784:Middlewares/Third_Party/FreeRTOS/Source/tasks.c **** 					be set to point to it no matter what its relative priority
1785:Middlewares/Third_Party/FreeRTOS/Source/tasks.c **** 					is. */
1786:Middlewares/Third_Party/FreeRTOS/Source/tasks.c **** 					pxCurrentTCB = NULL;
1787:Middlewares/Third_Party/FreeRTOS/Source/tasks.c **** 				}
1788:Middlewares/Third_Party/FreeRTOS/Source/tasks.c **** 				else
1789:Middlewares/Third_Party/FreeRTOS/Source/tasks.c **** 				{
1790:Middlewares/Third_Party/FreeRTOS/Source/tasks.c **** 					vTaskSwitchContext();
1791:Middlewares/Third_Party/FreeRTOS/Source/tasks.c **** 				}
1792:Middlewares/Third_Party/FreeRTOS/Source/tasks.c **** 			}
1793:Middlewares/Third_Party/FreeRTOS/Source/tasks.c **** 		}
1794:Middlewares/Third_Party/FreeRTOS/Source/tasks.c **** 		else
1795:Middlewares/Third_Party/FreeRTOS/Source/tasks.c **** 		{
1796:Middlewares/Third_Party/FreeRTOS/Source/tasks.c **** 			mtCOVERAGE_TEST_MARKER();
1797:Middlewares/Third_Party/FreeRTOS/Source/tasks.c **** 		}
1798:Middlewares/Third_Party/FreeRTOS/Source/tasks.c **** 	}
1799:Middlewares/Third_Party/FreeRTOS/Source/tasks.c **** 
ARM GAS  C:\Users\Asus\AppData\Local\Temp\cctip26G.s 			page 33


1800:Middlewares/Third_Party/FreeRTOS/Source/tasks.c **** #endif /* INCLUDE_vTaskSuspend */
1801:Middlewares/Third_Party/FreeRTOS/Source/tasks.c **** /*-----------------------------------------------------------*/
1802:Middlewares/Third_Party/FreeRTOS/Source/tasks.c **** 
1803:Middlewares/Third_Party/FreeRTOS/Source/tasks.c **** #if ( INCLUDE_vTaskSuspend == 1 )
1804:Middlewares/Third_Party/FreeRTOS/Source/tasks.c **** 
1805:Middlewares/Third_Party/FreeRTOS/Source/tasks.c **** 	static BaseType_t prvTaskIsTaskSuspended( const TaskHandle_t xTask )
1806:Middlewares/Third_Party/FreeRTOS/Source/tasks.c **** 	{
  27              		.loc 1 1806 2 view -0
  28              		.cfi_startproc
  29              		@ args = 0, pretend = 0, frame = 0
  30              		@ frame_needed = 0, uses_anonymous_args = 0
  31              		@ link register save eliminated.
1807:Middlewares/Third_Party/FreeRTOS/Source/tasks.c **** 	BaseType_t xReturn = pdFALSE;
  32              		.loc 1 1807 2 view .LVU1
1808:Middlewares/Third_Party/FreeRTOS/Source/tasks.c **** 	const TCB_t * const pxTCB = xTask;
  33              		.loc 1 1808 2 view .LVU2
1809:Middlewares/Third_Party/FreeRTOS/Source/tasks.c **** 
1810:Middlewares/Third_Party/FreeRTOS/Source/tasks.c **** 		/* Accesses xPendingReadyList so must be called from a critical
1811:Middlewares/Third_Party/FreeRTOS/Source/tasks.c **** 		section. */
1812:Middlewares/Third_Party/FreeRTOS/Source/tasks.c **** 
1813:Middlewares/Third_Party/FreeRTOS/Source/tasks.c **** 		/* It does not make sense to check if the calling task is suspended. */
1814:Middlewares/Third_Party/FreeRTOS/Source/tasks.c **** 		configASSERT( xTask );
  34              		.loc 1 1814 3 view .LVU3
  35 0000 0028     		cmp	r0, #0
  36 0002 05D0     		beq	.L8
  37              		.loc 1 1814 24 discriminator 2 view .LVU4
1815:Middlewares/Third_Party/FreeRTOS/Source/tasks.c **** 
1816:Middlewares/Third_Party/FreeRTOS/Source/tasks.c **** 		/* Is the task being resumed actually in the suspended list? */
1817:Middlewares/Third_Party/FreeRTOS/Source/tasks.c **** 		if( listIS_CONTAINED_WITHIN( &xSuspendedTaskList, &( pxTCB->xStateListItem ) ) != pdFALSE )
  38              		.loc 1 1817 3 discriminator 2 view .LVU5
  39              		.loc 1 1817 7 is_stmt 0 discriminator 2 view .LVU6
  40 0004 4269     		ldr	r2, [r0, #20]
  41              		.loc 1 1817 5 discriminator 2 view .LVU7
  42 0006 094B     		ldr	r3, .L10
  43 0008 9A42     		cmp	r2, r3
  44 000a 03D0     		beq	.L9
1807:Middlewares/Third_Party/FreeRTOS/Source/tasks.c **** 	const TCB_t * const pxTCB = xTask;
  45              		.loc 1 1807 13 view .LVU8
  46 000c 0020     		movs	r0, #0
  47              	.LVL1:
  48              	.L1:
1818:Middlewares/Third_Party/FreeRTOS/Source/tasks.c **** 		{
1819:Middlewares/Third_Party/FreeRTOS/Source/tasks.c **** 			/* Has the task already been resumed from within an ISR? */
1820:Middlewares/Third_Party/FreeRTOS/Source/tasks.c **** 			if( listIS_CONTAINED_WITHIN( &xPendingReadyList, &( pxTCB->xEventListItem ) ) == pdFALSE )
1821:Middlewares/Third_Party/FreeRTOS/Source/tasks.c **** 			{
1822:Middlewares/Third_Party/FreeRTOS/Source/tasks.c **** 				/* Is it in the suspended list because it is in the	Suspended
1823:Middlewares/Third_Party/FreeRTOS/Source/tasks.c **** 				state, or because is is blocked with no timeout? */
1824:Middlewares/Third_Party/FreeRTOS/Source/tasks.c **** 				if( listIS_CONTAINED_WITHIN( NULL, &( pxTCB->xEventListItem ) ) != pdFALSE ) /*lint !e961.  The
1825:Middlewares/Third_Party/FreeRTOS/Source/tasks.c **** 				{
1826:Middlewares/Third_Party/FreeRTOS/Source/tasks.c **** 					xReturn = pdTRUE;
1827:Middlewares/Third_Party/FreeRTOS/Source/tasks.c **** 				}
1828:Middlewares/Third_Party/FreeRTOS/Source/tasks.c **** 				else
1829:Middlewares/Third_Party/FreeRTOS/Source/tasks.c **** 				{
1830:Middlewares/Third_Party/FreeRTOS/Source/tasks.c **** 					mtCOVERAGE_TEST_MARKER();
1831:Middlewares/Third_Party/FreeRTOS/Source/tasks.c **** 				}
1832:Middlewares/Third_Party/FreeRTOS/Source/tasks.c **** 			}
1833:Middlewares/Third_Party/FreeRTOS/Source/tasks.c **** 			else
ARM GAS  C:\Users\Asus\AppData\Local\Temp\cctip26G.s 			page 34


1834:Middlewares/Third_Party/FreeRTOS/Source/tasks.c **** 			{
1835:Middlewares/Third_Party/FreeRTOS/Source/tasks.c **** 				mtCOVERAGE_TEST_MARKER();
1836:Middlewares/Third_Party/FreeRTOS/Source/tasks.c **** 			}
1837:Middlewares/Third_Party/FreeRTOS/Source/tasks.c **** 		}
1838:Middlewares/Third_Party/FreeRTOS/Source/tasks.c **** 		else
1839:Middlewares/Third_Party/FreeRTOS/Source/tasks.c **** 		{
1840:Middlewares/Third_Party/FreeRTOS/Source/tasks.c **** 			mtCOVERAGE_TEST_MARKER();
1841:Middlewares/Third_Party/FreeRTOS/Source/tasks.c **** 		}
1842:Middlewares/Third_Party/FreeRTOS/Source/tasks.c **** 
1843:Middlewares/Third_Party/FreeRTOS/Source/tasks.c **** 		return xReturn;
1844:Middlewares/Third_Party/FreeRTOS/Source/tasks.c **** 	} /*lint !e818 xTask cannot be a pointer to const because it is a typedef. */
  49              		.loc 1 1844 2 view .LVU9
  50              		@ sp needed
  51 000e 7047     		bx	lr
  52              	.LVL2:
  53              	.L8:
1814:Middlewares/Third_Party/FreeRTOS/Source/tasks.c **** 
  54              		.loc 1 1814 3 is_stmt 1 discriminator 1 view .LVU10
  55              		.syntax divided
  56              	@ 1814 "Middlewares/Third_Party/FreeRTOS/Source/tasks.c" 1
  57 0010 72B6     		 cpsid i 
  58              	@ 0 "" 2
  59              		.thumb
  60              		.syntax unified
  61              	.L3:
1814:Middlewares/Third_Party/FreeRTOS/Source/tasks.c **** 
  62              		.loc 1 1814 3 discriminator 1 view .LVU11
1814:Middlewares/Third_Party/FreeRTOS/Source/tasks.c **** 
  63              		.loc 1 1814 3 discriminator 1 view .LVU12
  64 0012 FEE7     		b	.L3
  65              	.L9:
1820:Middlewares/Third_Party/FreeRTOS/Source/tasks.c **** 			{
  66              		.loc 1 1820 4 view .LVU13
1820:Middlewares/Third_Party/FreeRTOS/Source/tasks.c **** 			{
  67              		.loc 1 1820 8 is_stmt 0 view .LVU14
  68 0014 836A     		ldr	r3, [r0, #40]
1820:Middlewares/Third_Party/FreeRTOS/Source/tasks.c **** 			{
  69              		.loc 1 1820 6 view .LVU15
  70 0016 064A     		ldr	r2, .L10+4
  71 0018 9342     		cmp	r3, r2
  72 001a 03D0     		beq	.L6
1824:Middlewares/Third_Party/FreeRTOS/Source/tasks.c **** 				{
  73              		.loc 1 1824 5 is_stmt 1 view .LVU16
1824:Middlewares/Third_Party/FreeRTOS/Source/tasks.c **** 				{
  74              		.loc 1 1824 7 is_stmt 0 view .LVU17
  75 001c 002B     		cmp	r3, #0
  76 001e 03D0     		beq	.L7
1807:Middlewares/Third_Party/FreeRTOS/Source/tasks.c **** 	const TCB_t * const pxTCB = xTask;
  77              		.loc 1 1807 13 view .LVU18
  78 0020 0020     		movs	r0, #0
  79              	.LVL3:
1807:Middlewares/Third_Party/FreeRTOS/Source/tasks.c **** 	const TCB_t * const pxTCB = xTask;
  80              		.loc 1 1807 13 view .LVU19
  81 0022 F4E7     		b	.L1
  82              	.LVL4:
  83              	.L6:
1807:Middlewares/Third_Party/FreeRTOS/Source/tasks.c **** 	const TCB_t * const pxTCB = xTask;
ARM GAS  C:\Users\Asus\AppData\Local\Temp\cctip26G.s 			page 35


  84              		.loc 1 1807 13 view .LVU20
  85 0024 0020     		movs	r0, #0
  86              	.LVL5:
1807:Middlewares/Third_Party/FreeRTOS/Source/tasks.c **** 	const TCB_t * const pxTCB = xTask;
  87              		.loc 1 1807 13 view .LVU21
  88 0026 F2E7     		b	.L1
  89              	.LVL6:
  90              	.L7:
1826:Middlewares/Third_Party/FreeRTOS/Source/tasks.c **** 				}
  91              		.loc 1 1826 14 view .LVU22
  92 0028 0120     		movs	r0, #1
  93              	.LVL7:
1840:Middlewares/Third_Party/FreeRTOS/Source/tasks.c **** 		}
  94              		.loc 1 1840 28 is_stmt 1 view .LVU23
1843:Middlewares/Third_Party/FreeRTOS/Source/tasks.c **** 	} /*lint !e818 xTask cannot be a pointer to const because it is a typedef. */
  95              		.loc 1 1843 3 view .LVU24
1843:Middlewares/Third_Party/FreeRTOS/Source/tasks.c **** 	} /*lint !e818 xTask cannot be a pointer to const because it is a typedef. */
  96              		.loc 1 1843 10 is_stmt 0 view .LVU25
  97 002a F0E7     		b	.L1
  98              	.L11:
  99              		.align	2
 100              	.L10:
 101 002c 00000000 		.word	xSuspendedTaskList
 102 0030 00000000 		.word	xPendingReadyList
 103              		.cfi_endproc
 104              	.LFE9:
 106              		.section	.text.prvResetNextTaskUnblockTime,"ax",%progbits
 107              		.align	1
 108              		.syntax unified
 109              		.code	16
 110              		.thumb_func
 112              	prvResetNextTaskUnblockTime:
 113              	.LFB35:
1845:Middlewares/Third_Party/FreeRTOS/Source/tasks.c **** 
1846:Middlewares/Third_Party/FreeRTOS/Source/tasks.c **** #endif /* INCLUDE_vTaskSuspend */
1847:Middlewares/Third_Party/FreeRTOS/Source/tasks.c **** /*-----------------------------------------------------------*/
1848:Middlewares/Third_Party/FreeRTOS/Source/tasks.c **** 
1849:Middlewares/Third_Party/FreeRTOS/Source/tasks.c **** #if ( INCLUDE_vTaskSuspend == 1 )
1850:Middlewares/Third_Party/FreeRTOS/Source/tasks.c **** 
1851:Middlewares/Third_Party/FreeRTOS/Source/tasks.c **** 	void vTaskResume( TaskHandle_t xTaskToResume )
1852:Middlewares/Third_Party/FreeRTOS/Source/tasks.c **** 	{
1853:Middlewares/Third_Party/FreeRTOS/Source/tasks.c **** 	TCB_t * const pxTCB = xTaskToResume;
1854:Middlewares/Third_Party/FreeRTOS/Source/tasks.c **** 
1855:Middlewares/Third_Party/FreeRTOS/Source/tasks.c **** 		/* It does not make sense to resume the calling task. */
1856:Middlewares/Third_Party/FreeRTOS/Source/tasks.c **** 		configASSERT( xTaskToResume );
1857:Middlewares/Third_Party/FreeRTOS/Source/tasks.c **** 
1858:Middlewares/Third_Party/FreeRTOS/Source/tasks.c **** 		/* The parameter cannot be NULL as it is impossible to resume the
1859:Middlewares/Third_Party/FreeRTOS/Source/tasks.c **** 		currently executing task. */
1860:Middlewares/Third_Party/FreeRTOS/Source/tasks.c **** 		if( ( pxTCB != pxCurrentTCB ) && ( pxTCB != NULL ) )
1861:Middlewares/Third_Party/FreeRTOS/Source/tasks.c **** 		{
1862:Middlewares/Third_Party/FreeRTOS/Source/tasks.c **** 			taskENTER_CRITICAL();
1863:Middlewares/Third_Party/FreeRTOS/Source/tasks.c **** 			{
1864:Middlewares/Third_Party/FreeRTOS/Source/tasks.c **** 				if( prvTaskIsTaskSuspended( pxTCB ) != pdFALSE )
1865:Middlewares/Third_Party/FreeRTOS/Source/tasks.c **** 				{
1866:Middlewares/Third_Party/FreeRTOS/Source/tasks.c **** 					traceTASK_RESUME( pxTCB );
1867:Middlewares/Third_Party/FreeRTOS/Source/tasks.c **** 
1868:Middlewares/Third_Party/FreeRTOS/Source/tasks.c **** 					/* The ready list can be accessed even if the scheduler is
ARM GAS  C:\Users\Asus\AppData\Local\Temp\cctip26G.s 			page 36


1869:Middlewares/Third_Party/FreeRTOS/Source/tasks.c **** 					suspended because this is inside a critical section. */
1870:Middlewares/Third_Party/FreeRTOS/Source/tasks.c **** 					( void ) uxListRemove(  &( pxTCB->xStateListItem ) );
1871:Middlewares/Third_Party/FreeRTOS/Source/tasks.c **** 					prvAddTaskToReadyList( pxTCB );
1872:Middlewares/Third_Party/FreeRTOS/Source/tasks.c **** 
1873:Middlewares/Third_Party/FreeRTOS/Source/tasks.c **** 					/* A higher priority task may have just been resumed. */
1874:Middlewares/Third_Party/FreeRTOS/Source/tasks.c **** 					if( pxTCB->uxPriority >= pxCurrentTCB->uxPriority )
1875:Middlewares/Third_Party/FreeRTOS/Source/tasks.c **** 					{
1876:Middlewares/Third_Party/FreeRTOS/Source/tasks.c **** 						/* This yield may not cause the task just resumed to run,
1877:Middlewares/Third_Party/FreeRTOS/Source/tasks.c **** 						but will leave the lists in the correct state for the
1878:Middlewares/Third_Party/FreeRTOS/Source/tasks.c **** 						next yield. */
1879:Middlewares/Third_Party/FreeRTOS/Source/tasks.c **** 						taskYIELD_IF_USING_PREEMPTION();
1880:Middlewares/Third_Party/FreeRTOS/Source/tasks.c **** 					}
1881:Middlewares/Third_Party/FreeRTOS/Source/tasks.c **** 					else
1882:Middlewares/Third_Party/FreeRTOS/Source/tasks.c **** 					{
1883:Middlewares/Third_Party/FreeRTOS/Source/tasks.c **** 						mtCOVERAGE_TEST_MARKER();
1884:Middlewares/Third_Party/FreeRTOS/Source/tasks.c **** 					}
1885:Middlewares/Third_Party/FreeRTOS/Source/tasks.c **** 				}
1886:Middlewares/Third_Party/FreeRTOS/Source/tasks.c **** 				else
1887:Middlewares/Third_Party/FreeRTOS/Source/tasks.c **** 				{
1888:Middlewares/Third_Party/FreeRTOS/Source/tasks.c **** 					mtCOVERAGE_TEST_MARKER();
1889:Middlewares/Third_Party/FreeRTOS/Source/tasks.c **** 				}
1890:Middlewares/Third_Party/FreeRTOS/Source/tasks.c **** 			}
1891:Middlewares/Third_Party/FreeRTOS/Source/tasks.c **** 			taskEXIT_CRITICAL();
1892:Middlewares/Third_Party/FreeRTOS/Source/tasks.c **** 		}
1893:Middlewares/Third_Party/FreeRTOS/Source/tasks.c **** 		else
1894:Middlewares/Third_Party/FreeRTOS/Source/tasks.c **** 		{
1895:Middlewares/Third_Party/FreeRTOS/Source/tasks.c **** 			mtCOVERAGE_TEST_MARKER();
1896:Middlewares/Third_Party/FreeRTOS/Source/tasks.c **** 		}
1897:Middlewares/Third_Party/FreeRTOS/Source/tasks.c **** 	}
1898:Middlewares/Third_Party/FreeRTOS/Source/tasks.c **** 
1899:Middlewares/Third_Party/FreeRTOS/Source/tasks.c **** #endif /* INCLUDE_vTaskSuspend */
1900:Middlewares/Third_Party/FreeRTOS/Source/tasks.c **** 
1901:Middlewares/Third_Party/FreeRTOS/Source/tasks.c **** /*-----------------------------------------------------------*/
1902:Middlewares/Third_Party/FreeRTOS/Source/tasks.c **** 
1903:Middlewares/Third_Party/FreeRTOS/Source/tasks.c **** #if ( ( INCLUDE_xTaskResumeFromISR == 1 ) && ( INCLUDE_vTaskSuspend == 1 ) )
1904:Middlewares/Third_Party/FreeRTOS/Source/tasks.c **** 
1905:Middlewares/Third_Party/FreeRTOS/Source/tasks.c **** 	BaseType_t xTaskResumeFromISR( TaskHandle_t xTaskToResume )
1906:Middlewares/Third_Party/FreeRTOS/Source/tasks.c **** 	{
1907:Middlewares/Third_Party/FreeRTOS/Source/tasks.c **** 	BaseType_t xYieldRequired = pdFALSE;
1908:Middlewares/Third_Party/FreeRTOS/Source/tasks.c **** 	TCB_t * const pxTCB = xTaskToResume;
1909:Middlewares/Third_Party/FreeRTOS/Source/tasks.c **** 	UBaseType_t uxSavedInterruptStatus;
1910:Middlewares/Third_Party/FreeRTOS/Source/tasks.c **** 
1911:Middlewares/Third_Party/FreeRTOS/Source/tasks.c **** 		configASSERT( xTaskToResume );
1912:Middlewares/Third_Party/FreeRTOS/Source/tasks.c **** 
1913:Middlewares/Third_Party/FreeRTOS/Source/tasks.c **** 		/* RTOS ports that support interrupt nesting have the concept of a
1914:Middlewares/Third_Party/FreeRTOS/Source/tasks.c **** 		maximum	system call (or maximum API call) interrupt priority.
1915:Middlewares/Third_Party/FreeRTOS/Source/tasks.c **** 		Interrupts that are	above the maximum system call priority are keep
1916:Middlewares/Third_Party/FreeRTOS/Source/tasks.c **** 		permanently enabled, even when the RTOS kernel is in a critical section,
1917:Middlewares/Third_Party/FreeRTOS/Source/tasks.c **** 		but cannot make any calls to FreeRTOS API functions.  If configASSERT()
1918:Middlewares/Third_Party/FreeRTOS/Source/tasks.c **** 		is defined in FreeRTOSConfig.h then
1919:Middlewares/Third_Party/FreeRTOS/Source/tasks.c **** 		portASSERT_IF_INTERRUPT_PRIORITY_INVALID() will result in an assertion
1920:Middlewares/Third_Party/FreeRTOS/Source/tasks.c **** 		failure if a FreeRTOS API function is called from an interrupt that has
1921:Middlewares/Third_Party/FreeRTOS/Source/tasks.c **** 		been assigned a priority above the configured maximum system call
1922:Middlewares/Third_Party/FreeRTOS/Source/tasks.c **** 		priority.  Only FreeRTOS functions that end in FromISR can be called
1923:Middlewares/Third_Party/FreeRTOS/Source/tasks.c **** 		from interrupts	that have been assigned a priority at or (logically)
1924:Middlewares/Third_Party/FreeRTOS/Source/tasks.c **** 		below the maximum system call interrupt priority.  FreeRTOS maintains a
1925:Middlewares/Third_Party/FreeRTOS/Source/tasks.c **** 		separate interrupt safe API to ensure interrupt entry is as fast and as
ARM GAS  C:\Users\Asus\AppData\Local\Temp\cctip26G.s 			page 37


1926:Middlewares/Third_Party/FreeRTOS/Source/tasks.c **** 		simple as possible.  More information (albeit Cortex-M specific) is
1927:Middlewares/Third_Party/FreeRTOS/Source/tasks.c **** 		provided on the following link:
1928:Middlewares/Third_Party/FreeRTOS/Source/tasks.c **** 		https://www.freertos.org/RTOS-Cortex-M3-M4.html */
1929:Middlewares/Third_Party/FreeRTOS/Source/tasks.c **** 		portASSERT_IF_INTERRUPT_PRIORITY_INVALID();
1930:Middlewares/Third_Party/FreeRTOS/Source/tasks.c **** 
1931:Middlewares/Third_Party/FreeRTOS/Source/tasks.c **** 		uxSavedInterruptStatus = portSET_INTERRUPT_MASK_FROM_ISR();
1932:Middlewares/Third_Party/FreeRTOS/Source/tasks.c **** 		{
1933:Middlewares/Third_Party/FreeRTOS/Source/tasks.c **** 			if( prvTaskIsTaskSuspended( pxTCB ) != pdFALSE )
1934:Middlewares/Third_Party/FreeRTOS/Source/tasks.c **** 			{
1935:Middlewares/Third_Party/FreeRTOS/Source/tasks.c **** 				traceTASK_RESUME_FROM_ISR( pxTCB );
1936:Middlewares/Third_Party/FreeRTOS/Source/tasks.c **** 
1937:Middlewares/Third_Party/FreeRTOS/Source/tasks.c **** 				/* Check the ready lists can be accessed. */
1938:Middlewares/Third_Party/FreeRTOS/Source/tasks.c **** 				if( uxSchedulerSuspended == ( UBaseType_t ) pdFALSE )
1939:Middlewares/Third_Party/FreeRTOS/Source/tasks.c **** 				{
1940:Middlewares/Third_Party/FreeRTOS/Source/tasks.c **** 					/* Ready lists can be accessed so move the task from the
1941:Middlewares/Third_Party/FreeRTOS/Source/tasks.c **** 					suspended list to the ready list directly. */
1942:Middlewares/Third_Party/FreeRTOS/Source/tasks.c **** 					if( pxTCB->uxPriority >= pxCurrentTCB->uxPriority )
1943:Middlewares/Third_Party/FreeRTOS/Source/tasks.c **** 					{
1944:Middlewares/Third_Party/FreeRTOS/Source/tasks.c **** 						xYieldRequired = pdTRUE;
1945:Middlewares/Third_Party/FreeRTOS/Source/tasks.c **** 					}
1946:Middlewares/Third_Party/FreeRTOS/Source/tasks.c **** 					else
1947:Middlewares/Third_Party/FreeRTOS/Source/tasks.c **** 					{
1948:Middlewares/Third_Party/FreeRTOS/Source/tasks.c **** 						mtCOVERAGE_TEST_MARKER();
1949:Middlewares/Third_Party/FreeRTOS/Source/tasks.c **** 					}
1950:Middlewares/Third_Party/FreeRTOS/Source/tasks.c **** 
1951:Middlewares/Third_Party/FreeRTOS/Source/tasks.c **** 					( void ) uxListRemove( &( pxTCB->xStateListItem ) );
1952:Middlewares/Third_Party/FreeRTOS/Source/tasks.c **** 					prvAddTaskToReadyList( pxTCB );
1953:Middlewares/Third_Party/FreeRTOS/Source/tasks.c **** 				}
1954:Middlewares/Third_Party/FreeRTOS/Source/tasks.c **** 				else
1955:Middlewares/Third_Party/FreeRTOS/Source/tasks.c **** 				{
1956:Middlewares/Third_Party/FreeRTOS/Source/tasks.c **** 					/* The delayed or ready lists cannot be accessed so the task
1957:Middlewares/Third_Party/FreeRTOS/Source/tasks.c **** 					is held in the pending ready list until the scheduler is
1958:Middlewares/Third_Party/FreeRTOS/Source/tasks.c **** 					unsuspended. */
1959:Middlewares/Third_Party/FreeRTOS/Source/tasks.c **** 					vListInsertEnd( &( xPendingReadyList ), &( pxTCB->xEventListItem ) );
1960:Middlewares/Third_Party/FreeRTOS/Source/tasks.c **** 				}
1961:Middlewares/Third_Party/FreeRTOS/Source/tasks.c **** 			}
1962:Middlewares/Third_Party/FreeRTOS/Source/tasks.c **** 			else
1963:Middlewares/Third_Party/FreeRTOS/Source/tasks.c **** 			{
1964:Middlewares/Third_Party/FreeRTOS/Source/tasks.c **** 				mtCOVERAGE_TEST_MARKER();
1965:Middlewares/Third_Party/FreeRTOS/Source/tasks.c **** 			}
1966:Middlewares/Third_Party/FreeRTOS/Source/tasks.c **** 		}
1967:Middlewares/Third_Party/FreeRTOS/Source/tasks.c **** 		portCLEAR_INTERRUPT_MASK_FROM_ISR( uxSavedInterruptStatus );
1968:Middlewares/Third_Party/FreeRTOS/Source/tasks.c **** 
1969:Middlewares/Third_Party/FreeRTOS/Source/tasks.c **** 		return xYieldRequired;
1970:Middlewares/Third_Party/FreeRTOS/Source/tasks.c **** 	}
1971:Middlewares/Third_Party/FreeRTOS/Source/tasks.c **** 
1972:Middlewares/Third_Party/FreeRTOS/Source/tasks.c **** #endif /* ( ( INCLUDE_xTaskResumeFromISR == 1 ) && ( INCLUDE_vTaskSuspend == 1 ) ) */
1973:Middlewares/Third_Party/FreeRTOS/Source/tasks.c **** /*-----------------------------------------------------------*/
1974:Middlewares/Third_Party/FreeRTOS/Source/tasks.c **** 
1975:Middlewares/Third_Party/FreeRTOS/Source/tasks.c **** void vTaskStartScheduler( void )
1976:Middlewares/Third_Party/FreeRTOS/Source/tasks.c **** {
1977:Middlewares/Third_Party/FreeRTOS/Source/tasks.c **** BaseType_t xReturn;
1978:Middlewares/Third_Party/FreeRTOS/Source/tasks.c **** 
1979:Middlewares/Third_Party/FreeRTOS/Source/tasks.c **** 	/* Add the idle task at the lowest priority. */
1980:Middlewares/Third_Party/FreeRTOS/Source/tasks.c **** 	#if( configSUPPORT_STATIC_ALLOCATION == 1 )
1981:Middlewares/Third_Party/FreeRTOS/Source/tasks.c **** 	{
1982:Middlewares/Third_Party/FreeRTOS/Source/tasks.c **** 		StaticTask_t *pxIdleTaskTCBBuffer = NULL;
ARM GAS  C:\Users\Asus\AppData\Local\Temp\cctip26G.s 			page 38


1983:Middlewares/Third_Party/FreeRTOS/Source/tasks.c **** 		StackType_t *pxIdleTaskStackBuffer = NULL;
1984:Middlewares/Third_Party/FreeRTOS/Source/tasks.c **** 		uint32_t ulIdleTaskStackSize;
1985:Middlewares/Third_Party/FreeRTOS/Source/tasks.c **** 
1986:Middlewares/Third_Party/FreeRTOS/Source/tasks.c **** 		/* The Idle task is created using user provided RAM - obtain the
1987:Middlewares/Third_Party/FreeRTOS/Source/tasks.c **** 		address of the RAM then create the idle task. */
1988:Middlewares/Third_Party/FreeRTOS/Source/tasks.c **** 		vApplicationGetIdleTaskMemory( &pxIdleTaskTCBBuffer, &pxIdleTaskStackBuffer, &ulIdleTaskStackSize
1989:Middlewares/Third_Party/FreeRTOS/Source/tasks.c **** 		xIdleTaskHandle = xTaskCreateStatic(	prvIdleTask,
1990:Middlewares/Third_Party/FreeRTOS/Source/tasks.c **** 												configIDLE_TASK_NAME,
1991:Middlewares/Third_Party/FreeRTOS/Source/tasks.c **** 												ulIdleTaskStackSize,
1992:Middlewares/Third_Party/FreeRTOS/Source/tasks.c **** 												( void * ) NULL, /*lint !e961.  The cast is not redundant for all compilers. */
1993:Middlewares/Third_Party/FreeRTOS/Source/tasks.c **** 												portPRIVILEGE_BIT, /* In effect ( tskIDLE_PRIORITY | portPRIVILEGE_BIT ), but tskIDLE_P
1994:Middlewares/Third_Party/FreeRTOS/Source/tasks.c **** 												pxIdleTaskStackBuffer,
1995:Middlewares/Third_Party/FreeRTOS/Source/tasks.c **** 												pxIdleTaskTCBBuffer ); /*lint !e961 MISRA exception, justified as it is not a redundant
1996:Middlewares/Third_Party/FreeRTOS/Source/tasks.c **** 
1997:Middlewares/Third_Party/FreeRTOS/Source/tasks.c **** 		if( xIdleTaskHandle != NULL )
1998:Middlewares/Third_Party/FreeRTOS/Source/tasks.c **** 		{
1999:Middlewares/Third_Party/FreeRTOS/Source/tasks.c **** 			xReturn = pdPASS;
2000:Middlewares/Third_Party/FreeRTOS/Source/tasks.c **** 		}
2001:Middlewares/Third_Party/FreeRTOS/Source/tasks.c **** 		else
2002:Middlewares/Third_Party/FreeRTOS/Source/tasks.c **** 		{
2003:Middlewares/Third_Party/FreeRTOS/Source/tasks.c **** 			xReturn = pdFAIL;
2004:Middlewares/Third_Party/FreeRTOS/Source/tasks.c **** 		}
2005:Middlewares/Third_Party/FreeRTOS/Source/tasks.c **** 	}
2006:Middlewares/Third_Party/FreeRTOS/Source/tasks.c **** 	#else
2007:Middlewares/Third_Party/FreeRTOS/Source/tasks.c **** 	{
2008:Middlewares/Third_Party/FreeRTOS/Source/tasks.c **** 		/* The Idle task is being created using dynamically allocated RAM. */
2009:Middlewares/Third_Party/FreeRTOS/Source/tasks.c **** 		xReturn = xTaskCreate(	prvIdleTask,
2010:Middlewares/Third_Party/FreeRTOS/Source/tasks.c **** 								configIDLE_TASK_NAME,
2011:Middlewares/Third_Party/FreeRTOS/Source/tasks.c **** 								configMINIMAL_STACK_SIZE,
2012:Middlewares/Third_Party/FreeRTOS/Source/tasks.c **** 								( void * ) NULL,
2013:Middlewares/Third_Party/FreeRTOS/Source/tasks.c **** 								portPRIVILEGE_BIT, /* In effect ( tskIDLE_PRIORITY | portPRIVILEGE_BIT ), but tskIDLE_PRIOR
2014:Middlewares/Third_Party/FreeRTOS/Source/tasks.c **** 								&xIdleTaskHandle ); /*lint !e961 MISRA exception, justified as it is not a redundant explic
2015:Middlewares/Third_Party/FreeRTOS/Source/tasks.c **** 	}
2016:Middlewares/Third_Party/FreeRTOS/Source/tasks.c **** 	#endif /* configSUPPORT_STATIC_ALLOCATION */
2017:Middlewares/Third_Party/FreeRTOS/Source/tasks.c **** 
2018:Middlewares/Third_Party/FreeRTOS/Source/tasks.c **** 	#if ( configUSE_TIMERS == 1 )
2019:Middlewares/Third_Party/FreeRTOS/Source/tasks.c **** 	{
2020:Middlewares/Third_Party/FreeRTOS/Source/tasks.c **** 		if( xReturn == pdPASS )
2021:Middlewares/Third_Party/FreeRTOS/Source/tasks.c **** 		{
2022:Middlewares/Third_Party/FreeRTOS/Source/tasks.c **** 			xReturn = xTimerCreateTimerTask();
2023:Middlewares/Third_Party/FreeRTOS/Source/tasks.c **** 		}
2024:Middlewares/Third_Party/FreeRTOS/Source/tasks.c **** 		else
2025:Middlewares/Third_Party/FreeRTOS/Source/tasks.c **** 		{
2026:Middlewares/Third_Party/FreeRTOS/Source/tasks.c **** 			mtCOVERAGE_TEST_MARKER();
2027:Middlewares/Third_Party/FreeRTOS/Source/tasks.c **** 		}
2028:Middlewares/Third_Party/FreeRTOS/Source/tasks.c **** 	}
2029:Middlewares/Third_Party/FreeRTOS/Source/tasks.c **** 	#endif /* configUSE_TIMERS */
2030:Middlewares/Third_Party/FreeRTOS/Source/tasks.c **** 
2031:Middlewares/Third_Party/FreeRTOS/Source/tasks.c **** 	if( xReturn == pdPASS )
2032:Middlewares/Third_Party/FreeRTOS/Source/tasks.c **** 	{
2033:Middlewares/Third_Party/FreeRTOS/Source/tasks.c **** 		/* freertos_tasks_c_additions_init() should only be called if the user
2034:Middlewares/Third_Party/FreeRTOS/Source/tasks.c **** 		definable macro FREERTOS_TASKS_C_ADDITIONS_INIT() is defined, as that is
2035:Middlewares/Third_Party/FreeRTOS/Source/tasks.c **** 		the only macro called by the function. */
2036:Middlewares/Third_Party/FreeRTOS/Source/tasks.c **** 		#ifdef FREERTOS_TASKS_C_ADDITIONS_INIT
2037:Middlewares/Third_Party/FreeRTOS/Source/tasks.c **** 		{
2038:Middlewares/Third_Party/FreeRTOS/Source/tasks.c **** 			freertos_tasks_c_additions_init();
2039:Middlewares/Third_Party/FreeRTOS/Source/tasks.c **** 		}
ARM GAS  C:\Users\Asus\AppData\Local\Temp\cctip26G.s 			page 39


2040:Middlewares/Third_Party/FreeRTOS/Source/tasks.c **** 		#endif
2041:Middlewares/Third_Party/FreeRTOS/Source/tasks.c **** 
2042:Middlewares/Third_Party/FreeRTOS/Source/tasks.c **** 		/* Interrupts are turned off here, to ensure a tick does not occur
2043:Middlewares/Third_Party/FreeRTOS/Source/tasks.c **** 		before or during the call to xPortStartScheduler().  The stacks of
2044:Middlewares/Third_Party/FreeRTOS/Source/tasks.c **** 		the created tasks contain a status word with interrupts switched on
2045:Middlewares/Third_Party/FreeRTOS/Source/tasks.c **** 		so interrupts will automatically get re-enabled when the first task
2046:Middlewares/Third_Party/FreeRTOS/Source/tasks.c **** 		starts to run. */
2047:Middlewares/Third_Party/FreeRTOS/Source/tasks.c **** 		portDISABLE_INTERRUPTS();
2048:Middlewares/Third_Party/FreeRTOS/Source/tasks.c **** 
2049:Middlewares/Third_Party/FreeRTOS/Source/tasks.c **** 		#if ( configUSE_NEWLIB_REENTRANT == 1 )
2050:Middlewares/Third_Party/FreeRTOS/Source/tasks.c **** 		{
2051:Middlewares/Third_Party/FreeRTOS/Source/tasks.c **** 			/* Switch Newlib's _impure_ptr variable to point to the _reent
2052:Middlewares/Third_Party/FreeRTOS/Source/tasks.c **** 			structure specific to the task that will run first.
2053:Middlewares/Third_Party/FreeRTOS/Source/tasks.c **** 			See the third party link http://www.nadler.com/embedded/newlibAndFreeRTOS.html
2054:Middlewares/Third_Party/FreeRTOS/Source/tasks.c **** 			for additional information. */
2055:Middlewares/Third_Party/FreeRTOS/Source/tasks.c **** 			_impure_ptr = &( pxCurrentTCB->xNewLib_reent );
2056:Middlewares/Third_Party/FreeRTOS/Source/tasks.c **** 		}
2057:Middlewares/Third_Party/FreeRTOS/Source/tasks.c **** 		#endif /* configUSE_NEWLIB_REENTRANT */
2058:Middlewares/Third_Party/FreeRTOS/Source/tasks.c **** 
2059:Middlewares/Third_Party/FreeRTOS/Source/tasks.c **** 		xNextTaskUnblockTime = portMAX_DELAY;
2060:Middlewares/Third_Party/FreeRTOS/Source/tasks.c **** 		xSchedulerRunning = pdTRUE;
2061:Middlewares/Third_Party/FreeRTOS/Source/tasks.c **** 		xTickCount = ( TickType_t ) configINITIAL_TICK_COUNT;
2062:Middlewares/Third_Party/FreeRTOS/Source/tasks.c **** 
2063:Middlewares/Third_Party/FreeRTOS/Source/tasks.c **** 		/* If configGENERATE_RUN_TIME_STATS is defined then the following
2064:Middlewares/Third_Party/FreeRTOS/Source/tasks.c **** 		macro must be defined to configure the timer/counter used to generate
2065:Middlewares/Third_Party/FreeRTOS/Source/tasks.c **** 		the run time counter time base.   NOTE:  If configGENERATE_RUN_TIME_STATS
2066:Middlewares/Third_Party/FreeRTOS/Source/tasks.c **** 		is set to 0 and the following line fails to build then ensure you do not
2067:Middlewares/Third_Party/FreeRTOS/Source/tasks.c **** 		have portCONFIGURE_TIMER_FOR_RUN_TIME_STATS() defined in your
2068:Middlewares/Third_Party/FreeRTOS/Source/tasks.c **** 		FreeRTOSConfig.h file. */
2069:Middlewares/Third_Party/FreeRTOS/Source/tasks.c **** 		portCONFIGURE_TIMER_FOR_RUN_TIME_STATS();
2070:Middlewares/Third_Party/FreeRTOS/Source/tasks.c **** 
2071:Middlewares/Third_Party/FreeRTOS/Source/tasks.c **** 		traceTASK_SWITCHED_IN();
2072:Middlewares/Third_Party/FreeRTOS/Source/tasks.c **** 
2073:Middlewares/Third_Party/FreeRTOS/Source/tasks.c **** 		/* Setting up the timer tick is hardware specific and thus in the
2074:Middlewares/Third_Party/FreeRTOS/Source/tasks.c **** 		portable interface. */
2075:Middlewares/Third_Party/FreeRTOS/Source/tasks.c **** 		if( xPortStartScheduler() != pdFALSE )
2076:Middlewares/Third_Party/FreeRTOS/Source/tasks.c **** 		{
2077:Middlewares/Third_Party/FreeRTOS/Source/tasks.c **** 			/* Should not reach here as if the scheduler is running the
2078:Middlewares/Third_Party/FreeRTOS/Source/tasks.c **** 			function will not return. */
2079:Middlewares/Third_Party/FreeRTOS/Source/tasks.c **** 		}
2080:Middlewares/Third_Party/FreeRTOS/Source/tasks.c **** 		else
2081:Middlewares/Third_Party/FreeRTOS/Source/tasks.c **** 		{
2082:Middlewares/Third_Party/FreeRTOS/Source/tasks.c **** 			/* Should only reach here if a task calls xTaskEndScheduler(). */
2083:Middlewares/Third_Party/FreeRTOS/Source/tasks.c **** 		}
2084:Middlewares/Third_Party/FreeRTOS/Source/tasks.c **** 	}
2085:Middlewares/Third_Party/FreeRTOS/Source/tasks.c **** 	else
2086:Middlewares/Third_Party/FreeRTOS/Source/tasks.c **** 	{
2087:Middlewares/Third_Party/FreeRTOS/Source/tasks.c **** 		/* This line will only be reached if the kernel could not be started,
2088:Middlewares/Third_Party/FreeRTOS/Source/tasks.c **** 		because there was not enough FreeRTOS heap to create the idle task
2089:Middlewares/Third_Party/FreeRTOS/Source/tasks.c **** 		or the timer task. */
2090:Middlewares/Third_Party/FreeRTOS/Source/tasks.c **** 		configASSERT( xReturn != errCOULD_NOT_ALLOCATE_REQUIRED_MEMORY );
2091:Middlewares/Third_Party/FreeRTOS/Source/tasks.c **** 	}
2092:Middlewares/Third_Party/FreeRTOS/Source/tasks.c **** 
2093:Middlewares/Third_Party/FreeRTOS/Source/tasks.c **** 	/* Prevent compiler warnings if INCLUDE_xTaskGetIdleTaskHandle is set to 0,
2094:Middlewares/Third_Party/FreeRTOS/Source/tasks.c **** 	meaning xIdleTaskHandle is not used anywhere else. */
2095:Middlewares/Third_Party/FreeRTOS/Source/tasks.c **** 	( void ) xIdleTaskHandle;
2096:Middlewares/Third_Party/FreeRTOS/Source/tasks.c **** }
ARM GAS  C:\Users\Asus\AppData\Local\Temp\cctip26G.s 			page 40


2097:Middlewares/Third_Party/FreeRTOS/Source/tasks.c **** /*-----------------------------------------------------------*/
2098:Middlewares/Third_Party/FreeRTOS/Source/tasks.c **** 
2099:Middlewares/Third_Party/FreeRTOS/Source/tasks.c **** void vTaskEndScheduler( void )
2100:Middlewares/Third_Party/FreeRTOS/Source/tasks.c **** {
2101:Middlewares/Third_Party/FreeRTOS/Source/tasks.c **** 	/* Stop the scheduler interrupts and call the portable scheduler end
2102:Middlewares/Third_Party/FreeRTOS/Source/tasks.c **** 	routine so the original ISRs can be restored if necessary.  The port
2103:Middlewares/Third_Party/FreeRTOS/Source/tasks.c **** 	layer must ensure interrupts enable	bit is left in the correct state. */
2104:Middlewares/Third_Party/FreeRTOS/Source/tasks.c **** 	portDISABLE_INTERRUPTS();
2105:Middlewares/Third_Party/FreeRTOS/Source/tasks.c **** 	xSchedulerRunning = pdFALSE;
2106:Middlewares/Third_Party/FreeRTOS/Source/tasks.c **** 	vPortEndScheduler();
2107:Middlewares/Third_Party/FreeRTOS/Source/tasks.c **** }
2108:Middlewares/Third_Party/FreeRTOS/Source/tasks.c **** /*----------------------------------------------------------*/
2109:Middlewares/Third_Party/FreeRTOS/Source/tasks.c **** 
2110:Middlewares/Third_Party/FreeRTOS/Source/tasks.c **** void vTaskSuspendAll( void )
2111:Middlewares/Third_Party/FreeRTOS/Source/tasks.c **** {
2112:Middlewares/Third_Party/FreeRTOS/Source/tasks.c **** 	/* A critical section is not required as the variable is of type
2113:Middlewares/Third_Party/FreeRTOS/Source/tasks.c **** 	BaseType_t.  Please read Richard Barry's reply in the following link to a
2114:Middlewares/Third_Party/FreeRTOS/Source/tasks.c **** 	post in the FreeRTOS support forum before reporting this as a bug! -
2115:Middlewares/Third_Party/FreeRTOS/Source/tasks.c **** 	http://goo.gl/wu4acr */
2116:Middlewares/Third_Party/FreeRTOS/Source/tasks.c **** 
2117:Middlewares/Third_Party/FreeRTOS/Source/tasks.c **** 	/* portSOFRWARE_BARRIER() is only implemented for emulated/simulated ports that
2118:Middlewares/Third_Party/FreeRTOS/Source/tasks.c **** 	do not otherwise exhibit real time behaviour. */
2119:Middlewares/Third_Party/FreeRTOS/Source/tasks.c **** 	portSOFTWARE_BARRIER();
2120:Middlewares/Third_Party/FreeRTOS/Source/tasks.c **** 
2121:Middlewares/Third_Party/FreeRTOS/Source/tasks.c **** 	/* The scheduler is suspended if uxSchedulerSuspended is non-zero.  An increment
2122:Middlewares/Third_Party/FreeRTOS/Source/tasks.c **** 	is used to allow calls to vTaskSuspendAll() to nest. */
2123:Middlewares/Third_Party/FreeRTOS/Source/tasks.c **** 	++uxSchedulerSuspended;
2124:Middlewares/Third_Party/FreeRTOS/Source/tasks.c **** 
2125:Middlewares/Third_Party/FreeRTOS/Source/tasks.c **** 	/* Enforces ordering for ports and optimised compilers that may otherwise place
2126:Middlewares/Third_Party/FreeRTOS/Source/tasks.c **** 	the above increment elsewhere. */
2127:Middlewares/Third_Party/FreeRTOS/Source/tasks.c **** 	portMEMORY_BARRIER();
2128:Middlewares/Third_Party/FreeRTOS/Source/tasks.c **** }
2129:Middlewares/Third_Party/FreeRTOS/Source/tasks.c **** /*----------------------------------------------------------*/
2130:Middlewares/Third_Party/FreeRTOS/Source/tasks.c **** 
2131:Middlewares/Third_Party/FreeRTOS/Source/tasks.c **** #if ( configUSE_TICKLESS_IDLE != 0 )
2132:Middlewares/Third_Party/FreeRTOS/Source/tasks.c **** 
2133:Middlewares/Third_Party/FreeRTOS/Source/tasks.c **** 	static TickType_t prvGetExpectedIdleTime( void )
2134:Middlewares/Third_Party/FreeRTOS/Source/tasks.c **** 	{
2135:Middlewares/Third_Party/FreeRTOS/Source/tasks.c **** 	TickType_t xReturn;
2136:Middlewares/Third_Party/FreeRTOS/Source/tasks.c **** 	UBaseType_t uxHigherPriorityReadyTasks = pdFALSE;
2137:Middlewares/Third_Party/FreeRTOS/Source/tasks.c **** 
2138:Middlewares/Third_Party/FreeRTOS/Source/tasks.c **** 		/* uxHigherPriorityReadyTasks takes care of the case where
2139:Middlewares/Third_Party/FreeRTOS/Source/tasks.c **** 		configUSE_PREEMPTION is 0, so there may be tasks above the idle priority
2140:Middlewares/Third_Party/FreeRTOS/Source/tasks.c **** 		task that are in the Ready state, even though the idle task is
2141:Middlewares/Third_Party/FreeRTOS/Source/tasks.c **** 		running. */
2142:Middlewares/Third_Party/FreeRTOS/Source/tasks.c **** 		#if( configUSE_PORT_OPTIMISED_TASK_SELECTION == 0 )
2143:Middlewares/Third_Party/FreeRTOS/Source/tasks.c **** 		{
2144:Middlewares/Third_Party/FreeRTOS/Source/tasks.c **** 			if( uxTopReadyPriority > tskIDLE_PRIORITY )
2145:Middlewares/Third_Party/FreeRTOS/Source/tasks.c **** 			{
2146:Middlewares/Third_Party/FreeRTOS/Source/tasks.c **** 				uxHigherPriorityReadyTasks = pdTRUE;
2147:Middlewares/Third_Party/FreeRTOS/Source/tasks.c **** 			}
2148:Middlewares/Third_Party/FreeRTOS/Source/tasks.c **** 		}
2149:Middlewares/Third_Party/FreeRTOS/Source/tasks.c **** 		#else
2150:Middlewares/Third_Party/FreeRTOS/Source/tasks.c **** 		{
2151:Middlewares/Third_Party/FreeRTOS/Source/tasks.c **** 			const UBaseType_t uxLeastSignificantBit = ( UBaseType_t ) 0x01;
2152:Middlewares/Third_Party/FreeRTOS/Source/tasks.c **** 
2153:Middlewares/Third_Party/FreeRTOS/Source/tasks.c **** 			/* When port optimised task selection is used the uxTopReadyPriority
ARM GAS  C:\Users\Asus\AppData\Local\Temp\cctip26G.s 			page 41


2154:Middlewares/Third_Party/FreeRTOS/Source/tasks.c **** 			variable is used as a bit map.  If bits other than the least
2155:Middlewares/Third_Party/FreeRTOS/Source/tasks.c **** 			significant bit are set then there are tasks that have a priority
2156:Middlewares/Third_Party/FreeRTOS/Source/tasks.c **** 			above the idle priority that are in the Ready state.  This takes
2157:Middlewares/Third_Party/FreeRTOS/Source/tasks.c **** 			care of the case where the co-operative scheduler is in use. */
2158:Middlewares/Third_Party/FreeRTOS/Source/tasks.c **** 			if( uxTopReadyPriority > uxLeastSignificantBit )
2159:Middlewares/Third_Party/FreeRTOS/Source/tasks.c **** 			{
2160:Middlewares/Third_Party/FreeRTOS/Source/tasks.c **** 				uxHigherPriorityReadyTasks = pdTRUE;
2161:Middlewares/Third_Party/FreeRTOS/Source/tasks.c **** 			}
2162:Middlewares/Third_Party/FreeRTOS/Source/tasks.c **** 		}
2163:Middlewares/Third_Party/FreeRTOS/Source/tasks.c **** 		#endif
2164:Middlewares/Third_Party/FreeRTOS/Source/tasks.c **** 
2165:Middlewares/Third_Party/FreeRTOS/Source/tasks.c **** 		if( pxCurrentTCB->uxPriority > tskIDLE_PRIORITY )
2166:Middlewares/Third_Party/FreeRTOS/Source/tasks.c **** 		{
2167:Middlewares/Third_Party/FreeRTOS/Source/tasks.c **** 			xReturn = 0;
2168:Middlewares/Third_Party/FreeRTOS/Source/tasks.c **** 		}
2169:Middlewares/Third_Party/FreeRTOS/Source/tasks.c **** 		else if( listCURRENT_LIST_LENGTH( &( pxReadyTasksLists[ tskIDLE_PRIORITY ] ) ) > 1 )
2170:Middlewares/Third_Party/FreeRTOS/Source/tasks.c **** 		{
2171:Middlewares/Third_Party/FreeRTOS/Source/tasks.c **** 			/* There are other idle priority tasks in the ready state.  If
2172:Middlewares/Third_Party/FreeRTOS/Source/tasks.c **** 			time slicing is used then the very next tick interrupt must be
2173:Middlewares/Third_Party/FreeRTOS/Source/tasks.c **** 			processed. */
2174:Middlewares/Third_Party/FreeRTOS/Source/tasks.c **** 			xReturn = 0;
2175:Middlewares/Third_Party/FreeRTOS/Source/tasks.c **** 		}
2176:Middlewares/Third_Party/FreeRTOS/Source/tasks.c **** 		else if( uxHigherPriorityReadyTasks != pdFALSE )
2177:Middlewares/Third_Party/FreeRTOS/Source/tasks.c **** 		{
2178:Middlewares/Third_Party/FreeRTOS/Source/tasks.c **** 			/* There are tasks in the Ready state that have a priority above the
2179:Middlewares/Third_Party/FreeRTOS/Source/tasks.c **** 			idle priority.  This path can only be reached if
2180:Middlewares/Third_Party/FreeRTOS/Source/tasks.c **** 			configUSE_PREEMPTION is 0. */
2181:Middlewares/Third_Party/FreeRTOS/Source/tasks.c **** 			xReturn = 0;
2182:Middlewares/Third_Party/FreeRTOS/Source/tasks.c **** 		}
2183:Middlewares/Third_Party/FreeRTOS/Source/tasks.c **** 		else
2184:Middlewares/Third_Party/FreeRTOS/Source/tasks.c **** 		{
2185:Middlewares/Third_Party/FreeRTOS/Source/tasks.c **** 			xReturn = xNextTaskUnblockTime - xTickCount;
2186:Middlewares/Third_Party/FreeRTOS/Source/tasks.c **** 		}
2187:Middlewares/Third_Party/FreeRTOS/Source/tasks.c **** 
2188:Middlewares/Third_Party/FreeRTOS/Source/tasks.c **** 		return xReturn;
2189:Middlewares/Third_Party/FreeRTOS/Source/tasks.c **** 	}
2190:Middlewares/Third_Party/FreeRTOS/Source/tasks.c **** 
2191:Middlewares/Third_Party/FreeRTOS/Source/tasks.c **** #endif /* configUSE_TICKLESS_IDLE */
2192:Middlewares/Third_Party/FreeRTOS/Source/tasks.c **** /*----------------------------------------------------------*/
2193:Middlewares/Third_Party/FreeRTOS/Source/tasks.c **** 
2194:Middlewares/Third_Party/FreeRTOS/Source/tasks.c **** BaseType_t xTaskResumeAll( void )
2195:Middlewares/Third_Party/FreeRTOS/Source/tasks.c **** {
2196:Middlewares/Third_Party/FreeRTOS/Source/tasks.c **** TCB_t *pxTCB = NULL;
2197:Middlewares/Third_Party/FreeRTOS/Source/tasks.c **** BaseType_t xAlreadyYielded = pdFALSE;
2198:Middlewares/Third_Party/FreeRTOS/Source/tasks.c **** 
2199:Middlewares/Third_Party/FreeRTOS/Source/tasks.c **** 	/* If uxSchedulerSuspended is zero then this function does not match a
2200:Middlewares/Third_Party/FreeRTOS/Source/tasks.c **** 	previous call to vTaskSuspendAll(). */
2201:Middlewares/Third_Party/FreeRTOS/Source/tasks.c **** 	configASSERT( uxSchedulerSuspended );
2202:Middlewares/Third_Party/FreeRTOS/Source/tasks.c **** 
2203:Middlewares/Third_Party/FreeRTOS/Source/tasks.c **** 	/* It is possible that an ISR caused a task to be removed from an event
2204:Middlewares/Third_Party/FreeRTOS/Source/tasks.c **** 	list while the scheduler was suspended.  If this was the case then the
2205:Middlewares/Third_Party/FreeRTOS/Source/tasks.c **** 	removed task will have been added to the xPendingReadyList.  Once the
2206:Middlewares/Third_Party/FreeRTOS/Source/tasks.c **** 	scheduler has been resumed it is safe to move all the pending ready
2207:Middlewares/Third_Party/FreeRTOS/Source/tasks.c **** 	tasks from this list into their appropriate ready list. */
2208:Middlewares/Third_Party/FreeRTOS/Source/tasks.c **** 	taskENTER_CRITICAL();
2209:Middlewares/Third_Party/FreeRTOS/Source/tasks.c **** 	{
2210:Middlewares/Third_Party/FreeRTOS/Source/tasks.c **** 		--uxSchedulerSuspended;
ARM GAS  C:\Users\Asus\AppData\Local\Temp\cctip26G.s 			page 42


2211:Middlewares/Third_Party/FreeRTOS/Source/tasks.c **** 
2212:Middlewares/Third_Party/FreeRTOS/Source/tasks.c **** 		if( uxSchedulerSuspended == ( UBaseType_t ) pdFALSE )
2213:Middlewares/Third_Party/FreeRTOS/Source/tasks.c **** 		{
2214:Middlewares/Third_Party/FreeRTOS/Source/tasks.c **** 			if( uxCurrentNumberOfTasks > ( UBaseType_t ) 0U )
2215:Middlewares/Third_Party/FreeRTOS/Source/tasks.c **** 			{
2216:Middlewares/Third_Party/FreeRTOS/Source/tasks.c **** 				/* Move any readied tasks from the pending list into the
2217:Middlewares/Third_Party/FreeRTOS/Source/tasks.c **** 				appropriate ready list. */
2218:Middlewares/Third_Party/FreeRTOS/Source/tasks.c **** 				while( listLIST_IS_EMPTY( &xPendingReadyList ) == pdFALSE )
2219:Middlewares/Third_Party/FreeRTOS/Source/tasks.c **** 				{
2220:Middlewares/Third_Party/FreeRTOS/Source/tasks.c **** 					pxTCB = listGET_OWNER_OF_HEAD_ENTRY( ( &xPendingReadyList ) ); /*lint !e9079 void * is used as
2221:Middlewares/Third_Party/FreeRTOS/Source/tasks.c **** 					( void ) uxListRemove( &( pxTCB->xEventListItem ) );
2222:Middlewares/Third_Party/FreeRTOS/Source/tasks.c **** 					( void ) uxListRemove( &( pxTCB->xStateListItem ) );
2223:Middlewares/Third_Party/FreeRTOS/Source/tasks.c **** 					prvAddTaskToReadyList( pxTCB );
2224:Middlewares/Third_Party/FreeRTOS/Source/tasks.c **** 
2225:Middlewares/Third_Party/FreeRTOS/Source/tasks.c **** 					/* If the moved task has a priority higher than the current
2226:Middlewares/Third_Party/FreeRTOS/Source/tasks.c **** 					task then a yield must be performed. */
2227:Middlewares/Third_Party/FreeRTOS/Source/tasks.c **** 					if( pxTCB->uxPriority >= pxCurrentTCB->uxPriority )
2228:Middlewares/Third_Party/FreeRTOS/Source/tasks.c **** 					{
2229:Middlewares/Third_Party/FreeRTOS/Source/tasks.c **** 						xYieldPending = pdTRUE;
2230:Middlewares/Third_Party/FreeRTOS/Source/tasks.c **** 					}
2231:Middlewares/Third_Party/FreeRTOS/Source/tasks.c **** 					else
2232:Middlewares/Third_Party/FreeRTOS/Source/tasks.c **** 					{
2233:Middlewares/Third_Party/FreeRTOS/Source/tasks.c **** 						mtCOVERAGE_TEST_MARKER();
2234:Middlewares/Third_Party/FreeRTOS/Source/tasks.c **** 					}
2235:Middlewares/Third_Party/FreeRTOS/Source/tasks.c **** 				}
2236:Middlewares/Third_Party/FreeRTOS/Source/tasks.c **** 
2237:Middlewares/Third_Party/FreeRTOS/Source/tasks.c **** 				if( pxTCB != NULL )
2238:Middlewares/Third_Party/FreeRTOS/Source/tasks.c **** 				{
2239:Middlewares/Third_Party/FreeRTOS/Source/tasks.c **** 					/* A task was unblocked while the scheduler was suspended,
2240:Middlewares/Third_Party/FreeRTOS/Source/tasks.c **** 					which may have prevented the next unblock time from being
2241:Middlewares/Third_Party/FreeRTOS/Source/tasks.c **** 					re-calculated, in which case re-calculate it now.  Mainly
2242:Middlewares/Third_Party/FreeRTOS/Source/tasks.c **** 					important for low power tickless implementations, where
2243:Middlewares/Third_Party/FreeRTOS/Source/tasks.c **** 					this can prevent an unnecessary exit from low power
2244:Middlewares/Third_Party/FreeRTOS/Source/tasks.c **** 					state. */
2245:Middlewares/Third_Party/FreeRTOS/Source/tasks.c **** 					prvResetNextTaskUnblockTime();
2246:Middlewares/Third_Party/FreeRTOS/Source/tasks.c **** 				}
2247:Middlewares/Third_Party/FreeRTOS/Source/tasks.c **** 
2248:Middlewares/Third_Party/FreeRTOS/Source/tasks.c **** 				/* If any ticks occurred while the scheduler was suspended then
2249:Middlewares/Third_Party/FreeRTOS/Source/tasks.c **** 				they should be processed now.  This ensures the tick count does
2250:Middlewares/Third_Party/FreeRTOS/Source/tasks.c **** 				not	slip, and that any delayed tasks are resumed at the correct
2251:Middlewares/Third_Party/FreeRTOS/Source/tasks.c **** 				time. */
2252:Middlewares/Third_Party/FreeRTOS/Source/tasks.c **** 				{
2253:Middlewares/Third_Party/FreeRTOS/Source/tasks.c **** 					TickType_t xPendedCounts = xPendedTicks; /* Non-volatile copy. */
2254:Middlewares/Third_Party/FreeRTOS/Source/tasks.c **** 
2255:Middlewares/Third_Party/FreeRTOS/Source/tasks.c **** 					if( xPendedCounts > ( TickType_t ) 0U )
2256:Middlewares/Third_Party/FreeRTOS/Source/tasks.c **** 					{
2257:Middlewares/Third_Party/FreeRTOS/Source/tasks.c **** 						do
2258:Middlewares/Third_Party/FreeRTOS/Source/tasks.c **** 						{
2259:Middlewares/Third_Party/FreeRTOS/Source/tasks.c **** 							if( xTaskIncrementTick() != pdFALSE )
2260:Middlewares/Third_Party/FreeRTOS/Source/tasks.c **** 							{
2261:Middlewares/Third_Party/FreeRTOS/Source/tasks.c **** 								xYieldPending = pdTRUE;
2262:Middlewares/Third_Party/FreeRTOS/Source/tasks.c **** 							}
2263:Middlewares/Third_Party/FreeRTOS/Source/tasks.c **** 							else
2264:Middlewares/Third_Party/FreeRTOS/Source/tasks.c **** 							{
2265:Middlewares/Third_Party/FreeRTOS/Source/tasks.c **** 								mtCOVERAGE_TEST_MARKER();
2266:Middlewares/Third_Party/FreeRTOS/Source/tasks.c **** 							}
2267:Middlewares/Third_Party/FreeRTOS/Source/tasks.c **** 							--xPendedCounts;
ARM GAS  C:\Users\Asus\AppData\Local\Temp\cctip26G.s 			page 43


2268:Middlewares/Third_Party/FreeRTOS/Source/tasks.c **** 						} while( xPendedCounts > ( TickType_t ) 0U );
2269:Middlewares/Third_Party/FreeRTOS/Source/tasks.c **** 
2270:Middlewares/Third_Party/FreeRTOS/Source/tasks.c **** 						xPendedTicks = 0;
2271:Middlewares/Third_Party/FreeRTOS/Source/tasks.c **** 					}
2272:Middlewares/Third_Party/FreeRTOS/Source/tasks.c **** 					else
2273:Middlewares/Third_Party/FreeRTOS/Source/tasks.c **** 					{
2274:Middlewares/Third_Party/FreeRTOS/Source/tasks.c **** 						mtCOVERAGE_TEST_MARKER();
2275:Middlewares/Third_Party/FreeRTOS/Source/tasks.c **** 					}
2276:Middlewares/Third_Party/FreeRTOS/Source/tasks.c **** 				}
2277:Middlewares/Third_Party/FreeRTOS/Source/tasks.c **** 
2278:Middlewares/Third_Party/FreeRTOS/Source/tasks.c **** 				if( xYieldPending != pdFALSE )
2279:Middlewares/Third_Party/FreeRTOS/Source/tasks.c **** 				{
2280:Middlewares/Third_Party/FreeRTOS/Source/tasks.c **** 					#if( configUSE_PREEMPTION != 0 )
2281:Middlewares/Third_Party/FreeRTOS/Source/tasks.c **** 					{
2282:Middlewares/Third_Party/FreeRTOS/Source/tasks.c **** 						xAlreadyYielded = pdTRUE;
2283:Middlewares/Third_Party/FreeRTOS/Source/tasks.c **** 					}
2284:Middlewares/Third_Party/FreeRTOS/Source/tasks.c **** 					#endif
2285:Middlewares/Third_Party/FreeRTOS/Source/tasks.c **** 					taskYIELD_IF_USING_PREEMPTION();
2286:Middlewares/Third_Party/FreeRTOS/Source/tasks.c **** 				}
2287:Middlewares/Third_Party/FreeRTOS/Source/tasks.c **** 				else
2288:Middlewares/Third_Party/FreeRTOS/Source/tasks.c **** 				{
2289:Middlewares/Third_Party/FreeRTOS/Source/tasks.c **** 					mtCOVERAGE_TEST_MARKER();
2290:Middlewares/Third_Party/FreeRTOS/Source/tasks.c **** 				}
2291:Middlewares/Third_Party/FreeRTOS/Source/tasks.c **** 			}
2292:Middlewares/Third_Party/FreeRTOS/Source/tasks.c **** 		}
2293:Middlewares/Third_Party/FreeRTOS/Source/tasks.c **** 		else
2294:Middlewares/Third_Party/FreeRTOS/Source/tasks.c **** 		{
2295:Middlewares/Third_Party/FreeRTOS/Source/tasks.c **** 			mtCOVERAGE_TEST_MARKER();
2296:Middlewares/Third_Party/FreeRTOS/Source/tasks.c **** 		}
2297:Middlewares/Third_Party/FreeRTOS/Source/tasks.c **** 	}
2298:Middlewares/Third_Party/FreeRTOS/Source/tasks.c **** 	taskEXIT_CRITICAL();
2299:Middlewares/Third_Party/FreeRTOS/Source/tasks.c **** 
2300:Middlewares/Third_Party/FreeRTOS/Source/tasks.c **** 	return xAlreadyYielded;
2301:Middlewares/Third_Party/FreeRTOS/Source/tasks.c **** }
2302:Middlewares/Third_Party/FreeRTOS/Source/tasks.c **** /*-----------------------------------------------------------*/
2303:Middlewares/Third_Party/FreeRTOS/Source/tasks.c **** 
2304:Middlewares/Third_Party/FreeRTOS/Source/tasks.c **** TickType_t xTaskGetTickCount( void )
2305:Middlewares/Third_Party/FreeRTOS/Source/tasks.c **** {
2306:Middlewares/Third_Party/FreeRTOS/Source/tasks.c **** TickType_t xTicks;
2307:Middlewares/Third_Party/FreeRTOS/Source/tasks.c **** 
2308:Middlewares/Third_Party/FreeRTOS/Source/tasks.c **** 	/* Critical section required if running on a 16 bit processor. */
2309:Middlewares/Third_Party/FreeRTOS/Source/tasks.c **** 	portTICK_TYPE_ENTER_CRITICAL();
2310:Middlewares/Third_Party/FreeRTOS/Source/tasks.c **** 	{
2311:Middlewares/Third_Party/FreeRTOS/Source/tasks.c **** 		xTicks = xTickCount;
2312:Middlewares/Third_Party/FreeRTOS/Source/tasks.c **** 	}
2313:Middlewares/Third_Party/FreeRTOS/Source/tasks.c **** 	portTICK_TYPE_EXIT_CRITICAL();
2314:Middlewares/Third_Party/FreeRTOS/Source/tasks.c **** 
2315:Middlewares/Third_Party/FreeRTOS/Source/tasks.c **** 	return xTicks;
2316:Middlewares/Third_Party/FreeRTOS/Source/tasks.c **** }
2317:Middlewares/Third_Party/FreeRTOS/Source/tasks.c **** /*-----------------------------------------------------------*/
2318:Middlewares/Third_Party/FreeRTOS/Source/tasks.c **** 
2319:Middlewares/Third_Party/FreeRTOS/Source/tasks.c **** TickType_t xTaskGetTickCountFromISR( void )
2320:Middlewares/Third_Party/FreeRTOS/Source/tasks.c **** {
2321:Middlewares/Third_Party/FreeRTOS/Source/tasks.c **** TickType_t xReturn;
2322:Middlewares/Third_Party/FreeRTOS/Source/tasks.c **** UBaseType_t uxSavedInterruptStatus;
2323:Middlewares/Third_Party/FreeRTOS/Source/tasks.c **** 
2324:Middlewares/Third_Party/FreeRTOS/Source/tasks.c **** 	/* RTOS ports that support interrupt nesting have the concept of a maximum
ARM GAS  C:\Users\Asus\AppData\Local\Temp\cctip26G.s 			page 44


2325:Middlewares/Third_Party/FreeRTOS/Source/tasks.c **** 	system call (or maximum API call) interrupt priority.  Interrupts that are
2326:Middlewares/Third_Party/FreeRTOS/Source/tasks.c **** 	above the maximum system call priority are kept permanently enabled, even
2327:Middlewares/Third_Party/FreeRTOS/Source/tasks.c **** 	when the RTOS kernel is in a critical section, but cannot make any calls to
2328:Middlewares/Third_Party/FreeRTOS/Source/tasks.c **** 	FreeRTOS API functions.  If configASSERT() is defined in FreeRTOSConfig.h
2329:Middlewares/Third_Party/FreeRTOS/Source/tasks.c **** 	then portASSERT_IF_INTERRUPT_PRIORITY_INVALID() will result in an assertion
2330:Middlewares/Third_Party/FreeRTOS/Source/tasks.c **** 	failure if a FreeRTOS API function is called from an interrupt that has been
2331:Middlewares/Third_Party/FreeRTOS/Source/tasks.c **** 	assigned a priority above the configured maximum system call priority.
2332:Middlewares/Third_Party/FreeRTOS/Source/tasks.c **** 	Only FreeRTOS functions that end in FromISR can be called from interrupts
2333:Middlewares/Third_Party/FreeRTOS/Source/tasks.c **** 	that have been assigned a priority at or (logically) below the maximum
2334:Middlewares/Third_Party/FreeRTOS/Source/tasks.c **** 	system call	interrupt priority.  FreeRTOS maintains a separate interrupt
2335:Middlewares/Third_Party/FreeRTOS/Source/tasks.c **** 	safe API to ensure interrupt entry is as fast and as simple as possible.
2336:Middlewares/Third_Party/FreeRTOS/Source/tasks.c **** 	More information (albeit Cortex-M specific) is provided on the following
2337:Middlewares/Third_Party/FreeRTOS/Source/tasks.c **** 	link: https://www.freertos.org/RTOS-Cortex-M3-M4.html */
2338:Middlewares/Third_Party/FreeRTOS/Source/tasks.c **** 	portASSERT_IF_INTERRUPT_PRIORITY_INVALID();
2339:Middlewares/Third_Party/FreeRTOS/Source/tasks.c **** 
2340:Middlewares/Third_Party/FreeRTOS/Source/tasks.c **** 	uxSavedInterruptStatus = portTICK_TYPE_SET_INTERRUPT_MASK_FROM_ISR();
2341:Middlewares/Third_Party/FreeRTOS/Source/tasks.c **** 	{
2342:Middlewares/Third_Party/FreeRTOS/Source/tasks.c **** 		xReturn = xTickCount;
2343:Middlewares/Third_Party/FreeRTOS/Source/tasks.c **** 	}
2344:Middlewares/Third_Party/FreeRTOS/Source/tasks.c **** 	portTICK_TYPE_CLEAR_INTERRUPT_MASK_FROM_ISR( uxSavedInterruptStatus );
2345:Middlewares/Third_Party/FreeRTOS/Source/tasks.c **** 
2346:Middlewares/Third_Party/FreeRTOS/Source/tasks.c **** 	return xReturn;
2347:Middlewares/Third_Party/FreeRTOS/Source/tasks.c **** }
2348:Middlewares/Third_Party/FreeRTOS/Source/tasks.c **** /*-----------------------------------------------------------*/
2349:Middlewares/Third_Party/FreeRTOS/Source/tasks.c **** 
2350:Middlewares/Third_Party/FreeRTOS/Source/tasks.c **** UBaseType_t uxTaskGetNumberOfTasks( void )
2351:Middlewares/Third_Party/FreeRTOS/Source/tasks.c **** {
2352:Middlewares/Third_Party/FreeRTOS/Source/tasks.c **** 	/* A critical section is not required because the variables are of type
2353:Middlewares/Third_Party/FreeRTOS/Source/tasks.c **** 	BaseType_t. */
2354:Middlewares/Third_Party/FreeRTOS/Source/tasks.c **** 	return uxCurrentNumberOfTasks;
2355:Middlewares/Third_Party/FreeRTOS/Source/tasks.c **** }
2356:Middlewares/Third_Party/FreeRTOS/Source/tasks.c **** /*-----------------------------------------------------------*/
2357:Middlewares/Third_Party/FreeRTOS/Source/tasks.c **** 
2358:Middlewares/Third_Party/FreeRTOS/Source/tasks.c **** char *pcTaskGetName( TaskHandle_t xTaskToQuery ) /*lint !e971 Unqualified char types are allowed fo
2359:Middlewares/Third_Party/FreeRTOS/Source/tasks.c **** {
2360:Middlewares/Third_Party/FreeRTOS/Source/tasks.c **** TCB_t *pxTCB;
2361:Middlewares/Third_Party/FreeRTOS/Source/tasks.c **** 
2362:Middlewares/Third_Party/FreeRTOS/Source/tasks.c **** 	/* If null is passed in here then the name of the calling task is being
2363:Middlewares/Third_Party/FreeRTOS/Source/tasks.c **** 	queried. */
2364:Middlewares/Third_Party/FreeRTOS/Source/tasks.c **** 	pxTCB = prvGetTCBFromHandle( xTaskToQuery );
2365:Middlewares/Third_Party/FreeRTOS/Source/tasks.c **** 	configASSERT( pxTCB );
2366:Middlewares/Third_Party/FreeRTOS/Source/tasks.c **** 	return &( pxTCB->pcTaskName[ 0 ] );
2367:Middlewares/Third_Party/FreeRTOS/Source/tasks.c **** }
2368:Middlewares/Third_Party/FreeRTOS/Source/tasks.c **** /*-----------------------------------------------------------*/
2369:Middlewares/Third_Party/FreeRTOS/Source/tasks.c **** 
2370:Middlewares/Third_Party/FreeRTOS/Source/tasks.c **** #if ( INCLUDE_xTaskGetHandle == 1 )
2371:Middlewares/Third_Party/FreeRTOS/Source/tasks.c **** 
2372:Middlewares/Third_Party/FreeRTOS/Source/tasks.c **** 	static TCB_t *prvSearchForNameWithinSingleList( List_t *pxList, const char pcNameToQuery[] )
2373:Middlewares/Third_Party/FreeRTOS/Source/tasks.c **** 	{
2374:Middlewares/Third_Party/FreeRTOS/Source/tasks.c **** 	TCB_t *pxNextTCB, *pxFirstTCB, *pxReturn = NULL;
2375:Middlewares/Third_Party/FreeRTOS/Source/tasks.c **** 	UBaseType_t x;
2376:Middlewares/Third_Party/FreeRTOS/Source/tasks.c **** 	char cNextChar;
2377:Middlewares/Third_Party/FreeRTOS/Source/tasks.c **** 	BaseType_t xBreakLoop;
2378:Middlewares/Third_Party/FreeRTOS/Source/tasks.c **** 
2379:Middlewares/Third_Party/FreeRTOS/Source/tasks.c **** 		/* This function is called with the scheduler suspended. */
2380:Middlewares/Third_Party/FreeRTOS/Source/tasks.c **** 
2381:Middlewares/Third_Party/FreeRTOS/Source/tasks.c **** 		if( listCURRENT_LIST_LENGTH( pxList ) > ( UBaseType_t ) 0 )
ARM GAS  C:\Users\Asus\AppData\Local\Temp\cctip26G.s 			page 45


2382:Middlewares/Third_Party/FreeRTOS/Source/tasks.c **** 		{
2383:Middlewares/Third_Party/FreeRTOS/Source/tasks.c **** 			listGET_OWNER_OF_NEXT_ENTRY( pxFirstTCB, pxList );  /*lint !e9079 void * is used as this macro i
2384:Middlewares/Third_Party/FreeRTOS/Source/tasks.c **** 
2385:Middlewares/Third_Party/FreeRTOS/Source/tasks.c **** 			do
2386:Middlewares/Third_Party/FreeRTOS/Source/tasks.c **** 			{
2387:Middlewares/Third_Party/FreeRTOS/Source/tasks.c **** 				listGET_OWNER_OF_NEXT_ENTRY( pxNextTCB, pxList ); /*lint !e9079 void * is used as this macro is
2388:Middlewares/Third_Party/FreeRTOS/Source/tasks.c **** 
2389:Middlewares/Third_Party/FreeRTOS/Source/tasks.c **** 				/* Check each character in the name looking for a match or
2390:Middlewares/Third_Party/FreeRTOS/Source/tasks.c **** 				mismatch. */
2391:Middlewares/Third_Party/FreeRTOS/Source/tasks.c **** 				xBreakLoop = pdFALSE;
2392:Middlewares/Third_Party/FreeRTOS/Source/tasks.c **** 				for( x = ( UBaseType_t ) 0; x < ( UBaseType_t ) configMAX_TASK_NAME_LEN; x++ )
2393:Middlewares/Third_Party/FreeRTOS/Source/tasks.c **** 				{
2394:Middlewares/Third_Party/FreeRTOS/Source/tasks.c **** 					cNextChar = pxNextTCB->pcTaskName[ x ];
2395:Middlewares/Third_Party/FreeRTOS/Source/tasks.c **** 
2396:Middlewares/Third_Party/FreeRTOS/Source/tasks.c **** 					if( cNextChar != pcNameToQuery[ x ] )
2397:Middlewares/Third_Party/FreeRTOS/Source/tasks.c **** 					{
2398:Middlewares/Third_Party/FreeRTOS/Source/tasks.c **** 						/* Characters didn't match. */
2399:Middlewares/Third_Party/FreeRTOS/Source/tasks.c **** 						xBreakLoop = pdTRUE;
2400:Middlewares/Third_Party/FreeRTOS/Source/tasks.c **** 					}
2401:Middlewares/Third_Party/FreeRTOS/Source/tasks.c **** 					else if( cNextChar == ( char ) 0x00 )
2402:Middlewares/Third_Party/FreeRTOS/Source/tasks.c **** 					{
2403:Middlewares/Third_Party/FreeRTOS/Source/tasks.c **** 						/* Both strings terminated, a match must have been
2404:Middlewares/Third_Party/FreeRTOS/Source/tasks.c **** 						found. */
2405:Middlewares/Third_Party/FreeRTOS/Source/tasks.c **** 						pxReturn = pxNextTCB;
2406:Middlewares/Third_Party/FreeRTOS/Source/tasks.c **** 						xBreakLoop = pdTRUE;
2407:Middlewares/Third_Party/FreeRTOS/Source/tasks.c **** 					}
2408:Middlewares/Third_Party/FreeRTOS/Source/tasks.c **** 					else
2409:Middlewares/Third_Party/FreeRTOS/Source/tasks.c **** 					{
2410:Middlewares/Third_Party/FreeRTOS/Source/tasks.c **** 						mtCOVERAGE_TEST_MARKER();
2411:Middlewares/Third_Party/FreeRTOS/Source/tasks.c **** 					}
2412:Middlewares/Third_Party/FreeRTOS/Source/tasks.c **** 
2413:Middlewares/Third_Party/FreeRTOS/Source/tasks.c **** 					if( xBreakLoop != pdFALSE )
2414:Middlewares/Third_Party/FreeRTOS/Source/tasks.c **** 					{
2415:Middlewares/Third_Party/FreeRTOS/Source/tasks.c **** 						break;
2416:Middlewares/Third_Party/FreeRTOS/Source/tasks.c **** 					}
2417:Middlewares/Third_Party/FreeRTOS/Source/tasks.c **** 				}
2418:Middlewares/Third_Party/FreeRTOS/Source/tasks.c **** 
2419:Middlewares/Third_Party/FreeRTOS/Source/tasks.c **** 				if( pxReturn != NULL )
2420:Middlewares/Third_Party/FreeRTOS/Source/tasks.c **** 				{
2421:Middlewares/Third_Party/FreeRTOS/Source/tasks.c **** 					/* The handle has been found. */
2422:Middlewares/Third_Party/FreeRTOS/Source/tasks.c **** 					break;
2423:Middlewares/Third_Party/FreeRTOS/Source/tasks.c **** 				}
2424:Middlewares/Third_Party/FreeRTOS/Source/tasks.c **** 
2425:Middlewares/Third_Party/FreeRTOS/Source/tasks.c **** 			} while( pxNextTCB != pxFirstTCB );
2426:Middlewares/Third_Party/FreeRTOS/Source/tasks.c **** 		}
2427:Middlewares/Third_Party/FreeRTOS/Source/tasks.c **** 		else
2428:Middlewares/Third_Party/FreeRTOS/Source/tasks.c **** 		{
2429:Middlewares/Third_Party/FreeRTOS/Source/tasks.c **** 			mtCOVERAGE_TEST_MARKER();
2430:Middlewares/Third_Party/FreeRTOS/Source/tasks.c **** 		}
2431:Middlewares/Third_Party/FreeRTOS/Source/tasks.c **** 
2432:Middlewares/Third_Party/FreeRTOS/Source/tasks.c **** 		return pxReturn;
2433:Middlewares/Third_Party/FreeRTOS/Source/tasks.c **** 	}
2434:Middlewares/Third_Party/FreeRTOS/Source/tasks.c **** 
2435:Middlewares/Third_Party/FreeRTOS/Source/tasks.c **** #endif /* INCLUDE_xTaskGetHandle */
2436:Middlewares/Third_Party/FreeRTOS/Source/tasks.c **** /*-----------------------------------------------------------*/
2437:Middlewares/Third_Party/FreeRTOS/Source/tasks.c **** 
2438:Middlewares/Third_Party/FreeRTOS/Source/tasks.c **** #if ( INCLUDE_xTaskGetHandle == 1 )
ARM GAS  C:\Users\Asus\AppData\Local\Temp\cctip26G.s 			page 46


2439:Middlewares/Third_Party/FreeRTOS/Source/tasks.c **** 
2440:Middlewares/Third_Party/FreeRTOS/Source/tasks.c **** 	TaskHandle_t xTaskGetHandle( const char *pcNameToQuery ) /*lint !e971 Unqualified char types are a
2441:Middlewares/Third_Party/FreeRTOS/Source/tasks.c **** 	{
2442:Middlewares/Third_Party/FreeRTOS/Source/tasks.c **** 	UBaseType_t uxQueue = configMAX_PRIORITIES;
2443:Middlewares/Third_Party/FreeRTOS/Source/tasks.c **** 	TCB_t* pxTCB;
2444:Middlewares/Third_Party/FreeRTOS/Source/tasks.c **** 
2445:Middlewares/Third_Party/FreeRTOS/Source/tasks.c **** 		/* Task names will be truncated to configMAX_TASK_NAME_LEN - 1 bytes. */
2446:Middlewares/Third_Party/FreeRTOS/Source/tasks.c **** 		configASSERT( strlen( pcNameToQuery ) < configMAX_TASK_NAME_LEN );
2447:Middlewares/Third_Party/FreeRTOS/Source/tasks.c **** 
2448:Middlewares/Third_Party/FreeRTOS/Source/tasks.c **** 		vTaskSuspendAll();
2449:Middlewares/Third_Party/FreeRTOS/Source/tasks.c **** 		{
2450:Middlewares/Third_Party/FreeRTOS/Source/tasks.c **** 			/* Search the ready lists. */
2451:Middlewares/Third_Party/FreeRTOS/Source/tasks.c **** 			do
2452:Middlewares/Third_Party/FreeRTOS/Source/tasks.c **** 			{
2453:Middlewares/Third_Party/FreeRTOS/Source/tasks.c **** 				uxQueue--;
2454:Middlewares/Third_Party/FreeRTOS/Source/tasks.c **** 				pxTCB = prvSearchForNameWithinSingleList( ( List_t * ) &( pxReadyTasksLists[ uxQueue ] ), pcNam
2455:Middlewares/Third_Party/FreeRTOS/Source/tasks.c **** 
2456:Middlewares/Third_Party/FreeRTOS/Source/tasks.c **** 				if( pxTCB != NULL )
2457:Middlewares/Third_Party/FreeRTOS/Source/tasks.c **** 				{
2458:Middlewares/Third_Party/FreeRTOS/Source/tasks.c **** 					/* Found the handle. */
2459:Middlewares/Third_Party/FreeRTOS/Source/tasks.c **** 					break;
2460:Middlewares/Third_Party/FreeRTOS/Source/tasks.c **** 				}
2461:Middlewares/Third_Party/FreeRTOS/Source/tasks.c **** 
2462:Middlewares/Third_Party/FreeRTOS/Source/tasks.c **** 			} while( uxQueue > ( UBaseType_t ) tskIDLE_PRIORITY ); /*lint !e961 MISRA exception as the casts
2463:Middlewares/Third_Party/FreeRTOS/Source/tasks.c **** 
2464:Middlewares/Third_Party/FreeRTOS/Source/tasks.c **** 			/* Search the delayed lists. */
2465:Middlewares/Third_Party/FreeRTOS/Source/tasks.c **** 			if( pxTCB == NULL )
2466:Middlewares/Third_Party/FreeRTOS/Source/tasks.c **** 			{
2467:Middlewares/Third_Party/FreeRTOS/Source/tasks.c **** 				pxTCB = prvSearchForNameWithinSingleList( ( List_t * ) pxDelayedTaskList, pcNameToQuery );
2468:Middlewares/Third_Party/FreeRTOS/Source/tasks.c **** 			}
2469:Middlewares/Third_Party/FreeRTOS/Source/tasks.c **** 
2470:Middlewares/Third_Party/FreeRTOS/Source/tasks.c **** 			if( pxTCB == NULL )
2471:Middlewares/Third_Party/FreeRTOS/Source/tasks.c **** 			{
2472:Middlewares/Third_Party/FreeRTOS/Source/tasks.c **** 				pxTCB = prvSearchForNameWithinSingleList( ( List_t * ) pxOverflowDelayedTaskList, pcNameToQuery
2473:Middlewares/Third_Party/FreeRTOS/Source/tasks.c **** 			}
2474:Middlewares/Third_Party/FreeRTOS/Source/tasks.c **** 
2475:Middlewares/Third_Party/FreeRTOS/Source/tasks.c **** 			#if ( INCLUDE_vTaskSuspend == 1 )
2476:Middlewares/Third_Party/FreeRTOS/Source/tasks.c **** 			{
2477:Middlewares/Third_Party/FreeRTOS/Source/tasks.c **** 				if( pxTCB == NULL )
2478:Middlewares/Third_Party/FreeRTOS/Source/tasks.c **** 				{
2479:Middlewares/Third_Party/FreeRTOS/Source/tasks.c **** 					/* Search the suspended list. */
2480:Middlewares/Third_Party/FreeRTOS/Source/tasks.c **** 					pxTCB = prvSearchForNameWithinSingleList( &xSuspendedTaskList, pcNameToQuery );
2481:Middlewares/Third_Party/FreeRTOS/Source/tasks.c **** 				}
2482:Middlewares/Third_Party/FreeRTOS/Source/tasks.c **** 			}
2483:Middlewares/Third_Party/FreeRTOS/Source/tasks.c **** 			#endif
2484:Middlewares/Third_Party/FreeRTOS/Source/tasks.c **** 
2485:Middlewares/Third_Party/FreeRTOS/Source/tasks.c **** 			#if( INCLUDE_vTaskDelete == 1 )
2486:Middlewares/Third_Party/FreeRTOS/Source/tasks.c **** 			{
2487:Middlewares/Third_Party/FreeRTOS/Source/tasks.c **** 				if( pxTCB == NULL )
2488:Middlewares/Third_Party/FreeRTOS/Source/tasks.c **** 				{
2489:Middlewares/Third_Party/FreeRTOS/Source/tasks.c **** 					/* Search the deleted list. */
2490:Middlewares/Third_Party/FreeRTOS/Source/tasks.c **** 					pxTCB = prvSearchForNameWithinSingleList( &xTasksWaitingTermination, pcNameToQuery );
2491:Middlewares/Third_Party/FreeRTOS/Source/tasks.c **** 				}
2492:Middlewares/Third_Party/FreeRTOS/Source/tasks.c **** 			}
2493:Middlewares/Third_Party/FreeRTOS/Source/tasks.c **** 			#endif
2494:Middlewares/Third_Party/FreeRTOS/Source/tasks.c **** 		}
2495:Middlewares/Third_Party/FreeRTOS/Source/tasks.c **** 		( void ) xTaskResumeAll();
ARM GAS  C:\Users\Asus\AppData\Local\Temp\cctip26G.s 			page 47


2496:Middlewares/Third_Party/FreeRTOS/Source/tasks.c **** 
2497:Middlewares/Third_Party/FreeRTOS/Source/tasks.c **** 		return pxTCB;
2498:Middlewares/Third_Party/FreeRTOS/Source/tasks.c **** 	}
2499:Middlewares/Third_Party/FreeRTOS/Source/tasks.c **** 
2500:Middlewares/Third_Party/FreeRTOS/Source/tasks.c **** #endif /* INCLUDE_xTaskGetHandle */
2501:Middlewares/Third_Party/FreeRTOS/Source/tasks.c **** /*-----------------------------------------------------------*/
2502:Middlewares/Third_Party/FreeRTOS/Source/tasks.c **** 
2503:Middlewares/Third_Party/FreeRTOS/Source/tasks.c **** #if ( configUSE_TRACE_FACILITY == 1 )
2504:Middlewares/Third_Party/FreeRTOS/Source/tasks.c **** 
2505:Middlewares/Third_Party/FreeRTOS/Source/tasks.c **** 	UBaseType_t uxTaskGetSystemState( TaskStatus_t * const pxTaskStatusArray, const UBaseType_t uxArra
2506:Middlewares/Third_Party/FreeRTOS/Source/tasks.c **** 	{
2507:Middlewares/Third_Party/FreeRTOS/Source/tasks.c **** 	UBaseType_t uxTask = 0, uxQueue = configMAX_PRIORITIES;
2508:Middlewares/Third_Party/FreeRTOS/Source/tasks.c **** 
2509:Middlewares/Third_Party/FreeRTOS/Source/tasks.c **** 		vTaskSuspendAll();
2510:Middlewares/Third_Party/FreeRTOS/Source/tasks.c **** 		{
2511:Middlewares/Third_Party/FreeRTOS/Source/tasks.c **** 			/* Is there a space in the array for each task in the system? */
2512:Middlewares/Third_Party/FreeRTOS/Source/tasks.c **** 			if( uxArraySize >= uxCurrentNumberOfTasks )
2513:Middlewares/Third_Party/FreeRTOS/Source/tasks.c **** 			{
2514:Middlewares/Third_Party/FreeRTOS/Source/tasks.c **** 				/* Fill in an TaskStatus_t structure with information on each
2515:Middlewares/Third_Party/FreeRTOS/Source/tasks.c **** 				task in the Ready state. */
2516:Middlewares/Third_Party/FreeRTOS/Source/tasks.c **** 				do
2517:Middlewares/Third_Party/FreeRTOS/Source/tasks.c **** 				{
2518:Middlewares/Third_Party/FreeRTOS/Source/tasks.c **** 					uxQueue--;
2519:Middlewares/Third_Party/FreeRTOS/Source/tasks.c **** 					uxTask += prvListTasksWithinSingleList( &( pxTaskStatusArray[ uxTask ] ), &( pxReadyTasksLists
2520:Middlewares/Third_Party/FreeRTOS/Source/tasks.c **** 
2521:Middlewares/Third_Party/FreeRTOS/Source/tasks.c **** 				} while( uxQueue > ( UBaseType_t ) tskIDLE_PRIORITY ); /*lint !e961 MISRA exception as the cast
2522:Middlewares/Third_Party/FreeRTOS/Source/tasks.c **** 
2523:Middlewares/Third_Party/FreeRTOS/Source/tasks.c **** 				/* Fill in an TaskStatus_t structure with information on each
2524:Middlewares/Third_Party/FreeRTOS/Source/tasks.c **** 				task in the Blocked state. */
2525:Middlewares/Third_Party/FreeRTOS/Source/tasks.c **** 				uxTask += prvListTasksWithinSingleList( &( pxTaskStatusArray[ uxTask ] ), ( List_t * ) pxDelaye
2526:Middlewares/Third_Party/FreeRTOS/Source/tasks.c **** 				uxTask += prvListTasksWithinSingleList( &( pxTaskStatusArray[ uxTask ] ), ( List_t * ) pxOverfl
2527:Middlewares/Third_Party/FreeRTOS/Source/tasks.c **** 
2528:Middlewares/Third_Party/FreeRTOS/Source/tasks.c **** 				#if( INCLUDE_vTaskDelete == 1 )
2529:Middlewares/Third_Party/FreeRTOS/Source/tasks.c **** 				{
2530:Middlewares/Third_Party/FreeRTOS/Source/tasks.c **** 					/* Fill in an TaskStatus_t structure with information on
2531:Middlewares/Third_Party/FreeRTOS/Source/tasks.c **** 					each task that has been deleted but not yet cleaned up. */
2532:Middlewares/Third_Party/FreeRTOS/Source/tasks.c **** 					uxTask += prvListTasksWithinSingleList( &( pxTaskStatusArray[ uxTask ] ), &xTasksWaitingTermin
2533:Middlewares/Third_Party/FreeRTOS/Source/tasks.c **** 				}
2534:Middlewares/Third_Party/FreeRTOS/Source/tasks.c **** 				#endif
2535:Middlewares/Third_Party/FreeRTOS/Source/tasks.c **** 
2536:Middlewares/Third_Party/FreeRTOS/Source/tasks.c **** 				#if ( INCLUDE_vTaskSuspend == 1 )
2537:Middlewares/Third_Party/FreeRTOS/Source/tasks.c **** 				{
2538:Middlewares/Third_Party/FreeRTOS/Source/tasks.c **** 					/* Fill in an TaskStatus_t structure with information on
2539:Middlewares/Third_Party/FreeRTOS/Source/tasks.c **** 					each task in the Suspended state. */
2540:Middlewares/Third_Party/FreeRTOS/Source/tasks.c **** 					uxTask += prvListTasksWithinSingleList( &( pxTaskStatusArray[ uxTask ] ), &xSuspendedTaskList,
2541:Middlewares/Third_Party/FreeRTOS/Source/tasks.c **** 				}
2542:Middlewares/Third_Party/FreeRTOS/Source/tasks.c **** 				#endif
2543:Middlewares/Third_Party/FreeRTOS/Source/tasks.c **** 
2544:Middlewares/Third_Party/FreeRTOS/Source/tasks.c **** 				#if ( configGENERATE_RUN_TIME_STATS == 1)
2545:Middlewares/Third_Party/FreeRTOS/Source/tasks.c **** 				{
2546:Middlewares/Third_Party/FreeRTOS/Source/tasks.c **** 					if( pulTotalRunTime != NULL )
2547:Middlewares/Third_Party/FreeRTOS/Source/tasks.c **** 					{
2548:Middlewares/Third_Party/FreeRTOS/Source/tasks.c **** 						#ifdef portALT_GET_RUN_TIME_COUNTER_VALUE
2549:Middlewares/Third_Party/FreeRTOS/Source/tasks.c **** 							portALT_GET_RUN_TIME_COUNTER_VALUE( ( *pulTotalRunTime ) );
2550:Middlewares/Third_Party/FreeRTOS/Source/tasks.c **** 						#else
2551:Middlewares/Third_Party/FreeRTOS/Source/tasks.c **** 							*pulTotalRunTime = portGET_RUN_TIME_COUNTER_VALUE();
2552:Middlewares/Third_Party/FreeRTOS/Source/tasks.c **** 						#endif
ARM GAS  C:\Users\Asus\AppData\Local\Temp\cctip26G.s 			page 48


2553:Middlewares/Third_Party/FreeRTOS/Source/tasks.c **** 					}
2554:Middlewares/Third_Party/FreeRTOS/Source/tasks.c **** 				}
2555:Middlewares/Third_Party/FreeRTOS/Source/tasks.c **** 				#else
2556:Middlewares/Third_Party/FreeRTOS/Source/tasks.c **** 				{
2557:Middlewares/Third_Party/FreeRTOS/Source/tasks.c **** 					if( pulTotalRunTime != NULL )
2558:Middlewares/Third_Party/FreeRTOS/Source/tasks.c **** 					{
2559:Middlewares/Third_Party/FreeRTOS/Source/tasks.c **** 						*pulTotalRunTime = 0;
2560:Middlewares/Third_Party/FreeRTOS/Source/tasks.c **** 					}
2561:Middlewares/Third_Party/FreeRTOS/Source/tasks.c **** 				}
2562:Middlewares/Third_Party/FreeRTOS/Source/tasks.c **** 				#endif
2563:Middlewares/Third_Party/FreeRTOS/Source/tasks.c **** 			}
2564:Middlewares/Third_Party/FreeRTOS/Source/tasks.c **** 			else
2565:Middlewares/Third_Party/FreeRTOS/Source/tasks.c **** 			{
2566:Middlewares/Third_Party/FreeRTOS/Source/tasks.c **** 				mtCOVERAGE_TEST_MARKER();
2567:Middlewares/Third_Party/FreeRTOS/Source/tasks.c **** 			}
2568:Middlewares/Third_Party/FreeRTOS/Source/tasks.c **** 		}
2569:Middlewares/Third_Party/FreeRTOS/Source/tasks.c **** 		( void ) xTaskResumeAll();
2570:Middlewares/Third_Party/FreeRTOS/Source/tasks.c **** 
2571:Middlewares/Third_Party/FreeRTOS/Source/tasks.c **** 		return uxTask;
2572:Middlewares/Third_Party/FreeRTOS/Source/tasks.c **** 	}
2573:Middlewares/Third_Party/FreeRTOS/Source/tasks.c **** 
2574:Middlewares/Third_Party/FreeRTOS/Source/tasks.c **** #endif /* configUSE_TRACE_FACILITY */
2575:Middlewares/Third_Party/FreeRTOS/Source/tasks.c **** /*----------------------------------------------------------*/
2576:Middlewares/Third_Party/FreeRTOS/Source/tasks.c **** 
2577:Middlewares/Third_Party/FreeRTOS/Source/tasks.c **** #if ( INCLUDE_xTaskGetIdleTaskHandle == 1 )
2578:Middlewares/Third_Party/FreeRTOS/Source/tasks.c **** 
2579:Middlewares/Third_Party/FreeRTOS/Source/tasks.c **** 	TaskHandle_t xTaskGetIdleTaskHandle( void )
2580:Middlewares/Third_Party/FreeRTOS/Source/tasks.c **** 	{
2581:Middlewares/Third_Party/FreeRTOS/Source/tasks.c **** 		/* If xTaskGetIdleTaskHandle() is called before the scheduler has been
2582:Middlewares/Third_Party/FreeRTOS/Source/tasks.c **** 		started, then xIdleTaskHandle will be NULL. */
2583:Middlewares/Third_Party/FreeRTOS/Source/tasks.c **** 		configASSERT( ( xIdleTaskHandle != NULL ) );
2584:Middlewares/Third_Party/FreeRTOS/Source/tasks.c **** 		return xIdleTaskHandle;
2585:Middlewares/Third_Party/FreeRTOS/Source/tasks.c **** 	}
2586:Middlewares/Third_Party/FreeRTOS/Source/tasks.c **** 
2587:Middlewares/Third_Party/FreeRTOS/Source/tasks.c **** #endif /* INCLUDE_xTaskGetIdleTaskHandle */
2588:Middlewares/Third_Party/FreeRTOS/Source/tasks.c **** /*----------------------------------------------------------*/
2589:Middlewares/Third_Party/FreeRTOS/Source/tasks.c **** 
2590:Middlewares/Third_Party/FreeRTOS/Source/tasks.c **** /* This conditional compilation should use inequality to 0, not equality to 1.
2591:Middlewares/Third_Party/FreeRTOS/Source/tasks.c **** This is to ensure vTaskStepTick() is available when user defined low power mode
2592:Middlewares/Third_Party/FreeRTOS/Source/tasks.c **** implementations require configUSE_TICKLESS_IDLE to be set to a value other than
2593:Middlewares/Third_Party/FreeRTOS/Source/tasks.c **** 1. */
2594:Middlewares/Third_Party/FreeRTOS/Source/tasks.c **** #if ( configUSE_TICKLESS_IDLE != 0 )
2595:Middlewares/Third_Party/FreeRTOS/Source/tasks.c **** 
2596:Middlewares/Third_Party/FreeRTOS/Source/tasks.c **** 	void vTaskStepTick( const TickType_t xTicksToJump )
2597:Middlewares/Third_Party/FreeRTOS/Source/tasks.c **** 	{
2598:Middlewares/Third_Party/FreeRTOS/Source/tasks.c **** 		/* Correct the tick count value after a period during which the tick
2599:Middlewares/Third_Party/FreeRTOS/Source/tasks.c **** 		was suppressed.  Note this does *not* call the tick hook function for
2600:Middlewares/Third_Party/FreeRTOS/Source/tasks.c **** 		each stepped tick. */
2601:Middlewares/Third_Party/FreeRTOS/Source/tasks.c **** 		configASSERT( ( xTickCount + xTicksToJump ) <= xNextTaskUnblockTime );
2602:Middlewares/Third_Party/FreeRTOS/Source/tasks.c **** 		xTickCount += xTicksToJump;
2603:Middlewares/Third_Party/FreeRTOS/Source/tasks.c **** 		traceINCREASE_TICK_COUNT( xTicksToJump );
2604:Middlewares/Third_Party/FreeRTOS/Source/tasks.c **** 	}
2605:Middlewares/Third_Party/FreeRTOS/Source/tasks.c **** 
2606:Middlewares/Third_Party/FreeRTOS/Source/tasks.c **** #endif /* configUSE_TICKLESS_IDLE */
2607:Middlewares/Third_Party/FreeRTOS/Source/tasks.c **** /*----------------------------------------------------------*/
2608:Middlewares/Third_Party/FreeRTOS/Source/tasks.c **** 
2609:Middlewares/Third_Party/FreeRTOS/Source/tasks.c **** BaseType_t xTaskCatchUpTicks( TickType_t xTicksToCatchUp )
ARM GAS  C:\Users\Asus\AppData\Local\Temp\cctip26G.s 			page 49


2610:Middlewares/Third_Party/FreeRTOS/Source/tasks.c **** {
2611:Middlewares/Third_Party/FreeRTOS/Source/tasks.c **** BaseType_t xYieldRequired = pdFALSE;
2612:Middlewares/Third_Party/FreeRTOS/Source/tasks.c **** 
2613:Middlewares/Third_Party/FreeRTOS/Source/tasks.c **** 	/* Must not be called with the scheduler suspended as the implementation
2614:Middlewares/Third_Party/FreeRTOS/Source/tasks.c **** 	relies on xPendedTicks being wound down to 0 in xTaskResumeAll(). */
2615:Middlewares/Third_Party/FreeRTOS/Source/tasks.c **** 	configASSERT( uxSchedulerSuspended == 0 );
2616:Middlewares/Third_Party/FreeRTOS/Source/tasks.c **** 
2617:Middlewares/Third_Party/FreeRTOS/Source/tasks.c **** 	/* Use xPendedTicks to mimic xTicksToCatchUp number of ticks occurring when
2618:Middlewares/Third_Party/FreeRTOS/Source/tasks.c **** 	the scheduler is suspended so the ticks are executed in xTaskResumeAll(). */
2619:Middlewares/Third_Party/FreeRTOS/Source/tasks.c **** 	vTaskSuspendAll();
2620:Middlewares/Third_Party/FreeRTOS/Source/tasks.c **** 	xPendedTicks += xTicksToCatchUp;
2621:Middlewares/Third_Party/FreeRTOS/Source/tasks.c **** 	xYieldRequired = xTaskResumeAll();
2622:Middlewares/Third_Party/FreeRTOS/Source/tasks.c **** 
2623:Middlewares/Third_Party/FreeRTOS/Source/tasks.c **** 	return xYieldRequired;
2624:Middlewares/Third_Party/FreeRTOS/Source/tasks.c **** }
2625:Middlewares/Third_Party/FreeRTOS/Source/tasks.c **** /*----------------------------------------------------------*/
2626:Middlewares/Third_Party/FreeRTOS/Source/tasks.c **** 
2627:Middlewares/Third_Party/FreeRTOS/Source/tasks.c **** #if ( INCLUDE_xTaskAbortDelay == 1 )
2628:Middlewares/Third_Party/FreeRTOS/Source/tasks.c **** 
2629:Middlewares/Third_Party/FreeRTOS/Source/tasks.c **** 	BaseType_t xTaskAbortDelay( TaskHandle_t xTask )
2630:Middlewares/Third_Party/FreeRTOS/Source/tasks.c **** 	{
2631:Middlewares/Third_Party/FreeRTOS/Source/tasks.c **** 	TCB_t *pxTCB = xTask;
2632:Middlewares/Third_Party/FreeRTOS/Source/tasks.c **** 	BaseType_t xReturn;
2633:Middlewares/Third_Party/FreeRTOS/Source/tasks.c **** 
2634:Middlewares/Third_Party/FreeRTOS/Source/tasks.c **** 		configASSERT( pxTCB );
2635:Middlewares/Third_Party/FreeRTOS/Source/tasks.c **** 
2636:Middlewares/Third_Party/FreeRTOS/Source/tasks.c **** 		vTaskSuspendAll();
2637:Middlewares/Third_Party/FreeRTOS/Source/tasks.c **** 		{
2638:Middlewares/Third_Party/FreeRTOS/Source/tasks.c **** 			/* A task can only be prematurely removed from the Blocked state if
2639:Middlewares/Third_Party/FreeRTOS/Source/tasks.c **** 			it is actually in the Blocked state. */
2640:Middlewares/Third_Party/FreeRTOS/Source/tasks.c **** 			if( eTaskGetState( xTask ) == eBlocked )
2641:Middlewares/Third_Party/FreeRTOS/Source/tasks.c **** 			{
2642:Middlewares/Third_Party/FreeRTOS/Source/tasks.c **** 				xReturn = pdPASS;
2643:Middlewares/Third_Party/FreeRTOS/Source/tasks.c **** 
2644:Middlewares/Third_Party/FreeRTOS/Source/tasks.c **** 				/* Remove the reference to the task from the blocked list.  An
2645:Middlewares/Third_Party/FreeRTOS/Source/tasks.c **** 				interrupt won't touch the xStateListItem because the
2646:Middlewares/Third_Party/FreeRTOS/Source/tasks.c **** 				scheduler is suspended. */
2647:Middlewares/Third_Party/FreeRTOS/Source/tasks.c **** 				( void ) uxListRemove( &( pxTCB->xStateListItem ) );
2648:Middlewares/Third_Party/FreeRTOS/Source/tasks.c **** 
2649:Middlewares/Third_Party/FreeRTOS/Source/tasks.c **** 				/* Is the task waiting on an event also?  If so remove it from
2650:Middlewares/Third_Party/FreeRTOS/Source/tasks.c **** 				the event list too.  Interrupts can touch the event list item,
2651:Middlewares/Third_Party/FreeRTOS/Source/tasks.c **** 				even though the scheduler is suspended, so a critical section
2652:Middlewares/Third_Party/FreeRTOS/Source/tasks.c **** 				is used. */
2653:Middlewares/Third_Party/FreeRTOS/Source/tasks.c **** 				taskENTER_CRITICAL();
2654:Middlewares/Third_Party/FreeRTOS/Source/tasks.c **** 				{
2655:Middlewares/Third_Party/FreeRTOS/Source/tasks.c **** 					if( listLIST_ITEM_CONTAINER( &( pxTCB->xEventListItem ) ) != NULL )
2656:Middlewares/Third_Party/FreeRTOS/Source/tasks.c **** 					{
2657:Middlewares/Third_Party/FreeRTOS/Source/tasks.c **** 						( void ) uxListRemove( &( pxTCB->xEventListItem ) );
2658:Middlewares/Third_Party/FreeRTOS/Source/tasks.c **** 
2659:Middlewares/Third_Party/FreeRTOS/Source/tasks.c **** 						/* This lets the task know it was forcibly removed from the
2660:Middlewares/Third_Party/FreeRTOS/Source/tasks.c **** 						blocked state so it should not re-evaluate its block time and
2661:Middlewares/Third_Party/FreeRTOS/Source/tasks.c **** 						then block again. */
2662:Middlewares/Third_Party/FreeRTOS/Source/tasks.c **** 						pxTCB->ucDelayAborted = pdTRUE;
2663:Middlewares/Third_Party/FreeRTOS/Source/tasks.c **** 					}
2664:Middlewares/Third_Party/FreeRTOS/Source/tasks.c **** 					else
2665:Middlewares/Third_Party/FreeRTOS/Source/tasks.c **** 					{
2666:Middlewares/Third_Party/FreeRTOS/Source/tasks.c **** 						mtCOVERAGE_TEST_MARKER();
ARM GAS  C:\Users\Asus\AppData\Local\Temp\cctip26G.s 			page 50


2667:Middlewares/Third_Party/FreeRTOS/Source/tasks.c **** 					}
2668:Middlewares/Third_Party/FreeRTOS/Source/tasks.c **** 				}
2669:Middlewares/Third_Party/FreeRTOS/Source/tasks.c **** 				taskEXIT_CRITICAL();
2670:Middlewares/Third_Party/FreeRTOS/Source/tasks.c **** 
2671:Middlewares/Third_Party/FreeRTOS/Source/tasks.c **** 				/* Place the unblocked task into the appropriate ready list. */
2672:Middlewares/Third_Party/FreeRTOS/Source/tasks.c **** 				prvAddTaskToReadyList( pxTCB );
2673:Middlewares/Third_Party/FreeRTOS/Source/tasks.c **** 
2674:Middlewares/Third_Party/FreeRTOS/Source/tasks.c **** 				/* A task being unblocked cannot cause an immediate context
2675:Middlewares/Third_Party/FreeRTOS/Source/tasks.c **** 				switch if preemption is turned off. */
2676:Middlewares/Third_Party/FreeRTOS/Source/tasks.c **** 				#if (  configUSE_PREEMPTION == 1 )
2677:Middlewares/Third_Party/FreeRTOS/Source/tasks.c **** 				{
2678:Middlewares/Third_Party/FreeRTOS/Source/tasks.c **** 					/* Preemption is on, but a context switch should only be
2679:Middlewares/Third_Party/FreeRTOS/Source/tasks.c **** 					performed if the unblocked task has a priority that is
2680:Middlewares/Third_Party/FreeRTOS/Source/tasks.c **** 					equal to or higher than the currently executing task. */
2681:Middlewares/Third_Party/FreeRTOS/Source/tasks.c **** 					if( pxTCB->uxPriority > pxCurrentTCB->uxPriority )
2682:Middlewares/Third_Party/FreeRTOS/Source/tasks.c **** 					{
2683:Middlewares/Third_Party/FreeRTOS/Source/tasks.c **** 						/* Pend the yield to be performed when the scheduler
2684:Middlewares/Third_Party/FreeRTOS/Source/tasks.c **** 						is unsuspended. */
2685:Middlewares/Third_Party/FreeRTOS/Source/tasks.c **** 						xYieldPending = pdTRUE;
2686:Middlewares/Third_Party/FreeRTOS/Source/tasks.c **** 					}
2687:Middlewares/Third_Party/FreeRTOS/Source/tasks.c **** 					else
2688:Middlewares/Third_Party/FreeRTOS/Source/tasks.c **** 					{
2689:Middlewares/Third_Party/FreeRTOS/Source/tasks.c **** 						mtCOVERAGE_TEST_MARKER();
2690:Middlewares/Third_Party/FreeRTOS/Source/tasks.c **** 					}
2691:Middlewares/Third_Party/FreeRTOS/Source/tasks.c **** 				}
2692:Middlewares/Third_Party/FreeRTOS/Source/tasks.c **** 				#endif /* configUSE_PREEMPTION */
2693:Middlewares/Third_Party/FreeRTOS/Source/tasks.c **** 			}
2694:Middlewares/Third_Party/FreeRTOS/Source/tasks.c **** 			else
2695:Middlewares/Third_Party/FreeRTOS/Source/tasks.c **** 			{
2696:Middlewares/Third_Party/FreeRTOS/Source/tasks.c **** 				xReturn = pdFAIL;
2697:Middlewares/Third_Party/FreeRTOS/Source/tasks.c **** 			}
2698:Middlewares/Third_Party/FreeRTOS/Source/tasks.c **** 		}
2699:Middlewares/Third_Party/FreeRTOS/Source/tasks.c **** 		( void ) xTaskResumeAll();
2700:Middlewares/Third_Party/FreeRTOS/Source/tasks.c **** 
2701:Middlewares/Third_Party/FreeRTOS/Source/tasks.c **** 		return xReturn;
2702:Middlewares/Third_Party/FreeRTOS/Source/tasks.c **** 	}
2703:Middlewares/Third_Party/FreeRTOS/Source/tasks.c **** 
2704:Middlewares/Third_Party/FreeRTOS/Source/tasks.c **** #endif /* INCLUDE_xTaskAbortDelay */
2705:Middlewares/Third_Party/FreeRTOS/Source/tasks.c **** /*----------------------------------------------------------*/
2706:Middlewares/Third_Party/FreeRTOS/Source/tasks.c **** 
2707:Middlewares/Third_Party/FreeRTOS/Source/tasks.c **** BaseType_t xTaskIncrementTick( void )
2708:Middlewares/Third_Party/FreeRTOS/Source/tasks.c **** {
2709:Middlewares/Third_Party/FreeRTOS/Source/tasks.c **** TCB_t * pxTCB;
2710:Middlewares/Third_Party/FreeRTOS/Source/tasks.c **** TickType_t xItemValue;
2711:Middlewares/Third_Party/FreeRTOS/Source/tasks.c **** BaseType_t xSwitchRequired = pdFALSE;
2712:Middlewares/Third_Party/FreeRTOS/Source/tasks.c **** 
2713:Middlewares/Third_Party/FreeRTOS/Source/tasks.c **** 	/* Called by the portable layer each time a tick interrupt occurs.
2714:Middlewares/Third_Party/FreeRTOS/Source/tasks.c **** 	Increments the tick then checks to see if the new tick value will cause any
2715:Middlewares/Third_Party/FreeRTOS/Source/tasks.c **** 	tasks to be unblocked. */
2716:Middlewares/Third_Party/FreeRTOS/Source/tasks.c **** 	traceTASK_INCREMENT_TICK( xTickCount );
2717:Middlewares/Third_Party/FreeRTOS/Source/tasks.c **** 	if( uxSchedulerSuspended == ( UBaseType_t ) pdFALSE )
2718:Middlewares/Third_Party/FreeRTOS/Source/tasks.c **** 	{
2719:Middlewares/Third_Party/FreeRTOS/Source/tasks.c **** 		/* Minor optimisation.  The tick count cannot change in this
2720:Middlewares/Third_Party/FreeRTOS/Source/tasks.c **** 		block. */
2721:Middlewares/Third_Party/FreeRTOS/Source/tasks.c **** 		const TickType_t xConstTickCount = xTickCount + ( TickType_t ) 1;
2722:Middlewares/Third_Party/FreeRTOS/Source/tasks.c **** 
2723:Middlewares/Third_Party/FreeRTOS/Source/tasks.c **** 		/* Increment the RTOS tick, switching the delayed and overflowed
ARM GAS  C:\Users\Asus\AppData\Local\Temp\cctip26G.s 			page 51


2724:Middlewares/Third_Party/FreeRTOS/Source/tasks.c **** 		delayed lists if it wraps to 0. */
2725:Middlewares/Third_Party/FreeRTOS/Source/tasks.c **** 		xTickCount = xConstTickCount;
2726:Middlewares/Third_Party/FreeRTOS/Source/tasks.c **** 
2727:Middlewares/Third_Party/FreeRTOS/Source/tasks.c **** 		if( xConstTickCount == ( TickType_t ) 0U ) /*lint !e774 'if' does not always evaluate to false as
2728:Middlewares/Third_Party/FreeRTOS/Source/tasks.c **** 		{
2729:Middlewares/Third_Party/FreeRTOS/Source/tasks.c **** 			taskSWITCH_DELAYED_LISTS();
2730:Middlewares/Third_Party/FreeRTOS/Source/tasks.c **** 		}
2731:Middlewares/Third_Party/FreeRTOS/Source/tasks.c **** 		else
2732:Middlewares/Third_Party/FreeRTOS/Source/tasks.c **** 		{
2733:Middlewares/Third_Party/FreeRTOS/Source/tasks.c **** 			mtCOVERAGE_TEST_MARKER();
2734:Middlewares/Third_Party/FreeRTOS/Source/tasks.c **** 		}
2735:Middlewares/Third_Party/FreeRTOS/Source/tasks.c **** 
2736:Middlewares/Third_Party/FreeRTOS/Source/tasks.c **** 		/* See if this tick has made a timeout expire.  Tasks are stored in
2737:Middlewares/Third_Party/FreeRTOS/Source/tasks.c **** 		the	queue in the order of their wake time - meaning once one task
2738:Middlewares/Third_Party/FreeRTOS/Source/tasks.c **** 		has been found whose block time has not expired there is no need to
2739:Middlewares/Third_Party/FreeRTOS/Source/tasks.c **** 		look any further down the list. */
2740:Middlewares/Third_Party/FreeRTOS/Source/tasks.c **** 		if( xConstTickCount >= xNextTaskUnblockTime )
2741:Middlewares/Third_Party/FreeRTOS/Source/tasks.c **** 		{
2742:Middlewares/Third_Party/FreeRTOS/Source/tasks.c **** 			for( ;; )
2743:Middlewares/Third_Party/FreeRTOS/Source/tasks.c **** 			{
2744:Middlewares/Third_Party/FreeRTOS/Source/tasks.c **** 				if( listLIST_IS_EMPTY( pxDelayedTaskList ) != pdFALSE )
2745:Middlewares/Third_Party/FreeRTOS/Source/tasks.c **** 				{
2746:Middlewares/Third_Party/FreeRTOS/Source/tasks.c **** 					/* The delayed list is empty.  Set xNextTaskUnblockTime
2747:Middlewares/Third_Party/FreeRTOS/Source/tasks.c **** 					to the maximum possible value so it is extremely
2748:Middlewares/Third_Party/FreeRTOS/Source/tasks.c **** 					unlikely that the
2749:Middlewares/Third_Party/FreeRTOS/Source/tasks.c **** 					if( xTickCount >= xNextTaskUnblockTime ) test will pass
2750:Middlewares/Third_Party/FreeRTOS/Source/tasks.c **** 					next time through. */
2751:Middlewares/Third_Party/FreeRTOS/Source/tasks.c **** 					xNextTaskUnblockTime = portMAX_DELAY; /*lint !e961 MISRA exception as the casts are only redun
2752:Middlewares/Third_Party/FreeRTOS/Source/tasks.c **** 					break;
2753:Middlewares/Third_Party/FreeRTOS/Source/tasks.c **** 				}
2754:Middlewares/Third_Party/FreeRTOS/Source/tasks.c **** 				else
2755:Middlewares/Third_Party/FreeRTOS/Source/tasks.c **** 				{
2756:Middlewares/Third_Party/FreeRTOS/Source/tasks.c **** 					/* The delayed list is not empty, get the value of the
2757:Middlewares/Third_Party/FreeRTOS/Source/tasks.c **** 					item at the head of the delayed list.  This is the time
2758:Middlewares/Third_Party/FreeRTOS/Source/tasks.c **** 					at which the task at the head of the delayed list must
2759:Middlewares/Third_Party/FreeRTOS/Source/tasks.c **** 					be removed from the Blocked state. */
2760:Middlewares/Third_Party/FreeRTOS/Source/tasks.c **** 					pxTCB = listGET_OWNER_OF_HEAD_ENTRY( pxDelayedTaskList ); /*lint !e9079 void * is used as this
2761:Middlewares/Third_Party/FreeRTOS/Source/tasks.c **** 					xItemValue = listGET_LIST_ITEM_VALUE( &( pxTCB->xStateListItem ) );
2762:Middlewares/Third_Party/FreeRTOS/Source/tasks.c **** 
2763:Middlewares/Third_Party/FreeRTOS/Source/tasks.c **** 					if( xConstTickCount < xItemValue )
2764:Middlewares/Third_Party/FreeRTOS/Source/tasks.c **** 					{
2765:Middlewares/Third_Party/FreeRTOS/Source/tasks.c **** 						/* It is not time to unblock this item yet, but the
2766:Middlewares/Third_Party/FreeRTOS/Source/tasks.c **** 						item value is the time at which the task at the head
2767:Middlewares/Third_Party/FreeRTOS/Source/tasks.c **** 						of the blocked list must be removed from the Blocked
2768:Middlewares/Third_Party/FreeRTOS/Source/tasks.c **** 						state -	so record the item value in
2769:Middlewares/Third_Party/FreeRTOS/Source/tasks.c **** 						xNextTaskUnblockTime. */
2770:Middlewares/Third_Party/FreeRTOS/Source/tasks.c **** 						xNextTaskUnblockTime = xItemValue;
2771:Middlewares/Third_Party/FreeRTOS/Source/tasks.c **** 						break; /*lint !e9011 Code structure here is deedmed easier to understand with multiple breaks
2772:Middlewares/Third_Party/FreeRTOS/Source/tasks.c **** 					}
2773:Middlewares/Third_Party/FreeRTOS/Source/tasks.c **** 					else
2774:Middlewares/Third_Party/FreeRTOS/Source/tasks.c **** 					{
2775:Middlewares/Third_Party/FreeRTOS/Source/tasks.c **** 						mtCOVERAGE_TEST_MARKER();
2776:Middlewares/Third_Party/FreeRTOS/Source/tasks.c **** 					}
2777:Middlewares/Third_Party/FreeRTOS/Source/tasks.c **** 
2778:Middlewares/Third_Party/FreeRTOS/Source/tasks.c **** 					/* It is time to remove the item from the Blocked state. */
2779:Middlewares/Third_Party/FreeRTOS/Source/tasks.c **** 					( void ) uxListRemove( &( pxTCB->xStateListItem ) );
2780:Middlewares/Third_Party/FreeRTOS/Source/tasks.c **** 
ARM GAS  C:\Users\Asus\AppData\Local\Temp\cctip26G.s 			page 52


2781:Middlewares/Third_Party/FreeRTOS/Source/tasks.c **** 					/* Is the task waiting on an event also?  If so remove
2782:Middlewares/Third_Party/FreeRTOS/Source/tasks.c **** 					it from the event list. */
2783:Middlewares/Third_Party/FreeRTOS/Source/tasks.c **** 					if( listLIST_ITEM_CONTAINER( &( pxTCB->xEventListItem ) ) != NULL )
2784:Middlewares/Third_Party/FreeRTOS/Source/tasks.c **** 					{
2785:Middlewares/Third_Party/FreeRTOS/Source/tasks.c **** 						( void ) uxListRemove( &( pxTCB->xEventListItem ) );
2786:Middlewares/Third_Party/FreeRTOS/Source/tasks.c **** 					}
2787:Middlewares/Third_Party/FreeRTOS/Source/tasks.c **** 					else
2788:Middlewares/Third_Party/FreeRTOS/Source/tasks.c **** 					{
2789:Middlewares/Third_Party/FreeRTOS/Source/tasks.c **** 						mtCOVERAGE_TEST_MARKER();
2790:Middlewares/Third_Party/FreeRTOS/Source/tasks.c **** 					}
2791:Middlewares/Third_Party/FreeRTOS/Source/tasks.c **** 
2792:Middlewares/Third_Party/FreeRTOS/Source/tasks.c **** 					/* Place the unblocked task into the appropriate ready
2793:Middlewares/Third_Party/FreeRTOS/Source/tasks.c **** 					list. */
2794:Middlewares/Third_Party/FreeRTOS/Source/tasks.c **** 					prvAddTaskToReadyList( pxTCB );
2795:Middlewares/Third_Party/FreeRTOS/Source/tasks.c **** 
2796:Middlewares/Third_Party/FreeRTOS/Source/tasks.c **** 					/* A task being unblocked cannot cause an immediate
2797:Middlewares/Third_Party/FreeRTOS/Source/tasks.c **** 					context switch if preemption is turned off. */
2798:Middlewares/Third_Party/FreeRTOS/Source/tasks.c **** 					#if (  configUSE_PREEMPTION == 1 )
2799:Middlewares/Third_Party/FreeRTOS/Source/tasks.c **** 					{
2800:Middlewares/Third_Party/FreeRTOS/Source/tasks.c **** 						/* Preemption is on, but a context switch should
2801:Middlewares/Third_Party/FreeRTOS/Source/tasks.c **** 						only be performed if the unblocked task has a
2802:Middlewares/Third_Party/FreeRTOS/Source/tasks.c **** 						priority that is equal to or higher than the
2803:Middlewares/Third_Party/FreeRTOS/Source/tasks.c **** 						currently executing task. */
2804:Middlewares/Third_Party/FreeRTOS/Source/tasks.c **** 						if( pxTCB->uxPriority >= pxCurrentTCB->uxPriority )
2805:Middlewares/Third_Party/FreeRTOS/Source/tasks.c **** 						{
2806:Middlewares/Third_Party/FreeRTOS/Source/tasks.c **** 							xSwitchRequired = pdTRUE;
2807:Middlewares/Third_Party/FreeRTOS/Source/tasks.c **** 						}
2808:Middlewares/Third_Party/FreeRTOS/Source/tasks.c **** 						else
2809:Middlewares/Third_Party/FreeRTOS/Source/tasks.c **** 						{
2810:Middlewares/Third_Party/FreeRTOS/Source/tasks.c **** 							mtCOVERAGE_TEST_MARKER();
2811:Middlewares/Third_Party/FreeRTOS/Source/tasks.c **** 						}
2812:Middlewares/Third_Party/FreeRTOS/Source/tasks.c **** 					}
2813:Middlewares/Third_Party/FreeRTOS/Source/tasks.c **** 					#endif /* configUSE_PREEMPTION */
2814:Middlewares/Third_Party/FreeRTOS/Source/tasks.c **** 				}
2815:Middlewares/Third_Party/FreeRTOS/Source/tasks.c **** 			}
2816:Middlewares/Third_Party/FreeRTOS/Source/tasks.c **** 		}
2817:Middlewares/Third_Party/FreeRTOS/Source/tasks.c **** 
2818:Middlewares/Third_Party/FreeRTOS/Source/tasks.c **** 		/* Tasks of equal priority to the currently running task will share
2819:Middlewares/Third_Party/FreeRTOS/Source/tasks.c **** 		processing time (time slice) if preemption is on, and the application
2820:Middlewares/Third_Party/FreeRTOS/Source/tasks.c **** 		writer has not explicitly turned time slicing off. */
2821:Middlewares/Third_Party/FreeRTOS/Source/tasks.c **** 		#if ( ( configUSE_PREEMPTION == 1 ) && ( configUSE_TIME_SLICING == 1 ) )
2822:Middlewares/Third_Party/FreeRTOS/Source/tasks.c **** 		{
2823:Middlewares/Third_Party/FreeRTOS/Source/tasks.c **** 			if( listCURRENT_LIST_LENGTH( &( pxReadyTasksLists[ pxCurrentTCB->uxPriority ] ) ) > ( UBaseType_
2824:Middlewares/Third_Party/FreeRTOS/Source/tasks.c **** 			{
2825:Middlewares/Third_Party/FreeRTOS/Source/tasks.c **** 				xSwitchRequired = pdTRUE;
2826:Middlewares/Third_Party/FreeRTOS/Source/tasks.c **** 			}
2827:Middlewares/Third_Party/FreeRTOS/Source/tasks.c **** 			else
2828:Middlewares/Third_Party/FreeRTOS/Source/tasks.c **** 			{
2829:Middlewares/Third_Party/FreeRTOS/Source/tasks.c **** 				mtCOVERAGE_TEST_MARKER();
2830:Middlewares/Third_Party/FreeRTOS/Source/tasks.c **** 			}
2831:Middlewares/Third_Party/FreeRTOS/Source/tasks.c **** 		}
2832:Middlewares/Third_Party/FreeRTOS/Source/tasks.c **** 		#endif /* ( ( configUSE_PREEMPTION == 1 ) && ( configUSE_TIME_SLICING == 1 ) ) */
2833:Middlewares/Third_Party/FreeRTOS/Source/tasks.c **** 
2834:Middlewares/Third_Party/FreeRTOS/Source/tasks.c **** 		#if ( configUSE_TICK_HOOK == 1 )
2835:Middlewares/Third_Party/FreeRTOS/Source/tasks.c **** 		{
2836:Middlewares/Third_Party/FreeRTOS/Source/tasks.c **** 			/* Guard against the tick hook being called when the pended tick
2837:Middlewares/Third_Party/FreeRTOS/Source/tasks.c **** 			count is being unwound (when the scheduler is being unlocked). */
ARM GAS  C:\Users\Asus\AppData\Local\Temp\cctip26G.s 			page 53


2838:Middlewares/Third_Party/FreeRTOS/Source/tasks.c **** 			if( xPendedTicks == ( TickType_t ) 0 )
2839:Middlewares/Third_Party/FreeRTOS/Source/tasks.c **** 			{
2840:Middlewares/Third_Party/FreeRTOS/Source/tasks.c **** 				vApplicationTickHook();
2841:Middlewares/Third_Party/FreeRTOS/Source/tasks.c **** 			}
2842:Middlewares/Third_Party/FreeRTOS/Source/tasks.c **** 			else
2843:Middlewares/Third_Party/FreeRTOS/Source/tasks.c **** 			{
2844:Middlewares/Third_Party/FreeRTOS/Source/tasks.c **** 				mtCOVERAGE_TEST_MARKER();
2845:Middlewares/Third_Party/FreeRTOS/Source/tasks.c **** 			}
2846:Middlewares/Third_Party/FreeRTOS/Source/tasks.c **** 		}
2847:Middlewares/Third_Party/FreeRTOS/Source/tasks.c **** 		#endif /* configUSE_TICK_HOOK */
2848:Middlewares/Third_Party/FreeRTOS/Source/tasks.c **** 
2849:Middlewares/Third_Party/FreeRTOS/Source/tasks.c **** 		#if ( configUSE_PREEMPTION == 1 )
2850:Middlewares/Third_Party/FreeRTOS/Source/tasks.c **** 		{
2851:Middlewares/Third_Party/FreeRTOS/Source/tasks.c **** 			if( xYieldPending != pdFALSE )
2852:Middlewares/Third_Party/FreeRTOS/Source/tasks.c **** 			{
2853:Middlewares/Third_Party/FreeRTOS/Source/tasks.c **** 				xSwitchRequired = pdTRUE;
2854:Middlewares/Third_Party/FreeRTOS/Source/tasks.c **** 			}
2855:Middlewares/Third_Party/FreeRTOS/Source/tasks.c **** 			else
2856:Middlewares/Third_Party/FreeRTOS/Source/tasks.c **** 			{
2857:Middlewares/Third_Party/FreeRTOS/Source/tasks.c **** 				mtCOVERAGE_TEST_MARKER();
2858:Middlewares/Third_Party/FreeRTOS/Source/tasks.c **** 			}
2859:Middlewares/Third_Party/FreeRTOS/Source/tasks.c **** 		}
2860:Middlewares/Third_Party/FreeRTOS/Source/tasks.c **** 		#endif /* configUSE_PREEMPTION */
2861:Middlewares/Third_Party/FreeRTOS/Source/tasks.c **** 	}
2862:Middlewares/Third_Party/FreeRTOS/Source/tasks.c **** 	else
2863:Middlewares/Third_Party/FreeRTOS/Source/tasks.c **** 	{
2864:Middlewares/Third_Party/FreeRTOS/Source/tasks.c **** 		++xPendedTicks;
2865:Middlewares/Third_Party/FreeRTOS/Source/tasks.c **** 
2866:Middlewares/Third_Party/FreeRTOS/Source/tasks.c **** 		/* The tick hook gets called at regular intervals, even if the
2867:Middlewares/Third_Party/FreeRTOS/Source/tasks.c **** 		scheduler is locked. */
2868:Middlewares/Third_Party/FreeRTOS/Source/tasks.c **** 		#if ( configUSE_TICK_HOOK == 1 )
2869:Middlewares/Third_Party/FreeRTOS/Source/tasks.c **** 		{
2870:Middlewares/Third_Party/FreeRTOS/Source/tasks.c **** 			vApplicationTickHook();
2871:Middlewares/Third_Party/FreeRTOS/Source/tasks.c **** 		}
2872:Middlewares/Third_Party/FreeRTOS/Source/tasks.c **** 		#endif
2873:Middlewares/Third_Party/FreeRTOS/Source/tasks.c **** 	}
2874:Middlewares/Third_Party/FreeRTOS/Source/tasks.c **** 
2875:Middlewares/Third_Party/FreeRTOS/Source/tasks.c **** 	return xSwitchRequired;
2876:Middlewares/Third_Party/FreeRTOS/Source/tasks.c **** }
2877:Middlewares/Third_Party/FreeRTOS/Source/tasks.c **** /*-----------------------------------------------------------*/
2878:Middlewares/Third_Party/FreeRTOS/Source/tasks.c **** 
2879:Middlewares/Third_Party/FreeRTOS/Source/tasks.c **** #if ( configUSE_APPLICATION_TASK_TAG == 1 )
2880:Middlewares/Third_Party/FreeRTOS/Source/tasks.c **** 
2881:Middlewares/Third_Party/FreeRTOS/Source/tasks.c **** 	void vTaskSetApplicationTaskTag( TaskHandle_t xTask, TaskHookFunction_t pxHookFunction )
2882:Middlewares/Third_Party/FreeRTOS/Source/tasks.c **** 	{
2883:Middlewares/Third_Party/FreeRTOS/Source/tasks.c **** 	TCB_t *xTCB;
2884:Middlewares/Third_Party/FreeRTOS/Source/tasks.c **** 
2885:Middlewares/Third_Party/FreeRTOS/Source/tasks.c **** 		/* If xTask is NULL then it is the task hook of the calling task that is
2886:Middlewares/Third_Party/FreeRTOS/Source/tasks.c **** 		getting set. */
2887:Middlewares/Third_Party/FreeRTOS/Source/tasks.c **** 		if( xTask == NULL )
2888:Middlewares/Third_Party/FreeRTOS/Source/tasks.c **** 		{
2889:Middlewares/Third_Party/FreeRTOS/Source/tasks.c **** 			xTCB = ( TCB_t * ) pxCurrentTCB;
2890:Middlewares/Third_Party/FreeRTOS/Source/tasks.c **** 		}
2891:Middlewares/Third_Party/FreeRTOS/Source/tasks.c **** 		else
2892:Middlewares/Third_Party/FreeRTOS/Source/tasks.c **** 		{
2893:Middlewares/Third_Party/FreeRTOS/Source/tasks.c **** 			xTCB = xTask;
2894:Middlewares/Third_Party/FreeRTOS/Source/tasks.c **** 		}
ARM GAS  C:\Users\Asus\AppData\Local\Temp\cctip26G.s 			page 54


2895:Middlewares/Third_Party/FreeRTOS/Source/tasks.c **** 
2896:Middlewares/Third_Party/FreeRTOS/Source/tasks.c **** 		/* Save the hook function in the TCB.  A critical section is required as
2897:Middlewares/Third_Party/FreeRTOS/Source/tasks.c **** 		the value can be accessed from an interrupt. */
2898:Middlewares/Third_Party/FreeRTOS/Source/tasks.c **** 		taskENTER_CRITICAL();
2899:Middlewares/Third_Party/FreeRTOS/Source/tasks.c **** 		{
2900:Middlewares/Third_Party/FreeRTOS/Source/tasks.c **** 			xTCB->pxTaskTag = pxHookFunction;
2901:Middlewares/Third_Party/FreeRTOS/Source/tasks.c **** 		}
2902:Middlewares/Third_Party/FreeRTOS/Source/tasks.c **** 		taskEXIT_CRITICAL();
2903:Middlewares/Third_Party/FreeRTOS/Source/tasks.c **** 	}
2904:Middlewares/Third_Party/FreeRTOS/Source/tasks.c **** 
2905:Middlewares/Third_Party/FreeRTOS/Source/tasks.c **** #endif /* configUSE_APPLICATION_TASK_TAG */
2906:Middlewares/Third_Party/FreeRTOS/Source/tasks.c **** /*-----------------------------------------------------------*/
2907:Middlewares/Third_Party/FreeRTOS/Source/tasks.c **** 
2908:Middlewares/Third_Party/FreeRTOS/Source/tasks.c **** #if ( configUSE_APPLICATION_TASK_TAG == 1 )
2909:Middlewares/Third_Party/FreeRTOS/Source/tasks.c **** 
2910:Middlewares/Third_Party/FreeRTOS/Source/tasks.c **** 	TaskHookFunction_t xTaskGetApplicationTaskTag( TaskHandle_t xTask )
2911:Middlewares/Third_Party/FreeRTOS/Source/tasks.c **** 	{
2912:Middlewares/Third_Party/FreeRTOS/Source/tasks.c **** 	TCB_t *pxTCB;
2913:Middlewares/Third_Party/FreeRTOS/Source/tasks.c **** 	TaskHookFunction_t xReturn;
2914:Middlewares/Third_Party/FreeRTOS/Source/tasks.c **** 
2915:Middlewares/Third_Party/FreeRTOS/Source/tasks.c **** 		/* If xTask is NULL then set the calling task's hook. */
2916:Middlewares/Third_Party/FreeRTOS/Source/tasks.c **** 		pxTCB = prvGetTCBFromHandle( xTask );
2917:Middlewares/Third_Party/FreeRTOS/Source/tasks.c **** 
2918:Middlewares/Third_Party/FreeRTOS/Source/tasks.c **** 		/* Save the hook function in the TCB.  A critical section is required as
2919:Middlewares/Third_Party/FreeRTOS/Source/tasks.c **** 		the value can be accessed from an interrupt. */
2920:Middlewares/Third_Party/FreeRTOS/Source/tasks.c **** 		taskENTER_CRITICAL();
2921:Middlewares/Third_Party/FreeRTOS/Source/tasks.c **** 		{
2922:Middlewares/Third_Party/FreeRTOS/Source/tasks.c **** 			xReturn = pxTCB->pxTaskTag;
2923:Middlewares/Third_Party/FreeRTOS/Source/tasks.c **** 		}
2924:Middlewares/Third_Party/FreeRTOS/Source/tasks.c **** 		taskEXIT_CRITICAL();
2925:Middlewares/Third_Party/FreeRTOS/Source/tasks.c **** 
2926:Middlewares/Third_Party/FreeRTOS/Source/tasks.c **** 		return xReturn;
2927:Middlewares/Third_Party/FreeRTOS/Source/tasks.c **** 	}
2928:Middlewares/Third_Party/FreeRTOS/Source/tasks.c **** 
2929:Middlewares/Third_Party/FreeRTOS/Source/tasks.c **** #endif /* configUSE_APPLICATION_TASK_TAG */
2930:Middlewares/Third_Party/FreeRTOS/Source/tasks.c **** /*-----------------------------------------------------------*/
2931:Middlewares/Third_Party/FreeRTOS/Source/tasks.c **** 
2932:Middlewares/Third_Party/FreeRTOS/Source/tasks.c **** #if ( configUSE_APPLICATION_TASK_TAG == 1 )
2933:Middlewares/Third_Party/FreeRTOS/Source/tasks.c **** 
2934:Middlewares/Third_Party/FreeRTOS/Source/tasks.c **** 	TaskHookFunction_t xTaskGetApplicationTaskTagFromISR( TaskHandle_t xTask )
2935:Middlewares/Third_Party/FreeRTOS/Source/tasks.c **** 	{
2936:Middlewares/Third_Party/FreeRTOS/Source/tasks.c **** 	TCB_t *pxTCB;
2937:Middlewares/Third_Party/FreeRTOS/Source/tasks.c **** 	TaskHookFunction_t xReturn;
2938:Middlewares/Third_Party/FreeRTOS/Source/tasks.c **** 	UBaseType_t uxSavedInterruptStatus;
2939:Middlewares/Third_Party/FreeRTOS/Source/tasks.c **** 
2940:Middlewares/Third_Party/FreeRTOS/Source/tasks.c **** 		/* If xTask is NULL then set the calling task's hook. */
2941:Middlewares/Third_Party/FreeRTOS/Source/tasks.c **** 		pxTCB = prvGetTCBFromHandle( xTask );
2942:Middlewares/Third_Party/FreeRTOS/Source/tasks.c **** 
2943:Middlewares/Third_Party/FreeRTOS/Source/tasks.c **** 		/* Save the hook function in the TCB.  A critical section is required as
2944:Middlewares/Third_Party/FreeRTOS/Source/tasks.c **** 		the value can be accessed from an interrupt. */
2945:Middlewares/Third_Party/FreeRTOS/Source/tasks.c **** 		uxSavedInterruptStatus = portSET_INTERRUPT_MASK_FROM_ISR();
2946:Middlewares/Third_Party/FreeRTOS/Source/tasks.c **** 		{
2947:Middlewares/Third_Party/FreeRTOS/Source/tasks.c **** 			xReturn = pxTCB->pxTaskTag;
2948:Middlewares/Third_Party/FreeRTOS/Source/tasks.c **** 		}
2949:Middlewares/Third_Party/FreeRTOS/Source/tasks.c **** 		portCLEAR_INTERRUPT_MASK_FROM_ISR( uxSavedInterruptStatus );
2950:Middlewares/Third_Party/FreeRTOS/Source/tasks.c **** 
2951:Middlewares/Third_Party/FreeRTOS/Source/tasks.c **** 		return xReturn;
ARM GAS  C:\Users\Asus\AppData\Local\Temp\cctip26G.s 			page 55


2952:Middlewares/Third_Party/FreeRTOS/Source/tasks.c **** 	}
2953:Middlewares/Third_Party/FreeRTOS/Source/tasks.c **** 
2954:Middlewares/Third_Party/FreeRTOS/Source/tasks.c **** #endif /* configUSE_APPLICATION_TASK_TAG */
2955:Middlewares/Third_Party/FreeRTOS/Source/tasks.c **** /*-----------------------------------------------------------*/
2956:Middlewares/Third_Party/FreeRTOS/Source/tasks.c **** 
2957:Middlewares/Third_Party/FreeRTOS/Source/tasks.c **** #if ( configUSE_APPLICATION_TASK_TAG == 1 )
2958:Middlewares/Third_Party/FreeRTOS/Source/tasks.c **** 
2959:Middlewares/Third_Party/FreeRTOS/Source/tasks.c **** 	BaseType_t xTaskCallApplicationTaskHook( TaskHandle_t xTask, void *pvParameter )
2960:Middlewares/Third_Party/FreeRTOS/Source/tasks.c **** 	{
2961:Middlewares/Third_Party/FreeRTOS/Source/tasks.c **** 	TCB_t *xTCB;
2962:Middlewares/Third_Party/FreeRTOS/Source/tasks.c **** 	BaseType_t xReturn;
2963:Middlewares/Third_Party/FreeRTOS/Source/tasks.c **** 
2964:Middlewares/Third_Party/FreeRTOS/Source/tasks.c **** 		/* If xTask is NULL then we are calling our own task hook. */
2965:Middlewares/Third_Party/FreeRTOS/Source/tasks.c **** 		if( xTask == NULL )
2966:Middlewares/Third_Party/FreeRTOS/Source/tasks.c **** 		{
2967:Middlewares/Third_Party/FreeRTOS/Source/tasks.c **** 			xTCB = pxCurrentTCB;
2968:Middlewares/Third_Party/FreeRTOS/Source/tasks.c **** 		}
2969:Middlewares/Third_Party/FreeRTOS/Source/tasks.c **** 		else
2970:Middlewares/Third_Party/FreeRTOS/Source/tasks.c **** 		{
2971:Middlewares/Third_Party/FreeRTOS/Source/tasks.c **** 			xTCB = xTask;
2972:Middlewares/Third_Party/FreeRTOS/Source/tasks.c **** 		}
2973:Middlewares/Third_Party/FreeRTOS/Source/tasks.c **** 
2974:Middlewares/Third_Party/FreeRTOS/Source/tasks.c **** 		if( xTCB->pxTaskTag != NULL )
2975:Middlewares/Third_Party/FreeRTOS/Source/tasks.c **** 		{
2976:Middlewares/Third_Party/FreeRTOS/Source/tasks.c **** 			xReturn = xTCB->pxTaskTag( pvParameter );
2977:Middlewares/Third_Party/FreeRTOS/Source/tasks.c **** 		}
2978:Middlewares/Third_Party/FreeRTOS/Source/tasks.c **** 		else
2979:Middlewares/Third_Party/FreeRTOS/Source/tasks.c **** 		{
2980:Middlewares/Third_Party/FreeRTOS/Source/tasks.c **** 			xReturn = pdFAIL;
2981:Middlewares/Third_Party/FreeRTOS/Source/tasks.c **** 		}
2982:Middlewares/Third_Party/FreeRTOS/Source/tasks.c **** 
2983:Middlewares/Third_Party/FreeRTOS/Source/tasks.c **** 		return xReturn;
2984:Middlewares/Third_Party/FreeRTOS/Source/tasks.c **** 	}
2985:Middlewares/Third_Party/FreeRTOS/Source/tasks.c **** 
2986:Middlewares/Third_Party/FreeRTOS/Source/tasks.c **** #endif /* configUSE_APPLICATION_TASK_TAG */
2987:Middlewares/Third_Party/FreeRTOS/Source/tasks.c **** /*-----------------------------------------------------------*/
2988:Middlewares/Third_Party/FreeRTOS/Source/tasks.c **** 
2989:Middlewares/Third_Party/FreeRTOS/Source/tasks.c **** void vTaskSwitchContext( void )
2990:Middlewares/Third_Party/FreeRTOS/Source/tasks.c **** {
2991:Middlewares/Third_Party/FreeRTOS/Source/tasks.c **** 	if( uxSchedulerSuspended != ( UBaseType_t ) pdFALSE )
2992:Middlewares/Third_Party/FreeRTOS/Source/tasks.c **** 	{
2993:Middlewares/Third_Party/FreeRTOS/Source/tasks.c **** 		/* The scheduler is currently suspended - do not allow a context
2994:Middlewares/Third_Party/FreeRTOS/Source/tasks.c **** 		switch. */
2995:Middlewares/Third_Party/FreeRTOS/Source/tasks.c **** 		xYieldPending = pdTRUE;
2996:Middlewares/Third_Party/FreeRTOS/Source/tasks.c **** 	}
2997:Middlewares/Third_Party/FreeRTOS/Source/tasks.c **** 	else
2998:Middlewares/Third_Party/FreeRTOS/Source/tasks.c **** 	{
2999:Middlewares/Third_Party/FreeRTOS/Source/tasks.c **** 		xYieldPending = pdFALSE;
3000:Middlewares/Third_Party/FreeRTOS/Source/tasks.c **** 		traceTASK_SWITCHED_OUT();
3001:Middlewares/Third_Party/FreeRTOS/Source/tasks.c **** 
3002:Middlewares/Third_Party/FreeRTOS/Source/tasks.c **** 		#if ( configGENERATE_RUN_TIME_STATS == 1 )
3003:Middlewares/Third_Party/FreeRTOS/Source/tasks.c **** 		{
3004:Middlewares/Third_Party/FreeRTOS/Source/tasks.c **** 			#ifdef portALT_GET_RUN_TIME_COUNTER_VALUE
3005:Middlewares/Third_Party/FreeRTOS/Source/tasks.c **** 				portALT_GET_RUN_TIME_COUNTER_VALUE( ulTotalRunTime );
3006:Middlewares/Third_Party/FreeRTOS/Source/tasks.c **** 			#else
3007:Middlewares/Third_Party/FreeRTOS/Source/tasks.c **** 				ulTotalRunTime = portGET_RUN_TIME_COUNTER_VALUE();
3008:Middlewares/Third_Party/FreeRTOS/Source/tasks.c **** 			#endif
ARM GAS  C:\Users\Asus\AppData\Local\Temp\cctip26G.s 			page 56


3009:Middlewares/Third_Party/FreeRTOS/Source/tasks.c **** 
3010:Middlewares/Third_Party/FreeRTOS/Source/tasks.c **** 			/* Add the amount of time the task has been running to the
3011:Middlewares/Third_Party/FreeRTOS/Source/tasks.c **** 			accumulated time so far.  The time the task started running was
3012:Middlewares/Third_Party/FreeRTOS/Source/tasks.c **** 			stored in ulTaskSwitchedInTime.  Note that there is no overflow
3013:Middlewares/Third_Party/FreeRTOS/Source/tasks.c **** 			protection here so count values are only valid until the timer
3014:Middlewares/Third_Party/FreeRTOS/Source/tasks.c **** 			overflows.  The guard against negative values is to protect
3015:Middlewares/Third_Party/FreeRTOS/Source/tasks.c **** 			against suspect run time stat counter implementations - which
3016:Middlewares/Third_Party/FreeRTOS/Source/tasks.c **** 			are provided by the application, not the kernel. */
3017:Middlewares/Third_Party/FreeRTOS/Source/tasks.c **** 			if( ulTotalRunTime > ulTaskSwitchedInTime )
3018:Middlewares/Third_Party/FreeRTOS/Source/tasks.c **** 			{
3019:Middlewares/Third_Party/FreeRTOS/Source/tasks.c **** 				pxCurrentTCB->ulRunTimeCounter += ( ulTotalRunTime - ulTaskSwitchedInTime );
3020:Middlewares/Third_Party/FreeRTOS/Source/tasks.c **** 			}
3021:Middlewares/Third_Party/FreeRTOS/Source/tasks.c **** 			else
3022:Middlewares/Third_Party/FreeRTOS/Source/tasks.c **** 			{
3023:Middlewares/Third_Party/FreeRTOS/Source/tasks.c **** 				mtCOVERAGE_TEST_MARKER();
3024:Middlewares/Third_Party/FreeRTOS/Source/tasks.c **** 			}
3025:Middlewares/Third_Party/FreeRTOS/Source/tasks.c **** 			ulTaskSwitchedInTime = ulTotalRunTime;
3026:Middlewares/Third_Party/FreeRTOS/Source/tasks.c **** 		}
3027:Middlewares/Third_Party/FreeRTOS/Source/tasks.c **** 		#endif /* configGENERATE_RUN_TIME_STATS */
3028:Middlewares/Third_Party/FreeRTOS/Source/tasks.c **** 
3029:Middlewares/Third_Party/FreeRTOS/Source/tasks.c **** 		/* Check for stack overflow, if configured. */
3030:Middlewares/Third_Party/FreeRTOS/Source/tasks.c **** 		taskCHECK_FOR_STACK_OVERFLOW();
3031:Middlewares/Third_Party/FreeRTOS/Source/tasks.c **** 
3032:Middlewares/Third_Party/FreeRTOS/Source/tasks.c **** 		/* Before the currently running task is switched out, save its errno. */
3033:Middlewares/Third_Party/FreeRTOS/Source/tasks.c **** 		#if( configUSE_POSIX_ERRNO == 1 )
3034:Middlewares/Third_Party/FreeRTOS/Source/tasks.c **** 		{
3035:Middlewares/Third_Party/FreeRTOS/Source/tasks.c **** 			pxCurrentTCB->iTaskErrno = FreeRTOS_errno;
3036:Middlewares/Third_Party/FreeRTOS/Source/tasks.c **** 		}
3037:Middlewares/Third_Party/FreeRTOS/Source/tasks.c **** 		#endif
3038:Middlewares/Third_Party/FreeRTOS/Source/tasks.c **** 
3039:Middlewares/Third_Party/FreeRTOS/Source/tasks.c **** 		/* Select a new task to run using either the generic C or port
3040:Middlewares/Third_Party/FreeRTOS/Source/tasks.c **** 		optimised asm code. */
3041:Middlewares/Third_Party/FreeRTOS/Source/tasks.c **** 		taskSELECT_HIGHEST_PRIORITY_TASK(); /*lint !e9079 void * is used as this macro is used with timer
3042:Middlewares/Third_Party/FreeRTOS/Source/tasks.c **** 		traceTASK_SWITCHED_IN();
3043:Middlewares/Third_Party/FreeRTOS/Source/tasks.c **** 
3044:Middlewares/Third_Party/FreeRTOS/Source/tasks.c **** 		/* After the new task is switched in, update the global errno. */
3045:Middlewares/Third_Party/FreeRTOS/Source/tasks.c **** 		#if( configUSE_POSIX_ERRNO == 1 )
3046:Middlewares/Third_Party/FreeRTOS/Source/tasks.c **** 		{
3047:Middlewares/Third_Party/FreeRTOS/Source/tasks.c **** 			FreeRTOS_errno = pxCurrentTCB->iTaskErrno;
3048:Middlewares/Third_Party/FreeRTOS/Source/tasks.c **** 		}
3049:Middlewares/Third_Party/FreeRTOS/Source/tasks.c **** 		#endif
3050:Middlewares/Third_Party/FreeRTOS/Source/tasks.c **** 
3051:Middlewares/Third_Party/FreeRTOS/Source/tasks.c **** 		#if ( configUSE_NEWLIB_REENTRANT == 1 )
3052:Middlewares/Third_Party/FreeRTOS/Source/tasks.c **** 		{
3053:Middlewares/Third_Party/FreeRTOS/Source/tasks.c **** 			/* Switch Newlib's _impure_ptr variable to point to the _reent
3054:Middlewares/Third_Party/FreeRTOS/Source/tasks.c **** 			structure specific to this task.
3055:Middlewares/Third_Party/FreeRTOS/Source/tasks.c **** 			See the third party link http://www.nadler.com/embedded/newlibAndFreeRTOS.html
3056:Middlewares/Third_Party/FreeRTOS/Source/tasks.c **** 			for additional information. */
3057:Middlewares/Third_Party/FreeRTOS/Source/tasks.c **** 			_impure_ptr = &( pxCurrentTCB->xNewLib_reent );
3058:Middlewares/Third_Party/FreeRTOS/Source/tasks.c **** 		}
3059:Middlewares/Third_Party/FreeRTOS/Source/tasks.c **** 		#endif /* configUSE_NEWLIB_REENTRANT */
3060:Middlewares/Third_Party/FreeRTOS/Source/tasks.c **** 	}
3061:Middlewares/Third_Party/FreeRTOS/Source/tasks.c **** }
3062:Middlewares/Third_Party/FreeRTOS/Source/tasks.c **** /*-----------------------------------------------------------*/
3063:Middlewares/Third_Party/FreeRTOS/Source/tasks.c **** 
3064:Middlewares/Third_Party/FreeRTOS/Source/tasks.c **** void vTaskPlaceOnEventList( List_t * const pxEventList, const TickType_t xTicksToWait )
3065:Middlewares/Third_Party/FreeRTOS/Source/tasks.c **** {
ARM GAS  C:\Users\Asus\AppData\Local\Temp\cctip26G.s 			page 57


3066:Middlewares/Third_Party/FreeRTOS/Source/tasks.c **** 	configASSERT( pxEventList );
3067:Middlewares/Third_Party/FreeRTOS/Source/tasks.c **** 
3068:Middlewares/Third_Party/FreeRTOS/Source/tasks.c **** 	/* THIS FUNCTION MUST BE CALLED WITH EITHER INTERRUPTS DISABLED OR THE
3069:Middlewares/Third_Party/FreeRTOS/Source/tasks.c **** 	SCHEDULER SUSPENDED AND THE QUEUE BEING ACCESSED LOCKED. */
3070:Middlewares/Third_Party/FreeRTOS/Source/tasks.c **** 
3071:Middlewares/Third_Party/FreeRTOS/Source/tasks.c **** 	/* Place the event list item of the TCB in the appropriate event list.
3072:Middlewares/Third_Party/FreeRTOS/Source/tasks.c **** 	This is placed in the list in priority order so the highest priority task
3073:Middlewares/Third_Party/FreeRTOS/Source/tasks.c **** 	is the first to be woken by the event.  The queue that contains the event
3074:Middlewares/Third_Party/FreeRTOS/Source/tasks.c **** 	list is locked, preventing simultaneous access from interrupts. */
3075:Middlewares/Third_Party/FreeRTOS/Source/tasks.c **** 	vListInsert( pxEventList, &( pxCurrentTCB->xEventListItem ) );
3076:Middlewares/Third_Party/FreeRTOS/Source/tasks.c **** 
3077:Middlewares/Third_Party/FreeRTOS/Source/tasks.c **** 	prvAddCurrentTaskToDelayedList( xTicksToWait, pdTRUE );
3078:Middlewares/Third_Party/FreeRTOS/Source/tasks.c **** }
3079:Middlewares/Third_Party/FreeRTOS/Source/tasks.c **** /*-----------------------------------------------------------*/
3080:Middlewares/Third_Party/FreeRTOS/Source/tasks.c **** 
3081:Middlewares/Third_Party/FreeRTOS/Source/tasks.c **** void vTaskPlaceOnUnorderedEventList( List_t * pxEventList, const TickType_t xItemValue, const TickT
3082:Middlewares/Third_Party/FreeRTOS/Source/tasks.c **** {
3083:Middlewares/Third_Party/FreeRTOS/Source/tasks.c **** 	configASSERT( pxEventList );
3084:Middlewares/Third_Party/FreeRTOS/Source/tasks.c **** 
3085:Middlewares/Third_Party/FreeRTOS/Source/tasks.c **** 	/* THIS FUNCTION MUST BE CALLED WITH THE SCHEDULER SUSPENDED.  It is used by
3086:Middlewares/Third_Party/FreeRTOS/Source/tasks.c **** 	the event groups implementation. */
3087:Middlewares/Third_Party/FreeRTOS/Source/tasks.c **** 	configASSERT( uxSchedulerSuspended != 0 );
3088:Middlewares/Third_Party/FreeRTOS/Source/tasks.c **** 
3089:Middlewares/Third_Party/FreeRTOS/Source/tasks.c **** 	/* Store the item value in the event list item.  It is safe to access the
3090:Middlewares/Third_Party/FreeRTOS/Source/tasks.c **** 	event list item here as interrupts won't access the event list item of a
3091:Middlewares/Third_Party/FreeRTOS/Source/tasks.c **** 	task that is not in the Blocked state. */
3092:Middlewares/Third_Party/FreeRTOS/Source/tasks.c **** 	listSET_LIST_ITEM_VALUE( &( pxCurrentTCB->xEventListItem ), xItemValue | taskEVENT_LIST_ITEM_VALUE
3093:Middlewares/Third_Party/FreeRTOS/Source/tasks.c **** 
3094:Middlewares/Third_Party/FreeRTOS/Source/tasks.c **** 	/* Place the event list item of the TCB at the end of the appropriate event
3095:Middlewares/Third_Party/FreeRTOS/Source/tasks.c **** 	list.  It is safe to access the event list here because it is part of an
3096:Middlewares/Third_Party/FreeRTOS/Source/tasks.c **** 	event group implementation - and interrupts don't access event groups
3097:Middlewares/Third_Party/FreeRTOS/Source/tasks.c **** 	directly (instead they access them indirectly by pending function calls to
3098:Middlewares/Third_Party/FreeRTOS/Source/tasks.c **** 	the task level). */
3099:Middlewares/Third_Party/FreeRTOS/Source/tasks.c **** 	vListInsertEnd( pxEventList, &( pxCurrentTCB->xEventListItem ) );
3100:Middlewares/Third_Party/FreeRTOS/Source/tasks.c **** 
3101:Middlewares/Third_Party/FreeRTOS/Source/tasks.c **** 	prvAddCurrentTaskToDelayedList( xTicksToWait, pdTRUE );
3102:Middlewares/Third_Party/FreeRTOS/Source/tasks.c **** }
3103:Middlewares/Third_Party/FreeRTOS/Source/tasks.c **** /*-----------------------------------------------------------*/
3104:Middlewares/Third_Party/FreeRTOS/Source/tasks.c **** 
3105:Middlewares/Third_Party/FreeRTOS/Source/tasks.c **** #if( configUSE_TIMERS == 1 )
3106:Middlewares/Third_Party/FreeRTOS/Source/tasks.c **** 
3107:Middlewares/Third_Party/FreeRTOS/Source/tasks.c **** 	void vTaskPlaceOnEventListRestricted( List_t * const pxEventList, TickType_t xTicksToWait, const B
3108:Middlewares/Third_Party/FreeRTOS/Source/tasks.c **** 	{
3109:Middlewares/Third_Party/FreeRTOS/Source/tasks.c **** 		configASSERT( pxEventList );
3110:Middlewares/Third_Party/FreeRTOS/Source/tasks.c **** 
3111:Middlewares/Third_Party/FreeRTOS/Source/tasks.c **** 		/* This function should not be called by application code hence the
3112:Middlewares/Third_Party/FreeRTOS/Source/tasks.c **** 		'Restricted' in its name.  It is not part of the public API.  It is
3113:Middlewares/Third_Party/FreeRTOS/Source/tasks.c **** 		designed for use by kernel code, and has special calling requirements -
3114:Middlewares/Third_Party/FreeRTOS/Source/tasks.c **** 		it should be called with the scheduler suspended. */
3115:Middlewares/Third_Party/FreeRTOS/Source/tasks.c **** 
3116:Middlewares/Third_Party/FreeRTOS/Source/tasks.c **** 
3117:Middlewares/Third_Party/FreeRTOS/Source/tasks.c **** 		/* Place the event list item of the TCB in the appropriate event list.
3118:Middlewares/Third_Party/FreeRTOS/Source/tasks.c **** 		In this case it is assume that this is the only task that is going to
3119:Middlewares/Third_Party/FreeRTOS/Source/tasks.c **** 		be waiting on this event list, so the faster vListInsertEnd() function
3120:Middlewares/Third_Party/FreeRTOS/Source/tasks.c **** 		can be used in place of vListInsert. */
3121:Middlewares/Third_Party/FreeRTOS/Source/tasks.c **** 		vListInsertEnd( pxEventList, &( pxCurrentTCB->xEventListItem ) );
3122:Middlewares/Third_Party/FreeRTOS/Source/tasks.c **** 
ARM GAS  C:\Users\Asus\AppData\Local\Temp\cctip26G.s 			page 58


3123:Middlewares/Third_Party/FreeRTOS/Source/tasks.c **** 		/* If the task should block indefinitely then set the block time to a
3124:Middlewares/Third_Party/FreeRTOS/Source/tasks.c **** 		value that will be recognised as an indefinite delay inside the
3125:Middlewares/Third_Party/FreeRTOS/Source/tasks.c **** 		prvAddCurrentTaskToDelayedList() function. */
3126:Middlewares/Third_Party/FreeRTOS/Source/tasks.c **** 		if( xWaitIndefinitely != pdFALSE )
3127:Middlewares/Third_Party/FreeRTOS/Source/tasks.c **** 		{
3128:Middlewares/Third_Party/FreeRTOS/Source/tasks.c **** 			xTicksToWait = portMAX_DELAY;
3129:Middlewares/Third_Party/FreeRTOS/Source/tasks.c **** 		}
3130:Middlewares/Third_Party/FreeRTOS/Source/tasks.c **** 
3131:Middlewares/Third_Party/FreeRTOS/Source/tasks.c **** 		traceTASK_DELAY_UNTIL( ( xTickCount + xTicksToWait ) );
3132:Middlewares/Third_Party/FreeRTOS/Source/tasks.c **** 		prvAddCurrentTaskToDelayedList( xTicksToWait, xWaitIndefinitely );
3133:Middlewares/Third_Party/FreeRTOS/Source/tasks.c **** 	}
3134:Middlewares/Third_Party/FreeRTOS/Source/tasks.c **** 
3135:Middlewares/Third_Party/FreeRTOS/Source/tasks.c **** #endif /* configUSE_TIMERS */
3136:Middlewares/Third_Party/FreeRTOS/Source/tasks.c **** /*-----------------------------------------------------------*/
3137:Middlewares/Third_Party/FreeRTOS/Source/tasks.c **** 
3138:Middlewares/Third_Party/FreeRTOS/Source/tasks.c **** BaseType_t xTaskRemoveFromEventList( const List_t * const pxEventList )
3139:Middlewares/Third_Party/FreeRTOS/Source/tasks.c **** {
3140:Middlewares/Third_Party/FreeRTOS/Source/tasks.c **** TCB_t *pxUnblockedTCB;
3141:Middlewares/Third_Party/FreeRTOS/Source/tasks.c **** BaseType_t xReturn;
3142:Middlewares/Third_Party/FreeRTOS/Source/tasks.c **** 
3143:Middlewares/Third_Party/FreeRTOS/Source/tasks.c **** 	/* THIS FUNCTION MUST BE CALLED FROM A CRITICAL SECTION.  It can also be
3144:Middlewares/Third_Party/FreeRTOS/Source/tasks.c **** 	called from a critical section within an ISR. */
3145:Middlewares/Third_Party/FreeRTOS/Source/tasks.c **** 
3146:Middlewares/Third_Party/FreeRTOS/Source/tasks.c **** 	/* The event list is sorted in priority order, so the first in the list can
3147:Middlewares/Third_Party/FreeRTOS/Source/tasks.c **** 	be removed as it is known to be the highest priority.  Remove the TCB from
3148:Middlewares/Third_Party/FreeRTOS/Source/tasks.c **** 	the delayed list, and add it to the ready list.
3149:Middlewares/Third_Party/FreeRTOS/Source/tasks.c **** 
3150:Middlewares/Third_Party/FreeRTOS/Source/tasks.c **** 	If an event is for a queue that is locked then this function will never
3151:Middlewares/Third_Party/FreeRTOS/Source/tasks.c **** 	get called - the lock count on the queue will get modified instead.  This
3152:Middlewares/Third_Party/FreeRTOS/Source/tasks.c **** 	means exclusive access to the event list is guaranteed here.
3153:Middlewares/Third_Party/FreeRTOS/Source/tasks.c **** 
3154:Middlewares/Third_Party/FreeRTOS/Source/tasks.c **** 	This function assumes that a check has already been made to ensure that
3155:Middlewares/Third_Party/FreeRTOS/Source/tasks.c **** 	pxEventList is not empty. */
3156:Middlewares/Third_Party/FreeRTOS/Source/tasks.c **** 	pxUnblockedTCB = listGET_OWNER_OF_HEAD_ENTRY( pxEventList ); /*lint !e9079 void * is used as this 
3157:Middlewares/Third_Party/FreeRTOS/Source/tasks.c **** 	configASSERT( pxUnblockedTCB );
3158:Middlewares/Third_Party/FreeRTOS/Source/tasks.c **** 	( void ) uxListRemove( &( pxUnblockedTCB->xEventListItem ) );
3159:Middlewares/Third_Party/FreeRTOS/Source/tasks.c **** 
3160:Middlewares/Third_Party/FreeRTOS/Source/tasks.c **** 	if( uxSchedulerSuspended == ( UBaseType_t ) pdFALSE )
3161:Middlewares/Third_Party/FreeRTOS/Source/tasks.c **** 	{
3162:Middlewares/Third_Party/FreeRTOS/Source/tasks.c **** 		( void ) uxListRemove( &( pxUnblockedTCB->xStateListItem ) );
3163:Middlewares/Third_Party/FreeRTOS/Source/tasks.c **** 		prvAddTaskToReadyList( pxUnblockedTCB );
3164:Middlewares/Third_Party/FreeRTOS/Source/tasks.c **** 
3165:Middlewares/Third_Party/FreeRTOS/Source/tasks.c **** 		#if( configUSE_TICKLESS_IDLE != 0 )
3166:Middlewares/Third_Party/FreeRTOS/Source/tasks.c **** 		{
3167:Middlewares/Third_Party/FreeRTOS/Source/tasks.c **** 			/* If a task is blocked on a kernel object then xNextTaskUnblockTime
3168:Middlewares/Third_Party/FreeRTOS/Source/tasks.c **** 			might be set to the blocked task's time out time.  If the task is
3169:Middlewares/Third_Party/FreeRTOS/Source/tasks.c **** 			unblocked for a reason other than a timeout xNextTaskUnblockTime is
3170:Middlewares/Third_Party/FreeRTOS/Source/tasks.c **** 			normally left unchanged, because it is automatically reset to a new
3171:Middlewares/Third_Party/FreeRTOS/Source/tasks.c **** 			value when the tick count equals xNextTaskUnblockTime.  However if
3172:Middlewares/Third_Party/FreeRTOS/Source/tasks.c **** 			tickless idling is used it might be more important to enter sleep mode
3173:Middlewares/Third_Party/FreeRTOS/Source/tasks.c **** 			at the earliest possible time - so reset xNextTaskUnblockTime here to
3174:Middlewares/Third_Party/FreeRTOS/Source/tasks.c **** 			ensure it is updated at the earliest possible time. */
3175:Middlewares/Third_Party/FreeRTOS/Source/tasks.c **** 			prvResetNextTaskUnblockTime();
3176:Middlewares/Third_Party/FreeRTOS/Source/tasks.c **** 		}
3177:Middlewares/Third_Party/FreeRTOS/Source/tasks.c **** 		#endif
3178:Middlewares/Third_Party/FreeRTOS/Source/tasks.c **** 	}
3179:Middlewares/Third_Party/FreeRTOS/Source/tasks.c **** 	else
ARM GAS  C:\Users\Asus\AppData\Local\Temp\cctip26G.s 			page 59


3180:Middlewares/Third_Party/FreeRTOS/Source/tasks.c **** 	{
3181:Middlewares/Third_Party/FreeRTOS/Source/tasks.c **** 		/* The delayed and ready lists cannot be accessed, so hold this task
3182:Middlewares/Third_Party/FreeRTOS/Source/tasks.c **** 		pending until the scheduler is resumed. */
3183:Middlewares/Third_Party/FreeRTOS/Source/tasks.c **** 		vListInsertEnd( &( xPendingReadyList ), &( pxUnblockedTCB->xEventListItem ) );
3184:Middlewares/Third_Party/FreeRTOS/Source/tasks.c **** 	}
3185:Middlewares/Third_Party/FreeRTOS/Source/tasks.c **** 
3186:Middlewares/Third_Party/FreeRTOS/Source/tasks.c **** 	if( pxUnblockedTCB->uxPriority > pxCurrentTCB->uxPriority )
3187:Middlewares/Third_Party/FreeRTOS/Source/tasks.c **** 	{
3188:Middlewares/Third_Party/FreeRTOS/Source/tasks.c **** 		/* Return true if the task removed from the event list has a higher
3189:Middlewares/Third_Party/FreeRTOS/Source/tasks.c **** 		priority than the calling task.  This allows the calling task to know if
3190:Middlewares/Third_Party/FreeRTOS/Source/tasks.c **** 		it should force a context switch now. */
3191:Middlewares/Third_Party/FreeRTOS/Source/tasks.c **** 		xReturn = pdTRUE;
3192:Middlewares/Third_Party/FreeRTOS/Source/tasks.c **** 
3193:Middlewares/Third_Party/FreeRTOS/Source/tasks.c **** 		/* Mark that a yield is pending in case the user is not using the
3194:Middlewares/Third_Party/FreeRTOS/Source/tasks.c **** 		"xHigherPriorityTaskWoken" parameter to an ISR safe FreeRTOS function. */
3195:Middlewares/Third_Party/FreeRTOS/Source/tasks.c **** 		xYieldPending = pdTRUE;
3196:Middlewares/Third_Party/FreeRTOS/Source/tasks.c **** 	}
3197:Middlewares/Third_Party/FreeRTOS/Source/tasks.c **** 	else
3198:Middlewares/Third_Party/FreeRTOS/Source/tasks.c **** 	{
3199:Middlewares/Third_Party/FreeRTOS/Source/tasks.c **** 		xReturn = pdFALSE;
3200:Middlewares/Third_Party/FreeRTOS/Source/tasks.c **** 	}
3201:Middlewares/Third_Party/FreeRTOS/Source/tasks.c **** 
3202:Middlewares/Third_Party/FreeRTOS/Source/tasks.c **** 	return xReturn;
3203:Middlewares/Third_Party/FreeRTOS/Source/tasks.c **** }
3204:Middlewares/Third_Party/FreeRTOS/Source/tasks.c **** /*-----------------------------------------------------------*/
3205:Middlewares/Third_Party/FreeRTOS/Source/tasks.c **** 
3206:Middlewares/Third_Party/FreeRTOS/Source/tasks.c **** void vTaskRemoveFromUnorderedEventList( ListItem_t * pxEventListItem, const TickType_t xItemValue )
3207:Middlewares/Third_Party/FreeRTOS/Source/tasks.c **** {
3208:Middlewares/Third_Party/FreeRTOS/Source/tasks.c **** TCB_t *pxUnblockedTCB;
3209:Middlewares/Third_Party/FreeRTOS/Source/tasks.c **** 
3210:Middlewares/Third_Party/FreeRTOS/Source/tasks.c **** 	/* THIS FUNCTION MUST BE CALLED WITH THE SCHEDULER SUSPENDED.  It is used by
3211:Middlewares/Third_Party/FreeRTOS/Source/tasks.c **** 	the event flags implementation. */
3212:Middlewares/Third_Party/FreeRTOS/Source/tasks.c **** 	configASSERT( uxSchedulerSuspended != pdFALSE );
3213:Middlewares/Third_Party/FreeRTOS/Source/tasks.c **** 
3214:Middlewares/Third_Party/FreeRTOS/Source/tasks.c **** 	/* Store the new item value in the event list. */
3215:Middlewares/Third_Party/FreeRTOS/Source/tasks.c **** 	listSET_LIST_ITEM_VALUE( pxEventListItem, xItemValue | taskEVENT_LIST_ITEM_VALUE_IN_USE );
3216:Middlewares/Third_Party/FreeRTOS/Source/tasks.c **** 
3217:Middlewares/Third_Party/FreeRTOS/Source/tasks.c **** 	/* Remove the event list form the event flag.  Interrupts do not access
3218:Middlewares/Third_Party/FreeRTOS/Source/tasks.c **** 	event flags. */
3219:Middlewares/Third_Party/FreeRTOS/Source/tasks.c **** 	pxUnblockedTCB = listGET_LIST_ITEM_OWNER( pxEventListItem ); /*lint !e9079 void * is used as this 
3220:Middlewares/Third_Party/FreeRTOS/Source/tasks.c **** 	configASSERT( pxUnblockedTCB );
3221:Middlewares/Third_Party/FreeRTOS/Source/tasks.c **** 	( void ) uxListRemove( pxEventListItem );
3222:Middlewares/Third_Party/FreeRTOS/Source/tasks.c **** 
3223:Middlewares/Third_Party/FreeRTOS/Source/tasks.c **** 	#if( configUSE_TICKLESS_IDLE != 0 )
3224:Middlewares/Third_Party/FreeRTOS/Source/tasks.c **** 	{
3225:Middlewares/Third_Party/FreeRTOS/Source/tasks.c **** 		/* If a task is blocked on a kernel object then xNextTaskUnblockTime
3226:Middlewares/Third_Party/FreeRTOS/Source/tasks.c **** 		might be set to the blocked task's time out time.  If the task is
3227:Middlewares/Third_Party/FreeRTOS/Source/tasks.c **** 		unblocked for a reason other than a timeout xNextTaskUnblockTime is
3228:Middlewares/Third_Party/FreeRTOS/Source/tasks.c **** 		normally left unchanged, because it is automatically reset to a new
3229:Middlewares/Third_Party/FreeRTOS/Source/tasks.c **** 		value when the tick count equals xNextTaskUnblockTime.  However if
3230:Middlewares/Third_Party/FreeRTOS/Source/tasks.c **** 		tickless idling is used it might be more important to enter sleep mode
3231:Middlewares/Third_Party/FreeRTOS/Source/tasks.c **** 		at the earliest possible time - so reset xNextTaskUnblockTime here to
3232:Middlewares/Third_Party/FreeRTOS/Source/tasks.c **** 		ensure it is updated at the earliest possible time. */
3233:Middlewares/Third_Party/FreeRTOS/Source/tasks.c **** 		prvResetNextTaskUnblockTime();
3234:Middlewares/Third_Party/FreeRTOS/Source/tasks.c **** 	}
3235:Middlewares/Third_Party/FreeRTOS/Source/tasks.c **** 	#endif
3236:Middlewares/Third_Party/FreeRTOS/Source/tasks.c **** 
ARM GAS  C:\Users\Asus\AppData\Local\Temp\cctip26G.s 			page 60


3237:Middlewares/Third_Party/FreeRTOS/Source/tasks.c **** 	/* Remove the task from the delayed list and add it to the ready list.  The
3238:Middlewares/Third_Party/FreeRTOS/Source/tasks.c **** 	scheduler is suspended so interrupts will not be accessing the ready
3239:Middlewares/Third_Party/FreeRTOS/Source/tasks.c **** 	lists. */
3240:Middlewares/Third_Party/FreeRTOS/Source/tasks.c **** 	( void ) uxListRemove( &( pxUnblockedTCB->xStateListItem ) );
3241:Middlewares/Third_Party/FreeRTOS/Source/tasks.c **** 	prvAddTaskToReadyList( pxUnblockedTCB );
3242:Middlewares/Third_Party/FreeRTOS/Source/tasks.c **** 
3243:Middlewares/Third_Party/FreeRTOS/Source/tasks.c **** 	if( pxUnblockedTCB->uxPriority > pxCurrentTCB->uxPriority )
3244:Middlewares/Third_Party/FreeRTOS/Source/tasks.c **** 	{
3245:Middlewares/Third_Party/FreeRTOS/Source/tasks.c **** 		/* The unblocked task has a priority above that of the calling task, so
3246:Middlewares/Third_Party/FreeRTOS/Source/tasks.c **** 		a context switch is required.  This function is called with the
3247:Middlewares/Third_Party/FreeRTOS/Source/tasks.c **** 		scheduler suspended so xYieldPending is set so the context switch
3248:Middlewares/Third_Party/FreeRTOS/Source/tasks.c **** 		occurs immediately that the scheduler is resumed (unsuspended). */
3249:Middlewares/Third_Party/FreeRTOS/Source/tasks.c **** 		xYieldPending = pdTRUE;
3250:Middlewares/Third_Party/FreeRTOS/Source/tasks.c **** 	}
3251:Middlewares/Third_Party/FreeRTOS/Source/tasks.c **** }
3252:Middlewares/Third_Party/FreeRTOS/Source/tasks.c **** /*-----------------------------------------------------------*/
3253:Middlewares/Third_Party/FreeRTOS/Source/tasks.c **** 
3254:Middlewares/Third_Party/FreeRTOS/Source/tasks.c **** void vTaskSetTimeOutState( TimeOut_t * const pxTimeOut )
3255:Middlewares/Third_Party/FreeRTOS/Source/tasks.c **** {
3256:Middlewares/Third_Party/FreeRTOS/Source/tasks.c **** 	configASSERT( pxTimeOut );
3257:Middlewares/Third_Party/FreeRTOS/Source/tasks.c **** 	taskENTER_CRITICAL();
3258:Middlewares/Third_Party/FreeRTOS/Source/tasks.c **** 	{
3259:Middlewares/Third_Party/FreeRTOS/Source/tasks.c **** 		pxTimeOut->xOverflowCount = xNumOfOverflows;
3260:Middlewares/Third_Party/FreeRTOS/Source/tasks.c **** 		pxTimeOut->xTimeOnEntering = xTickCount;
3261:Middlewares/Third_Party/FreeRTOS/Source/tasks.c **** 	}
3262:Middlewares/Third_Party/FreeRTOS/Source/tasks.c **** 	taskEXIT_CRITICAL();
3263:Middlewares/Third_Party/FreeRTOS/Source/tasks.c **** }
3264:Middlewares/Third_Party/FreeRTOS/Source/tasks.c **** /*-----------------------------------------------------------*/
3265:Middlewares/Third_Party/FreeRTOS/Source/tasks.c **** 
3266:Middlewares/Third_Party/FreeRTOS/Source/tasks.c **** void vTaskInternalSetTimeOutState( TimeOut_t * const pxTimeOut )
3267:Middlewares/Third_Party/FreeRTOS/Source/tasks.c **** {
3268:Middlewares/Third_Party/FreeRTOS/Source/tasks.c **** 	/* For internal use only as it does not use a critical section. */
3269:Middlewares/Third_Party/FreeRTOS/Source/tasks.c **** 	pxTimeOut->xOverflowCount = xNumOfOverflows;
3270:Middlewares/Third_Party/FreeRTOS/Source/tasks.c **** 	pxTimeOut->xTimeOnEntering = xTickCount;
3271:Middlewares/Third_Party/FreeRTOS/Source/tasks.c **** }
3272:Middlewares/Third_Party/FreeRTOS/Source/tasks.c **** /*-----------------------------------------------------------*/
3273:Middlewares/Third_Party/FreeRTOS/Source/tasks.c **** 
3274:Middlewares/Third_Party/FreeRTOS/Source/tasks.c **** BaseType_t xTaskCheckForTimeOut( TimeOut_t * const pxTimeOut, TickType_t * const pxTicksToWait )
3275:Middlewares/Third_Party/FreeRTOS/Source/tasks.c **** {
3276:Middlewares/Third_Party/FreeRTOS/Source/tasks.c **** BaseType_t xReturn;
3277:Middlewares/Third_Party/FreeRTOS/Source/tasks.c **** 
3278:Middlewares/Third_Party/FreeRTOS/Source/tasks.c **** 	configASSERT( pxTimeOut );
3279:Middlewares/Third_Party/FreeRTOS/Source/tasks.c **** 	configASSERT( pxTicksToWait );
3280:Middlewares/Third_Party/FreeRTOS/Source/tasks.c **** 
3281:Middlewares/Third_Party/FreeRTOS/Source/tasks.c **** 	taskENTER_CRITICAL();
3282:Middlewares/Third_Party/FreeRTOS/Source/tasks.c **** 	{
3283:Middlewares/Third_Party/FreeRTOS/Source/tasks.c **** 		/* Minor optimisation.  The tick count cannot change in this block. */
3284:Middlewares/Third_Party/FreeRTOS/Source/tasks.c **** 		const TickType_t xConstTickCount = xTickCount;
3285:Middlewares/Third_Party/FreeRTOS/Source/tasks.c **** 		const TickType_t xElapsedTime = xConstTickCount - pxTimeOut->xTimeOnEntering;
3286:Middlewares/Third_Party/FreeRTOS/Source/tasks.c **** 
3287:Middlewares/Third_Party/FreeRTOS/Source/tasks.c **** 		#if( INCLUDE_xTaskAbortDelay == 1 )
3288:Middlewares/Third_Party/FreeRTOS/Source/tasks.c **** 			if( pxCurrentTCB->ucDelayAborted != ( uint8_t ) pdFALSE )
3289:Middlewares/Third_Party/FreeRTOS/Source/tasks.c **** 			{
3290:Middlewares/Third_Party/FreeRTOS/Source/tasks.c **** 				/* The delay was aborted, which is not the same as a time out,
3291:Middlewares/Third_Party/FreeRTOS/Source/tasks.c **** 				but has the same result. */
3292:Middlewares/Third_Party/FreeRTOS/Source/tasks.c **** 				pxCurrentTCB->ucDelayAborted = pdFALSE;
3293:Middlewares/Third_Party/FreeRTOS/Source/tasks.c **** 				xReturn = pdTRUE;
ARM GAS  C:\Users\Asus\AppData\Local\Temp\cctip26G.s 			page 61


3294:Middlewares/Third_Party/FreeRTOS/Source/tasks.c **** 			}
3295:Middlewares/Third_Party/FreeRTOS/Source/tasks.c **** 			else
3296:Middlewares/Third_Party/FreeRTOS/Source/tasks.c **** 		#endif
3297:Middlewares/Third_Party/FreeRTOS/Source/tasks.c **** 
3298:Middlewares/Third_Party/FreeRTOS/Source/tasks.c **** 		#if ( INCLUDE_vTaskSuspend == 1 )
3299:Middlewares/Third_Party/FreeRTOS/Source/tasks.c **** 			if( *pxTicksToWait == portMAX_DELAY )
3300:Middlewares/Third_Party/FreeRTOS/Source/tasks.c **** 			{
3301:Middlewares/Third_Party/FreeRTOS/Source/tasks.c **** 				/* If INCLUDE_vTaskSuspend is set to 1 and the block time
3302:Middlewares/Third_Party/FreeRTOS/Source/tasks.c **** 				specified is the maximum block time then the task should block
3303:Middlewares/Third_Party/FreeRTOS/Source/tasks.c **** 				indefinitely, and therefore never time out. */
3304:Middlewares/Third_Party/FreeRTOS/Source/tasks.c **** 				xReturn = pdFALSE;
3305:Middlewares/Third_Party/FreeRTOS/Source/tasks.c **** 			}
3306:Middlewares/Third_Party/FreeRTOS/Source/tasks.c **** 			else
3307:Middlewares/Third_Party/FreeRTOS/Source/tasks.c **** 		#endif
3308:Middlewares/Third_Party/FreeRTOS/Source/tasks.c **** 
3309:Middlewares/Third_Party/FreeRTOS/Source/tasks.c **** 		if( ( xNumOfOverflows != pxTimeOut->xOverflowCount ) && ( xConstTickCount >= pxTimeOut->xTimeOnEn
3310:Middlewares/Third_Party/FreeRTOS/Source/tasks.c **** 		{
3311:Middlewares/Third_Party/FreeRTOS/Source/tasks.c **** 			/* The tick count is greater than the time at which
3312:Middlewares/Third_Party/FreeRTOS/Source/tasks.c **** 			vTaskSetTimeout() was called, but has also overflowed since
3313:Middlewares/Third_Party/FreeRTOS/Source/tasks.c **** 			vTaskSetTimeOut() was called.  It must have wrapped all the way
3314:Middlewares/Third_Party/FreeRTOS/Source/tasks.c **** 			around and gone past again. This passed since vTaskSetTimeout()
3315:Middlewares/Third_Party/FreeRTOS/Source/tasks.c **** 			was called. */
3316:Middlewares/Third_Party/FreeRTOS/Source/tasks.c **** 			xReturn = pdTRUE;
3317:Middlewares/Third_Party/FreeRTOS/Source/tasks.c **** 		}
3318:Middlewares/Third_Party/FreeRTOS/Source/tasks.c **** 		else if( xElapsedTime < *pxTicksToWait ) /*lint !e961 Explicit casting is only redundant with som
3319:Middlewares/Third_Party/FreeRTOS/Source/tasks.c **** 		{
3320:Middlewares/Third_Party/FreeRTOS/Source/tasks.c **** 			/* Not a genuine timeout. Adjust parameters for time remaining. */
3321:Middlewares/Third_Party/FreeRTOS/Source/tasks.c **** 			*pxTicksToWait -= xElapsedTime;
3322:Middlewares/Third_Party/FreeRTOS/Source/tasks.c **** 			vTaskInternalSetTimeOutState( pxTimeOut );
3323:Middlewares/Third_Party/FreeRTOS/Source/tasks.c **** 			xReturn = pdFALSE;
3324:Middlewares/Third_Party/FreeRTOS/Source/tasks.c **** 		}
3325:Middlewares/Third_Party/FreeRTOS/Source/tasks.c **** 		else
3326:Middlewares/Third_Party/FreeRTOS/Source/tasks.c **** 		{
3327:Middlewares/Third_Party/FreeRTOS/Source/tasks.c **** 			*pxTicksToWait = 0;
3328:Middlewares/Third_Party/FreeRTOS/Source/tasks.c **** 			xReturn = pdTRUE;
3329:Middlewares/Third_Party/FreeRTOS/Source/tasks.c **** 		}
3330:Middlewares/Third_Party/FreeRTOS/Source/tasks.c **** 	}
3331:Middlewares/Third_Party/FreeRTOS/Source/tasks.c **** 	taskEXIT_CRITICAL();
3332:Middlewares/Third_Party/FreeRTOS/Source/tasks.c **** 
3333:Middlewares/Third_Party/FreeRTOS/Source/tasks.c **** 	return xReturn;
3334:Middlewares/Third_Party/FreeRTOS/Source/tasks.c **** }
3335:Middlewares/Third_Party/FreeRTOS/Source/tasks.c **** /*-----------------------------------------------------------*/
3336:Middlewares/Third_Party/FreeRTOS/Source/tasks.c **** 
3337:Middlewares/Third_Party/FreeRTOS/Source/tasks.c **** void vTaskMissedYield( void )
3338:Middlewares/Third_Party/FreeRTOS/Source/tasks.c **** {
3339:Middlewares/Third_Party/FreeRTOS/Source/tasks.c **** 	xYieldPending = pdTRUE;
3340:Middlewares/Third_Party/FreeRTOS/Source/tasks.c **** }
3341:Middlewares/Third_Party/FreeRTOS/Source/tasks.c **** /*-----------------------------------------------------------*/
3342:Middlewares/Third_Party/FreeRTOS/Source/tasks.c **** 
3343:Middlewares/Third_Party/FreeRTOS/Source/tasks.c **** #if ( configUSE_TRACE_FACILITY == 1 )
3344:Middlewares/Third_Party/FreeRTOS/Source/tasks.c **** 
3345:Middlewares/Third_Party/FreeRTOS/Source/tasks.c **** 	UBaseType_t uxTaskGetTaskNumber( TaskHandle_t xTask )
3346:Middlewares/Third_Party/FreeRTOS/Source/tasks.c **** 	{
3347:Middlewares/Third_Party/FreeRTOS/Source/tasks.c **** 	UBaseType_t uxReturn;
3348:Middlewares/Third_Party/FreeRTOS/Source/tasks.c **** 	TCB_t const *pxTCB;
3349:Middlewares/Third_Party/FreeRTOS/Source/tasks.c **** 
3350:Middlewares/Third_Party/FreeRTOS/Source/tasks.c **** 		if( xTask != NULL )
ARM GAS  C:\Users\Asus\AppData\Local\Temp\cctip26G.s 			page 62


3351:Middlewares/Third_Party/FreeRTOS/Source/tasks.c **** 		{
3352:Middlewares/Third_Party/FreeRTOS/Source/tasks.c **** 			pxTCB = xTask;
3353:Middlewares/Third_Party/FreeRTOS/Source/tasks.c **** 			uxReturn = pxTCB->uxTaskNumber;
3354:Middlewares/Third_Party/FreeRTOS/Source/tasks.c **** 		}
3355:Middlewares/Third_Party/FreeRTOS/Source/tasks.c **** 		else
3356:Middlewares/Third_Party/FreeRTOS/Source/tasks.c **** 		{
3357:Middlewares/Third_Party/FreeRTOS/Source/tasks.c **** 			uxReturn = 0U;
3358:Middlewares/Third_Party/FreeRTOS/Source/tasks.c **** 		}
3359:Middlewares/Third_Party/FreeRTOS/Source/tasks.c **** 
3360:Middlewares/Third_Party/FreeRTOS/Source/tasks.c **** 		return uxReturn;
3361:Middlewares/Third_Party/FreeRTOS/Source/tasks.c **** 	}
3362:Middlewares/Third_Party/FreeRTOS/Source/tasks.c **** 
3363:Middlewares/Third_Party/FreeRTOS/Source/tasks.c **** #endif /* configUSE_TRACE_FACILITY */
3364:Middlewares/Third_Party/FreeRTOS/Source/tasks.c **** /*-----------------------------------------------------------*/
3365:Middlewares/Third_Party/FreeRTOS/Source/tasks.c **** 
3366:Middlewares/Third_Party/FreeRTOS/Source/tasks.c **** #if ( configUSE_TRACE_FACILITY == 1 )
3367:Middlewares/Third_Party/FreeRTOS/Source/tasks.c **** 
3368:Middlewares/Third_Party/FreeRTOS/Source/tasks.c **** 	void vTaskSetTaskNumber( TaskHandle_t xTask, const UBaseType_t uxHandle )
3369:Middlewares/Third_Party/FreeRTOS/Source/tasks.c **** 	{
3370:Middlewares/Third_Party/FreeRTOS/Source/tasks.c **** 	TCB_t * pxTCB;
3371:Middlewares/Third_Party/FreeRTOS/Source/tasks.c **** 
3372:Middlewares/Third_Party/FreeRTOS/Source/tasks.c **** 		if( xTask != NULL )
3373:Middlewares/Third_Party/FreeRTOS/Source/tasks.c **** 		{
3374:Middlewares/Third_Party/FreeRTOS/Source/tasks.c **** 			pxTCB = xTask;
3375:Middlewares/Third_Party/FreeRTOS/Source/tasks.c **** 			pxTCB->uxTaskNumber = uxHandle;
3376:Middlewares/Third_Party/FreeRTOS/Source/tasks.c **** 		}
3377:Middlewares/Third_Party/FreeRTOS/Source/tasks.c **** 	}
3378:Middlewares/Third_Party/FreeRTOS/Source/tasks.c **** 
3379:Middlewares/Third_Party/FreeRTOS/Source/tasks.c **** #endif /* configUSE_TRACE_FACILITY */
3380:Middlewares/Third_Party/FreeRTOS/Source/tasks.c **** 
3381:Middlewares/Third_Party/FreeRTOS/Source/tasks.c **** /*
3382:Middlewares/Third_Party/FreeRTOS/Source/tasks.c ****  * -----------------------------------------------------------
3383:Middlewares/Third_Party/FreeRTOS/Source/tasks.c ****  * The Idle task.
3384:Middlewares/Third_Party/FreeRTOS/Source/tasks.c ****  * ----------------------------------------------------------
3385:Middlewares/Third_Party/FreeRTOS/Source/tasks.c ****  *
3386:Middlewares/Third_Party/FreeRTOS/Source/tasks.c ****  * The portTASK_FUNCTION() macro is used to allow port/compiler specific
3387:Middlewares/Third_Party/FreeRTOS/Source/tasks.c ****  * language extensions.  The equivalent prototype for this function is:
3388:Middlewares/Third_Party/FreeRTOS/Source/tasks.c ****  *
3389:Middlewares/Third_Party/FreeRTOS/Source/tasks.c ****  * void prvIdleTask( void *pvParameters );
3390:Middlewares/Third_Party/FreeRTOS/Source/tasks.c ****  *
3391:Middlewares/Third_Party/FreeRTOS/Source/tasks.c ****  */
3392:Middlewares/Third_Party/FreeRTOS/Source/tasks.c **** static portTASK_FUNCTION( prvIdleTask, pvParameters )
3393:Middlewares/Third_Party/FreeRTOS/Source/tasks.c **** {
3394:Middlewares/Third_Party/FreeRTOS/Source/tasks.c **** 	/* Stop warnings. */
3395:Middlewares/Third_Party/FreeRTOS/Source/tasks.c **** 	( void ) pvParameters;
3396:Middlewares/Third_Party/FreeRTOS/Source/tasks.c **** 
3397:Middlewares/Third_Party/FreeRTOS/Source/tasks.c **** 	/** THIS IS THE RTOS IDLE TASK - WHICH IS CREATED AUTOMATICALLY WHEN THE
3398:Middlewares/Third_Party/FreeRTOS/Source/tasks.c **** 	SCHEDULER IS STARTED. **/
3399:Middlewares/Third_Party/FreeRTOS/Source/tasks.c **** 
3400:Middlewares/Third_Party/FreeRTOS/Source/tasks.c **** 	/* In case a task that has a secure context deletes itself, in which case
3401:Middlewares/Third_Party/FreeRTOS/Source/tasks.c **** 	the idle task is responsible for deleting the task's secure context, if
3402:Middlewares/Third_Party/FreeRTOS/Source/tasks.c **** 	any. */
3403:Middlewares/Third_Party/FreeRTOS/Source/tasks.c **** 	portALLOCATE_SECURE_CONTEXT( configMINIMAL_SECURE_STACK_SIZE );
3404:Middlewares/Third_Party/FreeRTOS/Source/tasks.c **** 
3405:Middlewares/Third_Party/FreeRTOS/Source/tasks.c **** 	for( ;; )
3406:Middlewares/Third_Party/FreeRTOS/Source/tasks.c **** 	{
3407:Middlewares/Third_Party/FreeRTOS/Source/tasks.c **** 		/* See if any tasks have deleted themselves - if so then the idle task
ARM GAS  C:\Users\Asus\AppData\Local\Temp\cctip26G.s 			page 63


3408:Middlewares/Third_Party/FreeRTOS/Source/tasks.c **** 		is responsible for freeing the deleted task's TCB and stack. */
3409:Middlewares/Third_Party/FreeRTOS/Source/tasks.c **** 		prvCheckTasksWaitingTermination();
3410:Middlewares/Third_Party/FreeRTOS/Source/tasks.c **** 
3411:Middlewares/Third_Party/FreeRTOS/Source/tasks.c **** 		#if ( configUSE_PREEMPTION == 0 )
3412:Middlewares/Third_Party/FreeRTOS/Source/tasks.c **** 		{
3413:Middlewares/Third_Party/FreeRTOS/Source/tasks.c **** 			/* If we are not using preemption we keep forcing a task switch to
3414:Middlewares/Third_Party/FreeRTOS/Source/tasks.c **** 			see if any other task has become available.  If we are using
3415:Middlewares/Third_Party/FreeRTOS/Source/tasks.c **** 			preemption we don't need to do this as any task becoming available
3416:Middlewares/Third_Party/FreeRTOS/Source/tasks.c **** 			will automatically get the processor anyway. */
3417:Middlewares/Third_Party/FreeRTOS/Source/tasks.c **** 			taskYIELD();
3418:Middlewares/Third_Party/FreeRTOS/Source/tasks.c **** 		}
3419:Middlewares/Third_Party/FreeRTOS/Source/tasks.c **** 		#endif /* configUSE_PREEMPTION */
3420:Middlewares/Third_Party/FreeRTOS/Source/tasks.c **** 
3421:Middlewares/Third_Party/FreeRTOS/Source/tasks.c **** 		#if ( ( configUSE_PREEMPTION == 1 ) && ( configIDLE_SHOULD_YIELD == 1 ) )
3422:Middlewares/Third_Party/FreeRTOS/Source/tasks.c **** 		{
3423:Middlewares/Third_Party/FreeRTOS/Source/tasks.c **** 			/* When using preemption tasks of equal priority will be
3424:Middlewares/Third_Party/FreeRTOS/Source/tasks.c **** 			timesliced.  If a task that is sharing the idle priority is ready
3425:Middlewares/Third_Party/FreeRTOS/Source/tasks.c **** 			to run then the idle task should yield before the end of the
3426:Middlewares/Third_Party/FreeRTOS/Source/tasks.c **** 			timeslice.
3427:Middlewares/Third_Party/FreeRTOS/Source/tasks.c **** 
3428:Middlewares/Third_Party/FreeRTOS/Source/tasks.c **** 			A critical region is not required here as we are just reading from
3429:Middlewares/Third_Party/FreeRTOS/Source/tasks.c **** 			the list, and an occasional incorrect value will not matter.  If
3430:Middlewares/Third_Party/FreeRTOS/Source/tasks.c **** 			the ready list at the idle priority contains more than one task
3431:Middlewares/Third_Party/FreeRTOS/Source/tasks.c **** 			then a task other than the idle task is ready to execute. */
3432:Middlewares/Third_Party/FreeRTOS/Source/tasks.c **** 			if( listCURRENT_LIST_LENGTH( &( pxReadyTasksLists[ tskIDLE_PRIORITY ] ) ) > ( UBaseType_t ) 1 )
3433:Middlewares/Third_Party/FreeRTOS/Source/tasks.c **** 			{
3434:Middlewares/Third_Party/FreeRTOS/Source/tasks.c **** 				taskYIELD();
3435:Middlewares/Third_Party/FreeRTOS/Source/tasks.c **** 			}
3436:Middlewares/Third_Party/FreeRTOS/Source/tasks.c **** 			else
3437:Middlewares/Third_Party/FreeRTOS/Source/tasks.c **** 			{
3438:Middlewares/Third_Party/FreeRTOS/Source/tasks.c **** 				mtCOVERAGE_TEST_MARKER();
3439:Middlewares/Third_Party/FreeRTOS/Source/tasks.c **** 			}
3440:Middlewares/Third_Party/FreeRTOS/Source/tasks.c **** 		}
3441:Middlewares/Third_Party/FreeRTOS/Source/tasks.c **** 		#endif /* ( ( configUSE_PREEMPTION == 1 ) && ( configIDLE_SHOULD_YIELD == 1 ) ) */
3442:Middlewares/Third_Party/FreeRTOS/Source/tasks.c **** 
3443:Middlewares/Third_Party/FreeRTOS/Source/tasks.c **** 		#if ( configUSE_IDLE_HOOK == 1 )
3444:Middlewares/Third_Party/FreeRTOS/Source/tasks.c **** 		{
3445:Middlewares/Third_Party/FreeRTOS/Source/tasks.c **** 			extern void vApplicationIdleHook( void );
3446:Middlewares/Third_Party/FreeRTOS/Source/tasks.c **** 
3447:Middlewares/Third_Party/FreeRTOS/Source/tasks.c **** 			/* Call the user defined function from within the idle task.  This
3448:Middlewares/Third_Party/FreeRTOS/Source/tasks.c **** 			allows the application designer to add background functionality
3449:Middlewares/Third_Party/FreeRTOS/Source/tasks.c **** 			without the overhead of a separate task.
3450:Middlewares/Third_Party/FreeRTOS/Source/tasks.c **** 			NOTE: vApplicationIdleHook() MUST NOT, UNDER ANY CIRCUMSTANCES,
3451:Middlewares/Third_Party/FreeRTOS/Source/tasks.c **** 			CALL A FUNCTION THAT MIGHT BLOCK. */
3452:Middlewares/Third_Party/FreeRTOS/Source/tasks.c **** 			vApplicationIdleHook();
3453:Middlewares/Third_Party/FreeRTOS/Source/tasks.c **** 		}
3454:Middlewares/Third_Party/FreeRTOS/Source/tasks.c **** 		#endif /* configUSE_IDLE_HOOK */
3455:Middlewares/Third_Party/FreeRTOS/Source/tasks.c **** 
3456:Middlewares/Third_Party/FreeRTOS/Source/tasks.c **** 		/* This conditional compilation should use inequality to 0, not equality
3457:Middlewares/Third_Party/FreeRTOS/Source/tasks.c **** 		to 1.  This is to ensure portSUPPRESS_TICKS_AND_SLEEP() is called when
3458:Middlewares/Third_Party/FreeRTOS/Source/tasks.c **** 		user defined low power mode	implementations require
3459:Middlewares/Third_Party/FreeRTOS/Source/tasks.c **** 		configUSE_TICKLESS_IDLE to be set to a value other than 1. */
3460:Middlewares/Third_Party/FreeRTOS/Source/tasks.c **** 		#if ( configUSE_TICKLESS_IDLE != 0 )
3461:Middlewares/Third_Party/FreeRTOS/Source/tasks.c **** 		{
3462:Middlewares/Third_Party/FreeRTOS/Source/tasks.c **** 		TickType_t xExpectedIdleTime;
3463:Middlewares/Third_Party/FreeRTOS/Source/tasks.c **** 
3464:Middlewares/Third_Party/FreeRTOS/Source/tasks.c **** 			/* It is not desirable to suspend then resume the scheduler on
ARM GAS  C:\Users\Asus\AppData\Local\Temp\cctip26G.s 			page 64


3465:Middlewares/Third_Party/FreeRTOS/Source/tasks.c **** 			each iteration of the idle task.  Therefore, a preliminary
3466:Middlewares/Third_Party/FreeRTOS/Source/tasks.c **** 			test of the expected idle time is performed without the
3467:Middlewares/Third_Party/FreeRTOS/Source/tasks.c **** 			scheduler suspended.  The result here is not necessarily
3468:Middlewares/Third_Party/FreeRTOS/Source/tasks.c **** 			valid. */
3469:Middlewares/Third_Party/FreeRTOS/Source/tasks.c **** 			xExpectedIdleTime = prvGetExpectedIdleTime();
3470:Middlewares/Third_Party/FreeRTOS/Source/tasks.c **** 
3471:Middlewares/Third_Party/FreeRTOS/Source/tasks.c **** 			if( xExpectedIdleTime >= configEXPECTED_IDLE_TIME_BEFORE_SLEEP )
3472:Middlewares/Third_Party/FreeRTOS/Source/tasks.c **** 			{
3473:Middlewares/Third_Party/FreeRTOS/Source/tasks.c **** 				vTaskSuspendAll();
3474:Middlewares/Third_Party/FreeRTOS/Source/tasks.c **** 				{
3475:Middlewares/Third_Party/FreeRTOS/Source/tasks.c **** 					/* Now the scheduler is suspended, the expected idle
3476:Middlewares/Third_Party/FreeRTOS/Source/tasks.c **** 					time can be sampled again, and this time its value can
3477:Middlewares/Third_Party/FreeRTOS/Source/tasks.c **** 					be used. */
3478:Middlewares/Third_Party/FreeRTOS/Source/tasks.c **** 					configASSERT( xNextTaskUnblockTime >= xTickCount );
3479:Middlewares/Third_Party/FreeRTOS/Source/tasks.c **** 					xExpectedIdleTime = prvGetExpectedIdleTime();
3480:Middlewares/Third_Party/FreeRTOS/Source/tasks.c **** 
3481:Middlewares/Third_Party/FreeRTOS/Source/tasks.c **** 					/* Define the following macro to set xExpectedIdleTime to 0
3482:Middlewares/Third_Party/FreeRTOS/Source/tasks.c **** 					if the application does not want
3483:Middlewares/Third_Party/FreeRTOS/Source/tasks.c **** 					portSUPPRESS_TICKS_AND_SLEEP() to be called. */
3484:Middlewares/Third_Party/FreeRTOS/Source/tasks.c **** 					configPRE_SUPPRESS_TICKS_AND_SLEEP_PROCESSING( xExpectedIdleTime );
3485:Middlewares/Third_Party/FreeRTOS/Source/tasks.c **** 
3486:Middlewares/Third_Party/FreeRTOS/Source/tasks.c **** 					if( xExpectedIdleTime >= configEXPECTED_IDLE_TIME_BEFORE_SLEEP )
3487:Middlewares/Third_Party/FreeRTOS/Source/tasks.c **** 					{
3488:Middlewares/Third_Party/FreeRTOS/Source/tasks.c **** 						traceLOW_POWER_IDLE_BEGIN();
3489:Middlewares/Third_Party/FreeRTOS/Source/tasks.c **** 						portSUPPRESS_TICKS_AND_SLEEP( xExpectedIdleTime );
3490:Middlewares/Third_Party/FreeRTOS/Source/tasks.c **** 						traceLOW_POWER_IDLE_END();
3491:Middlewares/Third_Party/FreeRTOS/Source/tasks.c **** 					}
3492:Middlewares/Third_Party/FreeRTOS/Source/tasks.c **** 					else
3493:Middlewares/Third_Party/FreeRTOS/Source/tasks.c **** 					{
3494:Middlewares/Third_Party/FreeRTOS/Source/tasks.c **** 						mtCOVERAGE_TEST_MARKER();
3495:Middlewares/Third_Party/FreeRTOS/Source/tasks.c **** 					}
3496:Middlewares/Third_Party/FreeRTOS/Source/tasks.c **** 				}
3497:Middlewares/Third_Party/FreeRTOS/Source/tasks.c **** 				( void ) xTaskResumeAll();
3498:Middlewares/Third_Party/FreeRTOS/Source/tasks.c **** 			}
3499:Middlewares/Third_Party/FreeRTOS/Source/tasks.c **** 			else
3500:Middlewares/Third_Party/FreeRTOS/Source/tasks.c **** 			{
3501:Middlewares/Third_Party/FreeRTOS/Source/tasks.c **** 				mtCOVERAGE_TEST_MARKER();
3502:Middlewares/Third_Party/FreeRTOS/Source/tasks.c **** 			}
3503:Middlewares/Third_Party/FreeRTOS/Source/tasks.c **** 		}
3504:Middlewares/Third_Party/FreeRTOS/Source/tasks.c **** 		#endif /* configUSE_TICKLESS_IDLE */
3505:Middlewares/Third_Party/FreeRTOS/Source/tasks.c **** 	}
3506:Middlewares/Third_Party/FreeRTOS/Source/tasks.c **** }
3507:Middlewares/Third_Party/FreeRTOS/Source/tasks.c **** /*-----------------------------------------------------------*/
3508:Middlewares/Third_Party/FreeRTOS/Source/tasks.c **** 
3509:Middlewares/Third_Party/FreeRTOS/Source/tasks.c **** #if( configUSE_TICKLESS_IDLE != 0 )
3510:Middlewares/Third_Party/FreeRTOS/Source/tasks.c **** 
3511:Middlewares/Third_Party/FreeRTOS/Source/tasks.c **** 	eSleepModeStatus eTaskConfirmSleepModeStatus( void )
3512:Middlewares/Third_Party/FreeRTOS/Source/tasks.c **** 	{
3513:Middlewares/Third_Party/FreeRTOS/Source/tasks.c **** 	/* The idle task exists in addition to the application tasks. */
3514:Middlewares/Third_Party/FreeRTOS/Source/tasks.c **** 	const UBaseType_t uxNonApplicationTasks = 1;
3515:Middlewares/Third_Party/FreeRTOS/Source/tasks.c **** 	eSleepModeStatus eReturn = eStandardSleep;
3516:Middlewares/Third_Party/FreeRTOS/Source/tasks.c **** 
3517:Middlewares/Third_Party/FreeRTOS/Source/tasks.c **** 		/* This function must be called from a critical section. */
3518:Middlewares/Third_Party/FreeRTOS/Source/tasks.c **** 
3519:Middlewares/Third_Party/FreeRTOS/Source/tasks.c **** 		if( listCURRENT_LIST_LENGTH( &xPendingReadyList ) != 0 )
3520:Middlewares/Third_Party/FreeRTOS/Source/tasks.c **** 		{
3521:Middlewares/Third_Party/FreeRTOS/Source/tasks.c **** 			/* A task was made ready while the scheduler was suspended. */
ARM GAS  C:\Users\Asus\AppData\Local\Temp\cctip26G.s 			page 65


3522:Middlewares/Third_Party/FreeRTOS/Source/tasks.c **** 			eReturn = eAbortSleep;
3523:Middlewares/Third_Party/FreeRTOS/Source/tasks.c **** 		}
3524:Middlewares/Third_Party/FreeRTOS/Source/tasks.c **** 		else if( xYieldPending != pdFALSE )
3525:Middlewares/Third_Party/FreeRTOS/Source/tasks.c **** 		{
3526:Middlewares/Third_Party/FreeRTOS/Source/tasks.c **** 			/* A yield was pended while the scheduler was suspended. */
3527:Middlewares/Third_Party/FreeRTOS/Source/tasks.c **** 			eReturn = eAbortSleep;
3528:Middlewares/Third_Party/FreeRTOS/Source/tasks.c **** 		}
3529:Middlewares/Third_Party/FreeRTOS/Source/tasks.c **** 		else
3530:Middlewares/Third_Party/FreeRTOS/Source/tasks.c **** 		{
3531:Middlewares/Third_Party/FreeRTOS/Source/tasks.c **** 			/* If all the tasks are in the suspended list (which might mean they
3532:Middlewares/Third_Party/FreeRTOS/Source/tasks.c **** 			have an infinite block time rather than actually being suspended)
3533:Middlewares/Third_Party/FreeRTOS/Source/tasks.c **** 			then it is safe to turn all clocks off and just wait for external
3534:Middlewares/Third_Party/FreeRTOS/Source/tasks.c **** 			interrupts. */
3535:Middlewares/Third_Party/FreeRTOS/Source/tasks.c **** 			if( listCURRENT_LIST_LENGTH( &xSuspendedTaskList ) == ( uxCurrentNumberOfTasks - uxNonApplicatio
3536:Middlewares/Third_Party/FreeRTOS/Source/tasks.c **** 			{
3537:Middlewares/Third_Party/FreeRTOS/Source/tasks.c **** 				eReturn = eNoTasksWaitingTimeout;
3538:Middlewares/Third_Party/FreeRTOS/Source/tasks.c **** 			}
3539:Middlewares/Third_Party/FreeRTOS/Source/tasks.c **** 			else
3540:Middlewares/Third_Party/FreeRTOS/Source/tasks.c **** 			{
3541:Middlewares/Third_Party/FreeRTOS/Source/tasks.c **** 				mtCOVERAGE_TEST_MARKER();
3542:Middlewares/Third_Party/FreeRTOS/Source/tasks.c **** 			}
3543:Middlewares/Third_Party/FreeRTOS/Source/tasks.c **** 		}
3544:Middlewares/Third_Party/FreeRTOS/Source/tasks.c **** 
3545:Middlewares/Third_Party/FreeRTOS/Source/tasks.c **** 		return eReturn;
3546:Middlewares/Third_Party/FreeRTOS/Source/tasks.c **** 	}
3547:Middlewares/Third_Party/FreeRTOS/Source/tasks.c **** 
3548:Middlewares/Third_Party/FreeRTOS/Source/tasks.c **** #endif /* configUSE_TICKLESS_IDLE */
3549:Middlewares/Third_Party/FreeRTOS/Source/tasks.c **** /*-----------------------------------------------------------*/
3550:Middlewares/Third_Party/FreeRTOS/Source/tasks.c **** 
3551:Middlewares/Third_Party/FreeRTOS/Source/tasks.c **** #if ( configNUM_THREAD_LOCAL_STORAGE_POINTERS != 0 )
3552:Middlewares/Third_Party/FreeRTOS/Source/tasks.c **** 
3553:Middlewares/Third_Party/FreeRTOS/Source/tasks.c **** 	void vTaskSetThreadLocalStoragePointer( TaskHandle_t xTaskToSet, BaseType_t xIndex, void *pvValue 
3554:Middlewares/Third_Party/FreeRTOS/Source/tasks.c **** 	{
3555:Middlewares/Third_Party/FreeRTOS/Source/tasks.c **** 	TCB_t *pxTCB;
3556:Middlewares/Third_Party/FreeRTOS/Source/tasks.c **** 
3557:Middlewares/Third_Party/FreeRTOS/Source/tasks.c **** 		if( xIndex < configNUM_THREAD_LOCAL_STORAGE_POINTERS )
3558:Middlewares/Third_Party/FreeRTOS/Source/tasks.c **** 		{
3559:Middlewares/Third_Party/FreeRTOS/Source/tasks.c **** 			pxTCB = prvGetTCBFromHandle( xTaskToSet );
3560:Middlewares/Third_Party/FreeRTOS/Source/tasks.c **** 			configASSERT( pxTCB != NULL );
3561:Middlewares/Third_Party/FreeRTOS/Source/tasks.c **** 			pxTCB->pvThreadLocalStoragePointers[ xIndex ] = pvValue;
3562:Middlewares/Third_Party/FreeRTOS/Source/tasks.c **** 		}
3563:Middlewares/Third_Party/FreeRTOS/Source/tasks.c **** 	}
3564:Middlewares/Third_Party/FreeRTOS/Source/tasks.c **** 
3565:Middlewares/Third_Party/FreeRTOS/Source/tasks.c **** #endif /* configNUM_THREAD_LOCAL_STORAGE_POINTERS */
3566:Middlewares/Third_Party/FreeRTOS/Source/tasks.c **** /*-----------------------------------------------------------*/
3567:Middlewares/Third_Party/FreeRTOS/Source/tasks.c **** 
3568:Middlewares/Third_Party/FreeRTOS/Source/tasks.c **** #if ( configNUM_THREAD_LOCAL_STORAGE_POINTERS != 0 )
3569:Middlewares/Third_Party/FreeRTOS/Source/tasks.c **** 
3570:Middlewares/Third_Party/FreeRTOS/Source/tasks.c **** 	void *pvTaskGetThreadLocalStoragePointer( TaskHandle_t xTaskToQuery, BaseType_t xIndex )
3571:Middlewares/Third_Party/FreeRTOS/Source/tasks.c **** 	{
3572:Middlewares/Third_Party/FreeRTOS/Source/tasks.c **** 	void *pvReturn = NULL;
3573:Middlewares/Third_Party/FreeRTOS/Source/tasks.c **** 	TCB_t *pxTCB;
3574:Middlewares/Third_Party/FreeRTOS/Source/tasks.c **** 
3575:Middlewares/Third_Party/FreeRTOS/Source/tasks.c **** 		if( xIndex < configNUM_THREAD_LOCAL_STORAGE_POINTERS )
3576:Middlewares/Third_Party/FreeRTOS/Source/tasks.c **** 		{
3577:Middlewares/Third_Party/FreeRTOS/Source/tasks.c **** 			pxTCB = prvGetTCBFromHandle( xTaskToQuery );
3578:Middlewares/Third_Party/FreeRTOS/Source/tasks.c **** 			pvReturn = pxTCB->pvThreadLocalStoragePointers[ xIndex ];
ARM GAS  C:\Users\Asus\AppData\Local\Temp\cctip26G.s 			page 66


3579:Middlewares/Third_Party/FreeRTOS/Source/tasks.c **** 		}
3580:Middlewares/Third_Party/FreeRTOS/Source/tasks.c **** 		else
3581:Middlewares/Third_Party/FreeRTOS/Source/tasks.c **** 		{
3582:Middlewares/Third_Party/FreeRTOS/Source/tasks.c **** 			pvReturn = NULL;
3583:Middlewares/Third_Party/FreeRTOS/Source/tasks.c **** 		}
3584:Middlewares/Third_Party/FreeRTOS/Source/tasks.c **** 
3585:Middlewares/Third_Party/FreeRTOS/Source/tasks.c **** 		return pvReturn;
3586:Middlewares/Third_Party/FreeRTOS/Source/tasks.c **** 	}
3587:Middlewares/Third_Party/FreeRTOS/Source/tasks.c **** 
3588:Middlewares/Third_Party/FreeRTOS/Source/tasks.c **** #endif /* configNUM_THREAD_LOCAL_STORAGE_POINTERS */
3589:Middlewares/Third_Party/FreeRTOS/Source/tasks.c **** /*-----------------------------------------------------------*/
3590:Middlewares/Third_Party/FreeRTOS/Source/tasks.c **** 
3591:Middlewares/Third_Party/FreeRTOS/Source/tasks.c **** #if ( portUSING_MPU_WRAPPERS == 1 )
3592:Middlewares/Third_Party/FreeRTOS/Source/tasks.c **** 
3593:Middlewares/Third_Party/FreeRTOS/Source/tasks.c **** 	void vTaskAllocateMPURegions( TaskHandle_t xTaskToModify, const MemoryRegion_t * const xRegions )
3594:Middlewares/Third_Party/FreeRTOS/Source/tasks.c **** 	{
3595:Middlewares/Third_Party/FreeRTOS/Source/tasks.c **** 	TCB_t *pxTCB;
3596:Middlewares/Third_Party/FreeRTOS/Source/tasks.c **** 
3597:Middlewares/Third_Party/FreeRTOS/Source/tasks.c **** 		/* If null is passed in here then we are modifying the MPU settings of
3598:Middlewares/Third_Party/FreeRTOS/Source/tasks.c **** 		the calling task. */
3599:Middlewares/Third_Party/FreeRTOS/Source/tasks.c **** 		pxTCB = prvGetTCBFromHandle( xTaskToModify );
3600:Middlewares/Third_Party/FreeRTOS/Source/tasks.c **** 
3601:Middlewares/Third_Party/FreeRTOS/Source/tasks.c **** 		vPortStoreTaskMPUSettings( &( pxTCB->xMPUSettings ), xRegions, NULL, 0 );
3602:Middlewares/Third_Party/FreeRTOS/Source/tasks.c **** 	}
3603:Middlewares/Third_Party/FreeRTOS/Source/tasks.c **** 
3604:Middlewares/Third_Party/FreeRTOS/Source/tasks.c **** #endif /* portUSING_MPU_WRAPPERS */
3605:Middlewares/Third_Party/FreeRTOS/Source/tasks.c **** /*-----------------------------------------------------------*/
3606:Middlewares/Third_Party/FreeRTOS/Source/tasks.c **** 
3607:Middlewares/Third_Party/FreeRTOS/Source/tasks.c **** static void prvInitialiseTaskLists( void )
3608:Middlewares/Third_Party/FreeRTOS/Source/tasks.c **** {
3609:Middlewares/Third_Party/FreeRTOS/Source/tasks.c **** UBaseType_t uxPriority;
3610:Middlewares/Third_Party/FreeRTOS/Source/tasks.c **** 
3611:Middlewares/Third_Party/FreeRTOS/Source/tasks.c **** 	for( uxPriority = ( UBaseType_t ) 0U; uxPriority < ( UBaseType_t ) configMAX_PRIORITIES; uxPriorit
3612:Middlewares/Third_Party/FreeRTOS/Source/tasks.c **** 	{
3613:Middlewares/Third_Party/FreeRTOS/Source/tasks.c **** 		vListInitialise( &( pxReadyTasksLists[ uxPriority ] ) );
3614:Middlewares/Third_Party/FreeRTOS/Source/tasks.c **** 	}
3615:Middlewares/Third_Party/FreeRTOS/Source/tasks.c **** 
3616:Middlewares/Third_Party/FreeRTOS/Source/tasks.c **** 	vListInitialise( &xDelayedTaskList1 );
3617:Middlewares/Third_Party/FreeRTOS/Source/tasks.c **** 	vListInitialise( &xDelayedTaskList2 );
3618:Middlewares/Third_Party/FreeRTOS/Source/tasks.c **** 	vListInitialise( &xPendingReadyList );
3619:Middlewares/Third_Party/FreeRTOS/Source/tasks.c **** 
3620:Middlewares/Third_Party/FreeRTOS/Source/tasks.c **** 	#if ( INCLUDE_vTaskDelete == 1 )
3621:Middlewares/Third_Party/FreeRTOS/Source/tasks.c **** 	{
3622:Middlewares/Third_Party/FreeRTOS/Source/tasks.c **** 		vListInitialise( &xTasksWaitingTermination );
3623:Middlewares/Third_Party/FreeRTOS/Source/tasks.c **** 	}
3624:Middlewares/Third_Party/FreeRTOS/Source/tasks.c **** 	#endif /* INCLUDE_vTaskDelete */
3625:Middlewares/Third_Party/FreeRTOS/Source/tasks.c **** 
3626:Middlewares/Third_Party/FreeRTOS/Source/tasks.c **** 	#if ( INCLUDE_vTaskSuspend == 1 )
3627:Middlewares/Third_Party/FreeRTOS/Source/tasks.c **** 	{
3628:Middlewares/Third_Party/FreeRTOS/Source/tasks.c **** 		vListInitialise( &xSuspendedTaskList );
3629:Middlewares/Third_Party/FreeRTOS/Source/tasks.c **** 	}
3630:Middlewares/Third_Party/FreeRTOS/Source/tasks.c **** 	#endif /* INCLUDE_vTaskSuspend */
3631:Middlewares/Third_Party/FreeRTOS/Source/tasks.c **** 
3632:Middlewares/Third_Party/FreeRTOS/Source/tasks.c **** 	/* Start with pxDelayedTaskList using list1 and the pxOverflowDelayedTaskList
3633:Middlewares/Third_Party/FreeRTOS/Source/tasks.c **** 	using list2. */
3634:Middlewares/Third_Party/FreeRTOS/Source/tasks.c **** 	pxDelayedTaskList = &xDelayedTaskList1;
3635:Middlewares/Third_Party/FreeRTOS/Source/tasks.c **** 	pxOverflowDelayedTaskList = &xDelayedTaskList2;
ARM GAS  C:\Users\Asus\AppData\Local\Temp\cctip26G.s 			page 67


3636:Middlewares/Third_Party/FreeRTOS/Source/tasks.c **** }
3637:Middlewares/Third_Party/FreeRTOS/Source/tasks.c **** /*-----------------------------------------------------------*/
3638:Middlewares/Third_Party/FreeRTOS/Source/tasks.c **** 
3639:Middlewares/Third_Party/FreeRTOS/Source/tasks.c **** static void prvCheckTasksWaitingTermination( void )
3640:Middlewares/Third_Party/FreeRTOS/Source/tasks.c **** {
3641:Middlewares/Third_Party/FreeRTOS/Source/tasks.c **** 
3642:Middlewares/Third_Party/FreeRTOS/Source/tasks.c **** 	/** THIS FUNCTION IS CALLED FROM THE RTOS IDLE TASK **/
3643:Middlewares/Third_Party/FreeRTOS/Source/tasks.c **** 
3644:Middlewares/Third_Party/FreeRTOS/Source/tasks.c **** 	#if ( INCLUDE_vTaskDelete == 1 )
3645:Middlewares/Third_Party/FreeRTOS/Source/tasks.c **** 	{
3646:Middlewares/Third_Party/FreeRTOS/Source/tasks.c **** 		TCB_t *pxTCB;
3647:Middlewares/Third_Party/FreeRTOS/Source/tasks.c **** 
3648:Middlewares/Third_Party/FreeRTOS/Source/tasks.c **** 		/* uxDeletedTasksWaitingCleanUp is used to prevent taskENTER_CRITICAL()
3649:Middlewares/Third_Party/FreeRTOS/Source/tasks.c **** 		being called too often in the idle task. */
3650:Middlewares/Third_Party/FreeRTOS/Source/tasks.c **** 		while( uxDeletedTasksWaitingCleanUp > ( UBaseType_t ) 0U )
3651:Middlewares/Third_Party/FreeRTOS/Source/tasks.c **** 		{
3652:Middlewares/Third_Party/FreeRTOS/Source/tasks.c **** 			taskENTER_CRITICAL();
3653:Middlewares/Third_Party/FreeRTOS/Source/tasks.c **** 			{
3654:Middlewares/Third_Party/FreeRTOS/Source/tasks.c **** 				pxTCB = listGET_OWNER_OF_HEAD_ENTRY( ( &xTasksWaitingTermination ) ); /*lint !e9079 void * is u
3655:Middlewares/Third_Party/FreeRTOS/Source/tasks.c **** 				( void ) uxListRemove( &( pxTCB->xStateListItem ) );
3656:Middlewares/Third_Party/FreeRTOS/Source/tasks.c **** 				--uxCurrentNumberOfTasks;
3657:Middlewares/Third_Party/FreeRTOS/Source/tasks.c **** 				--uxDeletedTasksWaitingCleanUp;
3658:Middlewares/Third_Party/FreeRTOS/Source/tasks.c **** 			}
3659:Middlewares/Third_Party/FreeRTOS/Source/tasks.c **** 			taskEXIT_CRITICAL();
3660:Middlewares/Third_Party/FreeRTOS/Source/tasks.c **** 
3661:Middlewares/Third_Party/FreeRTOS/Source/tasks.c **** 			prvDeleteTCB( pxTCB );
3662:Middlewares/Third_Party/FreeRTOS/Source/tasks.c **** 		}
3663:Middlewares/Third_Party/FreeRTOS/Source/tasks.c **** 	}
3664:Middlewares/Third_Party/FreeRTOS/Source/tasks.c **** 	#endif /* INCLUDE_vTaskDelete */
3665:Middlewares/Third_Party/FreeRTOS/Source/tasks.c **** }
3666:Middlewares/Third_Party/FreeRTOS/Source/tasks.c **** /*-----------------------------------------------------------*/
3667:Middlewares/Third_Party/FreeRTOS/Source/tasks.c **** 
3668:Middlewares/Third_Party/FreeRTOS/Source/tasks.c **** #if( configUSE_TRACE_FACILITY == 1 )
3669:Middlewares/Third_Party/FreeRTOS/Source/tasks.c **** 
3670:Middlewares/Third_Party/FreeRTOS/Source/tasks.c **** 	void vTaskGetInfo( TaskHandle_t xTask, TaskStatus_t *pxTaskStatus, BaseType_t xGetFreeStackSpace, 
3671:Middlewares/Third_Party/FreeRTOS/Source/tasks.c **** 	{
3672:Middlewares/Third_Party/FreeRTOS/Source/tasks.c **** 	TCB_t *pxTCB;
3673:Middlewares/Third_Party/FreeRTOS/Source/tasks.c **** 
3674:Middlewares/Third_Party/FreeRTOS/Source/tasks.c **** 		/* xTask is NULL then get the state of the calling task. */
3675:Middlewares/Third_Party/FreeRTOS/Source/tasks.c **** 		pxTCB = prvGetTCBFromHandle( xTask );
3676:Middlewares/Third_Party/FreeRTOS/Source/tasks.c **** 
3677:Middlewares/Third_Party/FreeRTOS/Source/tasks.c **** 		pxTaskStatus->xHandle = ( TaskHandle_t ) pxTCB;
3678:Middlewares/Third_Party/FreeRTOS/Source/tasks.c **** 		pxTaskStatus->pcTaskName = ( const char * ) &( pxTCB->pcTaskName [ 0 ] );
3679:Middlewares/Third_Party/FreeRTOS/Source/tasks.c **** 		pxTaskStatus->uxCurrentPriority = pxTCB->uxPriority;
3680:Middlewares/Third_Party/FreeRTOS/Source/tasks.c **** 		pxTaskStatus->pxStackBase = pxTCB->pxStack;
3681:Middlewares/Third_Party/FreeRTOS/Source/tasks.c **** 		pxTaskStatus->xTaskNumber = pxTCB->uxTCBNumber;
3682:Middlewares/Third_Party/FreeRTOS/Source/tasks.c **** 
3683:Middlewares/Third_Party/FreeRTOS/Source/tasks.c **** 		#if ( configUSE_MUTEXES == 1 )
3684:Middlewares/Third_Party/FreeRTOS/Source/tasks.c **** 		{
3685:Middlewares/Third_Party/FreeRTOS/Source/tasks.c **** 			pxTaskStatus->uxBasePriority = pxTCB->uxBasePriority;
3686:Middlewares/Third_Party/FreeRTOS/Source/tasks.c **** 		}
3687:Middlewares/Third_Party/FreeRTOS/Source/tasks.c **** 		#else
3688:Middlewares/Third_Party/FreeRTOS/Source/tasks.c **** 		{
3689:Middlewares/Third_Party/FreeRTOS/Source/tasks.c **** 			pxTaskStatus->uxBasePriority = 0;
3690:Middlewares/Third_Party/FreeRTOS/Source/tasks.c **** 		}
3691:Middlewares/Third_Party/FreeRTOS/Source/tasks.c **** 		#endif
3692:Middlewares/Third_Party/FreeRTOS/Source/tasks.c **** 
ARM GAS  C:\Users\Asus\AppData\Local\Temp\cctip26G.s 			page 68


3693:Middlewares/Third_Party/FreeRTOS/Source/tasks.c **** 		#if ( configGENERATE_RUN_TIME_STATS == 1 )
3694:Middlewares/Third_Party/FreeRTOS/Source/tasks.c **** 		{
3695:Middlewares/Third_Party/FreeRTOS/Source/tasks.c **** 			pxTaskStatus->ulRunTimeCounter = pxTCB->ulRunTimeCounter;
3696:Middlewares/Third_Party/FreeRTOS/Source/tasks.c **** 		}
3697:Middlewares/Third_Party/FreeRTOS/Source/tasks.c **** 		#else
3698:Middlewares/Third_Party/FreeRTOS/Source/tasks.c **** 		{
3699:Middlewares/Third_Party/FreeRTOS/Source/tasks.c **** 			pxTaskStatus->ulRunTimeCounter = 0;
3700:Middlewares/Third_Party/FreeRTOS/Source/tasks.c **** 		}
3701:Middlewares/Third_Party/FreeRTOS/Source/tasks.c **** 		#endif
3702:Middlewares/Third_Party/FreeRTOS/Source/tasks.c **** 
3703:Middlewares/Third_Party/FreeRTOS/Source/tasks.c **** 		/* Obtaining the task state is a little fiddly, so is only done if the
3704:Middlewares/Third_Party/FreeRTOS/Source/tasks.c **** 		value of eState passed into this function is eInvalid - otherwise the
3705:Middlewares/Third_Party/FreeRTOS/Source/tasks.c **** 		state is just set to whatever is passed in. */
3706:Middlewares/Third_Party/FreeRTOS/Source/tasks.c **** 		if( eState != eInvalid )
3707:Middlewares/Third_Party/FreeRTOS/Source/tasks.c **** 		{
3708:Middlewares/Third_Party/FreeRTOS/Source/tasks.c **** 			if( pxTCB == pxCurrentTCB )
3709:Middlewares/Third_Party/FreeRTOS/Source/tasks.c **** 			{
3710:Middlewares/Third_Party/FreeRTOS/Source/tasks.c **** 				pxTaskStatus->eCurrentState = eRunning;
3711:Middlewares/Third_Party/FreeRTOS/Source/tasks.c **** 			}
3712:Middlewares/Third_Party/FreeRTOS/Source/tasks.c **** 			else
3713:Middlewares/Third_Party/FreeRTOS/Source/tasks.c **** 			{
3714:Middlewares/Third_Party/FreeRTOS/Source/tasks.c **** 				pxTaskStatus->eCurrentState = eState;
3715:Middlewares/Third_Party/FreeRTOS/Source/tasks.c **** 
3716:Middlewares/Third_Party/FreeRTOS/Source/tasks.c **** 				#if ( INCLUDE_vTaskSuspend == 1 )
3717:Middlewares/Third_Party/FreeRTOS/Source/tasks.c **** 				{
3718:Middlewares/Third_Party/FreeRTOS/Source/tasks.c **** 					/* If the task is in the suspended list then there is a
3719:Middlewares/Third_Party/FreeRTOS/Source/tasks.c **** 					chance it is actually just blocked indefinitely - so really
3720:Middlewares/Third_Party/FreeRTOS/Source/tasks.c **** 					it should be reported as being in the Blocked state. */
3721:Middlewares/Third_Party/FreeRTOS/Source/tasks.c **** 					if( eState == eSuspended )
3722:Middlewares/Third_Party/FreeRTOS/Source/tasks.c **** 					{
3723:Middlewares/Third_Party/FreeRTOS/Source/tasks.c **** 						vTaskSuspendAll();
3724:Middlewares/Third_Party/FreeRTOS/Source/tasks.c **** 						{
3725:Middlewares/Third_Party/FreeRTOS/Source/tasks.c **** 							if( listLIST_ITEM_CONTAINER( &( pxTCB->xEventListItem ) ) != NULL )
3726:Middlewares/Third_Party/FreeRTOS/Source/tasks.c **** 							{
3727:Middlewares/Third_Party/FreeRTOS/Source/tasks.c **** 								pxTaskStatus->eCurrentState = eBlocked;
3728:Middlewares/Third_Party/FreeRTOS/Source/tasks.c **** 							}
3729:Middlewares/Third_Party/FreeRTOS/Source/tasks.c **** 						}
3730:Middlewares/Third_Party/FreeRTOS/Source/tasks.c **** 						( void ) xTaskResumeAll();
3731:Middlewares/Third_Party/FreeRTOS/Source/tasks.c **** 					}
3732:Middlewares/Third_Party/FreeRTOS/Source/tasks.c **** 				}
3733:Middlewares/Third_Party/FreeRTOS/Source/tasks.c **** 				#endif /* INCLUDE_vTaskSuspend */
3734:Middlewares/Third_Party/FreeRTOS/Source/tasks.c **** 			}
3735:Middlewares/Third_Party/FreeRTOS/Source/tasks.c **** 		}
3736:Middlewares/Third_Party/FreeRTOS/Source/tasks.c **** 		else
3737:Middlewares/Third_Party/FreeRTOS/Source/tasks.c **** 		{
3738:Middlewares/Third_Party/FreeRTOS/Source/tasks.c **** 			pxTaskStatus->eCurrentState = eTaskGetState( pxTCB );
3739:Middlewares/Third_Party/FreeRTOS/Source/tasks.c **** 		}
3740:Middlewares/Third_Party/FreeRTOS/Source/tasks.c **** 
3741:Middlewares/Third_Party/FreeRTOS/Source/tasks.c **** 		/* Obtaining the stack space takes some time, so the xGetFreeStackSpace
3742:Middlewares/Third_Party/FreeRTOS/Source/tasks.c **** 		parameter is provided to allow it to be skipped. */
3743:Middlewares/Third_Party/FreeRTOS/Source/tasks.c **** 		if( xGetFreeStackSpace != pdFALSE )
3744:Middlewares/Third_Party/FreeRTOS/Source/tasks.c **** 		{
3745:Middlewares/Third_Party/FreeRTOS/Source/tasks.c **** 			#if ( portSTACK_GROWTH > 0 )
3746:Middlewares/Third_Party/FreeRTOS/Source/tasks.c **** 			{
3747:Middlewares/Third_Party/FreeRTOS/Source/tasks.c **** 				pxTaskStatus->usStackHighWaterMark = prvTaskCheckFreeStackSpace( ( uint8_t * ) pxTCB->pxEndOfSt
3748:Middlewares/Third_Party/FreeRTOS/Source/tasks.c **** 			}
3749:Middlewares/Third_Party/FreeRTOS/Source/tasks.c **** 			#else
ARM GAS  C:\Users\Asus\AppData\Local\Temp\cctip26G.s 			page 69


3750:Middlewares/Third_Party/FreeRTOS/Source/tasks.c **** 			{
3751:Middlewares/Third_Party/FreeRTOS/Source/tasks.c **** 				pxTaskStatus->usStackHighWaterMark = prvTaskCheckFreeStackSpace( ( uint8_t * ) pxTCB->pxStack )
3752:Middlewares/Third_Party/FreeRTOS/Source/tasks.c **** 			}
3753:Middlewares/Third_Party/FreeRTOS/Source/tasks.c **** 			#endif
3754:Middlewares/Third_Party/FreeRTOS/Source/tasks.c **** 		}
3755:Middlewares/Third_Party/FreeRTOS/Source/tasks.c **** 		else
3756:Middlewares/Third_Party/FreeRTOS/Source/tasks.c **** 		{
3757:Middlewares/Third_Party/FreeRTOS/Source/tasks.c **** 			pxTaskStatus->usStackHighWaterMark = 0;
3758:Middlewares/Third_Party/FreeRTOS/Source/tasks.c **** 		}
3759:Middlewares/Third_Party/FreeRTOS/Source/tasks.c **** 	}
3760:Middlewares/Third_Party/FreeRTOS/Source/tasks.c **** 
3761:Middlewares/Third_Party/FreeRTOS/Source/tasks.c **** #endif /* configUSE_TRACE_FACILITY */
3762:Middlewares/Third_Party/FreeRTOS/Source/tasks.c **** /*-----------------------------------------------------------*/
3763:Middlewares/Third_Party/FreeRTOS/Source/tasks.c **** 
3764:Middlewares/Third_Party/FreeRTOS/Source/tasks.c **** #if ( configUSE_TRACE_FACILITY == 1 )
3765:Middlewares/Third_Party/FreeRTOS/Source/tasks.c **** 
3766:Middlewares/Third_Party/FreeRTOS/Source/tasks.c **** 	static UBaseType_t prvListTasksWithinSingleList( TaskStatus_t *pxTaskStatusArray, List_t *pxList, 
3767:Middlewares/Third_Party/FreeRTOS/Source/tasks.c **** 	{
3768:Middlewares/Third_Party/FreeRTOS/Source/tasks.c **** 	configLIST_VOLATILE TCB_t *pxNextTCB, *pxFirstTCB;
3769:Middlewares/Third_Party/FreeRTOS/Source/tasks.c **** 	UBaseType_t uxTask = 0;
3770:Middlewares/Third_Party/FreeRTOS/Source/tasks.c **** 
3771:Middlewares/Third_Party/FreeRTOS/Source/tasks.c **** 		if( listCURRENT_LIST_LENGTH( pxList ) > ( UBaseType_t ) 0 )
3772:Middlewares/Third_Party/FreeRTOS/Source/tasks.c **** 		{
3773:Middlewares/Third_Party/FreeRTOS/Source/tasks.c **** 			listGET_OWNER_OF_NEXT_ENTRY( pxFirstTCB, pxList ); /*lint !e9079 void * is used as this macro is
3774:Middlewares/Third_Party/FreeRTOS/Source/tasks.c **** 
3775:Middlewares/Third_Party/FreeRTOS/Source/tasks.c **** 			/* Populate an TaskStatus_t structure within the
3776:Middlewares/Third_Party/FreeRTOS/Source/tasks.c **** 			pxTaskStatusArray array for each task that is referenced from
3777:Middlewares/Third_Party/FreeRTOS/Source/tasks.c **** 			pxList.  See the definition of TaskStatus_t in task.h for the
3778:Middlewares/Third_Party/FreeRTOS/Source/tasks.c **** 			meaning of each TaskStatus_t structure member. */
3779:Middlewares/Third_Party/FreeRTOS/Source/tasks.c **** 			do
3780:Middlewares/Third_Party/FreeRTOS/Source/tasks.c **** 			{
3781:Middlewares/Third_Party/FreeRTOS/Source/tasks.c **** 				listGET_OWNER_OF_NEXT_ENTRY( pxNextTCB, pxList ); /*lint !e9079 void * is used as this macro is
3782:Middlewares/Third_Party/FreeRTOS/Source/tasks.c **** 				vTaskGetInfo( ( TaskHandle_t ) pxNextTCB, &( pxTaskStatusArray[ uxTask ] ), pdTRUE, eState );
3783:Middlewares/Third_Party/FreeRTOS/Source/tasks.c **** 				uxTask++;
3784:Middlewares/Third_Party/FreeRTOS/Source/tasks.c **** 			} while( pxNextTCB != pxFirstTCB );
3785:Middlewares/Third_Party/FreeRTOS/Source/tasks.c **** 		}
3786:Middlewares/Third_Party/FreeRTOS/Source/tasks.c **** 		else
3787:Middlewares/Third_Party/FreeRTOS/Source/tasks.c **** 		{
3788:Middlewares/Third_Party/FreeRTOS/Source/tasks.c **** 			mtCOVERAGE_TEST_MARKER();
3789:Middlewares/Third_Party/FreeRTOS/Source/tasks.c **** 		}
3790:Middlewares/Third_Party/FreeRTOS/Source/tasks.c **** 
3791:Middlewares/Third_Party/FreeRTOS/Source/tasks.c **** 		return uxTask;
3792:Middlewares/Third_Party/FreeRTOS/Source/tasks.c **** 	}
3793:Middlewares/Third_Party/FreeRTOS/Source/tasks.c **** 
3794:Middlewares/Third_Party/FreeRTOS/Source/tasks.c **** #endif /* configUSE_TRACE_FACILITY */
3795:Middlewares/Third_Party/FreeRTOS/Source/tasks.c **** /*-----------------------------------------------------------*/
3796:Middlewares/Third_Party/FreeRTOS/Source/tasks.c **** 
3797:Middlewares/Third_Party/FreeRTOS/Source/tasks.c **** #if ( ( configUSE_TRACE_FACILITY == 1 ) || ( INCLUDE_uxTaskGetStackHighWaterMark == 1 ) || ( INCLUD
3798:Middlewares/Third_Party/FreeRTOS/Source/tasks.c **** 
3799:Middlewares/Third_Party/FreeRTOS/Source/tasks.c **** 	static configSTACK_DEPTH_TYPE prvTaskCheckFreeStackSpace( const uint8_t * pucStackByte )
3800:Middlewares/Third_Party/FreeRTOS/Source/tasks.c **** 	{
3801:Middlewares/Third_Party/FreeRTOS/Source/tasks.c **** 	uint32_t ulCount = 0U;
3802:Middlewares/Third_Party/FreeRTOS/Source/tasks.c **** 
3803:Middlewares/Third_Party/FreeRTOS/Source/tasks.c **** 		while( *pucStackByte == ( uint8_t ) tskSTACK_FILL_BYTE )
3804:Middlewares/Third_Party/FreeRTOS/Source/tasks.c **** 		{
3805:Middlewares/Third_Party/FreeRTOS/Source/tasks.c **** 			pucStackByte -= portSTACK_GROWTH;
3806:Middlewares/Third_Party/FreeRTOS/Source/tasks.c **** 			ulCount++;
ARM GAS  C:\Users\Asus\AppData\Local\Temp\cctip26G.s 			page 70


3807:Middlewares/Third_Party/FreeRTOS/Source/tasks.c **** 		}
3808:Middlewares/Third_Party/FreeRTOS/Source/tasks.c **** 
3809:Middlewares/Third_Party/FreeRTOS/Source/tasks.c **** 		ulCount /= ( uint32_t ) sizeof( StackType_t ); /*lint !e961 Casting is not redundant on smaller a
3810:Middlewares/Third_Party/FreeRTOS/Source/tasks.c **** 
3811:Middlewares/Third_Party/FreeRTOS/Source/tasks.c **** 		return ( configSTACK_DEPTH_TYPE ) ulCount;
3812:Middlewares/Third_Party/FreeRTOS/Source/tasks.c **** 	}
3813:Middlewares/Third_Party/FreeRTOS/Source/tasks.c **** 
3814:Middlewares/Third_Party/FreeRTOS/Source/tasks.c **** #endif /* ( ( configUSE_TRACE_FACILITY == 1 ) || ( INCLUDE_uxTaskGetStackHighWaterMark == 1 ) || ( 
3815:Middlewares/Third_Party/FreeRTOS/Source/tasks.c **** /*-----------------------------------------------------------*/
3816:Middlewares/Third_Party/FreeRTOS/Source/tasks.c **** 
3817:Middlewares/Third_Party/FreeRTOS/Source/tasks.c **** #if ( INCLUDE_uxTaskGetStackHighWaterMark2 == 1 )
3818:Middlewares/Third_Party/FreeRTOS/Source/tasks.c **** 
3819:Middlewares/Third_Party/FreeRTOS/Source/tasks.c **** 	/* uxTaskGetStackHighWaterMark() and uxTaskGetStackHighWaterMark2() are the
3820:Middlewares/Third_Party/FreeRTOS/Source/tasks.c **** 	same except for their return type.  Using configSTACK_DEPTH_TYPE allows the
3821:Middlewares/Third_Party/FreeRTOS/Source/tasks.c **** 	user to determine the return type.  It gets around the problem of the value
3822:Middlewares/Third_Party/FreeRTOS/Source/tasks.c **** 	overflowing on 8-bit types without breaking backward compatibility for
3823:Middlewares/Third_Party/FreeRTOS/Source/tasks.c **** 	applications that expect an 8-bit return type. */
3824:Middlewares/Third_Party/FreeRTOS/Source/tasks.c **** 	configSTACK_DEPTH_TYPE uxTaskGetStackHighWaterMark2( TaskHandle_t xTask )
3825:Middlewares/Third_Party/FreeRTOS/Source/tasks.c **** 	{
3826:Middlewares/Third_Party/FreeRTOS/Source/tasks.c **** 	TCB_t *pxTCB;
3827:Middlewares/Third_Party/FreeRTOS/Source/tasks.c **** 	uint8_t *pucEndOfStack;
3828:Middlewares/Third_Party/FreeRTOS/Source/tasks.c **** 	configSTACK_DEPTH_TYPE uxReturn;
3829:Middlewares/Third_Party/FreeRTOS/Source/tasks.c **** 
3830:Middlewares/Third_Party/FreeRTOS/Source/tasks.c **** 		/* uxTaskGetStackHighWaterMark() and uxTaskGetStackHighWaterMark2() are
3831:Middlewares/Third_Party/FreeRTOS/Source/tasks.c **** 		the same except for their return type.  Using configSTACK_DEPTH_TYPE
3832:Middlewares/Third_Party/FreeRTOS/Source/tasks.c **** 		allows the user to determine the return type.  It gets around the
3833:Middlewares/Third_Party/FreeRTOS/Source/tasks.c **** 		problem of the value overflowing on 8-bit types without breaking
3834:Middlewares/Third_Party/FreeRTOS/Source/tasks.c **** 		backward compatibility for applications that expect an 8-bit return
3835:Middlewares/Third_Party/FreeRTOS/Source/tasks.c **** 		type. */
3836:Middlewares/Third_Party/FreeRTOS/Source/tasks.c **** 
3837:Middlewares/Third_Party/FreeRTOS/Source/tasks.c **** 		pxTCB = prvGetTCBFromHandle( xTask );
3838:Middlewares/Third_Party/FreeRTOS/Source/tasks.c **** 
3839:Middlewares/Third_Party/FreeRTOS/Source/tasks.c **** 		#if portSTACK_GROWTH < 0
3840:Middlewares/Third_Party/FreeRTOS/Source/tasks.c **** 		{
3841:Middlewares/Third_Party/FreeRTOS/Source/tasks.c **** 			pucEndOfStack = ( uint8_t * ) pxTCB->pxStack;
3842:Middlewares/Third_Party/FreeRTOS/Source/tasks.c **** 		}
3843:Middlewares/Third_Party/FreeRTOS/Source/tasks.c **** 		#else
3844:Middlewares/Third_Party/FreeRTOS/Source/tasks.c **** 		{
3845:Middlewares/Third_Party/FreeRTOS/Source/tasks.c **** 			pucEndOfStack = ( uint8_t * ) pxTCB->pxEndOfStack;
3846:Middlewares/Third_Party/FreeRTOS/Source/tasks.c **** 		}
3847:Middlewares/Third_Party/FreeRTOS/Source/tasks.c **** 		#endif
3848:Middlewares/Third_Party/FreeRTOS/Source/tasks.c **** 
3849:Middlewares/Third_Party/FreeRTOS/Source/tasks.c **** 		uxReturn = prvTaskCheckFreeStackSpace( pucEndOfStack );
3850:Middlewares/Third_Party/FreeRTOS/Source/tasks.c **** 
3851:Middlewares/Third_Party/FreeRTOS/Source/tasks.c **** 		return uxReturn;
3852:Middlewares/Third_Party/FreeRTOS/Source/tasks.c **** 	}
3853:Middlewares/Third_Party/FreeRTOS/Source/tasks.c **** 
3854:Middlewares/Third_Party/FreeRTOS/Source/tasks.c **** #endif /* INCLUDE_uxTaskGetStackHighWaterMark2 */
3855:Middlewares/Third_Party/FreeRTOS/Source/tasks.c **** /*-----------------------------------------------------------*/
3856:Middlewares/Third_Party/FreeRTOS/Source/tasks.c **** 
3857:Middlewares/Third_Party/FreeRTOS/Source/tasks.c **** #if ( INCLUDE_uxTaskGetStackHighWaterMark == 1 )
3858:Middlewares/Third_Party/FreeRTOS/Source/tasks.c **** 
3859:Middlewares/Third_Party/FreeRTOS/Source/tasks.c **** 	UBaseType_t uxTaskGetStackHighWaterMark( TaskHandle_t xTask )
3860:Middlewares/Third_Party/FreeRTOS/Source/tasks.c **** 	{
3861:Middlewares/Third_Party/FreeRTOS/Source/tasks.c **** 	TCB_t *pxTCB;
3862:Middlewares/Third_Party/FreeRTOS/Source/tasks.c **** 	uint8_t *pucEndOfStack;
3863:Middlewares/Third_Party/FreeRTOS/Source/tasks.c **** 	UBaseType_t uxReturn;
ARM GAS  C:\Users\Asus\AppData\Local\Temp\cctip26G.s 			page 71


3864:Middlewares/Third_Party/FreeRTOS/Source/tasks.c **** 
3865:Middlewares/Third_Party/FreeRTOS/Source/tasks.c **** 		pxTCB = prvGetTCBFromHandle( xTask );
3866:Middlewares/Third_Party/FreeRTOS/Source/tasks.c **** 
3867:Middlewares/Third_Party/FreeRTOS/Source/tasks.c **** 		#if portSTACK_GROWTH < 0
3868:Middlewares/Third_Party/FreeRTOS/Source/tasks.c **** 		{
3869:Middlewares/Third_Party/FreeRTOS/Source/tasks.c **** 			pucEndOfStack = ( uint8_t * ) pxTCB->pxStack;
3870:Middlewares/Third_Party/FreeRTOS/Source/tasks.c **** 		}
3871:Middlewares/Third_Party/FreeRTOS/Source/tasks.c **** 		#else
3872:Middlewares/Third_Party/FreeRTOS/Source/tasks.c **** 		{
3873:Middlewares/Third_Party/FreeRTOS/Source/tasks.c **** 			pucEndOfStack = ( uint8_t * ) pxTCB->pxEndOfStack;
3874:Middlewares/Third_Party/FreeRTOS/Source/tasks.c **** 		}
3875:Middlewares/Third_Party/FreeRTOS/Source/tasks.c **** 		#endif
3876:Middlewares/Third_Party/FreeRTOS/Source/tasks.c **** 
3877:Middlewares/Third_Party/FreeRTOS/Source/tasks.c **** 		uxReturn = ( UBaseType_t ) prvTaskCheckFreeStackSpace( pucEndOfStack );
3878:Middlewares/Third_Party/FreeRTOS/Source/tasks.c **** 
3879:Middlewares/Third_Party/FreeRTOS/Source/tasks.c **** 		return uxReturn;
3880:Middlewares/Third_Party/FreeRTOS/Source/tasks.c **** 	}
3881:Middlewares/Third_Party/FreeRTOS/Source/tasks.c **** 
3882:Middlewares/Third_Party/FreeRTOS/Source/tasks.c **** #endif /* INCLUDE_uxTaskGetStackHighWaterMark */
3883:Middlewares/Third_Party/FreeRTOS/Source/tasks.c **** /*-----------------------------------------------------------*/
3884:Middlewares/Third_Party/FreeRTOS/Source/tasks.c **** 
3885:Middlewares/Third_Party/FreeRTOS/Source/tasks.c **** #if ( INCLUDE_vTaskDelete == 1 )
3886:Middlewares/Third_Party/FreeRTOS/Source/tasks.c **** 
3887:Middlewares/Third_Party/FreeRTOS/Source/tasks.c **** 	static void prvDeleteTCB( TCB_t *pxTCB )
3888:Middlewares/Third_Party/FreeRTOS/Source/tasks.c **** 	{
3889:Middlewares/Third_Party/FreeRTOS/Source/tasks.c **** 		/* This call is required specifically for the TriCore port.  It must be
3890:Middlewares/Third_Party/FreeRTOS/Source/tasks.c **** 		above the vPortFree() calls.  The call is also used by ports/demos that
3891:Middlewares/Third_Party/FreeRTOS/Source/tasks.c **** 		want to allocate and clean RAM statically. */
3892:Middlewares/Third_Party/FreeRTOS/Source/tasks.c **** 		portCLEAN_UP_TCB( pxTCB );
3893:Middlewares/Third_Party/FreeRTOS/Source/tasks.c **** 
3894:Middlewares/Third_Party/FreeRTOS/Source/tasks.c **** 		/* Free up the memory allocated by the scheduler for the task.  It is up
3895:Middlewares/Third_Party/FreeRTOS/Source/tasks.c **** 		to the task to free any memory allocated at the application level.
3896:Middlewares/Third_Party/FreeRTOS/Source/tasks.c **** 		See the third party link http://www.nadler.com/embedded/newlibAndFreeRTOS.html
3897:Middlewares/Third_Party/FreeRTOS/Source/tasks.c **** 		for additional information. */
3898:Middlewares/Third_Party/FreeRTOS/Source/tasks.c **** 		#if ( configUSE_NEWLIB_REENTRANT == 1 )
3899:Middlewares/Third_Party/FreeRTOS/Source/tasks.c **** 		{
3900:Middlewares/Third_Party/FreeRTOS/Source/tasks.c **** 			_reclaim_reent( &( pxTCB->xNewLib_reent ) );
3901:Middlewares/Third_Party/FreeRTOS/Source/tasks.c **** 		}
3902:Middlewares/Third_Party/FreeRTOS/Source/tasks.c **** 		#endif /* configUSE_NEWLIB_REENTRANT */
3903:Middlewares/Third_Party/FreeRTOS/Source/tasks.c **** 
3904:Middlewares/Third_Party/FreeRTOS/Source/tasks.c **** 		#if( ( configSUPPORT_DYNAMIC_ALLOCATION == 1 ) && ( configSUPPORT_STATIC_ALLOCATION == 0 ) && ( p
3905:Middlewares/Third_Party/FreeRTOS/Source/tasks.c **** 		{
3906:Middlewares/Third_Party/FreeRTOS/Source/tasks.c **** 			/* The task can only have been allocated dynamically - free both
3907:Middlewares/Third_Party/FreeRTOS/Source/tasks.c **** 			the stack and TCB. */
3908:Middlewares/Third_Party/FreeRTOS/Source/tasks.c **** 			vPortFree( pxTCB->pxStack );
3909:Middlewares/Third_Party/FreeRTOS/Source/tasks.c **** 			vPortFree( pxTCB );
3910:Middlewares/Third_Party/FreeRTOS/Source/tasks.c **** 		}
3911:Middlewares/Third_Party/FreeRTOS/Source/tasks.c **** 		#elif( tskSTATIC_AND_DYNAMIC_ALLOCATION_POSSIBLE != 0 ) /*lint !e731 !e9029 Macro has been consol
3912:Middlewares/Third_Party/FreeRTOS/Source/tasks.c **** 		{
3913:Middlewares/Third_Party/FreeRTOS/Source/tasks.c **** 			/* The task could have been allocated statically or dynamically, so
3914:Middlewares/Third_Party/FreeRTOS/Source/tasks.c **** 			check what was statically allocated before trying to free the
3915:Middlewares/Third_Party/FreeRTOS/Source/tasks.c **** 			memory. */
3916:Middlewares/Third_Party/FreeRTOS/Source/tasks.c **** 			if( pxTCB->ucStaticallyAllocated == tskDYNAMICALLY_ALLOCATED_STACK_AND_TCB )
3917:Middlewares/Third_Party/FreeRTOS/Source/tasks.c **** 			{
3918:Middlewares/Third_Party/FreeRTOS/Source/tasks.c **** 				/* Both the stack and TCB were allocated dynamically, so both
3919:Middlewares/Third_Party/FreeRTOS/Source/tasks.c **** 				must be freed. */
3920:Middlewares/Third_Party/FreeRTOS/Source/tasks.c **** 				vPortFree( pxTCB->pxStack );
ARM GAS  C:\Users\Asus\AppData\Local\Temp\cctip26G.s 			page 72


3921:Middlewares/Third_Party/FreeRTOS/Source/tasks.c **** 				vPortFree( pxTCB );
3922:Middlewares/Third_Party/FreeRTOS/Source/tasks.c **** 			}
3923:Middlewares/Third_Party/FreeRTOS/Source/tasks.c **** 			else if( pxTCB->ucStaticallyAllocated == tskSTATICALLY_ALLOCATED_STACK_ONLY )
3924:Middlewares/Third_Party/FreeRTOS/Source/tasks.c **** 			{
3925:Middlewares/Third_Party/FreeRTOS/Source/tasks.c **** 				/* Only the stack was statically allocated, so the TCB is the
3926:Middlewares/Third_Party/FreeRTOS/Source/tasks.c **** 				only memory that must be freed. */
3927:Middlewares/Third_Party/FreeRTOS/Source/tasks.c **** 				vPortFree( pxTCB );
3928:Middlewares/Third_Party/FreeRTOS/Source/tasks.c **** 			}
3929:Middlewares/Third_Party/FreeRTOS/Source/tasks.c **** 			else
3930:Middlewares/Third_Party/FreeRTOS/Source/tasks.c **** 			{
3931:Middlewares/Third_Party/FreeRTOS/Source/tasks.c **** 				/* Neither the stack nor the TCB were allocated dynamically, so
3932:Middlewares/Third_Party/FreeRTOS/Source/tasks.c **** 				nothing needs to be freed. */
3933:Middlewares/Third_Party/FreeRTOS/Source/tasks.c **** 				configASSERT( pxTCB->ucStaticallyAllocated == tskSTATICALLY_ALLOCATED_STACK_AND_TCB	);
3934:Middlewares/Third_Party/FreeRTOS/Source/tasks.c **** 				mtCOVERAGE_TEST_MARKER();
3935:Middlewares/Third_Party/FreeRTOS/Source/tasks.c **** 			}
3936:Middlewares/Third_Party/FreeRTOS/Source/tasks.c **** 		}
3937:Middlewares/Third_Party/FreeRTOS/Source/tasks.c **** 		#endif /* configSUPPORT_DYNAMIC_ALLOCATION */
3938:Middlewares/Third_Party/FreeRTOS/Source/tasks.c **** 	}
3939:Middlewares/Third_Party/FreeRTOS/Source/tasks.c **** 
3940:Middlewares/Third_Party/FreeRTOS/Source/tasks.c **** #endif /* INCLUDE_vTaskDelete */
3941:Middlewares/Third_Party/FreeRTOS/Source/tasks.c **** /*-----------------------------------------------------------*/
3942:Middlewares/Third_Party/FreeRTOS/Source/tasks.c **** 
3943:Middlewares/Third_Party/FreeRTOS/Source/tasks.c **** static void prvResetNextTaskUnblockTime( void )
3944:Middlewares/Third_Party/FreeRTOS/Source/tasks.c **** {
 114              		.loc 1 3944 1 is_stmt 1 view -0
 115              		.cfi_startproc
 116              		@ args = 0, pretend = 0, frame = 0
 117              		@ frame_needed = 0, uses_anonymous_args = 0
 118              		@ link register save eliminated.
3945:Middlewares/Third_Party/FreeRTOS/Source/tasks.c **** TCB_t *pxTCB;
 119              		.loc 1 3945 1 view .LVU27
3946:Middlewares/Third_Party/FreeRTOS/Source/tasks.c **** 
3947:Middlewares/Third_Party/FreeRTOS/Source/tasks.c **** 	if( listLIST_IS_EMPTY( pxDelayedTaskList ) != pdFALSE )
 120              		.loc 1 3947 2 view .LVU28
 121              		.loc 1 3947 6 is_stmt 0 view .LVU29
 122 0000 084B     		ldr	r3, .L15
 123 0002 1B68     		ldr	r3, [r3]
 124 0004 1B68     		ldr	r3, [r3]
 125              		.loc 1 3947 4 view .LVU30
 126 0006 002B     		cmp	r3, #0
 127 0008 04D1     		bne	.L13
3948:Middlewares/Third_Party/FreeRTOS/Source/tasks.c **** 	{
3949:Middlewares/Third_Party/FreeRTOS/Source/tasks.c **** 		/* The new current delayed list is empty.  Set xNextTaskUnblockTime to
3950:Middlewares/Third_Party/FreeRTOS/Source/tasks.c **** 		the maximum possible value so it is	extremely unlikely that the
3951:Middlewares/Third_Party/FreeRTOS/Source/tasks.c **** 		if( xTickCount >= xNextTaskUnblockTime ) test will pass until
3952:Middlewares/Third_Party/FreeRTOS/Source/tasks.c **** 		there is an item in the delayed list. */
3953:Middlewares/Third_Party/FreeRTOS/Source/tasks.c **** 		xNextTaskUnblockTime = portMAX_DELAY;
 128              		.loc 1 3953 3 is_stmt 1 view .LVU31
 129              		.loc 1 3953 24 is_stmt 0 view .LVU32
 130 000a 074B     		ldr	r3, .L15+4
 131 000c 0122     		movs	r2, #1
 132 000e 5242     		rsbs	r2, r2, #0
 133 0010 1A60     		str	r2, [r3]
 134              	.L12:
3954:Middlewares/Third_Party/FreeRTOS/Source/tasks.c **** 	}
3955:Middlewares/Third_Party/FreeRTOS/Source/tasks.c **** 	else
3956:Middlewares/Third_Party/FreeRTOS/Source/tasks.c **** 	{
ARM GAS  C:\Users\Asus\AppData\Local\Temp\cctip26G.s 			page 73


3957:Middlewares/Third_Party/FreeRTOS/Source/tasks.c **** 		/* The new current delayed list is not empty, get the value of
3958:Middlewares/Third_Party/FreeRTOS/Source/tasks.c **** 		the item at the head of the delayed list.  This is the time at
3959:Middlewares/Third_Party/FreeRTOS/Source/tasks.c **** 		which the task at the head of the delayed list should be removed
3960:Middlewares/Third_Party/FreeRTOS/Source/tasks.c **** 		from the Blocked state. */
3961:Middlewares/Third_Party/FreeRTOS/Source/tasks.c **** 		( pxTCB ) = listGET_OWNER_OF_HEAD_ENTRY( pxDelayedTaskList ); /*lint !e9079 void * is used as thi
3962:Middlewares/Third_Party/FreeRTOS/Source/tasks.c **** 		xNextTaskUnblockTime = listGET_LIST_ITEM_VALUE( &( ( pxTCB )->xStateListItem ) );
3963:Middlewares/Third_Party/FreeRTOS/Source/tasks.c **** 	}
3964:Middlewares/Third_Party/FreeRTOS/Source/tasks.c **** }
 135              		.loc 1 3964 1 view .LVU33
 136              		@ sp needed
 137 0012 7047     		bx	lr
 138              	.L13:
3961:Middlewares/Third_Party/FreeRTOS/Source/tasks.c **** 		xNextTaskUnblockTime = listGET_LIST_ITEM_VALUE( &( ( pxTCB )->xStateListItem ) );
 139              		.loc 1 3961 3 is_stmt 1 view .LVU34
3961:Middlewares/Third_Party/FreeRTOS/Source/tasks.c **** 		xNextTaskUnblockTime = listGET_LIST_ITEM_VALUE( &( ( pxTCB )->xStateListItem ) );
 140              		.loc 1 3961 15 is_stmt 0 view .LVU35
 141 0014 034B     		ldr	r3, .L15
 142 0016 1B68     		ldr	r3, [r3]
 143 0018 DB68     		ldr	r3, [r3, #12]
3961:Middlewares/Third_Party/FreeRTOS/Source/tasks.c **** 		xNextTaskUnblockTime = listGET_LIST_ITEM_VALUE( &( ( pxTCB )->xStateListItem ) );
 144              		.loc 1 3961 13 view .LVU36
 145 001a DB68     		ldr	r3, [r3, #12]
 146              	.LVL8:
3962:Middlewares/Third_Party/FreeRTOS/Source/tasks.c **** 	}
 147              		.loc 1 3962 3 is_stmt 1 view .LVU37
3962:Middlewares/Third_Party/FreeRTOS/Source/tasks.c **** 	}
 148              		.loc 1 3962 26 is_stmt 0 view .LVU38
 149 001c 5A68     		ldr	r2, [r3, #4]
3962:Middlewares/Third_Party/FreeRTOS/Source/tasks.c **** 	}
 150              		.loc 1 3962 24 view .LVU39
 151 001e 024B     		ldr	r3, .L15+4
 152              	.LVL9:
3962:Middlewares/Third_Party/FreeRTOS/Source/tasks.c **** 	}
 153              		.loc 1 3962 24 view .LVU40
 154 0020 1A60     		str	r2, [r3]
 155              		.loc 1 3964 1 view .LVU41
 156 0022 F6E7     		b	.L12
 157              	.L16:
 158              		.align	2
 159              	.L15:
 160 0024 00000000 		.word	pxDelayedTaskList
 161 0028 00000000 		.word	xNextTaskUnblockTime
 162              		.cfi_endproc
 163              	.LFE35:
 165              		.section	.text.prvInitialiseNewTask,"ax",%progbits
 166              		.align	1
 167              		.syntax unified
 168              		.code	16
 169              		.thumb_func
 171              	prvInitialiseNewTask:
 172              	.LVL10:
 173              	.LFB1:
 832:Middlewares/Third_Party/FreeRTOS/Source/tasks.c **** StackType_t *pxTopOfStack;
 174              		.loc 1 832 1 is_stmt 1 view -0
 175              		.cfi_startproc
 176              		@ args = 16, pretend = 0, frame = 0
 177              		@ frame_needed = 0, uses_anonymous_args = 0
ARM GAS  C:\Users\Asus\AppData\Local\Temp\cctip26G.s 			page 74


 832:Middlewares/Third_Party/FreeRTOS/Source/tasks.c **** StackType_t *pxTopOfStack;
 178              		.loc 1 832 1 is_stmt 0 view .LVU43
 179 0000 F8B5     		push	{r3, r4, r5, r6, r7, lr}
 180              		.cfi_def_cfa_offset 24
 181              		.cfi_offset 3, -24
 182              		.cfi_offset 4, -20
 183              		.cfi_offset 5, -16
 184              		.cfi_offset 6, -12
 185              		.cfi_offset 7, -8
 186              		.cfi_offset 14, -4
 187 0002 D646     		mov	lr, r10
 188 0004 4F46     		mov	r7, r9
 189 0006 80B5     		push	{r7, lr}
 190              		.cfi_def_cfa_offset 32
 191              		.cfi_offset 9, -32
 192              		.cfi_offset 10, -28
 193 0008 8146     		mov	r9, r0
 194 000a 9A46     		mov	r10, r3
 195 000c 089E     		ldr	r6, [sp, #32]
 196 000e 0A9C     		ldr	r4, [sp, #40]
 833:Middlewares/Third_Party/FreeRTOS/Source/tasks.c **** UBaseType_t x;
 197              		.loc 1 833 1 is_stmt 1 view .LVU44
 834:Middlewares/Third_Party/FreeRTOS/Source/tasks.c **** 
 198              		.loc 1 834 1 view .LVU45
 864:Middlewares/Third_Party/FreeRTOS/Source/tasks.c **** 		pxTopOfStack = ( StackType_t * ) ( ( ( portPOINTER_SIZE_TYPE ) pxTopOfStack ) & ( ~( ( portPOINTE
 199              		.loc 1 864 3 view .LVU46
 864:Middlewares/Third_Party/FreeRTOS/Source/tasks.c **** 		pxTopOfStack = ( StackType_t * ) ( ( ( portPOINTER_SIZE_TYPE ) pxTopOfStack ) & ( ~( ( portPOINTE
 200              		.loc 1 864 29 is_stmt 0 view .LVU47
 201 0010 276B     		ldr	r7, [r4, #48]
 864:Middlewares/Third_Party/FreeRTOS/Source/tasks.c **** 		pxTopOfStack = ( StackType_t * ) ( ( ( portPOINTER_SIZE_TYPE ) pxTopOfStack ) & ( ~( ( portPOINTE
 202              		.loc 1 864 38 view .LVU48
 203 0012 354B     		ldr	r3, .L29
 204              	.LVL11:
 864:Middlewares/Third_Party/FreeRTOS/Source/tasks.c **** 		pxTopOfStack = ( StackType_t * ) ( ( ( portPOINTER_SIZE_TYPE ) pxTopOfStack ) & ( ~( ( portPOINTE
 205              		.loc 1 864 38 view .LVU49
 206 0014 9C46     		mov	ip, r3
 207 0016 6244     		add	r2, r2, ip
 208              	.LVL12:
 864:Middlewares/Third_Party/FreeRTOS/Source/tasks.c **** 		pxTopOfStack = ( StackType_t * ) ( ( ( portPOINTER_SIZE_TYPE ) pxTopOfStack ) & ( ~( ( portPOINTE
 209              		.loc 1 864 38 view .LVU50
 210 0018 9200     		lsls	r2, r2, #2
 211              	.LVL13:
 864:Middlewares/Third_Party/FreeRTOS/Source/tasks.c **** 		pxTopOfStack = ( StackType_t * ) ( ( ( portPOINTER_SIZE_TYPE ) pxTopOfStack ) & ( ~( ( portPOINTE
 212              		.loc 1 864 16 view .LVU51
 213 001a BF18     		adds	r7, r7, r2
 214              	.LVL14:
 865:Middlewares/Third_Party/FreeRTOS/Source/tasks.c **** 
 215              		.loc 1 865 3 is_stmt 1 view .LVU52
 865:Middlewares/Third_Party/FreeRTOS/Source/tasks.c **** 
 216              		.loc 1 865 81 is_stmt 0 view .LVU53
 217 001c 0722     		movs	r2, #7
 218 001e 9743     		bics	r7, r2
 219              	.LVL15:
 868:Middlewares/Third_Party/FreeRTOS/Source/tasks.c **** 
 220              		.loc 1 868 3 is_stmt 1 view .LVU54
 868:Middlewares/Third_Party/FreeRTOS/Source/tasks.c **** 
 221              		.loc 1 868 124 view .LVU55
ARM GAS  C:\Users\Asus\AppData\Local\Temp\cctip26G.s 			page 75


 892:Middlewares/Third_Party/FreeRTOS/Source/tasks.c **** 	{
 222              		.loc 1 892 2 view .LVU56
 892:Middlewares/Third_Party/FreeRTOS/Source/tasks.c **** 	{
 223              		.loc 1 892 4 is_stmt 0 view .LVU57
 224 0020 0029     		cmp	r1, #0
 225 0022 5CD0     		beq	.L28
 894:Middlewares/Third_Party/FreeRTOS/Source/tasks.c **** 		{
 226              		.loc 1 894 10 view .LVU58
 227 0024 0025     		movs	r5, #0
 228              	.L18:
 229              	.LVL16:
 894:Middlewares/Third_Party/FreeRTOS/Source/tasks.c **** 		{
 230              		.loc 1 894 33 is_stmt 1 discriminator 1 view .LVU59
 231 0026 0F2D     		cmp	r5, #15
 232 0028 07D8     		bhi	.L20
 896:Middlewares/Third_Party/FreeRTOS/Source/tasks.c **** 
 233              		.loc 1 896 4 view .LVU60
 896:Middlewares/Third_Party/FreeRTOS/Source/tasks.c **** 
 234              		.loc 1 896 38 is_stmt 0 view .LVU61
 235 002a 4B5D     		ldrb	r3, [r1, r5]
 896:Middlewares/Third_Party/FreeRTOS/Source/tasks.c **** 
 236              		.loc 1 896 30 view .LVU62
 237 002c 6219     		adds	r2, r4, r5
 238 002e 3432     		adds	r2, r2, #52
 239 0030 1370     		strb	r3, [r2]
 901:Middlewares/Third_Party/FreeRTOS/Source/tasks.c **** 			{
 240              		.loc 1 901 4 is_stmt 1 view .LVU63
 901:Middlewares/Third_Party/FreeRTOS/Source/tasks.c **** 			{
 241              		.loc 1 901 6 is_stmt 0 view .LVU64
 242 0032 002B     		cmp	r3, #0
 243 0034 01D0     		beq	.L20
 907:Middlewares/Third_Party/FreeRTOS/Source/tasks.c **** 			}
 244              		.loc 1 907 29 is_stmt 1 discriminator 2 view .LVU65
 894:Middlewares/Third_Party/FreeRTOS/Source/tasks.c **** 		{
 245              		.loc 1 894 77 discriminator 2 view .LVU66
 246 0036 0135     		adds	r5, r5, #1
 247              	.LVL17:
 894:Middlewares/Third_Party/FreeRTOS/Source/tasks.c **** 		{
 248              		.loc 1 894 77 is_stmt 0 discriminator 2 view .LVU67
 249 0038 F5E7     		b	.L18
 250              	.L20:
 913:Middlewares/Third_Party/FreeRTOS/Source/tasks.c **** 	}
 251              		.loc 1 913 3 is_stmt 1 view .LVU68
 913:Middlewares/Third_Party/FreeRTOS/Source/tasks.c **** 	}
 252              		.loc 1 913 55 is_stmt 0 view .LVU69
 253 003a 4323     		movs	r3, #67
 254 003c 0022     		movs	r2, #0
 255 003e E254     		strb	r2, [r4, r3]
 256              	.LVL18:
 257              	.L22:
 924:Middlewares/Third_Party/FreeRTOS/Source/tasks.c **** 	{
 258              		.loc 1 924 2 is_stmt 1 view .LVU70
 924:Middlewares/Third_Party/FreeRTOS/Source/tasks.c **** 	{
 259              		.loc 1 924 4 is_stmt 0 view .LVU71
 260 0040 062E     		cmp	r6, #6
 261 0042 00D9     		bls	.L23
 926:Middlewares/Third_Party/FreeRTOS/Source/tasks.c **** 	}
ARM GAS  C:\Users\Asus\AppData\Local\Temp\cctip26G.s 			page 76


 262              		.loc 1 926 14 view .LVU72
 263 0044 0626     		movs	r6, #6
 264              	.L23:
 265              	.LVL19:
 930:Middlewares/Third_Party/FreeRTOS/Source/tasks.c **** 	}
 266              		.loc 1 930 27 is_stmt 1 view .LVU73
 933:Middlewares/Third_Party/FreeRTOS/Source/tasks.c **** 	#if ( configUSE_MUTEXES == 1 )
 267              		.loc 1 933 2 view .LVU74
 933:Middlewares/Third_Party/FreeRTOS/Source/tasks.c **** 	#if ( configUSE_MUTEXES == 1 )
 268              		.loc 1 933 23 is_stmt 0 view .LVU75
 269 0046 E662     		str	r6, [r4, #44]
 936:Middlewares/Third_Party/FreeRTOS/Source/tasks.c **** 		pxNewTCB->uxMutexesHeld = 0;
 270              		.loc 1 936 3 is_stmt 1 view .LVU76
 936:Middlewares/Third_Party/FreeRTOS/Source/tasks.c **** 		pxNewTCB->uxMutexesHeld = 0;
 271              		.loc 1 936 28 is_stmt 0 view .LVU77
 272 0048 6664     		str	r6, [r4, #68]
 937:Middlewares/Third_Party/FreeRTOS/Source/tasks.c **** 	}
 273              		.loc 1 937 3 is_stmt 1 view .LVU78
 937:Middlewares/Third_Party/FreeRTOS/Source/tasks.c **** 	}
 274              		.loc 1 937 27 is_stmt 0 view .LVU79
 275 004a 0025     		movs	r5, #0
 276 004c A564     		str	r5, [r4, #72]
 941:Middlewares/Third_Party/FreeRTOS/Source/tasks.c **** 	vListInitialiseItem( &( pxNewTCB->xEventListItem ) );
 277              		.loc 1 941 2 is_stmt 1 view .LVU80
 278 004e 201D     		adds	r0, r4, #4
 279              	.LVL20:
 941:Middlewares/Third_Party/FreeRTOS/Source/tasks.c **** 	vListInitialiseItem( &( pxNewTCB->xEventListItem ) );
 280              		.loc 1 941 2 is_stmt 0 view .LVU81
 281 0050 FFF7FEFF 		bl	vListInitialiseItem
 282              	.LVL21:
 942:Middlewares/Third_Party/FreeRTOS/Source/tasks.c **** 
 283              		.loc 1 942 2 is_stmt 1 view .LVU82
 284 0054 2000     		movs	r0, r4
 285 0056 1830     		adds	r0, r0, #24
 286 0058 FFF7FEFF 		bl	vListInitialiseItem
 287              	.LVL22:
 946:Middlewares/Third_Party/FreeRTOS/Source/tasks.c **** 
 288              		.loc 1 946 2 view .LVU83
 289 005c 2461     		str	r4, [r4, #16]
 949:Middlewares/Third_Party/FreeRTOS/Source/tasks.c **** 	listSET_LIST_ITEM_OWNER( &( pxNewTCB->xEventListItem ), pxNewTCB );
 290              		.loc 1 949 2 view .LVU84
 291 005e 0723     		movs	r3, #7
 292 0060 9B1B     		subs	r3, r3, r6
 293 0062 A361     		str	r3, [r4, #24]
 950:Middlewares/Third_Party/FreeRTOS/Source/tasks.c **** 
 294              		.loc 1 950 2 view .LVU85
 295 0064 6462     		str	r4, [r4, #36]
 977:Middlewares/Third_Party/FreeRTOS/Source/tasks.c **** 	}
 296              		.loc 1 977 3 view .LVU86
 992:Middlewares/Third_Party/FreeRTOS/Source/tasks.c **** 		pxNewTCB->ucNotifyState = taskNOT_WAITING_NOTIFICATION;
 297              		.loc 1 992 3 view .LVU87
 992:Middlewares/Third_Party/FreeRTOS/Source/tasks.c **** 		pxNewTCB->ucNotifyState = taskNOT_WAITING_NOTIFICATION;
 298              		.loc 1 992 29 is_stmt 0 view .LVU88
 299 0066 B823     		movs	r3, #184
 300 0068 5B00     		lsls	r3, r3, #1
 301 006a E550     		str	r5, [r4, r3]
 993:Middlewares/Third_Party/FreeRTOS/Source/tasks.c **** 	}
ARM GAS  C:\Users\Asus\AppData\Local\Temp\cctip26G.s 			page 77


 302              		.loc 1 993 3 is_stmt 1 view .LVU89
 993:Middlewares/Third_Party/FreeRTOS/Source/tasks.c **** 	}
 303              		.loc 1 993 27 is_stmt 0 view .LVU90
 304 006c 0433     		adds	r3, r3, #4
 305 006e E554     		strb	r5, [r4, r3]
1002:Middlewares/Third_Party/FreeRTOS/Source/tasks.c **** 	}
 306              		.loc 1 1002 3 is_stmt 1 view .LVU91
 307 0070 2000     		movs	r0, r4
 308 0072 5030     		adds	r0, r0, #80
 309 0074 9022     		movs	r2, #144
 310 0076 5200     		lsls	r2, r2, #1
 311 0078 0021     		movs	r1, #0
 312 007a FFF7FEFF 		bl	memset
 313              	.LVL23:
1002:Middlewares/Third_Party/FreeRTOS/Source/tasks.c **** 	}
 314              		.loc 1 1002 3 view .LVU92
 315 007e 1B4B     		ldr	r3, .L29+4
 316 0080 6365     		str	r3, [r4, #84]
1002:Middlewares/Third_Party/FreeRTOS/Source/tasks.c **** 	}
 317              		.loc 1 1002 3 view .LVU93
 318 0082 1A00     		movs	r2, r3
 319 0084 6832     		adds	r2, r2, #104
 320 0086 A265     		str	r2, [r4, #88]
1002:Middlewares/Third_Party/FreeRTOS/Source/tasks.c **** 	}
 321              		.loc 1 1002 3 view .LVU94
 322 0088 D033     		adds	r3, r3, #208
 323 008a E365     		str	r3, [r4, #92]
1002:Middlewares/Third_Party/FreeRTOS/Source/tasks.c **** 	}
 324              		.loc 1 1002 3 view .LVU95
 325 008c 2300     		movs	r3, r4
 326 008e E833     		adds	r3, r3, #232
 327 0090 0120     		movs	r0, #1
 328 0092 0021     		movs	r1, #0
 329 0094 1860     		str	r0, [r3]
 330 0096 5960     		str	r1, [r3, #4]
1002:Middlewares/Third_Party/FreeRTOS/Source/tasks.c **** 	}
 331              		.loc 1 1002 3 view .LVU96
 332 0098 F023     		movs	r3, #240
 333 009a 154A     		ldr	r2, .L29+8
 334 009c E252     		strh	r2, [r4, r3]
1002:Middlewares/Third_Party/FreeRTOS/Source/tasks.c **** 	}
 335              		.loc 1 1002 3 view .LVU97
 336 009e 0233     		adds	r3, r3, #2
 337 00a0 144A     		ldr	r2, .L29+12
 338 00a2 E252     		strh	r2, [r4, r3]
1002:Middlewares/Third_Party/FreeRTOS/Source/tasks.c **** 	}
 339              		.loc 1 1002 3 view .LVU98
 340 00a4 0233     		adds	r3, r3, #2
 341 00a6 144A     		ldr	r2, .L29+16
 342 00a8 E252     		strh	r2, [r4, r3]
1002:Middlewares/Third_Party/FreeRTOS/Source/tasks.c **** 	}
 343              		.loc 1 1002 3 view .LVU99
 344 00aa 0233     		adds	r3, r3, #2
 345 00ac 134A     		ldr	r2, .L29+20
 346 00ae E252     		strh	r2, [r4, r3]
1002:Middlewares/Third_Party/FreeRTOS/Source/tasks.c **** 	}
 347              		.loc 1 1002 3 view .LVU100
ARM GAS  C:\Users\Asus\AppData\Local\Temp\cctip26G.s 			page 78


 348 00b0 0233     		adds	r3, r3, #2
 349 00b2 134A     		ldr	r2, .L29+24
 350 00b4 E252     		strh	r2, [r4, r3]
1002:Middlewares/Third_Party/FreeRTOS/Source/tasks.c **** 	}
 351              		.loc 1 1002 3 view .LVU101
 352 00b6 0233     		adds	r3, r3, #2
 353 00b8 0522     		movs	r2, #5
 354 00ba E252     		strh	r2, [r4, r3]
1002:Middlewares/Third_Party/FreeRTOS/Source/tasks.c **** 	}
 355              		.loc 1 1002 3 view .LVU102
 356 00bc 0233     		adds	r3, r3, #2
 357 00be 0632     		adds	r2, r2, #6
 358 00c0 E252     		strh	r2, [r4, r3]
1002:Middlewares/Third_Party/FreeRTOS/Source/tasks.c **** 	}
 359              		.loc 1 1002 3 view .LVU103
1002:Middlewares/Third_Party/FreeRTOS/Source/tasks.c **** 	}
 360              		.loc 1 1002 54 view .LVU104
1058:Middlewares/Third_Party/FreeRTOS/Source/tasks.c **** 		}
 361              		.loc 1 1058 4 view .LVU105
1058:Middlewares/Third_Party/FreeRTOS/Source/tasks.c **** 		}
 362              		.loc 1 1058 29 is_stmt 0 view .LVU106
 363 00c2 5246     		mov	r2, r10
 364 00c4 4946     		mov	r1, r9
 365 00c6 3800     		movs	r0, r7
 366 00c8 FFF7FEFF 		bl	pxPortInitialiseStack
 367              	.LVL24:
1058:Middlewares/Third_Party/FreeRTOS/Source/tasks.c **** 		}
 368              		.loc 1 1058 27 view .LVU107
 369 00cc 2060     		str	r0, [r4]
1064:Middlewares/Third_Party/FreeRTOS/Source/tasks.c **** 	{
 370              		.loc 1 1064 2 is_stmt 1 view .LVU108
1064:Middlewares/Third_Party/FreeRTOS/Source/tasks.c **** 	{
 371              		.loc 1 1064 4 is_stmt 0 view .LVU109
 372 00ce 099B     		ldr	r3, [sp, #36]
 373 00d0 002B     		cmp	r3, #0
 374 00d2 00D0     		beq	.L17
1068:Middlewares/Third_Party/FreeRTOS/Source/tasks.c **** 	}
 375              		.loc 1 1068 3 is_stmt 1 view .LVU110
1068:Middlewares/Third_Party/FreeRTOS/Source/tasks.c **** 	}
 376              		.loc 1 1068 18 is_stmt 0 view .LVU111
 377 00d4 1C60     		str	r4, [r3]
1072:Middlewares/Third_Party/FreeRTOS/Source/tasks.c **** 	}
 378              		.loc 1 1072 27 is_stmt 1 view .LVU112
 379              	.L17:
1074:Middlewares/Third_Party/FreeRTOS/Source/tasks.c **** /*-----------------------------------------------------------*/
 380              		.loc 1 1074 1 is_stmt 0 view .LVU113
 381              		@ sp needed
 382              	.LVL25:
 383              	.LVL26:
 384              	.LVL27:
 385              	.LVL28:
1074:Middlewares/Third_Party/FreeRTOS/Source/tasks.c **** /*-----------------------------------------------------------*/
 386              		.loc 1 1074 1 view .LVU114
 387 00d6 C0BC     		pop	{r6, r7}
 388 00d8 BA46     		mov	r10, r7
 389 00da B146     		mov	r9, r6
 390 00dc F8BD     		pop	{r3, r4, r5, r6, r7, pc}
ARM GAS  C:\Users\Asus\AppData\Local\Temp\cctip26G.s 			page 79


 391              	.LVL29:
 392              	.L28:
 919:Middlewares/Third_Party/FreeRTOS/Source/tasks.c **** 	}
 393              		.loc 1 919 3 is_stmt 1 view .LVU115
 919:Middlewares/Third_Party/FreeRTOS/Source/tasks.c **** 	}
 394              		.loc 1 919 29 is_stmt 0 view .LVU116
 395 00de 3423     		movs	r3, #52
 396 00e0 0022     		movs	r2, #0
 397 00e2 E254     		strb	r2, [r4, r3]
 398 00e4 ACE7     		b	.L22
 399              	.L30:
 400 00e6 C046     		.align	2
 401              	.L29:
 402 00e8 FFFFFF3F 		.word	1073741823
 403 00ec 00000000 		.word	__sf
 404 00f0 0E330000 		.word	13070
 405 00f4 CDABFFFF 		.word	-21555
 406 00f8 34120000 		.word	4660
 407 00fc 6DE6FFFF 		.word	-6547
 408 0100 ECDEFFFF 		.word	-8468
 409              		.cfi_endproc
 410              	.LFE1:
 412              		.section	.text.prvInitialiseTaskLists,"ax",%progbits
 413              		.align	1
 414              		.syntax unified
 415              		.code	16
 416              		.thumb_func
 418              	prvInitialiseTaskLists:
 419              	.LFB32:
3608:Middlewares/Third_Party/FreeRTOS/Source/tasks.c **** UBaseType_t uxPriority;
 420              		.loc 1 3608 1 is_stmt 1 view -0
 421              		.cfi_startproc
 422              		@ args = 0, pretend = 0, frame = 0
 423              		@ frame_needed = 0, uses_anonymous_args = 0
 424 0000 70B5     		push	{r4, r5, r6, lr}
 425              		.cfi_def_cfa_offset 16
 426              		.cfi_offset 4, -16
 427              		.cfi_offset 5, -12
 428              		.cfi_offset 6, -8
 429              		.cfi_offset 14, -4
3609:Middlewares/Third_Party/FreeRTOS/Source/tasks.c **** 
 430              		.loc 1 3609 1 view .LVU118
3611:Middlewares/Third_Party/FreeRTOS/Source/tasks.c **** 	{
 431              		.loc 1 3611 2 view .LVU119
 432              	.LVL30:
3611:Middlewares/Third_Party/FreeRTOS/Source/tasks.c **** 	{
 433              		.loc 1 3611 18 is_stmt 0 view .LVU120
 434 0002 0024     		movs	r4, #0
3611:Middlewares/Third_Party/FreeRTOS/Source/tasks.c **** 	{
 435              		.loc 1 3611 2 view .LVU121
 436 0004 07E0     		b	.L32
 437              	.LVL31:
 438              	.L33:
3613:Middlewares/Third_Party/FreeRTOS/Source/tasks.c **** 	}
 439              		.loc 1 3613 3 is_stmt 1 discriminator 3 view .LVU122
 440 0006 A300     		lsls	r3, r4, #2
 441 0008 1B19     		adds	r3, r3, r4
ARM GAS  C:\Users\Asus\AppData\Local\Temp\cctip26G.s 			page 80


 442 000a 9800     		lsls	r0, r3, #2
 443 000c 0E4B     		ldr	r3, .L34
 444 000e C018     		adds	r0, r0, r3
 445 0010 FFF7FEFF 		bl	vListInitialise
 446              	.LVL32:
3611:Middlewares/Third_Party/FreeRTOS/Source/tasks.c **** 	{
 447              		.loc 1 3611 101 discriminator 3 view .LVU123
 448 0014 0134     		adds	r4, r4, #1
 449              	.LVL33:
 450              	.L32:
3611:Middlewares/Third_Party/FreeRTOS/Source/tasks.c **** 	{
 451              		.loc 1 3611 51 discriminator 1 view .LVU124
 452 0016 062C     		cmp	r4, #6
 453 0018 F5D9     		bls	.L33
3616:Middlewares/Third_Party/FreeRTOS/Source/tasks.c **** 	vListInitialise( &xDelayedTaskList2 );
 454              		.loc 1 3616 2 view .LVU125
 455 001a 0C4D     		ldr	r5, .L34+4
 456 001c 2800     		movs	r0, r5
 457 001e FFF7FEFF 		bl	vListInitialise
 458              	.LVL34:
3617:Middlewares/Third_Party/FreeRTOS/Source/tasks.c **** 	vListInitialise( &xPendingReadyList );
 459              		.loc 1 3617 2 view .LVU126
 460 0022 0B4C     		ldr	r4, .L34+8
 461              	.LVL35:
3617:Middlewares/Third_Party/FreeRTOS/Source/tasks.c **** 	vListInitialise( &xPendingReadyList );
 462              		.loc 1 3617 2 is_stmt 0 view .LVU127
 463 0024 2000     		movs	r0, r4
 464 0026 FFF7FEFF 		bl	vListInitialise
 465              	.LVL36:
3618:Middlewares/Third_Party/FreeRTOS/Source/tasks.c **** 
 466              		.loc 1 3618 2 is_stmt 1 view .LVU128
 467 002a 0A48     		ldr	r0, .L34+12
 468 002c FFF7FEFF 		bl	vListInitialise
 469              	.LVL37:
3622:Middlewares/Third_Party/FreeRTOS/Source/tasks.c **** 	}
 470              		.loc 1 3622 3 view .LVU129
 471 0030 0948     		ldr	r0, .L34+16
 472 0032 FFF7FEFF 		bl	vListInitialise
 473              	.LVL38:
3628:Middlewares/Third_Party/FreeRTOS/Source/tasks.c **** 	}
 474              		.loc 1 3628 3 view .LVU130
 475 0036 0948     		ldr	r0, .L34+20
 476 0038 FFF7FEFF 		bl	vListInitialise
 477              	.LVL39:
3634:Middlewares/Third_Party/FreeRTOS/Source/tasks.c **** 	pxOverflowDelayedTaskList = &xDelayedTaskList2;
 478              		.loc 1 3634 2 view .LVU131
3634:Middlewares/Third_Party/FreeRTOS/Source/tasks.c **** 	pxOverflowDelayedTaskList = &xDelayedTaskList2;
 479              		.loc 1 3634 20 is_stmt 0 view .LVU132
 480 003c 084B     		ldr	r3, .L34+24
 481 003e 1D60     		str	r5, [r3]
3635:Middlewares/Third_Party/FreeRTOS/Source/tasks.c **** }
 482              		.loc 1 3635 2 is_stmt 1 view .LVU133
3635:Middlewares/Third_Party/FreeRTOS/Source/tasks.c **** }
 483              		.loc 1 3635 28 is_stmt 0 view .LVU134
 484 0040 084B     		ldr	r3, .L34+28
 485 0042 1C60     		str	r4, [r3]
3636:Middlewares/Third_Party/FreeRTOS/Source/tasks.c **** /*-----------------------------------------------------------*/
ARM GAS  C:\Users\Asus\AppData\Local\Temp\cctip26G.s 			page 81


 486              		.loc 1 3636 1 view .LVU135
 487              		@ sp needed
 488 0044 70BD     		pop	{r4, r5, r6, pc}
 489              	.L35:
 490 0046 C046     		.align	2
 491              	.L34:
 492 0048 00000000 		.word	pxReadyTasksLists
 493 004c 00000000 		.word	xDelayedTaskList1
 494 0050 00000000 		.word	xDelayedTaskList2
 495 0054 00000000 		.word	xPendingReadyList
 496 0058 00000000 		.word	xTasksWaitingTermination
 497 005c 00000000 		.word	xSuspendedTaskList
 498 0060 00000000 		.word	pxDelayedTaskList
 499 0064 00000000 		.word	pxOverflowDelayedTaskList
 500              		.cfi_endproc
 501              	.LFE32:
 503              		.section	.text.prvAddNewTaskToReadyList,"ax",%progbits
 504              		.align	1
 505              		.syntax unified
 506              		.code	16
 507              		.thumb_func
 509              	prvAddNewTaskToReadyList:
 510              	.LVL40:
 511              	.LFB2:
1078:Middlewares/Third_Party/FreeRTOS/Source/tasks.c **** 	/* Ensure interrupts don't access the task lists while the lists are being
 512              		.loc 1 1078 1 is_stmt 1 view -0
 513              		.cfi_startproc
 514              		@ args = 0, pretend = 0, frame = 0
 515              		@ frame_needed = 0, uses_anonymous_args = 0
1078:Middlewares/Third_Party/FreeRTOS/Source/tasks.c **** 	/* Ensure interrupts don't access the task lists while the lists are being
 516              		.loc 1 1078 1 is_stmt 0 view .LVU137
 517 0000 10B5     		push	{r4, lr}
 518              		.cfi_def_cfa_offset 8
 519              		.cfi_offset 4, -8
 520              		.cfi_offset 14, -4
 521 0002 0400     		movs	r4, r0
1081:Middlewares/Third_Party/FreeRTOS/Source/tasks.c **** 	{
 522              		.loc 1 1081 2 is_stmt 1 view .LVU138
 523 0004 FFF7FEFF 		bl	vPortEnterCritical
 524              	.LVL41:
1083:Middlewares/Third_Party/FreeRTOS/Source/tasks.c **** 		if( pxCurrentTCB == NULL )
 525              		.loc 1 1083 3 view .LVU139
1083:Middlewares/Third_Party/FreeRTOS/Source/tasks.c **** 		if( pxCurrentTCB == NULL )
 526              		.loc 1 1083 25 is_stmt 0 view .LVU140
 527 0008 1F4A     		ldr	r2, .L44
 528 000a 1368     		ldr	r3, [r2]
 529 000c 0133     		adds	r3, r3, #1
 530 000e 1360     		str	r3, [r2]
1084:Middlewares/Third_Party/FreeRTOS/Source/tasks.c **** 		{
 531              		.loc 1 1084 3 is_stmt 1 view .LVU141
1084:Middlewares/Third_Party/FreeRTOS/Source/tasks.c **** 		{
 532              		.loc 1 1084 20 is_stmt 0 view .LVU142
 533 0010 1E4B     		ldr	r3, .L44+4
 534 0012 1B68     		ldr	r3, [r3]
1084:Middlewares/Third_Party/FreeRTOS/Source/tasks.c **** 		{
 535              		.loc 1 1084 5 view .LVU143
 536 0014 002B     		cmp	r3, #0
ARM GAS  C:\Users\Asus\AppData\Local\Temp\cctip26G.s 			page 82


 537 0016 0CD0     		beq	.L41
1107:Middlewares/Third_Party/FreeRTOS/Source/tasks.c **** 			{
 538              		.loc 1 1107 4 is_stmt 1 view .LVU144
1107:Middlewares/Third_Party/FreeRTOS/Source/tasks.c **** 			{
 539              		.loc 1 1107 26 is_stmt 0 view .LVU145
 540 0018 1D4B     		ldr	r3, .L44+8
 541 001a 1B68     		ldr	r3, [r3]
1107:Middlewares/Third_Party/FreeRTOS/Source/tasks.c **** 			{
 542              		.loc 1 1107 6 view .LVU146
 543 001c 002B     		cmp	r3, #0
 544 001e 0DD1     		bne	.L38
1109:Middlewares/Third_Party/FreeRTOS/Source/tasks.c **** 				{
 545              		.loc 1 1109 5 is_stmt 1 view .LVU147
1109:Middlewares/Third_Party/FreeRTOS/Source/tasks.c **** 				{
 546              		.loc 1 1109 21 is_stmt 0 view .LVU148
 547 0020 1A4B     		ldr	r3, .L44+4
 548 0022 1B68     		ldr	r3, [r3]
 549 0024 DA6A     		ldr	r2, [r3, #44]
1109:Middlewares/Third_Party/FreeRTOS/Source/tasks.c **** 				{
 550              		.loc 1 1109 45 view .LVU149
 551 0026 E36A     		ldr	r3, [r4, #44]
1109:Middlewares/Third_Party/FreeRTOS/Source/tasks.c **** 				{
 552              		.loc 1 1109 7 view .LVU150
 553 0028 9A42     		cmp	r2, r3
 554 002a 07D8     		bhi	.L38
1111:Middlewares/Third_Party/FreeRTOS/Source/tasks.c **** 				}
 555              		.loc 1 1111 6 is_stmt 1 view .LVU151
1111:Middlewares/Third_Party/FreeRTOS/Source/tasks.c **** 				}
 556              		.loc 1 1111 19 is_stmt 0 view .LVU152
 557 002c 174B     		ldr	r3, .L44+4
 558 002e 1C60     		str	r4, [r3]
 559 0030 04E0     		b	.L38
 560              	.L41:
1088:Middlewares/Third_Party/FreeRTOS/Source/tasks.c **** 
 561              		.loc 1 1088 4 is_stmt 1 view .LVU153
1088:Middlewares/Third_Party/FreeRTOS/Source/tasks.c **** 
 562              		.loc 1 1088 17 is_stmt 0 view .LVU154
 563 0032 164B     		ldr	r3, .L44+4
 564 0034 1C60     		str	r4, [r3]
1090:Middlewares/Third_Party/FreeRTOS/Source/tasks.c **** 			{
 565              		.loc 1 1090 4 is_stmt 1 view .LVU155
1090:Middlewares/Third_Party/FreeRTOS/Source/tasks.c **** 			{
 566              		.loc 1 1090 31 is_stmt 0 view .LVU156
 567 0036 1368     		ldr	r3, [r2]
1090:Middlewares/Third_Party/FreeRTOS/Source/tasks.c **** 			{
 568              		.loc 1 1090 6 view .LVU157
 569 0038 012B     		cmp	r3, #1
 570 003a 1FD0     		beq	.L42
 571              	.L38:
1120:Middlewares/Third_Party/FreeRTOS/Source/tasks.c **** 			}
 572              		.loc 1 1120 29 is_stmt 1 view .LVU158
1124:Middlewares/Third_Party/FreeRTOS/Source/tasks.c **** 
 573              		.loc 1 1124 3 view .LVU159
1124:Middlewares/Third_Party/FreeRTOS/Source/tasks.c **** 
 574              		.loc 1 1124 15 is_stmt 0 view .LVU160
 575 003c 154A     		ldr	r2, .L44+12
 576 003e 1368     		ldr	r3, [r2]
ARM GAS  C:\Users\Asus\AppData\Local\Temp\cctip26G.s 			page 83


 577 0040 0133     		adds	r3, r3, #1
 578 0042 1360     		str	r3, [r2]
1132:Middlewares/Third_Party/FreeRTOS/Source/tasks.c **** 
 579              		.loc 1 1132 31 is_stmt 1 view .LVU161
1134:Middlewares/Third_Party/FreeRTOS/Source/tasks.c **** 
 580              		.loc 1 1134 3 view .LVU162
1134:Middlewares/Third_Party/FreeRTOS/Source/tasks.c **** 
 581              		.loc 1 1134 3 view .LVU163
 582 0044 E26A     		ldr	r2, [r4, #44]
 583 0046 144B     		ldr	r3, .L44+16
 584 0048 1B68     		ldr	r3, [r3]
 585 004a 9A42     		cmp	r2, r3
 586 004c 01D9     		bls	.L39
1134:Middlewares/Third_Party/FreeRTOS/Source/tasks.c **** 
 587              		.loc 1 1134 3 discriminator 1 view .LVU164
 588 004e 124B     		ldr	r3, .L44+16
 589 0050 1A60     		str	r2, [r3]
 590              	.L39:
1134:Middlewares/Third_Party/FreeRTOS/Source/tasks.c **** 
 591              		.loc 1 1134 3 discriminator 3 view .LVU165
1134:Middlewares/Third_Party/FreeRTOS/Source/tasks.c **** 
 592              		.loc 1 1134 3 discriminator 3 view .LVU166
 593 0052 211D     		adds	r1, r4, #4
 594 0054 9300     		lsls	r3, r2, #2
 595 0056 9B18     		adds	r3, r3, r2
 596 0058 9B00     		lsls	r3, r3, #2
 597 005a 1048     		ldr	r0, .L44+20
 598 005c 1818     		adds	r0, r3, r0
 599 005e FFF7FEFF 		bl	vListInsertEnd
 600              	.LVL42:
1134:Middlewares/Third_Party/FreeRTOS/Source/tasks.c **** 
 601              		.loc 1 1134 36 discriminator 3 view .LVU167
1136:Middlewares/Third_Party/FreeRTOS/Source/tasks.c **** 	}
 602              		.loc 1 1136 3 discriminator 3 view .LVU168
1138:Middlewares/Third_Party/FreeRTOS/Source/tasks.c **** 
 603              		.loc 1 1138 2 discriminator 3 view .LVU169
 604 0062 FFF7FEFF 		bl	vPortExitCritical
 605              	.LVL43:
1140:Middlewares/Third_Party/FreeRTOS/Source/tasks.c **** 	{
 606              		.loc 1 1140 2 discriminator 3 view .LVU170
1140:Middlewares/Third_Party/FreeRTOS/Source/tasks.c **** 	{
 607              		.loc 1 1140 24 is_stmt 0 discriminator 3 view .LVU171
 608 0066 0A4B     		ldr	r3, .L44+8
 609 0068 1B68     		ldr	r3, [r3]
1140:Middlewares/Third_Party/FreeRTOS/Source/tasks.c **** 	{
 610              		.loc 1 1140 4 discriminator 3 view .LVU172
 611 006a 002B     		cmp	r3, #0
 612 006c 05D0     		beq	.L36
1144:Middlewares/Third_Party/FreeRTOS/Source/tasks.c **** 		{
 613              		.loc 1 1144 3 is_stmt 1 view .LVU173
1144:Middlewares/Third_Party/FreeRTOS/Source/tasks.c **** 		{
 614              		.loc 1 1144 19 is_stmt 0 view .LVU174
 615 006e 074B     		ldr	r3, .L44+4
 616 0070 1B68     		ldr	r3, [r3]
 617 0072 DA6A     		ldr	r2, [r3, #44]
1144:Middlewares/Third_Party/FreeRTOS/Source/tasks.c **** 		{
 618              		.loc 1 1144 42 view .LVU175
ARM GAS  C:\Users\Asus\AppData\Local\Temp\cctip26G.s 			page 84


 619 0074 E36A     		ldr	r3, [r4, #44]
1144:Middlewares/Third_Party/FreeRTOS/Source/tasks.c **** 		{
 620              		.loc 1 1144 5 view .LVU176
 621 0076 9A42     		cmp	r2, r3
 622 0078 03D3     		bcc	.L43
 623              	.L36:
1157:Middlewares/Third_Party/FreeRTOS/Source/tasks.c **** /*-----------------------------------------------------------*/
 624              		.loc 1 1157 1 view .LVU177
 625              		@ sp needed
 626              	.LVL44:
1157:Middlewares/Third_Party/FreeRTOS/Source/tasks.c **** /*-----------------------------------------------------------*/
 627              		.loc 1 1157 1 view .LVU178
 628 007a 10BD     		pop	{r4, pc}
 629              	.LVL45:
 630              	.L42:
1095:Middlewares/Third_Party/FreeRTOS/Source/tasks.c **** 			}
 631              		.loc 1 1095 5 is_stmt 1 view .LVU179
 632 007c FFF7FEFF 		bl	prvInitialiseTaskLists
 633              	.LVL46:
 634 0080 DCE7     		b	.L38
 635              	.L43:
1146:Middlewares/Third_Party/FreeRTOS/Source/tasks.c **** 		}
 636              		.loc 1 1146 4 view .LVU180
 637 0082 FFF7FEFF 		bl	vPortYield
 638              	.LVL47:
1155:Middlewares/Third_Party/FreeRTOS/Source/tasks.c **** 	}
 639              		.loc 1 1155 27 view .LVU181
1157:Middlewares/Third_Party/FreeRTOS/Source/tasks.c **** /*-----------------------------------------------------------*/
 640              		.loc 1 1157 1 is_stmt 0 view .LVU182
 641 0086 F8E7     		b	.L36
 642              	.L45:
 643              		.align	2
 644              	.L44:
 645 0088 00000000 		.word	uxCurrentNumberOfTasks
 646 008c 00000000 		.word	pxCurrentTCB
 647 0090 00000000 		.word	xSchedulerRunning
 648 0094 00000000 		.word	uxTaskNumber
 649 0098 00000000 		.word	uxTopReadyPriority
 650 009c 00000000 		.word	pxReadyTasksLists
 651              		.cfi_endproc
 652              	.LFE2:
 654              		.section	.text.prvDeleteTCB,"ax",%progbits
 655              		.align	1
 656              		.syntax unified
 657              		.code	16
 658              		.thumb_func
 660              	prvDeleteTCB:
 661              	.LVL48:
 662              	.LFB34:
3888:Middlewares/Third_Party/FreeRTOS/Source/tasks.c **** 		/* This call is required specifically for the TriCore port.  It must be
 663              		.loc 1 3888 2 is_stmt 1 view -0
 664              		.cfi_startproc
 665              		@ args = 0, pretend = 0, frame = 0
 666              		@ frame_needed = 0, uses_anonymous_args = 0
3888:Middlewares/Third_Party/FreeRTOS/Source/tasks.c **** 		/* This call is required specifically for the TriCore port.  It must be
 667              		.loc 1 3888 2 is_stmt 0 view .LVU184
 668 0000 10B5     		push	{r4, lr}
ARM GAS  C:\Users\Asus\AppData\Local\Temp\cctip26G.s 			page 85


 669              		.cfi_def_cfa_offset 8
 670              		.cfi_offset 4, -8
 671              		.cfi_offset 14, -4
 672 0002 0400     		movs	r4, r0
3892:Middlewares/Third_Party/FreeRTOS/Source/tasks.c **** 
 673              		.loc 1 3892 3 is_stmt 1 view .LVU185
3900:Middlewares/Third_Party/FreeRTOS/Source/tasks.c **** 		}
 674              		.loc 1 3900 4 view .LVU186
 675 0004 5030     		adds	r0, r0, #80
 676              	.LVL49:
3900:Middlewares/Third_Party/FreeRTOS/Source/tasks.c **** 		}
 677              		.loc 1 3900 4 is_stmt 0 view .LVU187
 678 0006 FFF7FEFF 		bl	_reclaim_reent
 679              	.LVL50:
3908:Middlewares/Third_Party/FreeRTOS/Source/tasks.c **** 			vPortFree( pxTCB );
 680              		.loc 1 3908 4 is_stmt 1 view .LVU188
3908:Middlewares/Third_Party/FreeRTOS/Source/tasks.c **** 			vPortFree( pxTCB );
 681              		.loc 1 3908 20 is_stmt 0 view .LVU189
 682 000a 206B     		ldr	r0, [r4, #48]
3908:Middlewares/Third_Party/FreeRTOS/Source/tasks.c **** 			vPortFree( pxTCB );
 683              		.loc 1 3908 4 view .LVU190
 684 000c FFF7FEFF 		bl	vPortFree
 685              	.LVL51:
3909:Middlewares/Third_Party/FreeRTOS/Source/tasks.c **** 		}
 686              		.loc 1 3909 4 is_stmt 1 view .LVU191
 687 0010 2000     		movs	r0, r4
 688 0012 FFF7FEFF 		bl	vPortFree
 689              	.LVL52:
3938:Middlewares/Third_Party/FreeRTOS/Source/tasks.c **** 
 690              		.loc 1 3938 2 is_stmt 0 view .LVU192
 691              		@ sp needed
 692              	.LVL53:
3938:Middlewares/Third_Party/FreeRTOS/Source/tasks.c **** 
 693              		.loc 1 3938 2 view .LVU193
 694 0016 10BD     		pop	{r4, pc}
 695              		.cfi_endproc
 696              	.LFE34:
 698              		.section	.text.prvCheckTasksWaitingTermination,"ax",%progbits
 699              		.align	1
 700              		.syntax unified
 701              		.code	16
 702              		.thumb_func
 704              	prvCheckTasksWaitingTermination:
 705              	.LFB33:
3640:Middlewares/Third_Party/FreeRTOS/Source/tasks.c **** 
 706              		.loc 1 3640 1 is_stmt 1 view -0
 707              		.cfi_startproc
 708              		@ args = 0, pretend = 0, frame = 0
 709              		@ frame_needed = 0, uses_anonymous_args = 0
 710 0000 10B5     		push	{r4, lr}
 711              		.cfi_def_cfa_offset 8
 712              		.cfi_offset 4, -8
 713              		.cfi_offset 14, -4
 714              	.LBB2:
3646:Middlewares/Third_Party/FreeRTOS/Source/tasks.c **** 
 715              		.loc 1 3646 3 view .LVU195
3650:Middlewares/Third_Party/FreeRTOS/Source/tasks.c **** 		{
ARM GAS  C:\Users\Asus\AppData\Local\Temp\cctip26G.s 			page 86


 716              		.loc 1 3650 3 view .LVU196
3650:Middlewares/Third_Party/FreeRTOS/Source/tasks.c **** 		{
 717              		.loc 1 3650 8 is_stmt 0 view .LVU197
 718 0002 14E0     		b	.L48
 719              	.L49:
3652:Middlewares/Third_Party/FreeRTOS/Source/tasks.c **** 			{
 720              		.loc 1 3652 4 is_stmt 1 view .LVU198
 721 0004 FFF7FEFF 		bl	vPortEnterCritical
 722              	.LVL54:
3654:Middlewares/Third_Party/FreeRTOS/Source/tasks.c **** 				( void ) uxListRemove( &( pxTCB->xStateListItem ) );
 723              		.loc 1 3654 5 view .LVU199
3654:Middlewares/Third_Party/FreeRTOS/Source/tasks.c **** 				( void ) uxListRemove( &( pxTCB->xStateListItem ) );
 724              		.loc 1 3654 13 is_stmt 0 view .LVU200
 725 0008 0B4B     		ldr	r3, .L50
 726 000a DB68     		ldr	r3, [r3, #12]
3654:Middlewares/Third_Party/FreeRTOS/Source/tasks.c **** 				( void ) uxListRemove( &( pxTCB->xStateListItem ) );
 727              		.loc 1 3654 11 view .LVU201
 728 000c DC68     		ldr	r4, [r3, #12]
 729              	.LVL55:
3655:Middlewares/Third_Party/FreeRTOS/Source/tasks.c **** 				--uxCurrentNumberOfTasks;
 730              		.loc 1 3655 5 is_stmt 1 view .LVU202
3655:Middlewares/Third_Party/FreeRTOS/Source/tasks.c **** 				--uxCurrentNumberOfTasks;
 731              		.loc 1 3655 14 is_stmt 0 view .LVU203
 732 000e 201D     		adds	r0, r4, #4
 733 0010 FFF7FEFF 		bl	uxListRemove
 734              	.LVL56:
3656:Middlewares/Third_Party/FreeRTOS/Source/tasks.c **** 				--uxDeletedTasksWaitingCleanUp;
 735              		.loc 1 3656 5 is_stmt 1 view .LVU204
 736 0014 094A     		ldr	r2, .L50+4
 737 0016 1368     		ldr	r3, [r2]
 738 0018 013B     		subs	r3, r3, #1
 739 001a 1360     		str	r3, [r2]
3657:Middlewares/Third_Party/FreeRTOS/Source/tasks.c **** 			}
 740              		.loc 1 3657 5 view .LVU205
 741 001c 084A     		ldr	r2, .L50+8
 742 001e 1368     		ldr	r3, [r2]
 743 0020 013B     		subs	r3, r3, #1
 744 0022 1360     		str	r3, [r2]
3659:Middlewares/Third_Party/FreeRTOS/Source/tasks.c **** 
 745              		.loc 1 3659 4 view .LVU206
 746 0024 FFF7FEFF 		bl	vPortExitCritical
 747              	.LVL57:
3661:Middlewares/Third_Party/FreeRTOS/Source/tasks.c **** 		}
 748              		.loc 1 3661 4 view .LVU207
 749 0028 2000     		movs	r0, r4
 750 002a FFF7FEFF 		bl	prvDeleteTCB
 751              	.LVL58:
 752              	.L48:
3650:Middlewares/Third_Party/FreeRTOS/Source/tasks.c **** 		{
 753              		.loc 1 3650 39 view .LVU208
 754 002e 044B     		ldr	r3, .L50+8
 755 0030 1B68     		ldr	r3, [r3]
 756 0032 002B     		cmp	r3, #0
 757 0034 E6D1     		bne	.L49
 758              	.LBE2:
3665:Middlewares/Third_Party/FreeRTOS/Source/tasks.c **** /*-----------------------------------------------------------*/
 759              		.loc 1 3665 1 is_stmt 0 view .LVU209
ARM GAS  C:\Users\Asus\AppData\Local\Temp\cctip26G.s 			page 87


 760              		@ sp needed
 761 0036 10BD     		pop	{r4, pc}
 762              	.L51:
 763              		.align	2
 764              	.L50:
 765 0038 00000000 		.word	xTasksWaitingTermination
 766 003c 00000000 		.word	uxCurrentNumberOfTasks
 767 0040 00000000 		.word	uxDeletedTasksWaitingCleanUp
 768              		.cfi_endproc
 769              	.LFE33:
 771              		.section	.text.prvIdleTask,"ax",%progbits
 772              		.align	1
 773              		.syntax unified
 774              		.code	16
 775              		.thumb_func
 777              	prvIdleTask:
 778              	.LFB31:
3393:Middlewares/Third_Party/FreeRTOS/Source/tasks.c **** 	/* Stop warnings. */
 779              		.loc 1 3393 1 is_stmt 1 view -0
 780              		.cfi_startproc
 781              		@ Volatile: function does not return.
 782              		@ args = 0, pretend = 0, frame = 0
 783              		@ frame_needed = 0, uses_anonymous_args = 0
 784              	.LVL59:
3393:Middlewares/Third_Party/FreeRTOS/Source/tasks.c **** 	/* Stop warnings. */
 785              		.loc 1 3393 1 is_stmt 0 view .LVU211
 786 0000 10B5     		push	{r4, lr}
 787              		.cfi_def_cfa_offset 8
 788              		.cfi_offset 4, -8
 789              		.cfi_offset 14, -4
 790              	.LVL60:
 791              	.L53:
3395:Middlewares/Third_Party/FreeRTOS/Source/tasks.c **** 
 792              		.loc 1 3395 2 is_stmt 1 view .LVU212
3403:Middlewares/Third_Party/FreeRTOS/Source/tasks.c **** 
 793              		.loc 1 3403 64 view .LVU213
3405:Middlewares/Third_Party/FreeRTOS/Source/tasks.c **** 	{
 794              		.loc 1 3405 2 view .LVU214
3409:Middlewares/Third_Party/FreeRTOS/Source/tasks.c **** 
 795              		.loc 1 3409 3 view .LVU215
 796 0002 FFF7FEFF 		bl	prvCheckTasksWaitingTermination
 797              	.LVL61:
3432:Middlewares/Third_Party/FreeRTOS/Source/tasks.c **** 			{
 798              		.loc 1 3432 4 view .LVU216
3432:Middlewares/Third_Party/FreeRTOS/Source/tasks.c **** 			{
 799              		.loc 1 3432 8 is_stmt 0 view .LVU217
 800 0006 034B     		ldr	r3, .L55
 801 0008 1B68     		ldr	r3, [r3]
3432:Middlewares/Third_Party/FreeRTOS/Source/tasks.c **** 			{
 802              		.loc 1 3432 6 view .LVU218
 803 000a 012B     		cmp	r3, #1
 804 000c F9D9     		bls	.L53
3434:Middlewares/Third_Party/FreeRTOS/Source/tasks.c **** 			}
 805              		.loc 1 3434 5 is_stmt 1 view .LVU219
 806 000e FFF7FEFF 		bl	vPortYield
 807              	.LVL62:
 808 0012 F6E7     		b	.L53
ARM GAS  C:\Users\Asus\AppData\Local\Temp\cctip26G.s 			page 88


 809              	.L56:
 810              		.align	2
 811              	.L55:
 812 0014 00000000 		.word	pxReadyTasksLists
 813              		.cfi_endproc
 814              	.LFE31:
 816              		.section	.text.prvAddCurrentTaskToDelayedList,"ax",%progbits
 817              		.align	1
 818              		.syntax unified
 819              		.code	16
 820              		.thumb_func
 822              	prvAddCurrentTaskToDelayedList:
 823              	.LVL63:
 824              	.LFB50:
3965:Middlewares/Third_Party/FreeRTOS/Source/tasks.c **** /*-----------------------------------------------------------*/
3966:Middlewares/Third_Party/FreeRTOS/Source/tasks.c **** 
3967:Middlewares/Third_Party/FreeRTOS/Source/tasks.c **** #if ( ( INCLUDE_xTaskGetCurrentTaskHandle == 1 ) || ( configUSE_MUTEXES == 1 ) )
3968:Middlewares/Third_Party/FreeRTOS/Source/tasks.c **** 
3969:Middlewares/Third_Party/FreeRTOS/Source/tasks.c **** 	TaskHandle_t xTaskGetCurrentTaskHandle( void )
3970:Middlewares/Third_Party/FreeRTOS/Source/tasks.c **** 	{
3971:Middlewares/Third_Party/FreeRTOS/Source/tasks.c **** 	TaskHandle_t xReturn;
3972:Middlewares/Third_Party/FreeRTOS/Source/tasks.c **** 
3973:Middlewares/Third_Party/FreeRTOS/Source/tasks.c **** 		/* A critical section is not required as this is not called from
3974:Middlewares/Third_Party/FreeRTOS/Source/tasks.c **** 		an interrupt and the current TCB will always be the same for any
3975:Middlewares/Third_Party/FreeRTOS/Source/tasks.c **** 		individual execution thread. */
3976:Middlewares/Third_Party/FreeRTOS/Source/tasks.c **** 		xReturn = pxCurrentTCB;
3977:Middlewares/Third_Party/FreeRTOS/Source/tasks.c **** 
3978:Middlewares/Third_Party/FreeRTOS/Source/tasks.c **** 		return xReturn;
3979:Middlewares/Third_Party/FreeRTOS/Source/tasks.c **** 	}
3980:Middlewares/Third_Party/FreeRTOS/Source/tasks.c **** 
3981:Middlewares/Third_Party/FreeRTOS/Source/tasks.c **** #endif /* ( ( INCLUDE_xTaskGetCurrentTaskHandle == 1 ) || ( configUSE_MUTEXES == 1 ) ) */
3982:Middlewares/Third_Party/FreeRTOS/Source/tasks.c **** /*-----------------------------------------------------------*/
3983:Middlewares/Third_Party/FreeRTOS/Source/tasks.c **** 
3984:Middlewares/Third_Party/FreeRTOS/Source/tasks.c **** #if ( ( INCLUDE_xTaskGetSchedulerState == 1 ) || ( configUSE_TIMERS == 1 ) )
3985:Middlewares/Third_Party/FreeRTOS/Source/tasks.c **** 
3986:Middlewares/Third_Party/FreeRTOS/Source/tasks.c **** 	BaseType_t xTaskGetSchedulerState( void )
3987:Middlewares/Third_Party/FreeRTOS/Source/tasks.c **** 	{
3988:Middlewares/Third_Party/FreeRTOS/Source/tasks.c **** 	BaseType_t xReturn;
3989:Middlewares/Third_Party/FreeRTOS/Source/tasks.c **** 
3990:Middlewares/Third_Party/FreeRTOS/Source/tasks.c **** 		if( xSchedulerRunning == pdFALSE )
3991:Middlewares/Third_Party/FreeRTOS/Source/tasks.c **** 		{
3992:Middlewares/Third_Party/FreeRTOS/Source/tasks.c **** 			xReturn = taskSCHEDULER_NOT_STARTED;
3993:Middlewares/Third_Party/FreeRTOS/Source/tasks.c **** 		}
3994:Middlewares/Third_Party/FreeRTOS/Source/tasks.c **** 		else
3995:Middlewares/Third_Party/FreeRTOS/Source/tasks.c **** 		{
3996:Middlewares/Third_Party/FreeRTOS/Source/tasks.c **** 			if( uxSchedulerSuspended == ( UBaseType_t ) pdFALSE )
3997:Middlewares/Third_Party/FreeRTOS/Source/tasks.c **** 			{
3998:Middlewares/Third_Party/FreeRTOS/Source/tasks.c **** 				xReturn = taskSCHEDULER_RUNNING;
3999:Middlewares/Third_Party/FreeRTOS/Source/tasks.c **** 			}
4000:Middlewares/Third_Party/FreeRTOS/Source/tasks.c **** 			else
4001:Middlewares/Third_Party/FreeRTOS/Source/tasks.c **** 			{
4002:Middlewares/Third_Party/FreeRTOS/Source/tasks.c **** 				xReturn = taskSCHEDULER_SUSPENDED;
4003:Middlewares/Third_Party/FreeRTOS/Source/tasks.c **** 			}
4004:Middlewares/Third_Party/FreeRTOS/Source/tasks.c **** 		}
4005:Middlewares/Third_Party/FreeRTOS/Source/tasks.c **** 
4006:Middlewares/Third_Party/FreeRTOS/Source/tasks.c **** 		return xReturn;
4007:Middlewares/Third_Party/FreeRTOS/Source/tasks.c **** 	}
ARM GAS  C:\Users\Asus\AppData\Local\Temp\cctip26G.s 			page 89


4008:Middlewares/Third_Party/FreeRTOS/Source/tasks.c **** 
4009:Middlewares/Third_Party/FreeRTOS/Source/tasks.c **** #endif /* ( ( INCLUDE_xTaskGetSchedulerState == 1 ) || ( configUSE_TIMERS == 1 ) ) */
4010:Middlewares/Third_Party/FreeRTOS/Source/tasks.c **** /*-----------------------------------------------------------*/
4011:Middlewares/Third_Party/FreeRTOS/Source/tasks.c **** 
4012:Middlewares/Third_Party/FreeRTOS/Source/tasks.c **** #if ( configUSE_MUTEXES == 1 )
4013:Middlewares/Third_Party/FreeRTOS/Source/tasks.c **** 
4014:Middlewares/Third_Party/FreeRTOS/Source/tasks.c **** 	BaseType_t xTaskPriorityInherit( TaskHandle_t const pxMutexHolder )
4015:Middlewares/Third_Party/FreeRTOS/Source/tasks.c **** 	{
4016:Middlewares/Third_Party/FreeRTOS/Source/tasks.c **** 	TCB_t * const pxMutexHolderTCB = pxMutexHolder;
4017:Middlewares/Third_Party/FreeRTOS/Source/tasks.c **** 	BaseType_t xReturn = pdFALSE;
4018:Middlewares/Third_Party/FreeRTOS/Source/tasks.c **** 
4019:Middlewares/Third_Party/FreeRTOS/Source/tasks.c **** 		/* If the mutex was given back by an interrupt while the queue was
4020:Middlewares/Third_Party/FreeRTOS/Source/tasks.c **** 		locked then the mutex holder might now be NULL.  _RB_ Is this still
4021:Middlewares/Third_Party/FreeRTOS/Source/tasks.c **** 		needed as interrupts can no longer use mutexes? */
4022:Middlewares/Third_Party/FreeRTOS/Source/tasks.c **** 		if( pxMutexHolder != NULL )
4023:Middlewares/Third_Party/FreeRTOS/Source/tasks.c **** 		{
4024:Middlewares/Third_Party/FreeRTOS/Source/tasks.c **** 			/* If the holder of the mutex has a priority below the priority of
4025:Middlewares/Third_Party/FreeRTOS/Source/tasks.c **** 			the task attempting to obtain the mutex then it will temporarily
4026:Middlewares/Third_Party/FreeRTOS/Source/tasks.c **** 			inherit the priority of the task attempting to obtain the mutex. */
4027:Middlewares/Third_Party/FreeRTOS/Source/tasks.c **** 			if( pxMutexHolderTCB->uxPriority < pxCurrentTCB->uxPriority )
4028:Middlewares/Third_Party/FreeRTOS/Source/tasks.c **** 			{
4029:Middlewares/Third_Party/FreeRTOS/Source/tasks.c **** 				/* Adjust the mutex holder state to account for its new
4030:Middlewares/Third_Party/FreeRTOS/Source/tasks.c **** 				priority.  Only reset the event list item value if the value is
4031:Middlewares/Third_Party/FreeRTOS/Source/tasks.c **** 				not being used for anything else. */
4032:Middlewares/Third_Party/FreeRTOS/Source/tasks.c **** 				if( ( listGET_LIST_ITEM_VALUE( &( pxMutexHolderTCB->xEventListItem ) ) & taskEVENT_LIST_ITEM_VA
4033:Middlewares/Third_Party/FreeRTOS/Source/tasks.c **** 				{
4034:Middlewares/Third_Party/FreeRTOS/Source/tasks.c **** 					listSET_LIST_ITEM_VALUE( &( pxMutexHolderTCB->xEventListItem ), ( TickType_t ) configMAX_PRIOR
4035:Middlewares/Third_Party/FreeRTOS/Source/tasks.c **** 				}
4036:Middlewares/Third_Party/FreeRTOS/Source/tasks.c **** 				else
4037:Middlewares/Third_Party/FreeRTOS/Source/tasks.c **** 				{
4038:Middlewares/Third_Party/FreeRTOS/Source/tasks.c **** 					mtCOVERAGE_TEST_MARKER();
4039:Middlewares/Third_Party/FreeRTOS/Source/tasks.c **** 				}
4040:Middlewares/Third_Party/FreeRTOS/Source/tasks.c **** 
4041:Middlewares/Third_Party/FreeRTOS/Source/tasks.c **** 				/* If the task being modified is in the ready state it will need
4042:Middlewares/Third_Party/FreeRTOS/Source/tasks.c **** 				to be moved into a new list. */
4043:Middlewares/Third_Party/FreeRTOS/Source/tasks.c **** 				if( listIS_CONTAINED_WITHIN( &( pxReadyTasksLists[ pxMutexHolderTCB->uxPriority ] ), &( pxMutex
4044:Middlewares/Third_Party/FreeRTOS/Source/tasks.c **** 				{
4045:Middlewares/Third_Party/FreeRTOS/Source/tasks.c **** 					if( uxListRemove( &( pxMutexHolderTCB->xStateListItem ) ) == ( UBaseType_t ) 0 )
4046:Middlewares/Third_Party/FreeRTOS/Source/tasks.c **** 					{
4047:Middlewares/Third_Party/FreeRTOS/Source/tasks.c **** 						/* It is known that the task is in its ready list so
4048:Middlewares/Third_Party/FreeRTOS/Source/tasks.c **** 						there is no need to check again and the port level
4049:Middlewares/Third_Party/FreeRTOS/Source/tasks.c **** 						reset macro can be called directly. */
4050:Middlewares/Third_Party/FreeRTOS/Source/tasks.c **** 						portRESET_READY_PRIORITY( pxMutexHolderTCB->uxPriority, uxTopReadyPriority );
4051:Middlewares/Third_Party/FreeRTOS/Source/tasks.c **** 					}
4052:Middlewares/Third_Party/FreeRTOS/Source/tasks.c **** 					else
4053:Middlewares/Third_Party/FreeRTOS/Source/tasks.c **** 					{
4054:Middlewares/Third_Party/FreeRTOS/Source/tasks.c **** 						mtCOVERAGE_TEST_MARKER();
4055:Middlewares/Third_Party/FreeRTOS/Source/tasks.c **** 					}
4056:Middlewares/Third_Party/FreeRTOS/Source/tasks.c **** 
4057:Middlewares/Third_Party/FreeRTOS/Source/tasks.c **** 					/* Inherit the priority before being moved into the new list. */
4058:Middlewares/Third_Party/FreeRTOS/Source/tasks.c **** 					pxMutexHolderTCB->uxPriority = pxCurrentTCB->uxPriority;
4059:Middlewares/Third_Party/FreeRTOS/Source/tasks.c **** 					prvAddTaskToReadyList( pxMutexHolderTCB );
4060:Middlewares/Third_Party/FreeRTOS/Source/tasks.c **** 				}
4061:Middlewares/Third_Party/FreeRTOS/Source/tasks.c **** 				else
4062:Middlewares/Third_Party/FreeRTOS/Source/tasks.c **** 				{
4063:Middlewares/Third_Party/FreeRTOS/Source/tasks.c **** 					/* Just inherit the priority. */
4064:Middlewares/Third_Party/FreeRTOS/Source/tasks.c **** 					pxMutexHolderTCB->uxPriority = pxCurrentTCB->uxPriority;
ARM GAS  C:\Users\Asus\AppData\Local\Temp\cctip26G.s 			page 90


4065:Middlewares/Third_Party/FreeRTOS/Source/tasks.c **** 				}
4066:Middlewares/Third_Party/FreeRTOS/Source/tasks.c **** 
4067:Middlewares/Third_Party/FreeRTOS/Source/tasks.c **** 				traceTASK_PRIORITY_INHERIT( pxMutexHolderTCB, pxCurrentTCB->uxPriority );
4068:Middlewares/Third_Party/FreeRTOS/Source/tasks.c **** 
4069:Middlewares/Third_Party/FreeRTOS/Source/tasks.c **** 				/* Inheritance occurred. */
4070:Middlewares/Third_Party/FreeRTOS/Source/tasks.c **** 				xReturn = pdTRUE;
4071:Middlewares/Third_Party/FreeRTOS/Source/tasks.c **** 			}
4072:Middlewares/Third_Party/FreeRTOS/Source/tasks.c **** 			else
4073:Middlewares/Third_Party/FreeRTOS/Source/tasks.c **** 			{
4074:Middlewares/Third_Party/FreeRTOS/Source/tasks.c **** 				if( pxMutexHolderTCB->uxBasePriority < pxCurrentTCB->uxPriority )
4075:Middlewares/Third_Party/FreeRTOS/Source/tasks.c **** 				{
4076:Middlewares/Third_Party/FreeRTOS/Source/tasks.c **** 					/* The base priority of the mutex holder is lower than the
4077:Middlewares/Third_Party/FreeRTOS/Source/tasks.c **** 					priority of the task attempting to take the mutex, but the
4078:Middlewares/Third_Party/FreeRTOS/Source/tasks.c **** 					current priority of the mutex holder is not lower than the
4079:Middlewares/Third_Party/FreeRTOS/Source/tasks.c **** 					priority of the task attempting to take the mutex.
4080:Middlewares/Third_Party/FreeRTOS/Source/tasks.c **** 					Therefore the mutex holder must have already inherited a
4081:Middlewares/Third_Party/FreeRTOS/Source/tasks.c **** 					priority, but inheritance would have occurred if that had
4082:Middlewares/Third_Party/FreeRTOS/Source/tasks.c **** 					not been the case. */
4083:Middlewares/Third_Party/FreeRTOS/Source/tasks.c **** 					xReturn = pdTRUE;
4084:Middlewares/Third_Party/FreeRTOS/Source/tasks.c **** 				}
4085:Middlewares/Third_Party/FreeRTOS/Source/tasks.c **** 				else
4086:Middlewares/Third_Party/FreeRTOS/Source/tasks.c **** 				{
4087:Middlewares/Third_Party/FreeRTOS/Source/tasks.c **** 					mtCOVERAGE_TEST_MARKER();
4088:Middlewares/Third_Party/FreeRTOS/Source/tasks.c **** 				}
4089:Middlewares/Third_Party/FreeRTOS/Source/tasks.c **** 			}
4090:Middlewares/Third_Party/FreeRTOS/Source/tasks.c **** 		}
4091:Middlewares/Third_Party/FreeRTOS/Source/tasks.c **** 		else
4092:Middlewares/Third_Party/FreeRTOS/Source/tasks.c **** 		{
4093:Middlewares/Third_Party/FreeRTOS/Source/tasks.c **** 			mtCOVERAGE_TEST_MARKER();
4094:Middlewares/Third_Party/FreeRTOS/Source/tasks.c **** 		}
4095:Middlewares/Third_Party/FreeRTOS/Source/tasks.c **** 
4096:Middlewares/Third_Party/FreeRTOS/Source/tasks.c **** 		return xReturn;
4097:Middlewares/Third_Party/FreeRTOS/Source/tasks.c **** 	}
4098:Middlewares/Third_Party/FreeRTOS/Source/tasks.c **** 
4099:Middlewares/Third_Party/FreeRTOS/Source/tasks.c **** #endif /* configUSE_MUTEXES */
4100:Middlewares/Third_Party/FreeRTOS/Source/tasks.c **** /*-----------------------------------------------------------*/
4101:Middlewares/Third_Party/FreeRTOS/Source/tasks.c **** 
4102:Middlewares/Third_Party/FreeRTOS/Source/tasks.c **** #if ( configUSE_MUTEXES == 1 )
4103:Middlewares/Third_Party/FreeRTOS/Source/tasks.c **** 
4104:Middlewares/Third_Party/FreeRTOS/Source/tasks.c **** 	BaseType_t xTaskPriorityDisinherit( TaskHandle_t const pxMutexHolder )
4105:Middlewares/Third_Party/FreeRTOS/Source/tasks.c **** 	{
4106:Middlewares/Third_Party/FreeRTOS/Source/tasks.c **** 	TCB_t * const pxTCB = pxMutexHolder;
4107:Middlewares/Third_Party/FreeRTOS/Source/tasks.c **** 	BaseType_t xReturn = pdFALSE;
4108:Middlewares/Third_Party/FreeRTOS/Source/tasks.c **** 
4109:Middlewares/Third_Party/FreeRTOS/Source/tasks.c **** 		if( pxMutexHolder != NULL )
4110:Middlewares/Third_Party/FreeRTOS/Source/tasks.c **** 		{
4111:Middlewares/Third_Party/FreeRTOS/Source/tasks.c **** 			/* A task can only have an inherited priority if it holds the mutex.
4112:Middlewares/Third_Party/FreeRTOS/Source/tasks.c **** 			If the mutex is held by a task then it cannot be given from an
4113:Middlewares/Third_Party/FreeRTOS/Source/tasks.c **** 			interrupt, and if a mutex is given by the holding task then it must
4114:Middlewares/Third_Party/FreeRTOS/Source/tasks.c **** 			be the running state task. */
4115:Middlewares/Third_Party/FreeRTOS/Source/tasks.c **** 			configASSERT( pxTCB == pxCurrentTCB );
4116:Middlewares/Third_Party/FreeRTOS/Source/tasks.c **** 			configASSERT( pxTCB->uxMutexesHeld );
4117:Middlewares/Third_Party/FreeRTOS/Source/tasks.c **** 			( pxTCB->uxMutexesHeld )--;
4118:Middlewares/Third_Party/FreeRTOS/Source/tasks.c **** 
4119:Middlewares/Third_Party/FreeRTOS/Source/tasks.c **** 			/* Has the holder of the mutex inherited the priority of another
4120:Middlewares/Third_Party/FreeRTOS/Source/tasks.c **** 			task? */
4121:Middlewares/Third_Party/FreeRTOS/Source/tasks.c **** 			if( pxTCB->uxPriority != pxTCB->uxBasePriority )
ARM GAS  C:\Users\Asus\AppData\Local\Temp\cctip26G.s 			page 91


4122:Middlewares/Third_Party/FreeRTOS/Source/tasks.c **** 			{
4123:Middlewares/Third_Party/FreeRTOS/Source/tasks.c **** 				/* Only disinherit if no other mutexes are held. */
4124:Middlewares/Third_Party/FreeRTOS/Source/tasks.c **** 				if( pxTCB->uxMutexesHeld == ( UBaseType_t ) 0 )
4125:Middlewares/Third_Party/FreeRTOS/Source/tasks.c **** 				{
4126:Middlewares/Third_Party/FreeRTOS/Source/tasks.c **** 					/* A task can only have an inherited priority if it holds
4127:Middlewares/Third_Party/FreeRTOS/Source/tasks.c **** 					the mutex.  If the mutex is held by a task then it cannot be
4128:Middlewares/Third_Party/FreeRTOS/Source/tasks.c **** 					given from an interrupt, and if a mutex is given by the
4129:Middlewares/Third_Party/FreeRTOS/Source/tasks.c **** 					holding task then it must be the running state task.  Remove
4130:Middlewares/Third_Party/FreeRTOS/Source/tasks.c **** 					the holding task from the ready/delayed list. */
4131:Middlewares/Third_Party/FreeRTOS/Source/tasks.c **** 					if( uxListRemove( &( pxTCB->xStateListItem ) ) == ( UBaseType_t ) 0 )
4132:Middlewares/Third_Party/FreeRTOS/Source/tasks.c **** 					{
4133:Middlewares/Third_Party/FreeRTOS/Source/tasks.c **** 						taskRESET_READY_PRIORITY( pxTCB->uxPriority );
4134:Middlewares/Third_Party/FreeRTOS/Source/tasks.c **** 					}
4135:Middlewares/Third_Party/FreeRTOS/Source/tasks.c **** 					else
4136:Middlewares/Third_Party/FreeRTOS/Source/tasks.c **** 					{
4137:Middlewares/Third_Party/FreeRTOS/Source/tasks.c **** 						mtCOVERAGE_TEST_MARKER();
4138:Middlewares/Third_Party/FreeRTOS/Source/tasks.c **** 					}
4139:Middlewares/Third_Party/FreeRTOS/Source/tasks.c **** 
4140:Middlewares/Third_Party/FreeRTOS/Source/tasks.c **** 					/* Disinherit the priority before adding the task into the
4141:Middlewares/Third_Party/FreeRTOS/Source/tasks.c **** 					new	ready list. */
4142:Middlewares/Third_Party/FreeRTOS/Source/tasks.c **** 					traceTASK_PRIORITY_DISINHERIT( pxTCB, pxTCB->uxBasePriority );
4143:Middlewares/Third_Party/FreeRTOS/Source/tasks.c **** 					pxTCB->uxPriority = pxTCB->uxBasePriority;
4144:Middlewares/Third_Party/FreeRTOS/Source/tasks.c **** 
4145:Middlewares/Third_Party/FreeRTOS/Source/tasks.c **** 					/* Reset the event list item value.  It cannot be in use for
4146:Middlewares/Third_Party/FreeRTOS/Source/tasks.c **** 					any other purpose if this task is running, and it must be
4147:Middlewares/Third_Party/FreeRTOS/Source/tasks.c **** 					running to give back the mutex. */
4148:Middlewares/Third_Party/FreeRTOS/Source/tasks.c **** 					listSET_LIST_ITEM_VALUE( &( pxTCB->xEventListItem ), ( TickType_t ) configMAX_PRIORITIES - ( T
4149:Middlewares/Third_Party/FreeRTOS/Source/tasks.c **** 					prvAddTaskToReadyList( pxTCB );
4150:Middlewares/Third_Party/FreeRTOS/Source/tasks.c **** 
4151:Middlewares/Third_Party/FreeRTOS/Source/tasks.c **** 					/* Return true to indicate that a context switch is required.
4152:Middlewares/Third_Party/FreeRTOS/Source/tasks.c **** 					This is only actually required in the corner case whereby
4153:Middlewares/Third_Party/FreeRTOS/Source/tasks.c **** 					multiple mutexes were held and the mutexes were given back
4154:Middlewares/Third_Party/FreeRTOS/Source/tasks.c **** 					in an order different to that in which they were taken.
4155:Middlewares/Third_Party/FreeRTOS/Source/tasks.c **** 					If a context switch did not occur when the first mutex was
4156:Middlewares/Third_Party/FreeRTOS/Source/tasks.c **** 					returned, even if a task was waiting on it, then a context
4157:Middlewares/Third_Party/FreeRTOS/Source/tasks.c **** 					switch should occur when the last mutex is returned whether
4158:Middlewares/Third_Party/FreeRTOS/Source/tasks.c **** 					a task is waiting on it or not. */
4159:Middlewares/Third_Party/FreeRTOS/Source/tasks.c **** 					xReturn = pdTRUE;
4160:Middlewares/Third_Party/FreeRTOS/Source/tasks.c **** 				}
4161:Middlewares/Third_Party/FreeRTOS/Source/tasks.c **** 				else
4162:Middlewares/Third_Party/FreeRTOS/Source/tasks.c **** 				{
4163:Middlewares/Third_Party/FreeRTOS/Source/tasks.c **** 					mtCOVERAGE_TEST_MARKER();
4164:Middlewares/Third_Party/FreeRTOS/Source/tasks.c **** 				}
4165:Middlewares/Third_Party/FreeRTOS/Source/tasks.c **** 			}
4166:Middlewares/Third_Party/FreeRTOS/Source/tasks.c **** 			else
4167:Middlewares/Third_Party/FreeRTOS/Source/tasks.c **** 			{
4168:Middlewares/Third_Party/FreeRTOS/Source/tasks.c **** 				mtCOVERAGE_TEST_MARKER();
4169:Middlewares/Third_Party/FreeRTOS/Source/tasks.c **** 			}
4170:Middlewares/Third_Party/FreeRTOS/Source/tasks.c **** 		}
4171:Middlewares/Third_Party/FreeRTOS/Source/tasks.c **** 		else
4172:Middlewares/Third_Party/FreeRTOS/Source/tasks.c **** 		{
4173:Middlewares/Third_Party/FreeRTOS/Source/tasks.c **** 			mtCOVERAGE_TEST_MARKER();
4174:Middlewares/Third_Party/FreeRTOS/Source/tasks.c **** 		}
4175:Middlewares/Third_Party/FreeRTOS/Source/tasks.c **** 
4176:Middlewares/Third_Party/FreeRTOS/Source/tasks.c **** 		return xReturn;
4177:Middlewares/Third_Party/FreeRTOS/Source/tasks.c **** 	}
4178:Middlewares/Third_Party/FreeRTOS/Source/tasks.c **** 
ARM GAS  C:\Users\Asus\AppData\Local\Temp\cctip26G.s 			page 92


4179:Middlewares/Third_Party/FreeRTOS/Source/tasks.c **** #endif /* configUSE_MUTEXES */
4180:Middlewares/Third_Party/FreeRTOS/Source/tasks.c **** /*-----------------------------------------------------------*/
4181:Middlewares/Third_Party/FreeRTOS/Source/tasks.c **** 
4182:Middlewares/Third_Party/FreeRTOS/Source/tasks.c **** #if ( configUSE_MUTEXES == 1 )
4183:Middlewares/Third_Party/FreeRTOS/Source/tasks.c **** 
4184:Middlewares/Third_Party/FreeRTOS/Source/tasks.c **** 	void vTaskPriorityDisinheritAfterTimeout( TaskHandle_t const pxMutexHolder, UBaseType_t uxHighestP
4185:Middlewares/Third_Party/FreeRTOS/Source/tasks.c **** 	{
4186:Middlewares/Third_Party/FreeRTOS/Source/tasks.c **** 	TCB_t * const pxTCB = pxMutexHolder;
4187:Middlewares/Third_Party/FreeRTOS/Source/tasks.c **** 	UBaseType_t uxPriorityUsedOnEntry, uxPriorityToUse;
4188:Middlewares/Third_Party/FreeRTOS/Source/tasks.c **** 	const UBaseType_t uxOnlyOneMutexHeld = ( UBaseType_t ) 1;
4189:Middlewares/Third_Party/FreeRTOS/Source/tasks.c **** 
4190:Middlewares/Third_Party/FreeRTOS/Source/tasks.c **** 		if( pxMutexHolder != NULL )
4191:Middlewares/Third_Party/FreeRTOS/Source/tasks.c **** 		{
4192:Middlewares/Third_Party/FreeRTOS/Source/tasks.c **** 			/* If pxMutexHolder is not NULL then the holder must hold at least
4193:Middlewares/Third_Party/FreeRTOS/Source/tasks.c **** 			one mutex. */
4194:Middlewares/Third_Party/FreeRTOS/Source/tasks.c **** 			configASSERT( pxTCB->uxMutexesHeld );
4195:Middlewares/Third_Party/FreeRTOS/Source/tasks.c **** 
4196:Middlewares/Third_Party/FreeRTOS/Source/tasks.c **** 			/* Determine the priority to which the priority of the task that
4197:Middlewares/Third_Party/FreeRTOS/Source/tasks.c **** 			holds the mutex should be set.  This will be the greater of the
4198:Middlewares/Third_Party/FreeRTOS/Source/tasks.c **** 			holding task's base priority and the priority of the highest
4199:Middlewares/Third_Party/FreeRTOS/Source/tasks.c **** 			priority task that is waiting to obtain the mutex. */
4200:Middlewares/Third_Party/FreeRTOS/Source/tasks.c **** 			if( pxTCB->uxBasePriority < uxHighestPriorityWaitingTask )
4201:Middlewares/Third_Party/FreeRTOS/Source/tasks.c **** 			{
4202:Middlewares/Third_Party/FreeRTOS/Source/tasks.c **** 				uxPriorityToUse = uxHighestPriorityWaitingTask;
4203:Middlewares/Third_Party/FreeRTOS/Source/tasks.c **** 			}
4204:Middlewares/Third_Party/FreeRTOS/Source/tasks.c **** 			else
4205:Middlewares/Third_Party/FreeRTOS/Source/tasks.c **** 			{
4206:Middlewares/Third_Party/FreeRTOS/Source/tasks.c **** 				uxPriorityToUse = pxTCB->uxBasePriority;
4207:Middlewares/Third_Party/FreeRTOS/Source/tasks.c **** 			}
4208:Middlewares/Third_Party/FreeRTOS/Source/tasks.c **** 
4209:Middlewares/Third_Party/FreeRTOS/Source/tasks.c **** 			/* Does the priority need to change? */
4210:Middlewares/Third_Party/FreeRTOS/Source/tasks.c **** 			if( pxTCB->uxPriority != uxPriorityToUse )
4211:Middlewares/Third_Party/FreeRTOS/Source/tasks.c **** 			{
4212:Middlewares/Third_Party/FreeRTOS/Source/tasks.c **** 				/* Only disinherit if no other mutexes are held.  This is a
4213:Middlewares/Third_Party/FreeRTOS/Source/tasks.c **** 				simplification in the priority inheritance implementation.  If
4214:Middlewares/Third_Party/FreeRTOS/Source/tasks.c **** 				the task that holds the mutex is also holding other mutexes then
4215:Middlewares/Third_Party/FreeRTOS/Source/tasks.c **** 				the other mutexes may have caused the priority inheritance. */
4216:Middlewares/Third_Party/FreeRTOS/Source/tasks.c **** 				if( pxTCB->uxMutexesHeld == uxOnlyOneMutexHeld )
4217:Middlewares/Third_Party/FreeRTOS/Source/tasks.c **** 				{
4218:Middlewares/Third_Party/FreeRTOS/Source/tasks.c **** 					/* If a task has timed out because it already holds the
4219:Middlewares/Third_Party/FreeRTOS/Source/tasks.c **** 					mutex it was trying to obtain then it cannot of inherited
4220:Middlewares/Third_Party/FreeRTOS/Source/tasks.c **** 					its own priority. */
4221:Middlewares/Third_Party/FreeRTOS/Source/tasks.c **** 					configASSERT( pxTCB != pxCurrentTCB );
4222:Middlewares/Third_Party/FreeRTOS/Source/tasks.c **** 
4223:Middlewares/Third_Party/FreeRTOS/Source/tasks.c **** 					/* Disinherit the priority, remembering the previous
4224:Middlewares/Third_Party/FreeRTOS/Source/tasks.c **** 					priority to facilitate determining the subject task's
4225:Middlewares/Third_Party/FreeRTOS/Source/tasks.c **** 					state. */
4226:Middlewares/Third_Party/FreeRTOS/Source/tasks.c **** 					traceTASK_PRIORITY_DISINHERIT( pxTCB, pxTCB->uxBasePriority );
4227:Middlewares/Third_Party/FreeRTOS/Source/tasks.c **** 					uxPriorityUsedOnEntry = pxTCB->uxPriority;
4228:Middlewares/Third_Party/FreeRTOS/Source/tasks.c **** 					pxTCB->uxPriority = uxPriorityToUse;
4229:Middlewares/Third_Party/FreeRTOS/Source/tasks.c **** 
4230:Middlewares/Third_Party/FreeRTOS/Source/tasks.c **** 					/* Only reset the event list item value if the value is not
4231:Middlewares/Third_Party/FreeRTOS/Source/tasks.c **** 					being used for anything else. */
4232:Middlewares/Third_Party/FreeRTOS/Source/tasks.c **** 					if( ( listGET_LIST_ITEM_VALUE( &( pxTCB->xEventListItem ) ) & taskEVENT_LIST_ITEM_VALUE_IN_USE
4233:Middlewares/Third_Party/FreeRTOS/Source/tasks.c **** 					{
4234:Middlewares/Third_Party/FreeRTOS/Source/tasks.c **** 						listSET_LIST_ITEM_VALUE( &( pxTCB->xEventListItem ), ( TickType_t ) configMAX_PRIORITIES - ( 
4235:Middlewares/Third_Party/FreeRTOS/Source/tasks.c **** 					}
ARM GAS  C:\Users\Asus\AppData\Local\Temp\cctip26G.s 			page 93


4236:Middlewares/Third_Party/FreeRTOS/Source/tasks.c **** 					else
4237:Middlewares/Third_Party/FreeRTOS/Source/tasks.c **** 					{
4238:Middlewares/Third_Party/FreeRTOS/Source/tasks.c **** 						mtCOVERAGE_TEST_MARKER();
4239:Middlewares/Third_Party/FreeRTOS/Source/tasks.c **** 					}
4240:Middlewares/Third_Party/FreeRTOS/Source/tasks.c **** 
4241:Middlewares/Third_Party/FreeRTOS/Source/tasks.c **** 					/* If the running task is not the task that holds the mutex
4242:Middlewares/Third_Party/FreeRTOS/Source/tasks.c **** 					then the task that holds the mutex could be in either the
4243:Middlewares/Third_Party/FreeRTOS/Source/tasks.c **** 					Ready, Blocked or Suspended states.  Only remove the task
4244:Middlewares/Third_Party/FreeRTOS/Source/tasks.c **** 					from its current state list if it is in the Ready state as
4245:Middlewares/Third_Party/FreeRTOS/Source/tasks.c **** 					the task's priority is going to change and there is one
4246:Middlewares/Third_Party/FreeRTOS/Source/tasks.c **** 					Ready list per priority. */
4247:Middlewares/Third_Party/FreeRTOS/Source/tasks.c **** 					if( listIS_CONTAINED_WITHIN( &( pxReadyTasksLists[ uxPriorityUsedOnEntry ] ), &( pxTCB->xState
4248:Middlewares/Third_Party/FreeRTOS/Source/tasks.c **** 					{
4249:Middlewares/Third_Party/FreeRTOS/Source/tasks.c **** 						if( uxListRemove( &( pxTCB->xStateListItem ) ) == ( UBaseType_t ) 0 )
4250:Middlewares/Third_Party/FreeRTOS/Source/tasks.c **** 						{
4251:Middlewares/Third_Party/FreeRTOS/Source/tasks.c **** 							/* It is known that the task is in its ready list so
4252:Middlewares/Third_Party/FreeRTOS/Source/tasks.c **** 							there is no need to check again and the port level
4253:Middlewares/Third_Party/FreeRTOS/Source/tasks.c **** 							reset macro can be called directly. */
4254:Middlewares/Third_Party/FreeRTOS/Source/tasks.c **** 							portRESET_READY_PRIORITY( pxTCB->uxPriority, uxTopReadyPriority );
4255:Middlewares/Third_Party/FreeRTOS/Source/tasks.c **** 						}
4256:Middlewares/Third_Party/FreeRTOS/Source/tasks.c **** 						else
4257:Middlewares/Third_Party/FreeRTOS/Source/tasks.c **** 						{
4258:Middlewares/Third_Party/FreeRTOS/Source/tasks.c **** 							mtCOVERAGE_TEST_MARKER();
4259:Middlewares/Third_Party/FreeRTOS/Source/tasks.c **** 						}
4260:Middlewares/Third_Party/FreeRTOS/Source/tasks.c **** 
4261:Middlewares/Third_Party/FreeRTOS/Source/tasks.c **** 						prvAddTaskToReadyList( pxTCB );
4262:Middlewares/Third_Party/FreeRTOS/Source/tasks.c **** 					}
4263:Middlewares/Third_Party/FreeRTOS/Source/tasks.c **** 					else
4264:Middlewares/Third_Party/FreeRTOS/Source/tasks.c **** 					{
4265:Middlewares/Third_Party/FreeRTOS/Source/tasks.c **** 						mtCOVERAGE_TEST_MARKER();
4266:Middlewares/Third_Party/FreeRTOS/Source/tasks.c **** 					}
4267:Middlewares/Third_Party/FreeRTOS/Source/tasks.c **** 				}
4268:Middlewares/Third_Party/FreeRTOS/Source/tasks.c **** 				else
4269:Middlewares/Third_Party/FreeRTOS/Source/tasks.c **** 				{
4270:Middlewares/Third_Party/FreeRTOS/Source/tasks.c **** 					mtCOVERAGE_TEST_MARKER();
4271:Middlewares/Third_Party/FreeRTOS/Source/tasks.c **** 				}
4272:Middlewares/Third_Party/FreeRTOS/Source/tasks.c **** 			}
4273:Middlewares/Third_Party/FreeRTOS/Source/tasks.c **** 			else
4274:Middlewares/Third_Party/FreeRTOS/Source/tasks.c **** 			{
4275:Middlewares/Third_Party/FreeRTOS/Source/tasks.c **** 				mtCOVERAGE_TEST_MARKER();
4276:Middlewares/Third_Party/FreeRTOS/Source/tasks.c **** 			}
4277:Middlewares/Third_Party/FreeRTOS/Source/tasks.c **** 		}
4278:Middlewares/Third_Party/FreeRTOS/Source/tasks.c **** 		else
4279:Middlewares/Third_Party/FreeRTOS/Source/tasks.c **** 		{
4280:Middlewares/Third_Party/FreeRTOS/Source/tasks.c **** 			mtCOVERAGE_TEST_MARKER();
4281:Middlewares/Third_Party/FreeRTOS/Source/tasks.c **** 		}
4282:Middlewares/Third_Party/FreeRTOS/Source/tasks.c **** 	}
4283:Middlewares/Third_Party/FreeRTOS/Source/tasks.c **** 
4284:Middlewares/Third_Party/FreeRTOS/Source/tasks.c **** #endif /* configUSE_MUTEXES */
4285:Middlewares/Third_Party/FreeRTOS/Source/tasks.c **** /*-----------------------------------------------------------*/
4286:Middlewares/Third_Party/FreeRTOS/Source/tasks.c **** 
4287:Middlewares/Third_Party/FreeRTOS/Source/tasks.c **** #if ( portCRITICAL_NESTING_IN_TCB == 1 )
4288:Middlewares/Third_Party/FreeRTOS/Source/tasks.c **** 
4289:Middlewares/Third_Party/FreeRTOS/Source/tasks.c **** 	void vTaskEnterCritical( void )
4290:Middlewares/Third_Party/FreeRTOS/Source/tasks.c **** 	{
4291:Middlewares/Third_Party/FreeRTOS/Source/tasks.c **** 		portDISABLE_INTERRUPTS();
4292:Middlewares/Third_Party/FreeRTOS/Source/tasks.c **** 
ARM GAS  C:\Users\Asus\AppData\Local\Temp\cctip26G.s 			page 94


4293:Middlewares/Third_Party/FreeRTOS/Source/tasks.c **** 		if( xSchedulerRunning != pdFALSE )
4294:Middlewares/Third_Party/FreeRTOS/Source/tasks.c **** 		{
4295:Middlewares/Third_Party/FreeRTOS/Source/tasks.c **** 			( pxCurrentTCB->uxCriticalNesting )++;
4296:Middlewares/Third_Party/FreeRTOS/Source/tasks.c **** 
4297:Middlewares/Third_Party/FreeRTOS/Source/tasks.c **** 			/* This is not the interrupt safe version of the enter critical
4298:Middlewares/Third_Party/FreeRTOS/Source/tasks.c **** 			function so	assert() if it is being called from an interrupt
4299:Middlewares/Third_Party/FreeRTOS/Source/tasks.c **** 			context.  Only API functions that end in "FromISR" can be used in an
4300:Middlewares/Third_Party/FreeRTOS/Source/tasks.c **** 			interrupt.  Only assert if the critical nesting count is 1 to
4301:Middlewares/Third_Party/FreeRTOS/Source/tasks.c **** 			protect against recursive calls if the assert function also uses a
4302:Middlewares/Third_Party/FreeRTOS/Source/tasks.c **** 			critical section. */
4303:Middlewares/Third_Party/FreeRTOS/Source/tasks.c **** 			if( pxCurrentTCB->uxCriticalNesting == 1 )
4304:Middlewares/Third_Party/FreeRTOS/Source/tasks.c **** 			{
4305:Middlewares/Third_Party/FreeRTOS/Source/tasks.c **** 				portASSERT_IF_IN_ISR();
4306:Middlewares/Third_Party/FreeRTOS/Source/tasks.c **** 			}
4307:Middlewares/Third_Party/FreeRTOS/Source/tasks.c **** 		}
4308:Middlewares/Third_Party/FreeRTOS/Source/tasks.c **** 		else
4309:Middlewares/Third_Party/FreeRTOS/Source/tasks.c **** 		{
4310:Middlewares/Third_Party/FreeRTOS/Source/tasks.c **** 			mtCOVERAGE_TEST_MARKER();
4311:Middlewares/Third_Party/FreeRTOS/Source/tasks.c **** 		}
4312:Middlewares/Third_Party/FreeRTOS/Source/tasks.c **** 	}
4313:Middlewares/Third_Party/FreeRTOS/Source/tasks.c **** 
4314:Middlewares/Third_Party/FreeRTOS/Source/tasks.c **** #endif /* portCRITICAL_NESTING_IN_TCB */
4315:Middlewares/Third_Party/FreeRTOS/Source/tasks.c **** /*-----------------------------------------------------------*/
4316:Middlewares/Third_Party/FreeRTOS/Source/tasks.c **** 
4317:Middlewares/Third_Party/FreeRTOS/Source/tasks.c **** #if ( portCRITICAL_NESTING_IN_TCB == 1 )
4318:Middlewares/Third_Party/FreeRTOS/Source/tasks.c **** 
4319:Middlewares/Third_Party/FreeRTOS/Source/tasks.c **** 	void vTaskExitCritical( void )
4320:Middlewares/Third_Party/FreeRTOS/Source/tasks.c **** 	{
4321:Middlewares/Third_Party/FreeRTOS/Source/tasks.c **** 		if( xSchedulerRunning != pdFALSE )
4322:Middlewares/Third_Party/FreeRTOS/Source/tasks.c **** 		{
4323:Middlewares/Third_Party/FreeRTOS/Source/tasks.c **** 			if( pxCurrentTCB->uxCriticalNesting > 0U )
4324:Middlewares/Third_Party/FreeRTOS/Source/tasks.c **** 			{
4325:Middlewares/Third_Party/FreeRTOS/Source/tasks.c **** 				( pxCurrentTCB->uxCriticalNesting )--;
4326:Middlewares/Third_Party/FreeRTOS/Source/tasks.c **** 
4327:Middlewares/Third_Party/FreeRTOS/Source/tasks.c **** 				if( pxCurrentTCB->uxCriticalNesting == 0U )
4328:Middlewares/Third_Party/FreeRTOS/Source/tasks.c **** 				{
4329:Middlewares/Third_Party/FreeRTOS/Source/tasks.c **** 					portENABLE_INTERRUPTS();
4330:Middlewares/Third_Party/FreeRTOS/Source/tasks.c **** 				}
4331:Middlewares/Third_Party/FreeRTOS/Source/tasks.c **** 				else
4332:Middlewares/Third_Party/FreeRTOS/Source/tasks.c **** 				{
4333:Middlewares/Third_Party/FreeRTOS/Source/tasks.c **** 					mtCOVERAGE_TEST_MARKER();
4334:Middlewares/Third_Party/FreeRTOS/Source/tasks.c **** 				}
4335:Middlewares/Third_Party/FreeRTOS/Source/tasks.c **** 			}
4336:Middlewares/Third_Party/FreeRTOS/Source/tasks.c **** 			else
4337:Middlewares/Third_Party/FreeRTOS/Source/tasks.c **** 			{
4338:Middlewares/Third_Party/FreeRTOS/Source/tasks.c **** 				mtCOVERAGE_TEST_MARKER();
4339:Middlewares/Third_Party/FreeRTOS/Source/tasks.c **** 			}
4340:Middlewares/Third_Party/FreeRTOS/Source/tasks.c **** 		}
4341:Middlewares/Third_Party/FreeRTOS/Source/tasks.c **** 		else
4342:Middlewares/Third_Party/FreeRTOS/Source/tasks.c **** 		{
4343:Middlewares/Third_Party/FreeRTOS/Source/tasks.c **** 			mtCOVERAGE_TEST_MARKER();
4344:Middlewares/Third_Party/FreeRTOS/Source/tasks.c **** 		}
4345:Middlewares/Third_Party/FreeRTOS/Source/tasks.c **** 	}
4346:Middlewares/Third_Party/FreeRTOS/Source/tasks.c **** 
4347:Middlewares/Third_Party/FreeRTOS/Source/tasks.c **** #endif /* portCRITICAL_NESTING_IN_TCB */
4348:Middlewares/Third_Party/FreeRTOS/Source/tasks.c **** /*-----------------------------------------------------------*/
4349:Middlewares/Third_Party/FreeRTOS/Source/tasks.c **** 
ARM GAS  C:\Users\Asus\AppData\Local\Temp\cctip26G.s 			page 95


4350:Middlewares/Third_Party/FreeRTOS/Source/tasks.c **** #if ( ( configUSE_TRACE_FACILITY == 1 ) && ( configUSE_STATS_FORMATTING_FUNCTIONS > 0 ) )
4351:Middlewares/Third_Party/FreeRTOS/Source/tasks.c **** 
4352:Middlewares/Third_Party/FreeRTOS/Source/tasks.c **** 	static char *prvWriteNameToBuffer( char *pcBuffer, const char *pcTaskName )
4353:Middlewares/Third_Party/FreeRTOS/Source/tasks.c **** 	{
4354:Middlewares/Third_Party/FreeRTOS/Source/tasks.c **** 	size_t x;
4355:Middlewares/Third_Party/FreeRTOS/Source/tasks.c **** 
4356:Middlewares/Third_Party/FreeRTOS/Source/tasks.c **** 		/* Start by copying the entire string. */
4357:Middlewares/Third_Party/FreeRTOS/Source/tasks.c **** 		strcpy( pcBuffer, pcTaskName );
4358:Middlewares/Third_Party/FreeRTOS/Source/tasks.c **** 
4359:Middlewares/Third_Party/FreeRTOS/Source/tasks.c **** 		/* Pad the end of the string with spaces to ensure columns line up when
4360:Middlewares/Third_Party/FreeRTOS/Source/tasks.c **** 		printed out. */
4361:Middlewares/Third_Party/FreeRTOS/Source/tasks.c **** 		for( x = strlen( pcBuffer ); x < ( size_t ) ( configMAX_TASK_NAME_LEN - 1 ); x++ )
4362:Middlewares/Third_Party/FreeRTOS/Source/tasks.c **** 		{
4363:Middlewares/Third_Party/FreeRTOS/Source/tasks.c **** 			pcBuffer[ x ] = ' ';
4364:Middlewares/Third_Party/FreeRTOS/Source/tasks.c **** 		}
4365:Middlewares/Third_Party/FreeRTOS/Source/tasks.c **** 
4366:Middlewares/Third_Party/FreeRTOS/Source/tasks.c **** 		/* Terminate. */
4367:Middlewares/Third_Party/FreeRTOS/Source/tasks.c **** 		pcBuffer[ x ] = ( char ) 0x00;
4368:Middlewares/Third_Party/FreeRTOS/Source/tasks.c **** 
4369:Middlewares/Third_Party/FreeRTOS/Source/tasks.c **** 		/* Return the new end of string. */
4370:Middlewares/Third_Party/FreeRTOS/Source/tasks.c **** 		return &( pcBuffer[ x ] );
4371:Middlewares/Third_Party/FreeRTOS/Source/tasks.c **** 	}
4372:Middlewares/Third_Party/FreeRTOS/Source/tasks.c **** 
4373:Middlewares/Third_Party/FreeRTOS/Source/tasks.c **** #endif /* ( configUSE_TRACE_FACILITY == 1 ) && ( configUSE_STATS_FORMATTING_FUNCTIONS > 0 ) */
4374:Middlewares/Third_Party/FreeRTOS/Source/tasks.c **** /*-----------------------------------------------------------*/
4375:Middlewares/Third_Party/FreeRTOS/Source/tasks.c **** 
4376:Middlewares/Third_Party/FreeRTOS/Source/tasks.c **** #if ( ( configUSE_TRACE_FACILITY == 1 ) && ( configUSE_STATS_FORMATTING_FUNCTIONS > 0 ) && ( config
4377:Middlewares/Third_Party/FreeRTOS/Source/tasks.c **** 
4378:Middlewares/Third_Party/FreeRTOS/Source/tasks.c **** 	void vTaskList( char * pcWriteBuffer )
4379:Middlewares/Third_Party/FreeRTOS/Source/tasks.c **** 	{
4380:Middlewares/Third_Party/FreeRTOS/Source/tasks.c **** 	TaskStatus_t *pxTaskStatusArray;
4381:Middlewares/Third_Party/FreeRTOS/Source/tasks.c **** 	UBaseType_t uxArraySize, x;
4382:Middlewares/Third_Party/FreeRTOS/Source/tasks.c **** 	char cStatus;
4383:Middlewares/Third_Party/FreeRTOS/Source/tasks.c **** 
4384:Middlewares/Third_Party/FreeRTOS/Source/tasks.c **** 		/*
4385:Middlewares/Third_Party/FreeRTOS/Source/tasks.c **** 		 * PLEASE NOTE:
4386:Middlewares/Third_Party/FreeRTOS/Source/tasks.c **** 		 *
4387:Middlewares/Third_Party/FreeRTOS/Source/tasks.c **** 		 * This function is provided for convenience only, and is used by many
4388:Middlewares/Third_Party/FreeRTOS/Source/tasks.c **** 		 * of the demo applications.  Do not consider it to be part of the
4389:Middlewares/Third_Party/FreeRTOS/Source/tasks.c **** 		 * scheduler.
4390:Middlewares/Third_Party/FreeRTOS/Source/tasks.c **** 		 *
4391:Middlewares/Third_Party/FreeRTOS/Source/tasks.c **** 		 * vTaskList() calls uxTaskGetSystemState(), then formats part of the
4392:Middlewares/Third_Party/FreeRTOS/Source/tasks.c **** 		 * uxTaskGetSystemState() output into a human readable table that
4393:Middlewares/Third_Party/FreeRTOS/Source/tasks.c **** 		 * displays task names, states and stack usage.
4394:Middlewares/Third_Party/FreeRTOS/Source/tasks.c **** 		 *
4395:Middlewares/Third_Party/FreeRTOS/Source/tasks.c **** 		 * vTaskList() has a dependency on the sprintf() C library function that
4396:Middlewares/Third_Party/FreeRTOS/Source/tasks.c **** 		 * might bloat the code size, use a lot of stack, and provide different
4397:Middlewares/Third_Party/FreeRTOS/Source/tasks.c **** 		 * results on different platforms.  An alternative, tiny, third party,
4398:Middlewares/Third_Party/FreeRTOS/Source/tasks.c **** 		 * and limited functionality implementation of sprintf() is provided in
4399:Middlewares/Third_Party/FreeRTOS/Source/tasks.c **** 		 * many of the FreeRTOS/Demo sub-directories in a file called
4400:Middlewares/Third_Party/FreeRTOS/Source/tasks.c **** 		 * printf-stdarg.c (note printf-stdarg.c does not provide a full
4401:Middlewares/Third_Party/FreeRTOS/Source/tasks.c **** 		 * snprintf() implementation!).
4402:Middlewares/Third_Party/FreeRTOS/Source/tasks.c **** 		 *
4403:Middlewares/Third_Party/FreeRTOS/Source/tasks.c **** 		 * It is recommended that production systems call uxTaskGetSystemState()
4404:Middlewares/Third_Party/FreeRTOS/Source/tasks.c **** 		 * directly to get access to raw stats data, rather than indirectly
4405:Middlewares/Third_Party/FreeRTOS/Source/tasks.c **** 		 * through a call to vTaskList().
4406:Middlewares/Third_Party/FreeRTOS/Source/tasks.c **** 		 */
ARM GAS  C:\Users\Asus\AppData\Local\Temp\cctip26G.s 			page 96


4407:Middlewares/Third_Party/FreeRTOS/Source/tasks.c **** 
4408:Middlewares/Third_Party/FreeRTOS/Source/tasks.c **** 
4409:Middlewares/Third_Party/FreeRTOS/Source/tasks.c **** 		/* Make sure the write buffer does not contain a string. */
4410:Middlewares/Third_Party/FreeRTOS/Source/tasks.c **** 		*pcWriteBuffer = ( char ) 0x00;
4411:Middlewares/Third_Party/FreeRTOS/Source/tasks.c **** 
4412:Middlewares/Third_Party/FreeRTOS/Source/tasks.c **** 		/* Take a snapshot of the number of tasks in case it changes while this
4413:Middlewares/Third_Party/FreeRTOS/Source/tasks.c **** 		function is executing. */
4414:Middlewares/Third_Party/FreeRTOS/Source/tasks.c **** 		uxArraySize = uxCurrentNumberOfTasks;
4415:Middlewares/Third_Party/FreeRTOS/Source/tasks.c **** 
4416:Middlewares/Third_Party/FreeRTOS/Source/tasks.c **** 		/* Allocate an array index for each task.  NOTE!  if
4417:Middlewares/Third_Party/FreeRTOS/Source/tasks.c **** 		configSUPPORT_DYNAMIC_ALLOCATION is set to 0 then pvPortMalloc() will
4418:Middlewares/Third_Party/FreeRTOS/Source/tasks.c **** 		equate to NULL. */
4419:Middlewares/Third_Party/FreeRTOS/Source/tasks.c **** 		pxTaskStatusArray = pvPortMalloc( uxCurrentNumberOfTasks * sizeof( TaskStatus_t ) ); /*lint !e907
4420:Middlewares/Third_Party/FreeRTOS/Source/tasks.c **** 
4421:Middlewares/Third_Party/FreeRTOS/Source/tasks.c **** 		if( pxTaskStatusArray != NULL )
4422:Middlewares/Third_Party/FreeRTOS/Source/tasks.c **** 		{
4423:Middlewares/Third_Party/FreeRTOS/Source/tasks.c **** 			/* Generate the (binary) data. */
4424:Middlewares/Third_Party/FreeRTOS/Source/tasks.c **** 			uxArraySize = uxTaskGetSystemState( pxTaskStatusArray, uxArraySize, NULL );
4425:Middlewares/Third_Party/FreeRTOS/Source/tasks.c **** 
4426:Middlewares/Third_Party/FreeRTOS/Source/tasks.c **** 			/* Create a human readable table from the binary data. */
4427:Middlewares/Third_Party/FreeRTOS/Source/tasks.c **** 			for( x = 0; x < uxArraySize; x++ )
4428:Middlewares/Third_Party/FreeRTOS/Source/tasks.c **** 			{
4429:Middlewares/Third_Party/FreeRTOS/Source/tasks.c **** 				switch( pxTaskStatusArray[ x ].eCurrentState )
4430:Middlewares/Third_Party/FreeRTOS/Source/tasks.c **** 				{
4431:Middlewares/Third_Party/FreeRTOS/Source/tasks.c **** 					case eRunning:		cStatus = tskRUNNING_CHAR;
4432:Middlewares/Third_Party/FreeRTOS/Source/tasks.c **** 										break;
4433:Middlewares/Third_Party/FreeRTOS/Source/tasks.c **** 
4434:Middlewares/Third_Party/FreeRTOS/Source/tasks.c **** 					case eReady:		cStatus = tskREADY_CHAR;
4435:Middlewares/Third_Party/FreeRTOS/Source/tasks.c **** 										break;
4436:Middlewares/Third_Party/FreeRTOS/Source/tasks.c **** 
4437:Middlewares/Third_Party/FreeRTOS/Source/tasks.c **** 					case eBlocked:		cStatus = tskBLOCKED_CHAR;
4438:Middlewares/Third_Party/FreeRTOS/Source/tasks.c **** 										break;
4439:Middlewares/Third_Party/FreeRTOS/Source/tasks.c **** 
4440:Middlewares/Third_Party/FreeRTOS/Source/tasks.c **** 					case eSuspended:	cStatus = tskSUSPENDED_CHAR;
4441:Middlewares/Third_Party/FreeRTOS/Source/tasks.c **** 										break;
4442:Middlewares/Third_Party/FreeRTOS/Source/tasks.c **** 
4443:Middlewares/Third_Party/FreeRTOS/Source/tasks.c **** 					case eDeleted:		cStatus = tskDELETED_CHAR;
4444:Middlewares/Third_Party/FreeRTOS/Source/tasks.c **** 										break;
4445:Middlewares/Third_Party/FreeRTOS/Source/tasks.c **** 
4446:Middlewares/Third_Party/FreeRTOS/Source/tasks.c **** 					case eInvalid:		/* Fall through. */
4447:Middlewares/Third_Party/FreeRTOS/Source/tasks.c **** 					default:			/* Should not get here, but it is included
4448:Middlewares/Third_Party/FreeRTOS/Source/tasks.c **** 										to prevent static checking errors. */
4449:Middlewares/Third_Party/FreeRTOS/Source/tasks.c **** 										cStatus = ( char ) 0x00;
4450:Middlewares/Third_Party/FreeRTOS/Source/tasks.c **** 										break;
4451:Middlewares/Third_Party/FreeRTOS/Source/tasks.c **** 				}
4452:Middlewares/Third_Party/FreeRTOS/Source/tasks.c **** 
4453:Middlewares/Third_Party/FreeRTOS/Source/tasks.c **** 				/* Write the task name to the string, padding with spaces so it
4454:Middlewares/Third_Party/FreeRTOS/Source/tasks.c **** 				can be printed in tabular form more easily. */
4455:Middlewares/Third_Party/FreeRTOS/Source/tasks.c **** 				pcWriteBuffer = prvWriteNameToBuffer( pcWriteBuffer, pxTaskStatusArray[ x ].pcTaskName );
4456:Middlewares/Third_Party/FreeRTOS/Source/tasks.c **** 
4457:Middlewares/Third_Party/FreeRTOS/Source/tasks.c **** 				/* Write the rest of the string. */
4458:Middlewares/Third_Party/FreeRTOS/Source/tasks.c **** 				sprintf( pcWriteBuffer, "\t%c\t%u\t%u\t%u\r\n", cStatus, ( unsigned int ) pxTaskStatusArray[ x 
4459:Middlewares/Third_Party/FreeRTOS/Source/tasks.c **** 				pcWriteBuffer += strlen( pcWriteBuffer ); /*lint !e9016 Pointer arithmetic ok on char pointers 
4460:Middlewares/Third_Party/FreeRTOS/Source/tasks.c **** 			}
4461:Middlewares/Third_Party/FreeRTOS/Source/tasks.c **** 
4462:Middlewares/Third_Party/FreeRTOS/Source/tasks.c **** 			/* Free the array again.  NOTE!  If configSUPPORT_DYNAMIC_ALLOCATION
4463:Middlewares/Third_Party/FreeRTOS/Source/tasks.c **** 			is 0 then vPortFree() will be #defined to nothing. */
ARM GAS  C:\Users\Asus\AppData\Local\Temp\cctip26G.s 			page 97


4464:Middlewares/Third_Party/FreeRTOS/Source/tasks.c **** 			vPortFree( pxTaskStatusArray );
4465:Middlewares/Third_Party/FreeRTOS/Source/tasks.c **** 		}
4466:Middlewares/Third_Party/FreeRTOS/Source/tasks.c **** 		else
4467:Middlewares/Third_Party/FreeRTOS/Source/tasks.c **** 		{
4468:Middlewares/Third_Party/FreeRTOS/Source/tasks.c **** 			mtCOVERAGE_TEST_MARKER();
4469:Middlewares/Third_Party/FreeRTOS/Source/tasks.c **** 		}
4470:Middlewares/Third_Party/FreeRTOS/Source/tasks.c **** 	}
4471:Middlewares/Third_Party/FreeRTOS/Source/tasks.c **** 
4472:Middlewares/Third_Party/FreeRTOS/Source/tasks.c **** #endif /* ( ( configUSE_TRACE_FACILITY == 1 ) && ( configUSE_STATS_FORMATTING_FUNCTIONS > 0 ) && ( 
4473:Middlewares/Third_Party/FreeRTOS/Source/tasks.c **** /*----------------------------------------------------------*/
4474:Middlewares/Third_Party/FreeRTOS/Source/tasks.c **** 
4475:Middlewares/Third_Party/FreeRTOS/Source/tasks.c **** #if ( ( configGENERATE_RUN_TIME_STATS == 1 ) && ( configUSE_STATS_FORMATTING_FUNCTIONS > 0 ) && ( c
4476:Middlewares/Third_Party/FreeRTOS/Source/tasks.c **** 
4477:Middlewares/Third_Party/FreeRTOS/Source/tasks.c **** 	void vTaskGetRunTimeStats( char *pcWriteBuffer )
4478:Middlewares/Third_Party/FreeRTOS/Source/tasks.c **** 	{
4479:Middlewares/Third_Party/FreeRTOS/Source/tasks.c **** 	TaskStatus_t *pxTaskStatusArray;
4480:Middlewares/Third_Party/FreeRTOS/Source/tasks.c **** 	UBaseType_t uxArraySize, x;
4481:Middlewares/Third_Party/FreeRTOS/Source/tasks.c **** 	uint32_t ulTotalTime, ulStatsAsPercentage;
4482:Middlewares/Third_Party/FreeRTOS/Source/tasks.c **** 
4483:Middlewares/Third_Party/FreeRTOS/Source/tasks.c **** 		#if( configUSE_TRACE_FACILITY != 1 )
4484:Middlewares/Third_Party/FreeRTOS/Source/tasks.c **** 		{
4485:Middlewares/Third_Party/FreeRTOS/Source/tasks.c **** 			#error configUSE_TRACE_FACILITY must also be set to 1 in FreeRTOSConfig.h to use vTaskGetRunTime
4486:Middlewares/Third_Party/FreeRTOS/Source/tasks.c **** 		}
4487:Middlewares/Third_Party/FreeRTOS/Source/tasks.c **** 		#endif
4488:Middlewares/Third_Party/FreeRTOS/Source/tasks.c **** 
4489:Middlewares/Third_Party/FreeRTOS/Source/tasks.c **** 		/*
4490:Middlewares/Third_Party/FreeRTOS/Source/tasks.c **** 		 * PLEASE NOTE:
4491:Middlewares/Third_Party/FreeRTOS/Source/tasks.c **** 		 *
4492:Middlewares/Third_Party/FreeRTOS/Source/tasks.c **** 		 * This function is provided for convenience only, and is used by many
4493:Middlewares/Third_Party/FreeRTOS/Source/tasks.c **** 		 * of the demo applications.  Do not consider it to be part of the
4494:Middlewares/Third_Party/FreeRTOS/Source/tasks.c **** 		 * scheduler.
4495:Middlewares/Third_Party/FreeRTOS/Source/tasks.c **** 		 *
4496:Middlewares/Third_Party/FreeRTOS/Source/tasks.c **** 		 * vTaskGetRunTimeStats() calls uxTaskGetSystemState(), then formats part
4497:Middlewares/Third_Party/FreeRTOS/Source/tasks.c **** 		 * of the uxTaskGetSystemState() output into a human readable table that
4498:Middlewares/Third_Party/FreeRTOS/Source/tasks.c **** 		 * displays the amount of time each task has spent in the Running state
4499:Middlewares/Third_Party/FreeRTOS/Source/tasks.c **** 		 * in both absolute and percentage terms.
4500:Middlewares/Third_Party/FreeRTOS/Source/tasks.c **** 		 *
4501:Middlewares/Third_Party/FreeRTOS/Source/tasks.c **** 		 * vTaskGetRunTimeStats() has a dependency on the sprintf() C library
4502:Middlewares/Third_Party/FreeRTOS/Source/tasks.c **** 		 * function that might bloat the code size, use a lot of stack, and
4503:Middlewares/Third_Party/FreeRTOS/Source/tasks.c **** 		 * provide different results on different platforms.  An alternative,
4504:Middlewares/Third_Party/FreeRTOS/Source/tasks.c **** 		 * tiny, third party, and limited functionality implementation of
4505:Middlewares/Third_Party/FreeRTOS/Source/tasks.c **** 		 * sprintf() is provided in many of the FreeRTOS/Demo sub-directories in
4506:Middlewares/Third_Party/FreeRTOS/Source/tasks.c **** 		 * a file called printf-stdarg.c (note printf-stdarg.c does not provide
4507:Middlewares/Third_Party/FreeRTOS/Source/tasks.c **** 		 * a full snprintf() implementation!).
4508:Middlewares/Third_Party/FreeRTOS/Source/tasks.c **** 		 *
4509:Middlewares/Third_Party/FreeRTOS/Source/tasks.c **** 		 * It is recommended that production systems call uxTaskGetSystemState()
4510:Middlewares/Third_Party/FreeRTOS/Source/tasks.c **** 		 * directly to get access to raw stats data, rather than indirectly
4511:Middlewares/Third_Party/FreeRTOS/Source/tasks.c **** 		 * through a call to vTaskGetRunTimeStats().
4512:Middlewares/Third_Party/FreeRTOS/Source/tasks.c **** 		 */
4513:Middlewares/Third_Party/FreeRTOS/Source/tasks.c **** 
4514:Middlewares/Third_Party/FreeRTOS/Source/tasks.c **** 		/* Make sure the write buffer does not contain a string. */
4515:Middlewares/Third_Party/FreeRTOS/Source/tasks.c **** 		*pcWriteBuffer = ( char ) 0x00;
4516:Middlewares/Third_Party/FreeRTOS/Source/tasks.c **** 
4517:Middlewares/Third_Party/FreeRTOS/Source/tasks.c **** 		/* Take a snapshot of the number of tasks in case it changes while this
4518:Middlewares/Third_Party/FreeRTOS/Source/tasks.c **** 		function is executing. */
4519:Middlewares/Third_Party/FreeRTOS/Source/tasks.c **** 		uxArraySize = uxCurrentNumberOfTasks;
4520:Middlewares/Third_Party/FreeRTOS/Source/tasks.c **** 
ARM GAS  C:\Users\Asus\AppData\Local\Temp\cctip26G.s 			page 98


4521:Middlewares/Third_Party/FreeRTOS/Source/tasks.c **** 		/* Allocate an array index for each task.  NOTE!  If
4522:Middlewares/Third_Party/FreeRTOS/Source/tasks.c **** 		configSUPPORT_DYNAMIC_ALLOCATION is set to 0 then pvPortMalloc() will
4523:Middlewares/Third_Party/FreeRTOS/Source/tasks.c **** 		equate to NULL. */
4524:Middlewares/Third_Party/FreeRTOS/Source/tasks.c **** 		pxTaskStatusArray = pvPortMalloc( uxCurrentNumberOfTasks * sizeof( TaskStatus_t ) ); /*lint !e907
4525:Middlewares/Third_Party/FreeRTOS/Source/tasks.c **** 
4526:Middlewares/Third_Party/FreeRTOS/Source/tasks.c **** 		if( pxTaskStatusArray != NULL )
4527:Middlewares/Third_Party/FreeRTOS/Source/tasks.c **** 		{
4528:Middlewares/Third_Party/FreeRTOS/Source/tasks.c **** 			/* Generate the (binary) data. */
4529:Middlewares/Third_Party/FreeRTOS/Source/tasks.c **** 			uxArraySize = uxTaskGetSystemState( pxTaskStatusArray, uxArraySize, &ulTotalTime );
4530:Middlewares/Third_Party/FreeRTOS/Source/tasks.c **** 
4531:Middlewares/Third_Party/FreeRTOS/Source/tasks.c **** 			/* For percentage calculations. */
4532:Middlewares/Third_Party/FreeRTOS/Source/tasks.c **** 			ulTotalTime /= 100UL;
4533:Middlewares/Third_Party/FreeRTOS/Source/tasks.c **** 
4534:Middlewares/Third_Party/FreeRTOS/Source/tasks.c **** 			/* Avoid divide by zero errors. */
4535:Middlewares/Third_Party/FreeRTOS/Source/tasks.c **** 			if( ulTotalTime > 0UL )
4536:Middlewares/Third_Party/FreeRTOS/Source/tasks.c **** 			{
4537:Middlewares/Third_Party/FreeRTOS/Source/tasks.c **** 				/* Create a human readable table from the binary data. */
4538:Middlewares/Third_Party/FreeRTOS/Source/tasks.c **** 				for( x = 0; x < uxArraySize; x++ )
4539:Middlewares/Third_Party/FreeRTOS/Source/tasks.c **** 				{
4540:Middlewares/Third_Party/FreeRTOS/Source/tasks.c **** 					/* What percentage of the total run time has the task used?
4541:Middlewares/Third_Party/FreeRTOS/Source/tasks.c **** 					This will always be rounded down to the nearest integer.
4542:Middlewares/Third_Party/FreeRTOS/Source/tasks.c **** 					ulTotalRunTimeDiv100 has already been divided by 100. */
4543:Middlewares/Third_Party/FreeRTOS/Source/tasks.c **** 					ulStatsAsPercentage = pxTaskStatusArray[ x ].ulRunTimeCounter / ulTotalTime;
4544:Middlewares/Third_Party/FreeRTOS/Source/tasks.c **** 
4545:Middlewares/Third_Party/FreeRTOS/Source/tasks.c **** 					/* Write the task name to the string, padding with
4546:Middlewares/Third_Party/FreeRTOS/Source/tasks.c **** 					spaces so it can be printed in tabular form more
4547:Middlewares/Third_Party/FreeRTOS/Source/tasks.c **** 					easily. */
4548:Middlewares/Third_Party/FreeRTOS/Source/tasks.c **** 					pcWriteBuffer = prvWriteNameToBuffer( pcWriteBuffer, pxTaskStatusArray[ x ].pcTaskName );
4549:Middlewares/Third_Party/FreeRTOS/Source/tasks.c **** 
4550:Middlewares/Third_Party/FreeRTOS/Source/tasks.c **** 					if( ulStatsAsPercentage > 0UL )
4551:Middlewares/Third_Party/FreeRTOS/Source/tasks.c **** 					{
4552:Middlewares/Third_Party/FreeRTOS/Source/tasks.c **** 						#ifdef portLU_PRINTF_SPECIFIER_REQUIRED
4553:Middlewares/Third_Party/FreeRTOS/Source/tasks.c **** 						{
4554:Middlewares/Third_Party/FreeRTOS/Source/tasks.c **** 							sprintf( pcWriteBuffer, "\t%lu\t\t%lu%%\r\n", pxTaskStatusArray[ x ].ulRunTimeCounter, ulSta
4555:Middlewares/Third_Party/FreeRTOS/Source/tasks.c **** 						}
4556:Middlewares/Third_Party/FreeRTOS/Source/tasks.c **** 						#else
4557:Middlewares/Third_Party/FreeRTOS/Source/tasks.c **** 						{
4558:Middlewares/Third_Party/FreeRTOS/Source/tasks.c **** 							/* sizeof( int ) == sizeof( long ) so a smaller
4559:Middlewares/Third_Party/FreeRTOS/Source/tasks.c **** 							printf() library can be used. */
4560:Middlewares/Third_Party/FreeRTOS/Source/tasks.c **** 							sprintf( pcWriteBuffer, "\t%u\t\t%u%%\r\n", ( unsigned int ) pxTaskStatusArray[ x ].ulRunTim
4561:Middlewares/Third_Party/FreeRTOS/Source/tasks.c **** 						}
4562:Middlewares/Third_Party/FreeRTOS/Source/tasks.c **** 						#endif
4563:Middlewares/Third_Party/FreeRTOS/Source/tasks.c **** 					}
4564:Middlewares/Third_Party/FreeRTOS/Source/tasks.c **** 					else
4565:Middlewares/Third_Party/FreeRTOS/Source/tasks.c **** 					{
4566:Middlewares/Third_Party/FreeRTOS/Source/tasks.c **** 						/* If the percentage is zero here then the task has
4567:Middlewares/Third_Party/FreeRTOS/Source/tasks.c **** 						consumed less than 1% of the total run time. */
4568:Middlewares/Third_Party/FreeRTOS/Source/tasks.c **** 						#ifdef portLU_PRINTF_SPECIFIER_REQUIRED
4569:Middlewares/Third_Party/FreeRTOS/Source/tasks.c **** 						{
4570:Middlewares/Third_Party/FreeRTOS/Source/tasks.c **** 							sprintf( pcWriteBuffer, "\t%lu\t\t<1%%\r\n", pxTaskStatusArray[ x ].ulRunTimeCounter );
4571:Middlewares/Third_Party/FreeRTOS/Source/tasks.c **** 						}
4572:Middlewares/Third_Party/FreeRTOS/Source/tasks.c **** 						#else
4573:Middlewares/Third_Party/FreeRTOS/Source/tasks.c **** 						{
4574:Middlewares/Third_Party/FreeRTOS/Source/tasks.c **** 							/* sizeof( int ) == sizeof( long ) so a smaller
4575:Middlewares/Third_Party/FreeRTOS/Source/tasks.c **** 							printf() library can be used. */
4576:Middlewares/Third_Party/FreeRTOS/Source/tasks.c **** 							sprintf( pcWriteBuffer, "\t%u\t\t<1%%\r\n", ( unsigned int ) pxTaskStatusArray[ x ].ulRunTim
4577:Middlewares/Third_Party/FreeRTOS/Source/tasks.c **** 						}
ARM GAS  C:\Users\Asus\AppData\Local\Temp\cctip26G.s 			page 99


4578:Middlewares/Third_Party/FreeRTOS/Source/tasks.c **** 						#endif
4579:Middlewares/Third_Party/FreeRTOS/Source/tasks.c **** 					}
4580:Middlewares/Third_Party/FreeRTOS/Source/tasks.c **** 
4581:Middlewares/Third_Party/FreeRTOS/Source/tasks.c **** 					pcWriteBuffer += strlen( pcWriteBuffer ); /*lint !e9016 Pointer arithmetic ok on char pointers
4582:Middlewares/Third_Party/FreeRTOS/Source/tasks.c **** 				}
4583:Middlewares/Third_Party/FreeRTOS/Source/tasks.c **** 			}
4584:Middlewares/Third_Party/FreeRTOS/Source/tasks.c **** 			else
4585:Middlewares/Third_Party/FreeRTOS/Source/tasks.c **** 			{
4586:Middlewares/Third_Party/FreeRTOS/Source/tasks.c **** 				mtCOVERAGE_TEST_MARKER();
4587:Middlewares/Third_Party/FreeRTOS/Source/tasks.c **** 			}
4588:Middlewares/Third_Party/FreeRTOS/Source/tasks.c **** 
4589:Middlewares/Third_Party/FreeRTOS/Source/tasks.c **** 			/* Free the array again.  NOTE!  If configSUPPORT_DYNAMIC_ALLOCATION
4590:Middlewares/Third_Party/FreeRTOS/Source/tasks.c **** 			is 0 then vPortFree() will be #defined to nothing. */
4591:Middlewares/Third_Party/FreeRTOS/Source/tasks.c **** 			vPortFree( pxTaskStatusArray );
4592:Middlewares/Third_Party/FreeRTOS/Source/tasks.c **** 		}
4593:Middlewares/Third_Party/FreeRTOS/Source/tasks.c **** 		else
4594:Middlewares/Third_Party/FreeRTOS/Source/tasks.c **** 		{
4595:Middlewares/Third_Party/FreeRTOS/Source/tasks.c **** 			mtCOVERAGE_TEST_MARKER();
4596:Middlewares/Third_Party/FreeRTOS/Source/tasks.c **** 		}
4597:Middlewares/Third_Party/FreeRTOS/Source/tasks.c **** 	}
4598:Middlewares/Third_Party/FreeRTOS/Source/tasks.c **** 
4599:Middlewares/Third_Party/FreeRTOS/Source/tasks.c **** #endif /* ( ( configGENERATE_RUN_TIME_STATS == 1 ) && ( configUSE_STATS_FORMATTING_FUNCTIONS > 0 ) 
4600:Middlewares/Third_Party/FreeRTOS/Source/tasks.c **** /*-----------------------------------------------------------*/
4601:Middlewares/Third_Party/FreeRTOS/Source/tasks.c **** 
4602:Middlewares/Third_Party/FreeRTOS/Source/tasks.c **** TickType_t uxTaskResetEventItemValue( void )
4603:Middlewares/Third_Party/FreeRTOS/Source/tasks.c **** {
4604:Middlewares/Third_Party/FreeRTOS/Source/tasks.c **** TickType_t uxReturn;
4605:Middlewares/Third_Party/FreeRTOS/Source/tasks.c **** 
4606:Middlewares/Third_Party/FreeRTOS/Source/tasks.c **** 	uxReturn = listGET_LIST_ITEM_VALUE( &( pxCurrentTCB->xEventListItem ) );
4607:Middlewares/Third_Party/FreeRTOS/Source/tasks.c **** 
4608:Middlewares/Third_Party/FreeRTOS/Source/tasks.c **** 	/* Reset the event list item to its normal value - so it can be used with
4609:Middlewares/Third_Party/FreeRTOS/Source/tasks.c **** 	queues and semaphores. */
4610:Middlewares/Third_Party/FreeRTOS/Source/tasks.c **** 	listSET_LIST_ITEM_VALUE( &( pxCurrentTCB->xEventListItem ), ( ( TickType_t ) configMAX_PRIORITIES 
4611:Middlewares/Third_Party/FreeRTOS/Source/tasks.c **** 
4612:Middlewares/Third_Party/FreeRTOS/Source/tasks.c **** 	return uxReturn;
4613:Middlewares/Third_Party/FreeRTOS/Source/tasks.c **** }
4614:Middlewares/Third_Party/FreeRTOS/Source/tasks.c **** /*-----------------------------------------------------------*/
4615:Middlewares/Third_Party/FreeRTOS/Source/tasks.c **** 
4616:Middlewares/Third_Party/FreeRTOS/Source/tasks.c **** #if ( configUSE_MUTEXES == 1 )
4617:Middlewares/Third_Party/FreeRTOS/Source/tasks.c **** 
4618:Middlewares/Third_Party/FreeRTOS/Source/tasks.c **** 	TaskHandle_t pvTaskIncrementMutexHeldCount( void )
4619:Middlewares/Third_Party/FreeRTOS/Source/tasks.c **** 	{
4620:Middlewares/Third_Party/FreeRTOS/Source/tasks.c **** 		/* If xSemaphoreCreateMutex() is called before any tasks have been created
4621:Middlewares/Third_Party/FreeRTOS/Source/tasks.c **** 		then pxCurrentTCB will be NULL. */
4622:Middlewares/Third_Party/FreeRTOS/Source/tasks.c **** 		if( pxCurrentTCB != NULL )
4623:Middlewares/Third_Party/FreeRTOS/Source/tasks.c **** 		{
4624:Middlewares/Third_Party/FreeRTOS/Source/tasks.c **** 			( pxCurrentTCB->uxMutexesHeld )++;
4625:Middlewares/Third_Party/FreeRTOS/Source/tasks.c **** 		}
4626:Middlewares/Third_Party/FreeRTOS/Source/tasks.c **** 
4627:Middlewares/Third_Party/FreeRTOS/Source/tasks.c **** 		return pxCurrentTCB;
4628:Middlewares/Third_Party/FreeRTOS/Source/tasks.c **** 	}
4629:Middlewares/Third_Party/FreeRTOS/Source/tasks.c **** 
4630:Middlewares/Third_Party/FreeRTOS/Source/tasks.c **** #endif /* configUSE_MUTEXES */
4631:Middlewares/Third_Party/FreeRTOS/Source/tasks.c **** /*-----------------------------------------------------------*/
4632:Middlewares/Third_Party/FreeRTOS/Source/tasks.c **** 
4633:Middlewares/Third_Party/FreeRTOS/Source/tasks.c **** #if( configUSE_TASK_NOTIFICATIONS == 1 )
4634:Middlewares/Third_Party/FreeRTOS/Source/tasks.c **** 
ARM GAS  C:\Users\Asus\AppData\Local\Temp\cctip26G.s 			page 100


4635:Middlewares/Third_Party/FreeRTOS/Source/tasks.c **** 	uint32_t ulTaskNotifyTake( BaseType_t xClearCountOnExit, TickType_t xTicksToWait )
4636:Middlewares/Third_Party/FreeRTOS/Source/tasks.c **** 	{
4637:Middlewares/Third_Party/FreeRTOS/Source/tasks.c **** 	uint32_t ulReturn;
4638:Middlewares/Third_Party/FreeRTOS/Source/tasks.c **** 
4639:Middlewares/Third_Party/FreeRTOS/Source/tasks.c **** 		taskENTER_CRITICAL();
4640:Middlewares/Third_Party/FreeRTOS/Source/tasks.c **** 		{
4641:Middlewares/Third_Party/FreeRTOS/Source/tasks.c **** 			/* Only block if the notification count is not already non-zero. */
4642:Middlewares/Third_Party/FreeRTOS/Source/tasks.c **** 			if( pxCurrentTCB->ulNotifiedValue == 0UL )
4643:Middlewares/Third_Party/FreeRTOS/Source/tasks.c **** 			{
4644:Middlewares/Third_Party/FreeRTOS/Source/tasks.c **** 				/* Mark this task as waiting for a notification. */
4645:Middlewares/Third_Party/FreeRTOS/Source/tasks.c **** 				pxCurrentTCB->ucNotifyState = taskWAITING_NOTIFICATION;
4646:Middlewares/Third_Party/FreeRTOS/Source/tasks.c **** 
4647:Middlewares/Third_Party/FreeRTOS/Source/tasks.c **** 				if( xTicksToWait > ( TickType_t ) 0 )
4648:Middlewares/Third_Party/FreeRTOS/Source/tasks.c **** 				{
4649:Middlewares/Third_Party/FreeRTOS/Source/tasks.c **** 					prvAddCurrentTaskToDelayedList( xTicksToWait, pdTRUE );
4650:Middlewares/Third_Party/FreeRTOS/Source/tasks.c **** 					traceTASK_NOTIFY_TAKE_BLOCK();
4651:Middlewares/Third_Party/FreeRTOS/Source/tasks.c **** 
4652:Middlewares/Third_Party/FreeRTOS/Source/tasks.c **** 					/* All ports are written to allow a yield in a critical
4653:Middlewares/Third_Party/FreeRTOS/Source/tasks.c **** 					section (some will yield immediately, others wait until the
4654:Middlewares/Third_Party/FreeRTOS/Source/tasks.c **** 					critical section exits) - but it is not something that
4655:Middlewares/Third_Party/FreeRTOS/Source/tasks.c **** 					application code should ever do. */
4656:Middlewares/Third_Party/FreeRTOS/Source/tasks.c **** 					portYIELD_WITHIN_API();
4657:Middlewares/Third_Party/FreeRTOS/Source/tasks.c **** 				}
4658:Middlewares/Third_Party/FreeRTOS/Source/tasks.c **** 				else
4659:Middlewares/Third_Party/FreeRTOS/Source/tasks.c **** 				{
4660:Middlewares/Third_Party/FreeRTOS/Source/tasks.c **** 					mtCOVERAGE_TEST_MARKER();
4661:Middlewares/Third_Party/FreeRTOS/Source/tasks.c **** 				}
4662:Middlewares/Third_Party/FreeRTOS/Source/tasks.c **** 			}
4663:Middlewares/Third_Party/FreeRTOS/Source/tasks.c **** 			else
4664:Middlewares/Third_Party/FreeRTOS/Source/tasks.c **** 			{
4665:Middlewares/Third_Party/FreeRTOS/Source/tasks.c **** 				mtCOVERAGE_TEST_MARKER();
4666:Middlewares/Third_Party/FreeRTOS/Source/tasks.c **** 			}
4667:Middlewares/Third_Party/FreeRTOS/Source/tasks.c **** 		}
4668:Middlewares/Third_Party/FreeRTOS/Source/tasks.c **** 		taskEXIT_CRITICAL();
4669:Middlewares/Third_Party/FreeRTOS/Source/tasks.c **** 
4670:Middlewares/Third_Party/FreeRTOS/Source/tasks.c **** 		taskENTER_CRITICAL();
4671:Middlewares/Third_Party/FreeRTOS/Source/tasks.c **** 		{
4672:Middlewares/Third_Party/FreeRTOS/Source/tasks.c **** 			traceTASK_NOTIFY_TAKE();
4673:Middlewares/Third_Party/FreeRTOS/Source/tasks.c **** 			ulReturn = pxCurrentTCB->ulNotifiedValue;
4674:Middlewares/Third_Party/FreeRTOS/Source/tasks.c **** 
4675:Middlewares/Third_Party/FreeRTOS/Source/tasks.c **** 			if( ulReturn != 0UL )
4676:Middlewares/Third_Party/FreeRTOS/Source/tasks.c **** 			{
4677:Middlewares/Third_Party/FreeRTOS/Source/tasks.c **** 				if( xClearCountOnExit != pdFALSE )
4678:Middlewares/Third_Party/FreeRTOS/Source/tasks.c **** 				{
4679:Middlewares/Third_Party/FreeRTOS/Source/tasks.c **** 					pxCurrentTCB->ulNotifiedValue = 0UL;
4680:Middlewares/Third_Party/FreeRTOS/Source/tasks.c **** 				}
4681:Middlewares/Third_Party/FreeRTOS/Source/tasks.c **** 				else
4682:Middlewares/Third_Party/FreeRTOS/Source/tasks.c **** 				{
4683:Middlewares/Third_Party/FreeRTOS/Source/tasks.c **** 					pxCurrentTCB->ulNotifiedValue = ulReturn - ( uint32_t ) 1;
4684:Middlewares/Third_Party/FreeRTOS/Source/tasks.c **** 				}
4685:Middlewares/Third_Party/FreeRTOS/Source/tasks.c **** 			}
4686:Middlewares/Third_Party/FreeRTOS/Source/tasks.c **** 			else
4687:Middlewares/Third_Party/FreeRTOS/Source/tasks.c **** 			{
4688:Middlewares/Third_Party/FreeRTOS/Source/tasks.c **** 				mtCOVERAGE_TEST_MARKER();
4689:Middlewares/Third_Party/FreeRTOS/Source/tasks.c **** 			}
4690:Middlewares/Third_Party/FreeRTOS/Source/tasks.c **** 
4691:Middlewares/Third_Party/FreeRTOS/Source/tasks.c **** 			pxCurrentTCB->ucNotifyState = taskNOT_WAITING_NOTIFICATION;
ARM GAS  C:\Users\Asus\AppData\Local\Temp\cctip26G.s 			page 101


4692:Middlewares/Third_Party/FreeRTOS/Source/tasks.c **** 		}
4693:Middlewares/Third_Party/FreeRTOS/Source/tasks.c **** 		taskEXIT_CRITICAL();
4694:Middlewares/Third_Party/FreeRTOS/Source/tasks.c **** 
4695:Middlewares/Third_Party/FreeRTOS/Source/tasks.c **** 		return ulReturn;
4696:Middlewares/Third_Party/FreeRTOS/Source/tasks.c **** 	}
4697:Middlewares/Third_Party/FreeRTOS/Source/tasks.c **** 
4698:Middlewares/Third_Party/FreeRTOS/Source/tasks.c **** #endif /* configUSE_TASK_NOTIFICATIONS */
4699:Middlewares/Third_Party/FreeRTOS/Source/tasks.c **** /*-----------------------------------------------------------*/
4700:Middlewares/Third_Party/FreeRTOS/Source/tasks.c **** 
4701:Middlewares/Third_Party/FreeRTOS/Source/tasks.c **** #if( configUSE_TASK_NOTIFICATIONS == 1 )
4702:Middlewares/Third_Party/FreeRTOS/Source/tasks.c **** 
4703:Middlewares/Third_Party/FreeRTOS/Source/tasks.c **** 	BaseType_t xTaskNotifyWait( uint32_t ulBitsToClearOnEntry, uint32_t ulBitsToClearOnExit, uint32_t 
4704:Middlewares/Third_Party/FreeRTOS/Source/tasks.c **** 	{
4705:Middlewares/Third_Party/FreeRTOS/Source/tasks.c **** 	BaseType_t xReturn;
4706:Middlewares/Third_Party/FreeRTOS/Source/tasks.c **** 
4707:Middlewares/Third_Party/FreeRTOS/Source/tasks.c **** 		taskENTER_CRITICAL();
4708:Middlewares/Third_Party/FreeRTOS/Source/tasks.c **** 		{
4709:Middlewares/Third_Party/FreeRTOS/Source/tasks.c **** 			/* Only block if a notification is not already pending. */
4710:Middlewares/Third_Party/FreeRTOS/Source/tasks.c **** 			if( pxCurrentTCB->ucNotifyState != taskNOTIFICATION_RECEIVED )
4711:Middlewares/Third_Party/FreeRTOS/Source/tasks.c **** 			{
4712:Middlewares/Third_Party/FreeRTOS/Source/tasks.c **** 				/* Clear bits in the task's notification value as bits may get
4713:Middlewares/Third_Party/FreeRTOS/Source/tasks.c **** 				set	by the notifying task or interrupt.  This can be used to
4714:Middlewares/Third_Party/FreeRTOS/Source/tasks.c **** 				clear the value to zero. */
4715:Middlewares/Third_Party/FreeRTOS/Source/tasks.c **** 				pxCurrentTCB->ulNotifiedValue &= ~ulBitsToClearOnEntry;
4716:Middlewares/Third_Party/FreeRTOS/Source/tasks.c **** 
4717:Middlewares/Third_Party/FreeRTOS/Source/tasks.c **** 				/* Mark this task as waiting for a notification. */
4718:Middlewares/Third_Party/FreeRTOS/Source/tasks.c **** 				pxCurrentTCB->ucNotifyState = taskWAITING_NOTIFICATION;
4719:Middlewares/Third_Party/FreeRTOS/Source/tasks.c **** 
4720:Middlewares/Third_Party/FreeRTOS/Source/tasks.c **** 				if( xTicksToWait > ( TickType_t ) 0 )
4721:Middlewares/Third_Party/FreeRTOS/Source/tasks.c **** 				{
4722:Middlewares/Third_Party/FreeRTOS/Source/tasks.c **** 					prvAddCurrentTaskToDelayedList( xTicksToWait, pdTRUE );
4723:Middlewares/Third_Party/FreeRTOS/Source/tasks.c **** 					traceTASK_NOTIFY_WAIT_BLOCK();
4724:Middlewares/Third_Party/FreeRTOS/Source/tasks.c **** 
4725:Middlewares/Third_Party/FreeRTOS/Source/tasks.c **** 					/* All ports are written to allow a yield in a critical
4726:Middlewares/Third_Party/FreeRTOS/Source/tasks.c **** 					section (some will yield immediately, others wait until the
4727:Middlewares/Third_Party/FreeRTOS/Source/tasks.c **** 					critical section exits) - but it is not something that
4728:Middlewares/Third_Party/FreeRTOS/Source/tasks.c **** 					application code should ever do. */
4729:Middlewares/Third_Party/FreeRTOS/Source/tasks.c **** 					portYIELD_WITHIN_API();
4730:Middlewares/Third_Party/FreeRTOS/Source/tasks.c **** 				}
4731:Middlewares/Third_Party/FreeRTOS/Source/tasks.c **** 				else
4732:Middlewares/Third_Party/FreeRTOS/Source/tasks.c **** 				{
4733:Middlewares/Third_Party/FreeRTOS/Source/tasks.c **** 					mtCOVERAGE_TEST_MARKER();
4734:Middlewares/Third_Party/FreeRTOS/Source/tasks.c **** 				}
4735:Middlewares/Third_Party/FreeRTOS/Source/tasks.c **** 			}
4736:Middlewares/Third_Party/FreeRTOS/Source/tasks.c **** 			else
4737:Middlewares/Third_Party/FreeRTOS/Source/tasks.c **** 			{
4738:Middlewares/Third_Party/FreeRTOS/Source/tasks.c **** 				mtCOVERAGE_TEST_MARKER();
4739:Middlewares/Third_Party/FreeRTOS/Source/tasks.c **** 			}
4740:Middlewares/Third_Party/FreeRTOS/Source/tasks.c **** 		}
4741:Middlewares/Third_Party/FreeRTOS/Source/tasks.c **** 		taskEXIT_CRITICAL();
4742:Middlewares/Third_Party/FreeRTOS/Source/tasks.c **** 
4743:Middlewares/Third_Party/FreeRTOS/Source/tasks.c **** 		taskENTER_CRITICAL();
4744:Middlewares/Third_Party/FreeRTOS/Source/tasks.c **** 		{
4745:Middlewares/Third_Party/FreeRTOS/Source/tasks.c **** 			traceTASK_NOTIFY_WAIT();
4746:Middlewares/Third_Party/FreeRTOS/Source/tasks.c **** 
4747:Middlewares/Third_Party/FreeRTOS/Source/tasks.c **** 			if( pulNotificationValue != NULL )
4748:Middlewares/Third_Party/FreeRTOS/Source/tasks.c **** 			{
ARM GAS  C:\Users\Asus\AppData\Local\Temp\cctip26G.s 			page 102


4749:Middlewares/Third_Party/FreeRTOS/Source/tasks.c **** 				/* Output the current notification value, which may or may not
4750:Middlewares/Third_Party/FreeRTOS/Source/tasks.c **** 				have changed. */
4751:Middlewares/Third_Party/FreeRTOS/Source/tasks.c **** 				*pulNotificationValue = pxCurrentTCB->ulNotifiedValue;
4752:Middlewares/Third_Party/FreeRTOS/Source/tasks.c **** 			}
4753:Middlewares/Third_Party/FreeRTOS/Source/tasks.c **** 
4754:Middlewares/Third_Party/FreeRTOS/Source/tasks.c **** 			/* If ucNotifyValue is set then either the task never entered the
4755:Middlewares/Third_Party/FreeRTOS/Source/tasks.c **** 			blocked state (because a notification was already pending) or the
4756:Middlewares/Third_Party/FreeRTOS/Source/tasks.c **** 			task unblocked because of a notification.  Otherwise the task
4757:Middlewares/Third_Party/FreeRTOS/Source/tasks.c **** 			unblocked because of a timeout. */
4758:Middlewares/Third_Party/FreeRTOS/Source/tasks.c **** 			if( pxCurrentTCB->ucNotifyState != taskNOTIFICATION_RECEIVED )
4759:Middlewares/Third_Party/FreeRTOS/Source/tasks.c **** 			{
4760:Middlewares/Third_Party/FreeRTOS/Source/tasks.c **** 				/* A notification was not received. */
4761:Middlewares/Third_Party/FreeRTOS/Source/tasks.c **** 				xReturn = pdFALSE;
4762:Middlewares/Third_Party/FreeRTOS/Source/tasks.c **** 			}
4763:Middlewares/Third_Party/FreeRTOS/Source/tasks.c **** 			else
4764:Middlewares/Third_Party/FreeRTOS/Source/tasks.c **** 			{
4765:Middlewares/Third_Party/FreeRTOS/Source/tasks.c **** 				/* A notification was already pending or a notification was
4766:Middlewares/Third_Party/FreeRTOS/Source/tasks.c **** 				received while the task was waiting. */
4767:Middlewares/Third_Party/FreeRTOS/Source/tasks.c **** 				pxCurrentTCB->ulNotifiedValue &= ~ulBitsToClearOnExit;
4768:Middlewares/Third_Party/FreeRTOS/Source/tasks.c **** 				xReturn = pdTRUE;
4769:Middlewares/Third_Party/FreeRTOS/Source/tasks.c **** 			}
4770:Middlewares/Third_Party/FreeRTOS/Source/tasks.c **** 
4771:Middlewares/Third_Party/FreeRTOS/Source/tasks.c **** 			pxCurrentTCB->ucNotifyState = taskNOT_WAITING_NOTIFICATION;
4772:Middlewares/Third_Party/FreeRTOS/Source/tasks.c **** 		}
4773:Middlewares/Third_Party/FreeRTOS/Source/tasks.c **** 		taskEXIT_CRITICAL();
4774:Middlewares/Third_Party/FreeRTOS/Source/tasks.c **** 
4775:Middlewares/Third_Party/FreeRTOS/Source/tasks.c **** 		return xReturn;
4776:Middlewares/Third_Party/FreeRTOS/Source/tasks.c **** 	}
4777:Middlewares/Third_Party/FreeRTOS/Source/tasks.c **** 
4778:Middlewares/Third_Party/FreeRTOS/Source/tasks.c **** #endif /* configUSE_TASK_NOTIFICATIONS */
4779:Middlewares/Third_Party/FreeRTOS/Source/tasks.c **** /*-----------------------------------------------------------*/
4780:Middlewares/Third_Party/FreeRTOS/Source/tasks.c **** 
4781:Middlewares/Third_Party/FreeRTOS/Source/tasks.c **** #if( configUSE_TASK_NOTIFICATIONS == 1 )
4782:Middlewares/Third_Party/FreeRTOS/Source/tasks.c **** 
4783:Middlewares/Third_Party/FreeRTOS/Source/tasks.c **** 	BaseType_t xTaskGenericNotify( TaskHandle_t xTaskToNotify, uint32_t ulValue, eNotifyAction eAction
4784:Middlewares/Third_Party/FreeRTOS/Source/tasks.c **** 	{
4785:Middlewares/Third_Party/FreeRTOS/Source/tasks.c **** 	TCB_t * pxTCB;
4786:Middlewares/Third_Party/FreeRTOS/Source/tasks.c **** 	BaseType_t xReturn = pdPASS;
4787:Middlewares/Third_Party/FreeRTOS/Source/tasks.c **** 	uint8_t ucOriginalNotifyState;
4788:Middlewares/Third_Party/FreeRTOS/Source/tasks.c **** 
4789:Middlewares/Third_Party/FreeRTOS/Source/tasks.c **** 		configASSERT( xTaskToNotify );
4790:Middlewares/Third_Party/FreeRTOS/Source/tasks.c **** 		pxTCB = xTaskToNotify;
4791:Middlewares/Third_Party/FreeRTOS/Source/tasks.c **** 
4792:Middlewares/Third_Party/FreeRTOS/Source/tasks.c **** 		taskENTER_CRITICAL();
4793:Middlewares/Third_Party/FreeRTOS/Source/tasks.c **** 		{
4794:Middlewares/Third_Party/FreeRTOS/Source/tasks.c **** 			if( pulPreviousNotificationValue != NULL )
4795:Middlewares/Third_Party/FreeRTOS/Source/tasks.c **** 			{
4796:Middlewares/Third_Party/FreeRTOS/Source/tasks.c **** 				*pulPreviousNotificationValue = pxTCB->ulNotifiedValue;
4797:Middlewares/Third_Party/FreeRTOS/Source/tasks.c **** 			}
4798:Middlewares/Third_Party/FreeRTOS/Source/tasks.c **** 
4799:Middlewares/Third_Party/FreeRTOS/Source/tasks.c **** 			ucOriginalNotifyState = pxTCB->ucNotifyState;
4800:Middlewares/Third_Party/FreeRTOS/Source/tasks.c **** 
4801:Middlewares/Third_Party/FreeRTOS/Source/tasks.c **** 			pxTCB->ucNotifyState = taskNOTIFICATION_RECEIVED;
4802:Middlewares/Third_Party/FreeRTOS/Source/tasks.c **** 
4803:Middlewares/Third_Party/FreeRTOS/Source/tasks.c **** 			switch( eAction )
4804:Middlewares/Third_Party/FreeRTOS/Source/tasks.c **** 			{
4805:Middlewares/Third_Party/FreeRTOS/Source/tasks.c **** 				case eSetBits	:
ARM GAS  C:\Users\Asus\AppData\Local\Temp\cctip26G.s 			page 103


4806:Middlewares/Third_Party/FreeRTOS/Source/tasks.c **** 					pxTCB->ulNotifiedValue |= ulValue;
4807:Middlewares/Third_Party/FreeRTOS/Source/tasks.c **** 					break;
4808:Middlewares/Third_Party/FreeRTOS/Source/tasks.c **** 
4809:Middlewares/Third_Party/FreeRTOS/Source/tasks.c **** 				case eIncrement	:
4810:Middlewares/Third_Party/FreeRTOS/Source/tasks.c **** 					( pxTCB->ulNotifiedValue )++;
4811:Middlewares/Third_Party/FreeRTOS/Source/tasks.c **** 					break;
4812:Middlewares/Third_Party/FreeRTOS/Source/tasks.c **** 
4813:Middlewares/Third_Party/FreeRTOS/Source/tasks.c **** 				case eSetValueWithOverwrite	:
4814:Middlewares/Third_Party/FreeRTOS/Source/tasks.c **** 					pxTCB->ulNotifiedValue = ulValue;
4815:Middlewares/Third_Party/FreeRTOS/Source/tasks.c **** 					break;
4816:Middlewares/Third_Party/FreeRTOS/Source/tasks.c **** 
4817:Middlewares/Third_Party/FreeRTOS/Source/tasks.c **** 				case eSetValueWithoutOverwrite :
4818:Middlewares/Third_Party/FreeRTOS/Source/tasks.c **** 					if( ucOriginalNotifyState != taskNOTIFICATION_RECEIVED )
4819:Middlewares/Third_Party/FreeRTOS/Source/tasks.c **** 					{
4820:Middlewares/Third_Party/FreeRTOS/Source/tasks.c **** 						pxTCB->ulNotifiedValue = ulValue;
4821:Middlewares/Third_Party/FreeRTOS/Source/tasks.c **** 					}
4822:Middlewares/Third_Party/FreeRTOS/Source/tasks.c **** 					else
4823:Middlewares/Third_Party/FreeRTOS/Source/tasks.c **** 					{
4824:Middlewares/Third_Party/FreeRTOS/Source/tasks.c **** 						/* The value could not be written to the task. */
4825:Middlewares/Third_Party/FreeRTOS/Source/tasks.c **** 						xReturn = pdFAIL;
4826:Middlewares/Third_Party/FreeRTOS/Source/tasks.c **** 					}
4827:Middlewares/Third_Party/FreeRTOS/Source/tasks.c **** 					break;
4828:Middlewares/Third_Party/FreeRTOS/Source/tasks.c **** 
4829:Middlewares/Third_Party/FreeRTOS/Source/tasks.c **** 				case eNoAction:
4830:Middlewares/Third_Party/FreeRTOS/Source/tasks.c **** 					/* The task is being notified without its notify value being
4831:Middlewares/Third_Party/FreeRTOS/Source/tasks.c **** 					updated. */
4832:Middlewares/Third_Party/FreeRTOS/Source/tasks.c **** 					break;
4833:Middlewares/Third_Party/FreeRTOS/Source/tasks.c **** 
4834:Middlewares/Third_Party/FreeRTOS/Source/tasks.c **** 				default:
4835:Middlewares/Third_Party/FreeRTOS/Source/tasks.c **** 					/* Should not get here if all enums are handled.
4836:Middlewares/Third_Party/FreeRTOS/Source/tasks.c **** 					Artificially force an assert by testing a value the
4837:Middlewares/Third_Party/FreeRTOS/Source/tasks.c **** 					compiler can't assume is const. */
4838:Middlewares/Third_Party/FreeRTOS/Source/tasks.c **** 					configASSERT( pxTCB->ulNotifiedValue == ~0UL );
4839:Middlewares/Third_Party/FreeRTOS/Source/tasks.c **** 
4840:Middlewares/Third_Party/FreeRTOS/Source/tasks.c **** 					break;
4841:Middlewares/Third_Party/FreeRTOS/Source/tasks.c **** 			}
4842:Middlewares/Third_Party/FreeRTOS/Source/tasks.c **** 
4843:Middlewares/Third_Party/FreeRTOS/Source/tasks.c **** 			traceTASK_NOTIFY();
4844:Middlewares/Third_Party/FreeRTOS/Source/tasks.c **** 
4845:Middlewares/Third_Party/FreeRTOS/Source/tasks.c **** 			/* If the task is in the blocked state specifically to wait for a
4846:Middlewares/Third_Party/FreeRTOS/Source/tasks.c **** 			notification then unblock it now. */
4847:Middlewares/Third_Party/FreeRTOS/Source/tasks.c **** 			if( ucOriginalNotifyState == taskWAITING_NOTIFICATION )
4848:Middlewares/Third_Party/FreeRTOS/Source/tasks.c **** 			{
4849:Middlewares/Third_Party/FreeRTOS/Source/tasks.c **** 				( void ) uxListRemove( &( pxTCB->xStateListItem ) );
4850:Middlewares/Third_Party/FreeRTOS/Source/tasks.c **** 				prvAddTaskToReadyList( pxTCB );
4851:Middlewares/Third_Party/FreeRTOS/Source/tasks.c **** 
4852:Middlewares/Third_Party/FreeRTOS/Source/tasks.c **** 				/* The task should not have been on an event list. */
4853:Middlewares/Third_Party/FreeRTOS/Source/tasks.c **** 				configASSERT( listLIST_ITEM_CONTAINER( &( pxTCB->xEventListItem ) ) == NULL );
4854:Middlewares/Third_Party/FreeRTOS/Source/tasks.c **** 
4855:Middlewares/Third_Party/FreeRTOS/Source/tasks.c **** 				#if( configUSE_TICKLESS_IDLE != 0 )
4856:Middlewares/Third_Party/FreeRTOS/Source/tasks.c **** 				{
4857:Middlewares/Third_Party/FreeRTOS/Source/tasks.c **** 					/* If a task is blocked waiting for a notification then
4858:Middlewares/Third_Party/FreeRTOS/Source/tasks.c **** 					xNextTaskUnblockTime might be set to the blocked task's time
4859:Middlewares/Third_Party/FreeRTOS/Source/tasks.c **** 					out time.  If the task is unblocked for a reason other than
4860:Middlewares/Third_Party/FreeRTOS/Source/tasks.c **** 					a timeout xNextTaskUnblockTime is normally left unchanged,
4861:Middlewares/Third_Party/FreeRTOS/Source/tasks.c **** 					because it will automatically get reset to a new value when
4862:Middlewares/Third_Party/FreeRTOS/Source/tasks.c **** 					the tick count equals xNextTaskUnblockTime.  However if
ARM GAS  C:\Users\Asus\AppData\Local\Temp\cctip26G.s 			page 104


4863:Middlewares/Third_Party/FreeRTOS/Source/tasks.c **** 					tickless idling is used it might be more important to enter
4864:Middlewares/Third_Party/FreeRTOS/Source/tasks.c **** 					sleep mode at the earliest possible time - so reset
4865:Middlewares/Third_Party/FreeRTOS/Source/tasks.c **** 					xNextTaskUnblockTime here to ensure it is updated at the
4866:Middlewares/Third_Party/FreeRTOS/Source/tasks.c **** 					earliest possible time. */
4867:Middlewares/Third_Party/FreeRTOS/Source/tasks.c **** 					prvResetNextTaskUnblockTime();
4868:Middlewares/Third_Party/FreeRTOS/Source/tasks.c **** 				}
4869:Middlewares/Third_Party/FreeRTOS/Source/tasks.c **** 				#endif
4870:Middlewares/Third_Party/FreeRTOS/Source/tasks.c **** 
4871:Middlewares/Third_Party/FreeRTOS/Source/tasks.c **** 				if( pxTCB->uxPriority > pxCurrentTCB->uxPriority )
4872:Middlewares/Third_Party/FreeRTOS/Source/tasks.c **** 				{
4873:Middlewares/Third_Party/FreeRTOS/Source/tasks.c **** 					/* The notified task has a priority above the currently
4874:Middlewares/Third_Party/FreeRTOS/Source/tasks.c **** 					executing task so a yield is required. */
4875:Middlewares/Third_Party/FreeRTOS/Source/tasks.c **** 					taskYIELD_IF_USING_PREEMPTION();
4876:Middlewares/Third_Party/FreeRTOS/Source/tasks.c **** 				}
4877:Middlewares/Third_Party/FreeRTOS/Source/tasks.c **** 				else
4878:Middlewares/Third_Party/FreeRTOS/Source/tasks.c **** 				{
4879:Middlewares/Third_Party/FreeRTOS/Source/tasks.c **** 					mtCOVERAGE_TEST_MARKER();
4880:Middlewares/Third_Party/FreeRTOS/Source/tasks.c **** 				}
4881:Middlewares/Third_Party/FreeRTOS/Source/tasks.c **** 			}
4882:Middlewares/Third_Party/FreeRTOS/Source/tasks.c **** 			else
4883:Middlewares/Third_Party/FreeRTOS/Source/tasks.c **** 			{
4884:Middlewares/Third_Party/FreeRTOS/Source/tasks.c **** 				mtCOVERAGE_TEST_MARKER();
4885:Middlewares/Third_Party/FreeRTOS/Source/tasks.c **** 			}
4886:Middlewares/Third_Party/FreeRTOS/Source/tasks.c **** 		}
4887:Middlewares/Third_Party/FreeRTOS/Source/tasks.c **** 		taskEXIT_CRITICAL();
4888:Middlewares/Third_Party/FreeRTOS/Source/tasks.c **** 
4889:Middlewares/Third_Party/FreeRTOS/Source/tasks.c **** 		return xReturn;
4890:Middlewares/Third_Party/FreeRTOS/Source/tasks.c **** 	}
4891:Middlewares/Third_Party/FreeRTOS/Source/tasks.c **** 
4892:Middlewares/Third_Party/FreeRTOS/Source/tasks.c **** #endif /* configUSE_TASK_NOTIFICATIONS */
4893:Middlewares/Third_Party/FreeRTOS/Source/tasks.c **** /*-----------------------------------------------------------*/
4894:Middlewares/Third_Party/FreeRTOS/Source/tasks.c **** 
4895:Middlewares/Third_Party/FreeRTOS/Source/tasks.c **** #if( configUSE_TASK_NOTIFICATIONS == 1 )
4896:Middlewares/Third_Party/FreeRTOS/Source/tasks.c **** 
4897:Middlewares/Third_Party/FreeRTOS/Source/tasks.c **** 	BaseType_t xTaskGenericNotifyFromISR( TaskHandle_t xTaskToNotify, uint32_t ulValue, eNotifyAction 
4898:Middlewares/Third_Party/FreeRTOS/Source/tasks.c **** 	{
4899:Middlewares/Third_Party/FreeRTOS/Source/tasks.c **** 	TCB_t * pxTCB;
4900:Middlewares/Third_Party/FreeRTOS/Source/tasks.c **** 	uint8_t ucOriginalNotifyState;
4901:Middlewares/Third_Party/FreeRTOS/Source/tasks.c **** 	BaseType_t xReturn = pdPASS;
4902:Middlewares/Third_Party/FreeRTOS/Source/tasks.c **** 	UBaseType_t uxSavedInterruptStatus;
4903:Middlewares/Third_Party/FreeRTOS/Source/tasks.c **** 
4904:Middlewares/Third_Party/FreeRTOS/Source/tasks.c **** 		configASSERT( xTaskToNotify );
4905:Middlewares/Third_Party/FreeRTOS/Source/tasks.c **** 
4906:Middlewares/Third_Party/FreeRTOS/Source/tasks.c **** 		/* RTOS ports that support interrupt nesting have the concept of a
4907:Middlewares/Third_Party/FreeRTOS/Source/tasks.c **** 		maximum	system call (or maximum API call) interrupt priority.
4908:Middlewares/Third_Party/FreeRTOS/Source/tasks.c **** 		Interrupts that are	above the maximum system call priority are keep
4909:Middlewares/Third_Party/FreeRTOS/Source/tasks.c **** 		permanently enabled, even when the RTOS kernel is in a critical section,
4910:Middlewares/Third_Party/FreeRTOS/Source/tasks.c **** 		but cannot make any calls to FreeRTOS API functions.  If configASSERT()
4911:Middlewares/Third_Party/FreeRTOS/Source/tasks.c **** 		is defined in FreeRTOSConfig.h then
4912:Middlewares/Third_Party/FreeRTOS/Source/tasks.c **** 		portASSERT_IF_INTERRUPT_PRIORITY_INVALID() will result in an assertion
4913:Middlewares/Third_Party/FreeRTOS/Source/tasks.c **** 		failure if a FreeRTOS API function is called from an interrupt that has
4914:Middlewares/Third_Party/FreeRTOS/Source/tasks.c **** 		been assigned a priority above the configured maximum system call
4915:Middlewares/Third_Party/FreeRTOS/Source/tasks.c **** 		priority.  Only FreeRTOS functions that end in FromISR can be called
4916:Middlewares/Third_Party/FreeRTOS/Source/tasks.c **** 		from interrupts	that have been assigned a priority at or (logically)
4917:Middlewares/Third_Party/FreeRTOS/Source/tasks.c **** 		below the maximum system call interrupt priority.  FreeRTOS maintains a
4918:Middlewares/Third_Party/FreeRTOS/Source/tasks.c **** 		separate interrupt safe API to ensure interrupt entry is as fast and as
4919:Middlewares/Third_Party/FreeRTOS/Source/tasks.c **** 		simple as possible.  More information (albeit Cortex-M specific) is
ARM GAS  C:\Users\Asus\AppData\Local\Temp\cctip26G.s 			page 105


4920:Middlewares/Third_Party/FreeRTOS/Source/tasks.c **** 		provided on the following link:
4921:Middlewares/Third_Party/FreeRTOS/Source/tasks.c **** 		http://www.freertos.org/RTOS-Cortex-M3-M4.html */
4922:Middlewares/Third_Party/FreeRTOS/Source/tasks.c **** 		portASSERT_IF_INTERRUPT_PRIORITY_INVALID();
4923:Middlewares/Third_Party/FreeRTOS/Source/tasks.c **** 
4924:Middlewares/Third_Party/FreeRTOS/Source/tasks.c **** 		pxTCB = xTaskToNotify;
4925:Middlewares/Third_Party/FreeRTOS/Source/tasks.c **** 
4926:Middlewares/Third_Party/FreeRTOS/Source/tasks.c **** 		uxSavedInterruptStatus = portSET_INTERRUPT_MASK_FROM_ISR();
4927:Middlewares/Third_Party/FreeRTOS/Source/tasks.c **** 		{
4928:Middlewares/Third_Party/FreeRTOS/Source/tasks.c **** 			if( pulPreviousNotificationValue != NULL )
4929:Middlewares/Third_Party/FreeRTOS/Source/tasks.c **** 			{
4930:Middlewares/Third_Party/FreeRTOS/Source/tasks.c **** 				*pulPreviousNotificationValue = pxTCB->ulNotifiedValue;
4931:Middlewares/Third_Party/FreeRTOS/Source/tasks.c **** 			}
4932:Middlewares/Third_Party/FreeRTOS/Source/tasks.c **** 
4933:Middlewares/Third_Party/FreeRTOS/Source/tasks.c **** 			ucOriginalNotifyState = pxTCB->ucNotifyState;
4934:Middlewares/Third_Party/FreeRTOS/Source/tasks.c **** 			pxTCB->ucNotifyState = taskNOTIFICATION_RECEIVED;
4935:Middlewares/Third_Party/FreeRTOS/Source/tasks.c **** 
4936:Middlewares/Third_Party/FreeRTOS/Source/tasks.c **** 			switch( eAction )
4937:Middlewares/Third_Party/FreeRTOS/Source/tasks.c **** 			{
4938:Middlewares/Third_Party/FreeRTOS/Source/tasks.c **** 				case eSetBits	:
4939:Middlewares/Third_Party/FreeRTOS/Source/tasks.c **** 					pxTCB->ulNotifiedValue |= ulValue;
4940:Middlewares/Third_Party/FreeRTOS/Source/tasks.c **** 					break;
4941:Middlewares/Third_Party/FreeRTOS/Source/tasks.c **** 
4942:Middlewares/Third_Party/FreeRTOS/Source/tasks.c **** 				case eIncrement	:
4943:Middlewares/Third_Party/FreeRTOS/Source/tasks.c **** 					( pxTCB->ulNotifiedValue )++;
4944:Middlewares/Third_Party/FreeRTOS/Source/tasks.c **** 					break;
4945:Middlewares/Third_Party/FreeRTOS/Source/tasks.c **** 
4946:Middlewares/Third_Party/FreeRTOS/Source/tasks.c **** 				case eSetValueWithOverwrite	:
4947:Middlewares/Third_Party/FreeRTOS/Source/tasks.c **** 					pxTCB->ulNotifiedValue = ulValue;
4948:Middlewares/Third_Party/FreeRTOS/Source/tasks.c **** 					break;
4949:Middlewares/Third_Party/FreeRTOS/Source/tasks.c **** 
4950:Middlewares/Third_Party/FreeRTOS/Source/tasks.c **** 				case eSetValueWithoutOverwrite :
4951:Middlewares/Third_Party/FreeRTOS/Source/tasks.c **** 					if( ucOriginalNotifyState != taskNOTIFICATION_RECEIVED )
4952:Middlewares/Third_Party/FreeRTOS/Source/tasks.c **** 					{
4953:Middlewares/Third_Party/FreeRTOS/Source/tasks.c **** 						pxTCB->ulNotifiedValue = ulValue;
4954:Middlewares/Third_Party/FreeRTOS/Source/tasks.c **** 					}
4955:Middlewares/Third_Party/FreeRTOS/Source/tasks.c **** 					else
4956:Middlewares/Third_Party/FreeRTOS/Source/tasks.c **** 					{
4957:Middlewares/Third_Party/FreeRTOS/Source/tasks.c **** 						/* The value could not be written to the task. */
4958:Middlewares/Third_Party/FreeRTOS/Source/tasks.c **** 						xReturn = pdFAIL;
4959:Middlewares/Third_Party/FreeRTOS/Source/tasks.c **** 					}
4960:Middlewares/Third_Party/FreeRTOS/Source/tasks.c **** 					break;
4961:Middlewares/Third_Party/FreeRTOS/Source/tasks.c **** 
4962:Middlewares/Third_Party/FreeRTOS/Source/tasks.c **** 				case eNoAction :
4963:Middlewares/Third_Party/FreeRTOS/Source/tasks.c **** 					/* The task is being notified without its notify value being
4964:Middlewares/Third_Party/FreeRTOS/Source/tasks.c **** 					updated. */
4965:Middlewares/Third_Party/FreeRTOS/Source/tasks.c **** 					break;
4966:Middlewares/Third_Party/FreeRTOS/Source/tasks.c **** 
4967:Middlewares/Third_Party/FreeRTOS/Source/tasks.c **** 				default:
4968:Middlewares/Third_Party/FreeRTOS/Source/tasks.c **** 					/* Should not get here if all enums are handled.
4969:Middlewares/Third_Party/FreeRTOS/Source/tasks.c **** 					Artificially force an assert by testing a value the
4970:Middlewares/Third_Party/FreeRTOS/Source/tasks.c **** 					compiler can't assume is const. */
4971:Middlewares/Third_Party/FreeRTOS/Source/tasks.c **** 					configASSERT( pxTCB->ulNotifiedValue == ~0UL );
4972:Middlewares/Third_Party/FreeRTOS/Source/tasks.c **** 					break;
4973:Middlewares/Third_Party/FreeRTOS/Source/tasks.c **** 			}
4974:Middlewares/Third_Party/FreeRTOS/Source/tasks.c **** 
4975:Middlewares/Third_Party/FreeRTOS/Source/tasks.c **** 			traceTASK_NOTIFY_FROM_ISR();
4976:Middlewares/Third_Party/FreeRTOS/Source/tasks.c **** 
ARM GAS  C:\Users\Asus\AppData\Local\Temp\cctip26G.s 			page 106


4977:Middlewares/Third_Party/FreeRTOS/Source/tasks.c **** 			/* If the task is in the blocked state specifically to wait for a
4978:Middlewares/Third_Party/FreeRTOS/Source/tasks.c **** 			notification then unblock it now. */
4979:Middlewares/Third_Party/FreeRTOS/Source/tasks.c **** 			if( ucOriginalNotifyState == taskWAITING_NOTIFICATION )
4980:Middlewares/Third_Party/FreeRTOS/Source/tasks.c **** 			{
4981:Middlewares/Third_Party/FreeRTOS/Source/tasks.c **** 				/* The task should not have been on an event list. */
4982:Middlewares/Third_Party/FreeRTOS/Source/tasks.c **** 				configASSERT( listLIST_ITEM_CONTAINER( &( pxTCB->xEventListItem ) ) == NULL );
4983:Middlewares/Third_Party/FreeRTOS/Source/tasks.c **** 
4984:Middlewares/Third_Party/FreeRTOS/Source/tasks.c **** 				if( uxSchedulerSuspended == ( UBaseType_t ) pdFALSE )
4985:Middlewares/Third_Party/FreeRTOS/Source/tasks.c **** 				{
4986:Middlewares/Third_Party/FreeRTOS/Source/tasks.c **** 					( void ) uxListRemove( &( pxTCB->xStateListItem ) );
4987:Middlewares/Third_Party/FreeRTOS/Source/tasks.c **** 					prvAddTaskToReadyList( pxTCB );
4988:Middlewares/Third_Party/FreeRTOS/Source/tasks.c **** 				}
4989:Middlewares/Third_Party/FreeRTOS/Source/tasks.c **** 				else
4990:Middlewares/Third_Party/FreeRTOS/Source/tasks.c **** 				{
4991:Middlewares/Third_Party/FreeRTOS/Source/tasks.c **** 					/* The delayed and ready lists cannot be accessed, so hold
4992:Middlewares/Third_Party/FreeRTOS/Source/tasks.c **** 					this task pending until the scheduler is resumed. */
4993:Middlewares/Third_Party/FreeRTOS/Source/tasks.c **** 					vListInsertEnd( &( xPendingReadyList ), &( pxTCB->xEventListItem ) );
4994:Middlewares/Third_Party/FreeRTOS/Source/tasks.c **** 				}
4995:Middlewares/Third_Party/FreeRTOS/Source/tasks.c **** 
4996:Middlewares/Third_Party/FreeRTOS/Source/tasks.c **** 				if( pxTCB->uxPriority > pxCurrentTCB->uxPriority )
4997:Middlewares/Third_Party/FreeRTOS/Source/tasks.c **** 				{
4998:Middlewares/Third_Party/FreeRTOS/Source/tasks.c **** 					/* The notified task has a priority above the currently
4999:Middlewares/Third_Party/FreeRTOS/Source/tasks.c **** 					executing task so a yield is required. */
5000:Middlewares/Third_Party/FreeRTOS/Source/tasks.c **** 					if( pxHigherPriorityTaskWoken != NULL )
5001:Middlewares/Third_Party/FreeRTOS/Source/tasks.c **** 					{
5002:Middlewares/Third_Party/FreeRTOS/Source/tasks.c **** 						*pxHigherPriorityTaskWoken = pdTRUE;
5003:Middlewares/Third_Party/FreeRTOS/Source/tasks.c **** 					}
5004:Middlewares/Third_Party/FreeRTOS/Source/tasks.c **** 
5005:Middlewares/Third_Party/FreeRTOS/Source/tasks.c **** 					/* Mark that a yield is pending in case the user is not
5006:Middlewares/Third_Party/FreeRTOS/Source/tasks.c **** 					using the "xHigherPriorityTaskWoken" parameter to an ISR
5007:Middlewares/Third_Party/FreeRTOS/Source/tasks.c **** 					safe FreeRTOS function. */
5008:Middlewares/Third_Party/FreeRTOS/Source/tasks.c **** 					xYieldPending = pdTRUE;
5009:Middlewares/Third_Party/FreeRTOS/Source/tasks.c **** 				}
5010:Middlewares/Third_Party/FreeRTOS/Source/tasks.c **** 				else
5011:Middlewares/Third_Party/FreeRTOS/Source/tasks.c **** 				{
5012:Middlewares/Third_Party/FreeRTOS/Source/tasks.c **** 					mtCOVERAGE_TEST_MARKER();
5013:Middlewares/Third_Party/FreeRTOS/Source/tasks.c **** 				}
5014:Middlewares/Third_Party/FreeRTOS/Source/tasks.c **** 			}
5015:Middlewares/Third_Party/FreeRTOS/Source/tasks.c **** 		}
5016:Middlewares/Third_Party/FreeRTOS/Source/tasks.c **** 		portCLEAR_INTERRUPT_MASK_FROM_ISR( uxSavedInterruptStatus );
5017:Middlewares/Third_Party/FreeRTOS/Source/tasks.c **** 
5018:Middlewares/Third_Party/FreeRTOS/Source/tasks.c **** 		return xReturn;
5019:Middlewares/Third_Party/FreeRTOS/Source/tasks.c **** 	}
5020:Middlewares/Third_Party/FreeRTOS/Source/tasks.c **** 
5021:Middlewares/Third_Party/FreeRTOS/Source/tasks.c **** #endif /* configUSE_TASK_NOTIFICATIONS */
5022:Middlewares/Third_Party/FreeRTOS/Source/tasks.c **** /*-----------------------------------------------------------*/
5023:Middlewares/Third_Party/FreeRTOS/Source/tasks.c **** 
5024:Middlewares/Third_Party/FreeRTOS/Source/tasks.c **** #if( configUSE_TASK_NOTIFICATIONS == 1 )
5025:Middlewares/Third_Party/FreeRTOS/Source/tasks.c **** 
5026:Middlewares/Third_Party/FreeRTOS/Source/tasks.c **** 	void vTaskNotifyGiveFromISR( TaskHandle_t xTaskToNotify, BaseType_t *pxHigherPriorityTaskWoken )
5027:Middlewares/Third_Party/FreeRTOS/Source/tasks.c **** 	{
5028:Middlewares/Third_Party/FreeRTOS/Source/tasks.c **** 	TCB_t * pxTCB;
5029:Middlewares/Third_Party/FreeRTOS/Source/tasks.c **** 	uint8_t ucOriginalNotifyState;
5030:Middlewares/Third_Party/FreeRTOS/Source/tasks.c **** 	UBaseType_t uxSavedInterruptStatus;
5031:Middlewares/Third_Party/FreeRTOS/Source/tasks.c **** 
5032:Middlewares/Third_Party/FreeRTOS/Source/tasks.c **** 		configASSERT( xTaskToNotify );
5033:Middlewares/Third_Party/FreeRTOS/Source/tasks.c **** 
ARM GAS  C:\Users\Asus\AppData\Local\Temp\cctip26G.s 			page 107


5034:Middlewares/Third_Party/FreeRTOS/Source/tasks.c **** 		/* RTOS ports that support interrupt nesting have the concept of a
5035:Middlewares/Third_Party/FreeRTOS/Source/tasks.c **** 		maximum	system call (or maximum API call) interrupt priority.
5036:Middlewares/Third_Party/FreeRTOS/Source/tasks.c **** 		Interrupts that are	above the maximum system call priority are keep
5037:Middlewares/Third_Party/FreeRTOS/Source/tasks.c **** 		permanently enabled, even when the RTOS kernel is in a critical section,
5038:Middlewares/Third_Party/FreeRTOS/Source/tasks.c **** 		but cannot make any calls to FreeRTOS API functions.  If configASSERT()
5039:Middlewares/Third_Party/FreeRTOS/Source/tasks.c **** 		is defined in FreeRTOSConfig.h then
5040:Middlewares/Third_Party/FreeRTOS/Source/tasks.c **** 		portASSERT_IF_INTERRUPT_PRIORITY_INVALID() will result in an assertion
5041:Middlewares/Third_Party/FreeRTOS/Source/tasks.c **** 		failure if a FreeRTOS API function is called from an interrupt that has
5042:Middlewares/Third_Party/FreeRTOS/Source/tasks.c **** 		been assigned a priority above the configured maximum system call
5043:Middlewares/Third_Party/FreeRTOS/Source/tasks.c **** 		priority.  Only FreeRTOS functions that end in FromISR can be called
5044:Middlewares/Third_Party/FreeRTOS/Source/tasks.c **** 		from interrupts	that have been assigned a priority at or (logically)
5045:Middlewares/Third_Party/FreeRTOS/Source/tasks.c **** 		below the maximum system call interrupt priority.  FreeRTOS maintains a
5046:Middlewares/Third_Party/FreeRTOS/Source/tasks.c **** 		separate interrupt safe API to ensure interrupt entry is as fast and as
5047:Middlewares/Third_Party/FreeRTOS/Source/tasks.c **** 		simple as possible.  More information (albeit Cortex-M specific) is
5048:Middlewares/Third_Party/FreeRTOS/Source/tasks.c **** 		provided on the following link:
5049:Middlewares/Third_Party/FreeRTOS/Source/tasks.c **** 		http://www.freertos.org/RTOS-Cortex-M3-M4.html */
5050:Middlewares/Third_Party/FreeRTOS/Source/tasks.c **** 		portASSERT_IF_INTERRUPT_PRIORITY_INVALID();
5051:Middlewares/Third_Party/FreeRTOS/Source/tasks.c **** 
5052:Middlewares/Third_Party/FreeRTOS/Source/tasks.c **** 		pxTCB = xTaskToNotify;
5053:Middlewares/Third_Party/FreeRTOS/Source/tasks.c **** 
5054:Middlewares/Third_Party/FreeRTOS/Source/tasks.c **** 		uxSavedInterruptStatus = portSET_INTERRUPT_MASK_FROM_ISR();
5055:Middlewares/Third_Party/FreeRTOS/Source/tasks.c **** 		{
5056:Middlewares/Third_Party/FreeRTOS/Source/tasks.c **** 			ucOriginalNotifyState = pxTCB->ucNotifyState;
5057:Middlewares/Third_Party/FreeRTOS/Source/tasks.c **** 			pxTCB->ucNotifyState = taskNOTIFICATION_RECEIVED;
5058:Middlewares/Third_Party/FreeRTOS/Source/tasks.c **** 
5059:Middlewares/Third_Party/FreeRTOS/Source/tasks.c **** 			/* 'Giving' is equivalent to incrementing a count in a counting
5060:Middlewares/Third_Party/FreeRTOS/Source/tasks.c **** 			semaphore. */
5061:Middlewares/Third_Party/FreeRTOS/Source/tasks.c **** 			( pxTCB->ulNotifiedValue )++;
5062:Middlewares/Third_Party/FreeRTOS/Source/tasks.c **** 
5063:Middlewares/Third_Party/FreeRTOS/Source/tasks.c **** 			traceTASK_NOTIFY_GIVE_FROM_ISR();
5064:Middlewares/Third_Party/FreeRTOS/Source/tasks.c **** 
5065:Middlewares/Third_Party/FreeRTOS/Source/tasks.c **** 			/* If the task is in the blocked state specifically to wait for a
5066:Middlewares/Third_Party/FreeRTOS/Source/tasks.c **** 			notification then unblock it now. */
5067:Middlewares/Third_Party/FreeRTOS/Source/tasks.c **** 			if( ucOriginalNotifyState == taskWAITING_NOTIFICATION )
5068:Middlewares/Third_Party/FreeRTOS/Source/tasks.c **** 			{
5069:Middlewares/Third_Party/FreeRTOS/Source/tasks.c **** 				/* The task should not have been on an event list. */
5070:Middlewares/Third_Party/FreeRTOS/Source/tasks.c **** 				configASSERT( listLIST_ITEM_CONTAINER( &( pxTCB->xEventListItem ) ) == NULL );
5071:Middlewares/Third_Party/FreeRTOS/Source/tasks.c **** 
5072:Middlewares/Third_Party/FreeRTOS/Source/tasks.c **** 				if( uxSchedulerSuspended == ( UBaseType_t ) pdFALSE )
5073:Middlewares/Third_Party/FreeRTOS/Source/tasks.c **** 				{
5074:Middlewares/Third_Party/FreeRTOS/Source/tasks.c **** 					( void ) uxListRemove( &( pxTCB->xStateListItem ) );
5075:Middlewares/Third_Party/FreeRTOS/Source/tasks.c **** 					prvAddTaskToReadyList( pxTCB );
5076:Middlewares/Third_Party/FreeRTOS/Source/tasks.c **** 				}
5077:Middlewares/Third_Party/FreeRTOS/Source/tasks.c **** 				else
5078:Middlewares/Third_Party/FreeRTOS/Source/tasks.c **** 				{
5079:Middlewares/Third_Party/FreeRTOS/Source/tasks.c **** 					/* The delayed and ready lists cannot be accessed, so hold
5080:Middlewares/Third_Party/FreeRTOS/Source/tasks.c **** 					this task pending until the scheduler is resumed. */
5081:Middlewares/Third_Party/FreeRTOS/Source/tasks.c **** 					vListInsertEnd( &( xPendingReadyList ), &( pxTCB->xEventListItem ) );
5082:Middlewares/Third_Party/FreeRTOS/Source/tasks.c **** 				}
5083:Middlewares/Third_Party/FreeRTOS/Source/tasks.c **** 
5084:Middlewares/Third_Party/FreeRTOS/Source/tasks.c **** 				if( pxTCB->uxPriority > pxCurrentTCB->uxPriority )
5085:Middlewares/Third_Party/FreeRTOS/Source/tasks.c **** 				{
5086:Middlewares/Third_Party/FreeRTOS/Source/tasks.c **** 					/* The notified task has a priority above the currently
5087:Middlewares/Third_Party/FreeRTOS/Source/tasks.c **** 					executing task so a yield is required. */
5088:Middlewares/Third_Party/FreeRTOS/Source/tasks.c **** 					if( pxHigherPriorityTaskWoken != NULL )
5089:Middlewares/Third_Party/FreeRTOS/Source/tasks.c **** 					{
5090:Middlewares/Third_Party/FreeRTOS/Source/tasks.c **** 						*pxHigherPriorityTaskWoken = pdTRUE;
ARM GAS  C:\Users\Asus\AppData\Local\Temp\cctip26G.s 			page 108


5091:Middlewares/Third_Party/FreeRTOS/Source/tasks.c **** 					}
5092:Middlewares/Third_Party/FreeRTOS/Source/tasks.c **** 
5093:Middlewares/Third_Party/FreeRTOS/Source/tasks.c **** 					/* Mark that a yield is pending in case the user is not
5094:Middlewares/Third_Party/FreeRTOS/Source/tasks.c **** 					using the "xHigherPriorityTaskWoken" parameter in an ISR
5095:Middlewares/Third_Party/FreeRTOS/Source/tasks.c **** 					safe FreeRTOS function. */
5096:Middlewares/Third_Party/FreeRTOS/Source/tasks.c **** 					xYieldPending = pdTRUE;
5097:Middlewares/Third_Party/FreeRTOS/Source/tasks.c **** 				}
5098:Middlewares/Third_Party/FreeRTOS/Source/tasks.c **** 				else
5099:Middlewares/Third_Party/FreeRTOS/Source/tasks.c **** 				{
5100:Middlewares/Third_Party/FreeRTOS/Source/tasks.c **** 					mtCOVERAGE_TEST_MARKER();
5101:Middlewares/Third_Party/FreeRTOS/Source/tasks.c **** 				}
5102:Middlewares/Third_Party/FreeRTOS/Source/tasks.c **** 			}
5103:Middlewares/Third_Party/FreeRTOS/Source/tasks.c **** 		}
5104:Middlewares/Third_Party/FreeRTOS/Source/tasks.c **** 		portCLEAR_INTERRUPT_MASK_FROM_ISR( uxSavedInterruptStatus );
5105:Middlewares/Third_Party/FreeRTOS/Source/tasks.c **** 	}
5106:Middlewares/Third_Party/FreeRTOS/Source/tasks.c **** 
5107:Middlewares/Third_Party/FreeRTOS/Source/tasks.c **** #endif /* configUSE_TASK_NOTIFICATIONS */
5108:Middlewares/Third_Party/FreeRTOS/Source/tasks.c **** /*-----------------------------------------------------------*/
5109:Middlewares/Third_Party/FreeRTOS/Source/tasks.c **** 
5110:Middlewares/Third_Party/FreeRTOS/Source/tasks.c **** #if( configUSE_TASK_NOTIFICATIONS == 1 )
5111:Middlewares/Third_Party/FreeRTOS/Source/tasks.c **** 
5112:Middlewares/Third_Party/FreeRTOS/Source/tasks.c **** 	BaseType_t xTaskNotifyStateClear( TaskHandle_t xTask )
5113:Middlewares/Third_Party/FreeRTOS/Source/tasks.c **** 	{
5114:Middlewares/Third_Party/FreeRTOS/Source/tasks.c **** 	TCB_t *pxTCB;
5115:Middlewares/Third_Party/FreeRTOS/Source/tasks.c **** 	BaseType_t xReturn;
5116:Middlewares/Third_Party/FreeRTOS/Source/tasks.c **** 
5117:Middlewares/Third_Party/FreeRTOS/Source/tasks.c **** 		/* If null is passed in here then it is the calling task that is having
5118:Middlewares/Third_Party/FreeRTOS/Source/tasks.c **** 		its notification state cleared. */
5119:Middlewares/Third_Party/FreeRTOS/Source/tasks.c **** 		pxTCB = prvGetTCBFromHandle( xTask );
5120:Middlewares/Third_Party/FreeRTOS/Source/tasks.c **** 
5121:Middlewares/Third_Party/FreeRTOS/Source/tasks.c **** 		taskENTER_CRITICAL();
5122:Middlewares/Third_Party/FreeRTOS/Source/tasks.c **** 		{
5123:Middlewares/Third_Party/FreeRTOS/Source/tasks.c **** 			if( pxTCB->ucNotifyState == taskNOTIFICATION_RECEIVED )
5124:Middlewares/Third_Party/FreeRTOS/Source/tasks.c **** 			{
5125:Middlewares/Third_Party/FreeRTOS/Source/tasks.c **** 				pxTCB->ucNotifyState = taskNOT_WAITING_NOTIFICATION;
5126:Middlewares/Third_Party/FreeRTOS/Source/tasks.c **** 				xReturn = pdPASS;
5127:Middlewares/Third_Party/FreeRTOS/Source/tasks.c **** 			}
5128:Middlewares/Third_Party/FreeRTOS/Source/tasks.c **** 			else
5129:Middlewares/Third_Party/FreeRTOS/Source/tasks.c **** 			{
5130:Middlewares/Third_Party/FreeRTOS/Source/tasks.c **** 				xReturn = pdFAIL;
5131:Middlewares/Third_Party/FreeRTOS/Source/tasks.c **** 			}
5132:Middlewares/Third_Party/FreeRTOS/Source/tasks.c **** 		}
5133:Middlewares/Third_Party/FreeRTOS/Source/tasks.c **** 		taskEXIT_CRITICAL();
5134:Middlewares/Third_Party/FreeRTOS/Source/tasks.c **** 
5135:Middlewares/Third_Party/FreeRTOS/Source/tasks.c **** 		return xReturn;
5136:Middlewares/Third_Party/FreeRTOS/Source/tasks.c **** 	}
5137:Middlewares/Third_Party/FreeRTOS/Source/tasks.c **** 
5138:Middlewares/Third_Party/FreeRTOS/Source/tasks.c **** #endif /* configUSE_TASK_NOTIFICATIONS */
5139:Middlewares/Third_Party/FreeRTOS/Source/tasks.c **** /*-----------------------------------------------------------*/
5140:Middlewares/Third_Party/FreeRTOS/Source/tasks.c **** 
5141:Middlewares/Third_Party/FreeRTOS/Source/tasks.c **** #if( configUSE_TASK_NOTIFICATIONS == 1 )
5142:Middlewares/Third_Party/FreeRTOS/Source/tasks.c **** 
5143:Middlewares/Third_Party/FreeRTOS/Source/tasks.c **** 	uint32_t ulTaskNotifyValueClear( TaskHandle_t xTask, uint32_t ulBitsToClear )
5144:Middlewares/Third_Party/FreeRTOS/Source/tasks.c **** 	{
5145:Middlewares/Third_Party/FreeRTOS/Source/tasks.c **** 	TCB_t *pxTCB;
5146:Middlewares/Third_Party/FreeRTOS/Source/tasks.c **** 	uint32_t ulReturn;
5147:Middlewares/Third_Party/FreeRTOS/Source/tasks.c **** 
ARM GAS  C:\Users\Asus\AppData\Local\Temp\cctip26G.s 			page 109


5148:Middlewares/Third_Party/FreeRTOS/Source/tasks.c **** 		/* If null is passed in here then it is the calling task that is having
5149:Middlewares/Third_Party/FreeRTOS/Source/tasks.c **** 		its notification state cleared. */
5150:Middlewares/Third_Party/FreeRTOS/Source/tasks.c **** 		pxTCB = prvGetTCBFromHandle( xTask );
5151:Middlewares/Third_Party/FreeRTOS/Source/tasks.c **** 
5152:Middlewares/Third_Party/FreeRTOS/Source/tasks.c **** 		taskENTER_CRITICAL();
5153:Middlewares/Third_Party/FreeRTOS/Source/tasks.c **** 		{
5154:Middlewares/Third_Party/FreeRTOS/Source/tasks.c **** 			/* Return the notification as it was before the bits were cleared,
5155:Middlewares/Third_Party/FreeRTOS/Source/tasks.c **** 			then clear the bit mask. */
5156:Middlewares/Third_Party/FreeRTOS/Source/tasks.c **** 			ulReturn = pxCurrentTCB->ulNotifiedValue;
5157:Middlewares/Third_Party/FreeRTOS/Source/tasks.c **** 			pxTCB->ulNotifiedValue &= ~ulBitsToClear;
5158:Middlewares/Third_Party/FreeRTOS/Source/tasks.c **** 		}
5159:Middlewares/Third_Party/FreeRTOS/Source/tasks.c **** 		taskEXIT_CRITICAL();
5160:Middlewares/Third_Party/FreeRTOS/Source/tasks.c **** 
5161:Middlewares/Third_Party/FreeRTOS/Source/tasks.c **** 		return ulReturn;
5162:Middlewares/Third_Party/FreeRTOS/Source/tasks.c **** 	}
5163:Middlewares/Third_Party/FreeRTOS/Source/tasks.c **** 
5164:Middlewares/Third_Party/FreeRTOS/Source/tasks.c **** #endif /* configUSE_TASK_NOTIFICATIONS */
5165:Middlewares/Third_Party/FreeRTOS/Source/tasks.c **** /*-----------------------------------------------------------*/
5166:Middlewares/Third_Party/FreeRTOS/Source/tasks.c **** 
5167:Middlewares/Third_Party/FreeRTOS/Source/tasks.c **** #if( ( configGENERATE_RUN_TIME_STATS == 1 ) && ( INCLUDE_xTaskGetIdleTaskHandle == 1 ) )
5168:Middlewares/Third_Party/FreeRTOS/Source/tasks.c **** 
5169:Middlewares/Third_Party/FreeRTOS/Source/tasks.c **** 	uint32_t ulTaskGetIdleRunTimeCounter( void )
5170:Middlewares/Third_Party/FreeRTOS/Source/tasks.c **** 	{
5171:Middlewares/Third_Party/FreeRTOS/Source/tasks.c **** 		return xIdleTaskHandle->ulRunTimeCounter;
5172:Middlewares/Third_Party/FreeRTOS/Source/tasks.c **** 	}
5173:Middlewares/Third_Party/FreeRTOS/Source/tasks.c **** 
5174:Middlewares/Third_Party/FreeRTOS/Source/tasks.c **** #endif
5175:Middlewares/Third_Party/FreeRTOS/Source/tasks.c **** /*-----------------------------------------------------------*/
5176:Middlewares/Third_Party/FreeRTOS/Source/tasks.c **** 
5177:Middlewares/Third_Party/FreeRTOS/Source/tasks.c **** static void prvAddCurrentTaskToDelayedList( TickType_t xTicksToWait, const BaseType_t xCanBlockInde
5178:Middlewares/Third_Party/FreeRTOS/Source/tasks.c **** {
 825              		.loc 1 5178 1 view -0
 826              		.cfi_startproc
 827              		@ args = 0, pretend = 0, frame = 0
 828              		@ frame_needed = 0, uses_anonymous_args = 0
 829              		.loc 1 5178 1 is_stmt 0 view .LVU221
 830 0000 70B5     		push	{r4, r5, r6, lr}
 831              		.cfi_def_cfa_offset 16
 832              		.cfi_offset 4, -16
 833              		.cfi_offset 5, -12
 834              		.cfi_offset 6, -8
 835              		.cfi_offset 14, -4
 836 0002 0400     		movs	r4, r0
 837 0004 0D00     		movs	r5, r1
5179:Middlewares/Third_Party/FreeRTOS/Source/tasks.c **** TickType_t xTimeToWake;
 838              		.loc 1 5179 1 is_stmt 1 view .LVU222
5180:Middlewares/Third_Party/FreeRTOS/Source/tasks.c **** const TickType_t xConstTickCount = xTickCount;
 839              		.loc 1 5180 1 view .LVU223
 840              		.loc 1 5180 18 is_stmt 0 view .LVU224
 841 0006 174B     		ldr	r3, .L63
 842 0008 1E68     		ldr	r6, [r3]
 843              	.LVL64:
5181:Middlewares/Third_Party/FreeRTOS/Source/tasks.c **** 
5182:Middlewares/Third_Party/FreeRTOS/Source/tasks.c **** 	#if( INCLUDE_xTaskAbortDelay == 1 )
5183:Middlewares/Third_Party/FreeRTOS/Source/tasks.c **** 	{
5184:Middlewares/Third_Party/FreeRTOS/Source/tasks.c **** 		/* About to enter a delayed list, so ensure the ucDelayAborted flag is
5185:Middlewares/Third_Party/FreeRTOS/Source/tasks.c **** 		reset to pdFALSE so it can be detected as having been set to pdTRUE
ARM GAS  C:\Users\Asus\AppData\Local\Temp\cctip26G.s 			page 110


5186:Middlewares/Third_Party/FreeRTOS/Source/tasks.c **** 		when the task leaves the Blocked state. */
5187:Middlewares/Third_Party/FreeRTOS/Source/tasks.c **** 		pxCurrentTCB->ucDelayAborted = pdFALSE;
5188:Middlewares/Third_Party/FreeRTOS/Source/tasks.c **** 	}
5189:Middlewares/Third_Party/FreeRTOS/Source/tasks.c **** 	#endif
5190:Middlewares/Third_Party/FreeRTOS/Source/tasks.c **** 
5191:Middlewares/Third_Party/FreeRTOS/Source/tasks.c **** 	/* Remove the task from the ready list before adding it to the blocked list
5192:Middlewares/Third_Party/FreeRTOS/Source/tasks.c **** 	as the same list item is used for both lists. */
5193:Middlewares/Third_Party/FreeRTOS/Source/tasks.c **** 	if( uxListRemove( &( pxCurrentTCB->xStateListItem ) ) == ( UBaseType_t ) 0 )
 844              		.loc 1 5193 2 is_stmt 1 view .LVU225
 845              		.loc 1 5193 35 is_stmt 0 view .LVU226
 846 000a 174B     		ldr	r3, .L63+4
 847 000c 1868     		ldr	r0, [r3]
 848              	.LVL65:
 849              		.loc 1 5193 6 view .LVU227
 850 000e 0430     		adds	r0, r0, #4
 851 0010 FFF7FEFF 		bl	uxListRemove
 852              	.LVL66:
5194:Middlewares/Third_Party/FreeRTOS/Source/tasks.c **** 	{
5195:Middlewares/Third_Party/FreeRTOS/Source/tasks.c **** 		/* The current task must be in a ready list, so there is no need to
5196:Middlewares/Third_Party/FreeRTOS/Source/tasks.c **** 		check, and the port reset macro can be called directly. */
5197:Middlewares/Third_Party/FreeRTOS/Source/tasks.c **** 		portRESET_READY_PRIORITY( pxCurrentTCB->uxPriority, uxTopReadyPriority ); /*lint !e931 pxCurrentT
5198:Middlewares/Third_Party/FreeRTOS/Source/tasks.c **** 	}
5199:Middlewares/Third_Party/FreeRTOS/Source/tasks.c **** 	else
5200:Middlewares/Third_Party/FreeRTOS/Source/tasks.c **** 	{
5201:Middlewares/Third_Party/FreeRTOS/Source/tasks.c **** 		mtCOVERAGE_TEST_MARKER();
 853              		.loc 1 5201 27 is_stmt 1 view .LVU228
5202:Middlewares/Third_Party/FreeRTOS/Source/tasks.c **** 	}
5203:Middlewares/Third_Party/FreeRTOS/Source/tasks.c **** 
5204:Middlewares/Third_Party/FreeRTOS/Source/tasks.c **** 	#if ( INCLUDE_vTaskSuspend == 1 )
5205:Middlewares/Third_Party/FreeRTOS/Source/tasks.c **** 	{
5206:Middlewares/Third_Party/FreeRTOS/Source/tasks.c **** 		if( ( xTicksToWait == portMAX_DELAY ) && ( xCanBlockIndefinitely != pdFALSE ) )
 854              		.loc 1 5206 3 view .LVU229
 855              		.loc 1 5206 5 is_stmt 0 view .LVU230
 856 0014 631C     		adds	r3, r4, #1
 857 0016 0DD0     		beq	.L62
 858              	.L58:
5207:Middlewares/Third_Party/FreeRTOS/Source/tasks.c **** 		{
5208:Middlewares/Third_Party/FreeRTOS/Source/tasks.c **** 			/* Add the task to the suspended task list instead of a delayed task
5209:Middlewares/Third_Party/FreeRTOS/Source/tasks.c **** 			list to ensure it is not woken by a timing event.  It will block
5210:Middlewares/Third_Party/FreeRTOS/Source/tasks.c **** 			indefinitely. */
5211:Middlewares/Third_Party/FreeRTOS/Source/tasks.c **** 			vListInsertEnd( &xSuspendedTaskList, &( pxCurrentTCB->xStateListItem ) );
5212:Middlewares/Third_Party/FreeRTOS/Source/tasks.c **** 		}
5213:Middlewares/Third_Party/FreeRTOS/Source/tasks.c **** 		else
5214:Middlewares/Third_Party/FreeRTOS/Source/tasks.c **** 		{
5215:Middlewares/Third_Party/FreeRTOS/Source/tasks.c **** 			/* Calculate the time at which the task should be woken if the event
5216:Middlewares/Third_Party/FreeRTOS/Source/tasks.c **** 			does not occur.  This may overflow but this doesn't matter, the
5217:Middlewares/Third_Party/FreeRTOS/Source/tasks.c **** 			kernel will manage it correctly. */
5218:Middlewares/Third_Party/FreeRTOS/Source/tasks.c **** 			xTimeToWake = xConstTickCount + xTicksToWait;
 859              		.loc 1 5218 4 is_stmt 1 view .LVU231
 860              		.loc 1 5218 16 is_stmt 0 view .LVU232
 861 0018 3419     		adds	r4, r6, r4
 862              	.LVL67:
5219:Middlewares/Third_Party/FreeRTOS/Source/tasks.c **** 
5220:Middlewares/Third_Party/FreeRTOS/Source/tasks.c **** 			/* The list item will be inserted in wake time order. */
5221:Middlewares/Third_Party/FreeRTOS/Source/tasks.c **** 			listSET_LIST_ITEM_VALUE( &( pxCurrentTCB->xStateListItem ), xTimeToWake );
 863              		.loc 1 5221 4 is_stmt 1 view .LVU233
 864 001a 134B     		ldr	r3, .L63+4
ARM GAS  C:\Users\Asus\AppData\Local\Temp\cctip26G.s 			page 111


 865 001c 1B68     		ldr	r3, [r3]
 866 001e 5C60     		str	r4, [r3, #4]
5222:Middlewares/Third_Party/FreeRTOS/Source/tasks.c **** 
5223:Middlewares/Third_Party/FreeRTOS/Source/tasks.c **** 			if( xTimeToWake < xConstTickCount )
 867              		.loc 1 5223 4 view .LVU234
 868              		.loc 1 5223 6 is_stmt 0 view .LVU235
 869 0020 A642     		cmp	r6, r4
 870 0022 10D9     		bls	.L60
5224:Middlewares/Third_Party/FreeRTOS/Source/tasks.c **** 			{
5225:Middlewares/Third_Party/FreeRTOS/Source/tasks.c **** 				/* Wake time has overflowed.  Place this item in the overflow
5226:Middlewares/Third_Party/FreeRTOS/Source/tasks.c **** 				list. */
5227:Middlewares/Third_Party/FreeRTOS/Source/tasks.c **** 				vListInsert( pxOverflowDelayedTaskList, &( pxCurrentTCB->xStateListItem ) );
 871              		.loc 1 5227 5 is_stmt 1 view .LVU236
 872 0024 114B     		ldr	r3, .L63+8
 873 0026 1868     		ldr	r0, [r3]
 874              		.loc 1 5227 60 is_stmt 0 view .LVU237
 875 0028 0F4B     		ldr	r3, .L63+4
 876 002a 1968     		ldr	r1, [r3]
 877              		.loc 1 5227 5 view .LVU238
 878 002c 0431     		adds	r1, r1, #4
 879 002e FFF7FEFF 		bl	vListInsert
 880              	.LVL68:
 881              	.L57:
5228:Middlewares/Third_Party/FreeRTOS/Source/tasks.c **** 			}
5229:Middlewares/Third_Party/FreeRTOS/Source/tasks.c **** 			else
5230:Middlewares/Third_Party/FreeRTOS/Source/tasks.c **** 			{
5231:Middlewares/Third_Party/FreeRTOS/Source/tasks.c **** 				/* The wake time has not overflowed, so the current block list
5232:Middlewares/Third_Party/FreeRTOS/Source/tasks.c **** 				is used. */
5233:Middlewares/Third_Party/FreeRTOS/Source/tasks.c **** 				vListInsert( pxDelayedTaskList, &( pxCurrentTCB->xStateListItem ) );
5234:Middlewares/Third_Party/FreeRTOS/Source/tasks.c **** 
5235:Middlewares/Third_Party/FreeRTOS/Source/tasks.c **** 				/* If the task entering the blocked state was placed at the
5236:Middlewares/Third_Party/FreeRTOS/Source/tasks.c **** 				head of the list of blocked tasks then xNextTaskUnblockTime
5237:Middlewares/Third_Party/FreeRTOS/Source/tasks.c **** 				needs to be updated too. */
5238:Middlewares/Third_Party/FreeRTOS/Source/tasks.c **** 				if( xTimeToWake < xNextTaskUnblockTime )
5239:Middlewares/Third_Party/FreeRTOS/Source/tasks.c **** 				{
5240:Middlewares/Third_Party/FreeRTOS/Source/tasks.c **** 					xNextTaskUnblockTime = xTimeToWake;
5241:Middlewares/Third_Party/FreeRTOS/Source/tasks.c **** 				}
5242:Middlewares/Third_Party/FreeRTOS/Source/tasks.c **** 				else
5243:Middlewares/Third_Party/FreeRTOS/Source/tasks.c **** 				{
5244:Middlewares/Third_Party/FreeRTOS/Source/tasks.c **** 					mtCOVERAGE_TEST_MARKER();
5245:Middlewares/Third_Party/FreeRTOS/Source/tasks.c **** 				}
5246:Middlewares/Third_Party/FreeRTOS/Source/tasks.c **** 			}
5247:Middlewares/Third_Party/FreeRTOS/Source/tasks.c **** 		}
5248:Middlewares/Third_Party/FreeRTOS/Source/tasks.c **** 	}
5249:Middlewares/Third_Party/FreeRTOS/Source/tasks.c **** 	#else /* INCLUDE_vTaskSuspend */
5250:Middlewares/Third_Party/FreeRTOS/Source/tasks.c **** 	{
5251:Middlewares/Third_Party/FreeRTOS/Source/tasks.c **** 		/* Calculate the time at which the task should be woken if the event
5252:Middlewares/Third_Party/FreeRTOS/Source/tasks.c **** 		does not occur.  This may overflow but this doesn't matter, the kernel
5253:Middlewares/Third_Party/FreeRTOS/Source/tasks.c **** 		will manage it correctly. */
5254:Middlewares/Third_Party/FreeRTOS/Source/tasks.c **** 		xTimeToWake = xConstTickCount + xTicksToWait;
5255:Middlewares/Third_Party/FreeRTOS/Source/tasks.c **** 
5256:Middlewares/Third_Party/FreeRTOS/Source/tasks.c **** 		/* The list item will be inserted in wake time order. */
5257:Middlewares/Third_Party/FreeRTOS/Source/tasks.c **** 		listSET_LIST_ITEM_VALUE( &( pxCurrentTCB->xStateListItem ), xTimeToWake );
5258:Middlewares/Third_Party/FreeRTOS/Source/tasks.c **** 
5259:Middlewares/Third_Party/FreeRTOS/Source/tasks.c **** 		if( xTimeToWake < xConstTickCount )
5260:Middlewares/Third_Party/FreeRTOS/Source/tasks.c **** 		{
5261:Middlewares/Third_Party/FreeRTOS/Source/tasks.c **** 			/* Wake time has overflowed.  Place this item in the overflow list. */
ARM GAS  C:\Users\Asus\AppData\Local\Temp\cctip26G.s 			page 112


5262:Middlewares/Third_Party/FreeRTOS/Source/tasks.c **** 			vListInsert( pxOverflowDelayedTaskList, &( pxCurrentTCB->xStateListItem ) );
5263:Middlewares/Third_Party/FreeRTOS/Source/tasks.c **** 		}
5264:Middlewares/Third_Party/FreeRTOS/Source/tasks.c **** 		else
5265:Middlewares/Third_Party/FreeRTOS/Source/tasks.c **** 		{
5266:Middlewares/Third_Party/FreeRTOS/Source/tasks.c **** 			/* The wake time has not overflowed, so the current block list is used. */
5267:Middlewares/Third_Party/FreeRTOS/Source/tasks.c **** 			vListInsert( pxDelayedTaskList, &( pxCurrentTCB->xStateListItem ) );
5268:Middlewares/Third_Party/FreeRTOS/Source/tasks.c **** 
5269:Middlewares/Third_Party/FreeRTOS/Source/tasks.c **** 			/* If the task entering the blocked state was placed at the head of the
5270:Middlewares/Third_Party/FreeRTOS/Source/tasks.c **** 			list of blocked tasks then xNextTaskUnblockTime needs to be updated
5271:Middlewares/Third_Party/FreeRTOS/Source/tasks.c **** 			too. */
5272:Middlewares/Third_Party/FreeRTOS/Source/tasks.c **** 			if( xTimeToWake < xNextTaskUnblockTime )
5273:Middlewares/Third_Party/FreeRTOS/Source/tasks.c **** 			{
5274:Middlewares/Third_Party/FreeRTOS/Source/tasks.c **** 				xNextTaskUnblockTime = xTimeToWake;
5275:Middlewares/Third_Party/FreeRTOS/Source/tasks.c **** 			}
5276:Middlewares/Third_Party/FreeRTOS/Source/tasks.c **** 			else
5277:Middlewares/Third_Party/FreeRTOS/Source/tasks.c **** 			{
5278:Middlewares/Third_Party/FreeRTOS/Source/tasks.c **** 				mtCOVERAGE_TEST_MARKER();
5279:Middlewares/Third_Party/FreeRTOS/Source/tasks.c **** 			}
5280:Middlewares/Third_Party/FreeRTOS/Source/tasks.c **** 		}
5281:Middlewares/Third_Party/FreeRTOS/Source/tasks.c **** 
5282:Middlewares/Third_Party/FreeRTOS/Source/tasks.c **** 		/* Avoid compiler warning when INCLUDE_vTaskSuspend is not 1. */
5283:Middlewares/Third_Party/FreeRTOS/Source/tasks.c **** 		( void ) xCanBlockIndefinitely;
5284:Middlewares/Third_Party/FreeRTOS/Source/tasks.c **** 	}
5285:Middlewares/Third_Party/FreeRTOS/Source/tasks.c **** 	#endif /* INCLUDE_vTaskSuspend */
5286:Middlewares/Third_Party/FreeRTOS/Source/tasks.c **** }
 882              		.loc 1 5286 1 view .LVU239
 883              		@ sp needed
 884              	.LVL69:
 885              	.LVL70:
 886              		.loc 1 5286 1 view .LVU240
 887 0032 70BD     		pop	{r4, r5, r6, pc}
 888              	.LVL71:
 889              	.L62:
5206:Middlewares/Third_Party/FreeRTOS/Source/tasks.c **** 		{
 890              		.loc 1 5206 41 discriminator 1 view .LVU241
 891 0034 002D     		cmp	r5, #0
 892 0036 EFD0     		beq	.L58
5211:Middlewares/Third_Party/FreeRTOS/Source/tasks.c **** 		}
 893              		.loc 1 5211 4 is_stmt 1 view .LVU242
5211:Middlewares/Third_Party/FreeRTOS/Source/tasks.c **** 		}
 894              		.loc 1 5211 56 is_stmt 0 view .LVU243
 895 0038 0B4B     		ldr	r3, .L63+4
 896 003a 1968     		ldr	r1, [r3]
5211:Middlewares/Third_Party/FreeRTOS/Source/tasks.c **** 		}
 897              		.loc 1 5211 4 view .LVU244
 898 003c 0431     		adds	r1, r1, #4
 899 003e 0C48     		ldr	r0, .L63+12
 900 0040 FFF7FEFF 		bl	vListInsertEnd
 901              	.LVL72:
 902 0044 F5E7     		b	.L57
 903              	.LVL73:
 904              	.L60:
5233:Middlewares/Third_Party/FreeRTOS/Source/tasks.c **** 
 905              		.loc 1 5233 5 is_stmt 1 view .LVU245
 906 0046 0B4B     		ldr	r3, .L63+16
 907 0048 1868     		ldr	r0, [r3]
5233:Middlewares/Third_Party/FreeRTOS/Source/tasks.c **** 
ARM GAS  C:\Users\Asus\AppData\Local\Temp\cctip26G.s 			page 113


 908              		.loc 1 5233 52 is_stmt 0 view .LVU246
 909 004a 074B     		ldr	r3, .L63+4
 910 004c 1968     		ldr	r1, [r3]
5233:Middlewares/Third_Party/FreeRTOS/Source/tasks.c **** 
 911              		.loc 1 5233 5 view .LVU247
 912 004e 0431     		adds	r1, r1, #4
 913 0050 FFF7FEFF 		bl	vListInsert
 914              	.LVL74:
5238:Middlewares/Third_Party/FreeRTOS/Source/tasks.c **** 				{
 915              		.loc 1 5238 5 is_stmt 1 view .LVU248
5238:Middlewares/Third_Party/FreeRTOS/Source/tasks.c **** 				{
 916              		.loc 1 5238 21 is_stmt 0 view .LVU249
 917 0054 084B     		ldr	r3, .L63+20
 918 0056 1B68     		ldr	r3, [r3]
5238:Middlewares/Third_Party/FreeRTOS/Source/tasks.c **** 				{
 919              		.loc 1 5238 7 view .LVU250
 920 0058 A342     		cmp	r3, r4
 921 005a EAD9     		bls	.L57
5240:Middlewares/Third_Party/FreeRTOS/Source/tasks.c **** 				}
 922              		.loc 1 5240 6 is_stmt 1 view .LVU251
5240:Middlewares/Third_Party/FreeRTOS/Source/tasks.c **** 				}
 923              		.loc 1 5240 27 is_stmt 0 view .LVU252
 924 005c 064B     		ldr	r3, .L63+20
 925 005e 1C60     		str	r4, [r3]
5244:Middlewares/Third_Party/FreeRTOS/Source/tasks.c **** 				}
 926              		.loc 1 5244 30 is_stmt 1 view .LVU253
 927              		.loc 1 5286 1 is_stmt 0 view .LVU254
 928 0060 E7E7     		b	.L57
 929              	.L64:
 930 0062 C046     		.align	2
 931              	.L63:
 932 0064 00000000 		.word	xTickCount
 933 0068 00000000 		.word	pxCurrentTCB
 934 006c 00000000 		.word	pxOverflowDelayedTaskList
 935 0070 00000000 		.word	xSuspendedTaskList
 936 0074 00000000 		.word	pxDelayedTaskList
 937 0078 00000000 		.word	xNextTaskUnblockTime
 938              		.cfi_endproc
 939              	.LFE50:
 941              		.section	.text.xTaskCreate,"ax",%progbits
 942              		.align	1
 943              		.global	xTaskCreate
 944              		.syntax unified
 945              		.code	16
 946              		.thumb_func
 948              	xTaskCreate:
 949              	.LVL75:
 950              	.LFB0:
 739:Middlewares/Third_Party/FreeRTOS/Source/tasks.c **** 	TCB_t *pxNewTCB;
 951              		.loc 1 739 2 is_stmt 1 view -0
 952              		.cfi_startproc
 953              		@ args = 8, pretend = 0, frame = 8
 954              		@ frame_needed = 0, uses_anonymous_args = 0
 739:Middlewares/Third_Party/FreeRTOS/Source/tasks.c **** 	TCB_t *pxNewTCB;
 955              		.loc 1 739 2 is_stmt 0 view .LVU256
 956 0000 F0B5     		push	{r4, r5, r6, r7, lr}
 957              		.cfi_def_cfa_offset 20
ARM GAS  C:\Users\Asus\AppData\Local\Temp\cctip26G.s 			page 114


 958              		.cfi_offset 4, -20
 959              		.cfi_offset 5, -16
 960              		.cfi_offset 6, -12
 961              		.cfi_offset 7, -8
 962              		.cfi_offset 14, -4
 963 0002 87B0     		sub	sp, sp, #28
 964              		.cfi_def_cfa_offset 48
 965 0004 0490     		str	r0, [sp, #16]
 966 0006 0591     		str	r1, [sp, #20]
 967 0008 1600     		movs	r6, r2
 968 000a 1F00     		movs	r7, r3
 740:Middlewares/Third_Party/FreeRTOS/Source/tasks.c **** 	BaseType_t xReturn;
 969              		.loc 1 740 2 is_stmt 1 view .LVU257
 741:Middlewares/Third_Party/FreeRTOS/Source/tasks.c **** 
 970              		.loc 1 741 2 view .LVU258
 971              	.LBB3:
 770:Middlewares/Third_Party/FreeRTOS/Source/tasks.c **** 
 972              		.loc 1 770 3 view .LVU259
 773:Middlewares/Third_Party/FreeRTOS/Source/tasks.c **** 
 973              		.loc 1 773 4 view .LVU260
 773:Middlewares/Third_Party/FreeRTOS/Source/tasks.c **** 
 974              		.loc 1 773 14 is_stmt 0 view .LVU261
 975 000c 9000     		lsls	r0, r2, #2
 976              	.LVL76:
 773:Middlewares/Third_Party/FreeRTOS/Source/tasks.c **** 
 977              		.loc 1 773 14 view .LVU262
 978 000e FFF7FEFF 		bl	pvPortMalloc
 979              	.LVL77:
 773:Middlewares/Third_Party/FreeRTOS/Source/tasks.c **** 
 980              		.loc 1 773 14 view .LVU263
 981 0012 041E     		subs	r4, r0, #0
 982              	.LVL78:
 775:Middlewares/Third_Party/FreeRTOS/Source/tasks.c **** 			{
 983              		.loc 1 775 4 is_stmt 1 view .LVU264
 775:Middlewares/Third_Party/FreeRTOS/Source/tasks.c **** 			{
 984              		.loc 1 775 6 is_stmt 0 view .LVU265
 985 0014 1ED0     		beq	.L68
 778:Middlewares/Third_Party/FreeRTOS/Source/tasks.c **** 
 986              		.loc 1 778 5 is_stmt 1 view .LVU266
 778:Middlewares/Third_Party/FreeRTOS/Source/tasks.c **** 
 987              		.loc 1 778 28 is_stmt 0 view .LVU267
 988 0016 BC20     		movs	r0, #188
 989              	.LVL79:
 778:Middlewares/Third_Party/FreeRTOS/Source/tasks.c **** 
 990              		.loc 1 778 28 view .LVU268
 991 0018 4000     		lsls	r0, r0, #1
 992 001a FFF7FEFF 		bl	pvPortMalloc
 993              	.LVL80:
 994 001e 051E     		subs	r5, r0, #0
 995              	.LVL81:
 780:Middlewares/Third_Party/FreeRTOS/Source/tasks.c **** 				{
 996              		.loc 1 780 5 is_stmt 1 view .LVU269
 780:Middlewares/Third_Party/FreeRTOS/Source/tasks.c **** 				{
 997              		.loc 1 780 7 is_stmt 0 view .LVU270
 998 0020 12D0     		beq	.L67
 783:Middlewares/Third_Party/FreeRTOS/Source/tasks.c **** 				}
 999              		.loc 1 783 6 is_stmt 1 view .LVU271
ARM GAS  C:\Users\Asus\AppData\Local\Temp\cctip26G.s 			page 115


 783:Middlewares/Third_Party/FreeRTOS/Source/tasks.c **** 				}
 1000              		.loc 1 783 24 is_stmt 0 view .LVU272
 1001 0022 0463     		str	r4, [r0, #48]
 783:Middlewares/Third_Party/FreeRTOS/Source/tasks.c **** 				}
 1002              		.loc 1 783 24 view .LVU273
 1003              	.LBE3:
 799:Middlewares/Third_Party/FreeRTOS/Source/tasks.c **** 		{
 1004              		.loc 1 799 3 is_stmt 1 view .LVU274
 809:Middlewares/Third_Party/FreeRTOS/Source/tasks.c **** 			prvAddNewTaskToReadyList( pxNewTCB );
 1005              		.loc 1 809 4 view .LVU275
 1006 0024 0023     		movs	r3, #0
 1007 0026 0393     		str	r3, [sp, #12]
 1008 0028 0290     		str	r0, [sp, #8]
 1009 002a 0D9B     		ldr	r3, [sp, #52]
 1010 002c 0193     		str	r3, [sp, #4]
 1011 002e 0C9B     		ldr	r3, [sp, #48]
 1012 0030 0093     		str	r3, [sp]
 1013 0032 3B00     		movs	r3, r7
 1014 0034 3200     		movs	r2, r6
 1015 0036 0599     		ldr	r1, [sp, #20]
 1016 0038 0498     		ldr	r0, [sp, #16]
 1017              	.LVL82:
 809:Middlewares/Third_Party/FreeRTOS/Source/tasks.c **** 			prvAddNewTaskToReadyList( pxNewTCB );
 1018              		.loc 1 809 4 is_stmt 0 view .LVU276
 1019 003a FFF7FEFF 		bl	prvInitialiseNewTask
 1020              	.LVL83:
 810:Middlewares/Third_Party/FreeRTOS/Source/tasks.c **** 			xReturn = pdPASS;
 1021              		.loc 1 810 4 is_stmt 1 view .LVU277
 1022 003e 2800     		movs	r0, r5
 1023 0040 FFF7FEFF 		bl	prvAddNewTaskToReadyList
 1024              	.LVL84:
 811:Middlewares/Third_Party/FreeRTOS/Source/tasks.c **** 		}
 1025              		.loc 1 811 4 view .LVU278
 811:Middlewares/Third_Party/FreeRTOS/Source/tasks.c **** 		}
 1026              		.loc 1 811 12 is_stmt 0 view .LVU279
 1027 0044 0120     		movs	r0, #1
 1028 0046 07E0     		b	.L65
 1029              	.LVL85:
 1030              	.L67:
 1031              	.LBB4:
 789:Middlewares/Third_Party/FreeRTOS/Source/tasks.c **** 				}
 1032              		.loc 1 789 6 is_stmt 1 view .LVU280
 1033 0048 2000     		movs	r0, r4
 1034              	.LVL86:
 789:Middlewares/Third_Party/FreeRTOS/Source/tasks.c **** 				}
 1035              		.loc 1 789 6 is_stmt 0 view .LVU281
 1036 004a FFF7FEFF 		bl	vPortFree
 1037              	.LVL87:
 789:Middlewares/Third_Party/FreeRTOS/Source/tasks.c **** 				}
 1038              		.loc 1 789 6 view .LVU282
 1039              	.LBE4:
 799:Middlewares/Third_Party/FreeRTOS/Source/tasks.c **** 		{
 1040              		.loc 1 799 3 is_stmt 1 view .LVU283
 815:Middlewares/Third_Party/FreeRTOS/Source/tasks.c **** 		}
 1041              		.loc 1 815 12 is_stmt 0 view .LVU284
 1042 004e 0120     		movs	r0, #1
 1043 0050 4042     		rsbs	r0, r0, #0
ARM GAS  C:\Users\Asus\AppData\Local\Temp\cctip26G.s 			page 116


 1044 0052 01E0     		b	.L65
 1045              	.LVL88:
 1046              	.L68:
 815:Middlewares/Third_Party/FreeRTOS/Source/tasks.c **** 		}
 1047              		.loc 1 815 12 view .LVU285
 1048 0054 0120     		movs	r0, #1
 1049              	.LVL89:
 815:Middlewares/Third_Party/FreeRTOS/Source/tasks.c **** 		}
 1050              		.loc 1 815 12 view .LVU286
 1051 0056 4042     		rsbs	r0, r0, #0
 1052              	.LVL90:
 818:Middlewares/Third_Party/FreeRTOS/Source/tasks.c **** 	}
 1053              		.loc 1 818 3 is_stmt 1 view .LVU287
 1054              	.L65:
 819:Middlewares/Third_Party/FreeRTOS/Source/tasks.c **** 
 1055              		.loc 1 819 2 is_stmt 0 view .LVU288
 1056 0058 07B0     		add	sp, sp, #28
 1057              		@ sp needed
 1058              	.LVL91:
 1059              	.LVL92:
 819:Middlewares/Third_Party/FreeRTOS/Source/tasks.c **** 
 1060              		.loc 1 819 2 view .LVU289
 1061 005a F0BD     		pop	{r4, r5, r6, r7, pc}
 1062              		.cfi_endproc
 1063              	.LFE0:
 1065              		.section	.text.vTaskDelete,"ax",%progbits
 1066              		.align	1
 1067              		.global	vTaskDelete
 1068              		.syntax unified
 1069              		.code	16
 1070              		.thumb_func
 1072              	vTaskDelete:
 1073              	.LVL93:
 1074              	.LFB3:
1163:Middlewares/Third_Party/FreeRTOS/Source/tasks.c **** 	TCB_t *pxTCB;
 1075              		.loc 1 1163 2 is_stmt 1 view -0
 1076              		.cfi_startproc
 1077              		@ args = 0, pretend = 0, frame = 0
 1078              		@ frame_needed = 0, uses_anonymous_args = 0
1163:Middlewares/Third_Party/FreeRTOS/Source/tasks.c **** 	TCB_t *pxTCB;
 1079              		.loc 1 1163 2 is_stmt 0 view .LVU291
 1080 0000 70B5     		push	{r4, r5, r6, lr}
 1081              		.cfi_def_cfa_offset 16
 1082              		.cfi_offset 4, -16
 1083              		.cfi_offset 5, -12
 1084              		.cfi_offset 6, -8
 1085              		.cfi_offset 14, -4
 1086 0002 0400     		movs	r4, r0
1164:Middlewares/Third_Party/FreeRTOS/Source/tasks.c **** 
 1087              		.loc 1 1164 2 is_stmt 1 view .LVU292
1166:Middlewares/Third_Party/FreeRTOS/Source/tasks.c **** 		{
 1088              		.loc 1 1166 3 view .LVU293
 1089 0004 FFF7FEFF 		bl	vPortEnterCritical
 1090              	.LVL94:
1170:Middlewares/Third_Party/FreeRTOS/Source/tasks.c **** 
 1091              		.loc 1 1170 4 view .LVU294
1170:Middlewares/Third_Party/FreeRTOS/Source/tasks.c **** 
ARM GAS  C:\Users\Asus\AppData\Local\Temp\cctip26G.s 			page 117


 1092              		.loc 1 1170 12 is_stmt 0 view .LVU295
 1093 0008 002C     		cmp	r4, #0
 1094 000a 26D0     		beq	.L77
 1095              	.LVL95:
 1096              	.L70:
1173:Middlewares/Third_Party/FreeRTOS/Source/tasks.c **** 			{
 1097              		.loc 1 1173 4 is_stmt 1 discriminator 4 view .LVU296
1173:Middlewares/Third_Party/FreeRTOS/Source/tasks.c **** 			{
 1098              		.loc 1 1173 8 is_stmt 0 discriminator 4 view .LVU297
 1099 000c 251D     		adds	r5, r4, #4
 1100 000e 2800     		movs	r0, r5
 1101 0010 FFF7FEFF 		bl	uxListRemove
 1102              	.LVL96:
1179:Middlewares/Third_Party/FreeRTOS/Source/tasks.c **** 			}
 1103              		.loc 1 1179 29 is_stmt 1 discriminator 4 view .LVU298
1183:Middlewares/Third_Party/FreeRTOS/Source/tasks.c **** 			{
 1104              		.loc 1 1183 4 discriminator 4 view .LVU299
1183:Middlewares/Third_Party/FreeRTOS/Source/tasks.c **** 			{
 1105              		.loc 1 1183 8 is_stmt 0 discriminator 4 view .LVU300
 1106 0014 A36A     		ldr	r3, [r4, #40]
1183:Middlewares/Third_Party/FreeRTOS/Source/tasks.c **** 			{
 1107              		.loc 1 1183 6 discriminator 4 view .LVU301
 1108 0016 002B     		cmp	r3, #0
 1109 0018 03D0     		beq	.L71
1185:Middlewares/Third_Party/FreeRTOS/Source/tasks.c **** 			}
 1110              		.loc 1 1185 5 is_stmt 1 view .LVU302
1185:Middlewares/Third_Party/FreeRTOS/Source/tasks.c **** 			}
 1111              		.loc 1 1185 14 is_stmt 0 view .LVU303
 1112 001a 2000     		movs	r0, r4
 1113 001c 1830     		adds	r0, r0, #24
 1114 001e FFF7FEFF 		bl	uxListRemove
 1115              	.LVL97:
 1116              	.L71:
1189:Middlewares/Third_Party/FreeRTOS/Source/tasks.c **** 			}
 1117              		.loc 1 1189 29 is_stmt 1 view .LVU304
1196:Middlewares/Third_Party/FreeRTOS/Source/tasks.c **** 
 1118              		.loc 1 1196 4 view .LVU305
1196:Middlewares/Third_Party/FreeRTOS/Source/tasks.c **** 
 1119              		.loc 1 1196 16 is_stmt 0 view .LVU306
 1120 0022 184A     		ldr	r2, .L80
 1121 0024 1368     		ldr	r3, [r2]
 1122 0026 0133     		adds	r3, r3, #1
 1123 0028 1360     		str	r3, [r2]
1198:Middlewares/Third_Party/FreeRTOS/Source/tasks.c **** 			{
 1124              		.loc 1 1198 4 is_stmt 1 view .LVU307
1198:Middlewares/Third_Party/FreeRTOS/Source/tasks.c **** 			{
 1125              		.loc 1 1198 14 is_stmt 0 view .LVU308
 1126 002a 174B     		ldr	r3, .L80+4
 1127 002c 1B68     		ldr	r3, [r3]
1198:Middlewares/Third_Party/FreeRTOS/Source/tasks.c **** 			{
 1128              		.loc 1 1198 6 view .LVU309
 1129 002e A342     		cmp	r3, r4
 1130 0030 16D0     		beq	.L78
1225:Middlewares/Third_Party/FreeRTOS/Source/tasks.c **** 				traceTASK_DELETE( pxTCB );
 1131              		.loc 1 1225 5 is_stmt 1 view .LVU310
 1132 0032 164A     		ldr	r2, .L80+8
 1133 0034 1368     		ldr	r3, [r2]
ARM GAS  C:\Users\Asus\AppData\Local\Temp\cctip26G.s 			page 118


 1134 0036 013B     		subs	r3, r3, #1
 1135 0038 1360     		str	r3, [r2]
1226:Middlewares/Third_Party/FreeRTOS/Source/tasks.c **** 				prvDeleteTCB( pxTCB );
 1136              		.loc 1 1226 30 view .LVU311
1227:Middlewares/Third_Party/FreeRTOS/Source/tasks.c **** 
 1137              		.loc 1 1227 5 view .LVU312
 1138 003a 2000     		movs	r0, r4
 1139 003c FFF7FEFF 		bl	prvDeleteTCB
 1140              	.LVL98:
1231:Middlewares/Third_Party/FreeRTOS/Source/tasks.c **** 			}
 1141              		.loc 1 1231 5 view .LVU313
 1142 0040 FFF7FEFF 		bl	prvResetNextTaskUnblockTime
 1143              	.LVL99:
 1144              	.L73:
1234:Middlewares/Third_Party/FreeRTOS/Source/tasks.c **** 
 1145              		.loc 1 1234 3 view .LVU314
 1146 0044 FFF7FEFF 		bl	vPortExitCritical
 1147              	.LVL100:
1238:Middlewares/Third_Party/FreeRTOS/Source/tasks.c **** 		{
 1148              		.loc 1 1238 3 view .LVU315
1238:Middlewares/Third_Party/FreeRTOS/Source/tasks.c **** 		{
 1149              		.loc 1 1238 25 is_stmt 0 view .LVU316
 1150 0048 114B     		ldr	r3, .L80+12
 1151 004a 1B68     		ldr	r3, [r3]
1238:Middlewares/Third_Party/FreeRTOS/Source/tasks.c **** 		{
 1152              		.loc 1 1238 5 view .LVU317
 1153 004c 002B     		cmp	r3, #0
 1154 004e 03D0     		beq	.L69
1240:Middlewares/Third_Party/FreeRTOS/Source/tasks.c **** 			{
 1155              		.loc 1 1240 4 is_stmt 1 view .LVU318
1240:Middlewares/Third_Party/FreeRTOS/Source/tasks.c **** 			{
 1156              		.loc 1 1240 14 is_stmt 0 view .LVU319
 1157 0050 0D4B     		ldr	r3, .L80+4
 1158 0052 1B68     		ldr	r3, [r3]
1240:Middlewares/Third_Party/FreeRTOS/Source/tasks.c **** 			{
 1159              		.loc 1 1240 6 view .LVU320
 1160 0054 A342     		cmp	r3, r4
 1161 0056 0CD0     		beq	.L79
 1162              	.L69:
1250:Middlewares/Third_Party/FreeRTOS/Source/tasks.c **** 
 1163              		.loc 1 1250 2 view .LVU321
 1164              		@ sp needed
 1165              	.LVL101:
 1166              	.LVL102:
1250:Middlewares/Third_Party/FreeRTOS/Source/tasks.c **** 
 1167              		.loc 1 1250 2 view .LVU322
 1168 0058 70BD     		pop	{r4, r5, r6, pc}
 1169              	.LVL103:
 1170              	.L77:
1170:Middlewares/Third_Party/FreeRTOS/Source/tasks.c **** 
 1171              		.loc 1 1170 12 discriminator 1 view .LVU323
 1172 005a 0B4B     		ldr	r3, .L80+4
 1173 005c 1C68     		ldr	r4, [r3]
 1174              	.LVL104:
1170:Middlewares/Third_Party/FreeRTOS/Source/tasks.c **** 
 1175              		.loc 1 1170 12 discriminator 1 view .LVU324
 1176 005e D5E7     		b	.L70
ARM GAS  C:\Users\Asus\AppData\Local\Temp\cctip26G.s 			page 119


 1177              	.LVL105:
 1178              	.L78:
1205:Middlewares/Third_Party/FreeRTOS/Source/tasks.c **** 
 1179              		.loc 1 1205 5 is_stmt 1 view .LVU325
 1180 0060 0C48     		ldr	r0, .L80+16
 1181 0062 2900     		movs	r1, r5
 1182 0064 FFF7FEFF 		bl	vListInsertEnd
 1183              	.LVL106:
1210:Middlewares/Third_Party/FreeRTOS/Source/tasks.c **** 
 1184              		.loc 1 1210 5 view .LVU326
 1185 0068 0B4A     		ldr	r2, .L80+20
 1186 006a 1368     		ldr	r3, [r2]
 1187 006c 0133     		adds	r3, r3, #1
 1188 006e 1360     		str	r3, [r2]
1214:Middlewares/Third_Party/FreeRTOS/Source/tasks.c **** 
 1189              		.loc 1 1214 30 view .LVU327
1221:Middlewares/Third_Party/FreeRTOS/Source/tasks.c **** 			}
 1190              		.loc 1 1221 54 view .LVU328
 1191 0070 E8E7     		b	.L73
 1192              	.L79:
1242:Middlewares/Third_Party/FreeRTOS/Source/tasks.c **** 				portYIELD_WITHIN_API();
 1193              		.loc 1 1242 5 view .LVU329
 1194 0072 0A4B     		ldr	r3, .L80+24
 1195 0074 1B68     		ldr	r3, [r3]
 1196 0076 002B     		cmp	r3, #0
 1197 0078 01D0     		beq	.L75
1242:Middlewares/Third_Party/FreeRTOS/Source/tasks.c **** 				portYIELD_WITHIN_API();
 1198              		.loc 1 1242 5 discriminator 1 view .LVU330
 1199              		.syntax divided
 1200              	@ 1242 "Middlewares/Third_Party/FreeRTOS/Source/tasks.c" 1
 1201 007a 72B6     		 cpsid i 
 1202              	@ 0 "" 2
 1203              		.thumb
 1204              		.syntax unified
 1205              	.L76:
1242:Middlewares/Third_Party/FreeRTOS/Source/tasks.c **** 				portYIELD_WITHIN_API();
 1206              		.loc 1 1242 5 discriminator 1 view .LVU331
1242:Middlewares/Third_Party/FreeRTOS/Source/tasks.c **** 				portYIELD_WITHIN_API();
 1207              		.loc 1 1242 5 discriminator 1 view .LVU332
 1208 007c FEE7     		b	.L76
 1209              	.L75:
1242:Middlewares/Third_Party/FreeRTOS/Source/tasks.c **** 				portYIELD_WITHIN_API();
 1210              		.loc 1 1242 46 discriminator 2 view .LVU333
1243:Middlewares/Third_Party/FreeRTOS/Source/tasks.c **** 			}
 1211              		.loc 1 1243 5 discriminator 2 view .LVU334
 1212 007e FFF7FEFF 		bl	vPortYield
 1213              	.LVL107:
1247:Middlewares/Third_Party/FreeRTOS/Source/tasks.c **** 			}
 1214              		.loc 1 1247 29 discriminator 2 view .LVU335
1250:Middlewares/Third_Party/FreeRTOS/Source/tasks.c **** 
 1215              		.loc 1 1250 2 is_stmt 0 discriminator 2 view .LVU336
 1216 0082 E9E7     		b	.L69
 1217              	.L81:
 1218              		.align	2
 1219              	.L80:
 1220 0084 00000000 		.word	uxTaskNumber
 1221 0088 00000000 		.word	pxCurrentTCB
ARM GAS  C:\Users\Asus\AppData\Local\Temp\cctip26G.s 			page 120


 1222 008c 00000000 		.word	uxCurrentNumberOfTasks
 1223 0090 00000000 		.word	xSchedulerRunning
 1224 0094 00000000 		.word	xTasksWaitingTermination
 1225 0098 00000000 		.word	uxDeletedTasksWaitingCleanUp
 1226 009c 00000000 		.word	uxSchedulerSuspended
 1227              		.cfi_endproc
 1228              	.LFE3:
 1230              		.section	.text.uxTaskPriorityGet,"ax",%progbits
 1231              		.align	1
 1232              		.global	uxTaskPriorityGet
 1233              		.syntax unified
 1234              		.code	16
 1235              		.thumb_func
 1237              	uxTaskPriorityGet:
 1238              	.LVL108:
 1239              	.LFB5:
1479:Middlewares/Third_Party/FreeRTOS/Source/tasks.c **** 	TCB_t const *pxTCB;
 1240              		.loc 1 1479 2 is_stmt 1 view -0
 1241              		.cfi_startproc
 1242              		@ args = 0, pretend = 0, frame = 0
 1243              		@ frame_needed = 0, uses_anonymous_args = 0
1479:Middlewares/Third_Party/FreeRTOS/Source/tasks.c **** 	TCB_t const *pxTCB;
 1244              		.loc 1 1479 2 is_stmt 0 view .LVU338
 1245 0000 10B5     		push	{r4, lr}
 1246              		.cfi_def_cfa_offset 8
 1247              		.cfi_offset 4, -8
 1248              		.cfi_offset 14, -4
 1249 0002 0400     		movs	r4, r0
1480:Middlewares/Third_Party/FreeRTOS/Source/tasks.c **** 	UBaseType_t uxReturn;
 1250              		.loc 1 1480 2 is_stmt 1 view .LVU339
1481:Middlewares/Third_Party/FreeRTOS/Source/tasks.c **** 
 1251              		.loc 1 1481 2 view .LVU340
1483:Middlewares/Third_Party/FreeRTOS/Source/tasks.c **** 		{
 1252              		.loc 1 1483 3 view .LVU341
 1253 0004 FFF7FEFF 		bl	vPortEnterCritical
 1254              	.LVL109:
1487:Middlewares/Third_Party/FreeRTOS/Source/tasks.c **** 			uxReturn = pxTCB->uxPriority;
 1255              		.loc 1 1487 4 view .LVU342
1487:Middlewares/Third_Party/FreeRTOS/Source/tasks.c **** 			uxReturn = pxTCB->uxPriority;
 1256              		.loc 1 1487 12 is_stmt 0 view .LVU343
 1257 0008 002C     		cmp	r4, #0
 1258 000a 04D0     		beq	.L84
 1259              	.LVL110:
 1260              	.L83:
1488:Middlewares/Third_Party/FreeRTOS/Source/tasks.c **** 		}
 1261              		.loc 1 1488 4 is_stmt 1 discriminator 4 view .LVU344
1488:Middlewares/Third_Party/FreeRTOS/Source/tasks.c **** 		}
 1262              		.loc 1 1488 13 is_stmt 0 discriminator 4 view .LVU345
 1263 000c E46A     		ldr	r4, [r4, #44]
 1264              	.LVL111:
1490:Middlewares/Third_Party/FreeRTOS/Source/tasks.c **** 
 1265              		.loc 1 1490 3 is_stmt 1 discriminator 4 view .LVU346
 1266 000e FFF7FEFF 		bl	vPortExitCritical
 1267              	.LVL112:
1492:Middlewares/Third_Party/FreeRTOS/Source/tasks.c **** 	}
 1268              		.loc 1 1492 3 discriminator 4 view .LVU347
1493:Middlewares/Third_Party/FreeRTOS/Source/tasks.c **** 
ARM GAS  C:\Users\Asus\AppData\Local\Temp\cctip26G.s 			page 121


 1269              		.loc 1 1493 2 is_stmt 0 discriminator 4 view .LVU348
 1270 0012 2000     		movs	r0, r4
 1271              		@ sp needed
 1272              	.LVL113:
1493:Middlewares/Third_Party/FreeRTOS/Source/tasks.c **** 
 1273              		.loc 1 1493 2 discriminator 4 view .LVU349
 1274 0014 10BD     		pop	{r4, pc}
 1275              	.LVL114:
 1276              	.L84:
1487:Middlewares/Third_Party/FreeRTOS/Source/tasks.c **** 			uxReturn = pxTCB->uxPriority;
 1277              		.loc 1 1487 12 discriminator 1 view .LVU350
 1278 0016 014B     		ldr	r3, .L85
 1279 0018 1C68     		ldr	r4, [r3]
 1280              	.LVL115:
1487:Middlewares/Third_Party/FreeRTOS/Source/tasks.c **** 			uxReturn = pxTCB->uxPriority;
 1281              		.loc 1 1487 12 discriminator 1 view .LVU351
 1282 001a F7E7     		b	.L83
 1283              	.L86:
 1284              		.align	2
 1285              	.L85:
 1286 001c 00000000 		.word	pxCurrentTCB
 1287              		.cfi_endproc
 1288              	.LFE5:
 1290              		.section	.text.uxTaskPriorityGetFromISR,"ax",%progbits
 1291              		.align	1
 1292              		.global	uxTaskPriorityGetFromISR
 1293              		.syntax unified
 1294              		.code	16
 1295              		.thumb_func
 1297              	uxTaskPriorityGetFromISR:
 1298              	.LVL116:
 1299              	.LFB6:
1501:Middlewares/Third_Party/FreeRTOS/Source/tasks.c **** 	TCB_t const *pxTCB;
 1300              		.loc 1 1501 2 is_stmt 1 view -0
 1301              		.cfi_startproc
 1302              		@ args = 0, pretend = 0, frame = 0
 1303              		@ frame_needed = 0, uses_anonymous_args = 0
1501:Middlewares/Third_Party/FreeRTOS/Source/tasks.c **** 	TCB_t const *pxTCB;
 1304              		.loc 1 1501 2 is_stmt 0 view .LVU353
 1305 0000 10B5     		push	{r4, lr}
 1306              		.cfi_def_cfa_offset 8
 1307              		.cfi_offset 4, -8
 1308              		.cfi_offset 14, -4
 1309 0002 0400     		movs	r4, r0
1502:Middlewares/Third_Party/FreeRTOS/Source/tasks.c **** 	UBaseType_t uxReturn, uxSavedInterruptState;
 1310              		.loc 1 1502 2 is_stmt 1 view .LVU354
1503:Middlewares/Third_Party/FreeRTOS/Source/tasks.c **** 
 1311              		.loc 1 1503 2 view .LVU355
1521:Middlewares/Third_Party/FreeRTOS/Source/tasks.c **** 
 1312              		.loc 1 1521 45 view .LVU356
1523:Middlewares/Third_Party/FreeRTOS/Source/tasks.c **** 		{
 1313              		.loc 1 1523 3 view .LVU357
1523:Middlewares/Third_Party/FreeRTOS/Source/tasks.c **** 		{
 1314              		.loc 1 1523 27 is_stmt 0 view .LVU358
 1315 0004 FFF7FEFF 		bl	ulSetInterruptMaskFromISR
 1316              	.LVL117:
1527:Middlewares/Third_Party/FreeRTOS/Source/tasks.c **** 			uxReturn = pxTCB->uxPriority;
ARM GAS  C:\Users\Asus\AppData\Local\Temp\cctip26G.s 			page 122


 1317              		.loc 1 1527 4 is_stmt 1 view .LVU359
1527:Middlewares/Third_Party/FreeRTOS/Source/tasks.c **** 			uxReturn = pxTCB->uxPriority;
 1318              		.loc 1 1527 12 is_stmt 0 view .LVU360
 1319 0008 002C     		cmp	r4, #0
 1320 000a 04D0     		beq	.L89
 1321              	.LVL118:
 1322              	.L88:
1528:Middlewares/Third_Party/FreeRTOS/Source/tasks.c **** 		}
 1323              		.loc 1 1528 4 is_stmt 1 discriminator 4 view .LVU361
1528:Middlewares/Third_Party/FreeRTOS/Source/tasks.c **** 		}
 1324              		.loc 1 1528 13 is_stmt 0 discriminator 4 view .LVU362
 1325 000c E46A     		ldr	r4, [r4, #44]
 1326              	.LVL119:
1530:Middlewares/Third_Party/FreeRTOS/Source/tasks.c **** 
 1327              		.loc 1 1530 3 is_stmt 1 discriminator 4 view .LVU363
 1328 000e FFF7FEFF 		bl	vClearInterruptMaskFromISR
 1329              	.LVL120:
1532:Middlewares/Third_Party/FreeRTOS/Source/tasks.c **** 	}
 1330              		.loc 1 1532 3 discriminator 4 view .LVU364
1533:Middlewares/Third_Party/FreeRTOS/Source/tasks.c **** 
 1331              		.loc 1 1533 2 is_stmt 0 discriminator 4 view .LVU365
 1332 0012 2000     		movs	r0, r4
 1333              		@ sp needed
 1334              	.LVL121:
1533:Middlewares/Third_Party/FreeRTOS/Source/tasks.c **** 
 1335              		.loc 1 1533 2 discriminator 4 view .LVU366
 1336 0014 10BD     		pop	{r4, pc}
 1337              	.LVL122:
 1338              	.L89:
1527:Middlewares/Third_Party/FreeRTOS/Source/tasks.c **** 			uxReturn = pxTCB->uxPriority;
 1339              		.loc 1 1527 12 discriminator 1 view .LVU367
 1340 0016 014B     		ldr	r3, .L90
 1341 0018 1C68     		ldr	r4, [r3]
 1342              	.LVL123:
1527:Middlewares/Third_Party/FreeRTOS/Source/tasks.c **** 			uxReturn = pxTCB->uxPriority;
 1343              		.loc 1 1527 12 discriminator 1 view .LVU368
 1344 001a F7E7     		b	.L88
 1345              	.L91:
 1346              		.align	2
 1347              	.L90:
 1348 001c 00000000 		.word	pxCurrentTCB
 1349              		.cfi_endproc
 1350              	.LFE6:
 1352              		.section	.text.vTaskPrioritySet,"ax",%progbits
 1353              		.align	1
 1354              		.global	vTaskPrioritySet
 1355              		.syntax unified
 1356              		.code	16
 1357              		.thumb_func
 1359              	vTaskPrioritySet:
 1360              	.LVL124:
 1361              	.LFB7:
1541:Middlewares/Third_Party/FreeRTOS/Source/tasks.c **** 	TCB_t *pxTCB;
 1362              		.loc 1 1541 2 is_stmt 1 view -0
 1363              		.cfi_startproc
 1364              		@ args = 0, pretend = 0, frame = 0
 1365              		@ frame_needed = 0, uses_anonymous_args = 0
ARM GAS  C:\Users\Asus\AppData\Local\Temp\cctip26G.s 			page 123


1541:Middlewares/Third_Party/FreeRTOS/Source/tasks.c **** 	TCB_t *pxTCB;
 1366              		.loc 1 1541 2 is_stmt 0 view .LVU370
 1367 0000 70B5     		push	{r4, r5, r6, lr}
 1368              		.cfi_def_cfa_offset 16
 1369              		.cfi_offset 4, -16
 1370              		.cfi_offset 5, -12
 1371              		.cfi_offset 6, -8
 1372              		.cfi_offset 14, -4
 1373 0002 0400     		movs	r4, r0
 1374 0004 0D00     		movs	r5, r1
1542:Middlewares/Third_Party/FreeRTOS/Source/tasks.c **** 	UBaseType_t uxCurrentBasePriority, uxPriorityUsedOnEntry;
 1375              		.loc 1 1542 2 is_stmt 1 view .LVU371
1543:Middlewares/Third_Party/FreeRTOS/Source/tasks.c **** 	BaseType_t xYieldRequired = pdFALSE;
 1376              		.loc 1 1543 2 view .LVU372
1544:Middlewares/Third_Party/FreeRTOS/Source/tasks.c **** 
 1377              		.loc 1 1544 2 view .LVU373
 1378              	.LVL125:
1546:Middlewares/Third_Party/FreeRTOS/Source/tasks.c **** 
 1379              		.loc 1 1546 3 view .LVU374
 1380 0006 0629     		cmp	r1, #6
 1381 0008 01D9     		bls	.L93
1546:Middlewares/Third_Party/FreeRTOS/Source/tasks.c **** 
 1382              		.loc 1 1546 3 discriminator 1 view .LVU375
 1383              		.syntax divided
 1384              	@ 1546 "Middlewares/Third_Party/FreeRTOS/Source/tasks.c" 1
 1385 000a 72B6     		 cpsid i 
 1386              	@ 0 "" 2
 1387              		.thumb
 1388              		.syntax unified
 1389              	.L94:
1546:Middlewares/Third_Party/FreeRTOS/Source/tasks.c **** 
 1390              		.loc 1 1546 3 discriminator 1 view .LVU376
1546:Middlewares/Third_Party/FreeRTOS/Source/tasks.c **** 
 1391              		.loc 1 1546 3 discriminator 1 view .LVU377
 1392 000c FEE7     		b	.L94
 1393              	.L93:
1546:Middlewares/Third_Party/FreeRTOS/Source/tasks.c **** 
 1394              		.loc 1 1546 59 view .LVU378
1549:Middlewares/Third_Party/FreeRTOS/Source/tasks.c **** 		{
 1395              		.loc 1 1549 3 view .LVU379
1555:Middlewares/Third_Party/FreeRTOS/Source/tasks.c **** 		}
 1396              		.loc 1 1555 28 view .LVU380
1558:Middlewares/Third_Party/FreeRTOS/Source/tasks.c **** 		{
 1397              		.loc 1 1558 3 view .LVU381
 1398 000e FFF7FEFF 		bl	vPortEnterCritical
 1399              	.LVL126:
1562:Middlewares/Third_Party/FreeRTOS/Source/tasks.c **** 
 1400              		.loc 1 1562 4 view .LVU382
1562:Middlewares/Third_Party/FreeRTOS/Source/tasks.c **** 
 1401              		.loc 1 1562 12 is_stmt 0 view .LVU383
 1402 0012 002C     		cmp	r4, #0
 1403 0014 0ED0     		beq	.L106
 1404              	.LVL127:
 1405              	.L95:
1564:Middlewares/Third_Party/FreeRTOS/Source/tasks.c **** 
 1406              		.loc 1 1564 50 is_stmt 1 discriminator 4 view .LVU384
1568:Middlewares/Third_Party/FreeRTOS/Source/tasks.c **** 			}
ARM GAS  C:\Users\Asus\AppData\Local\Temp\cctip26G.s 			page 124


 1407              		.loc 1 1568 5 discriminator 4 view .LVU385
1568:Middlewares/Third_Party/FreeRTOS/Source/tasks.c **** 			}
 1408              		.loc 1 1568 27 is_stmt 0 discriminator 4 view .LVU386
 1409 0016 636C     		ldr	r3, [r4, #68]
 1410              	.LVL128:
1576:Middlewares/Third_Party/FreeRTOS/Source/tasks.c **** 			{
 1411              		.loc 1 1576 4 is_stmt 1 discriminator 4 view .LVU387
1576:Middlewares/Third_Party/FreeRTOS/Source/tasks.c **** 			{
 1412              		.loc 1 1576 6 is_stmt 0 discriminator 4 view .LVU388
 1413 0018 9D42     		cmp	r5, r3
 1414 001a 27D0     		beq	.L96
1580:Middlewares/Third_Party/FreeRTOS/Source/tasks.c **** 				{
 1415              		.loc 1 1580 5 is_stmt 1 view .LVU389
1580:Middlewares/Third_Party/FreeRTOS/Source/tasks.c **** 				{
 1416              		.loc 1 1580 7 is_stmt 0 view .LVU390
 1417 001c 0DD9     		bls	.L97
1582:Middlewares/Third_Party/FreeRTOS/Source/tasks.c **** 					{
 1418              		.loc 1 1582 6 is_stmt 1 view .LVU391
1582:Middlewares/Third_Party/FreeRTOS/Source/tasks.c **** 					{
 1419              		.loc 1 1582 16 is_stmt 0 view .LVU392
 1420 001e 244A     		ldr	r2, .L110
 1421 0020 1268     		ldr	r2, [r2]
1582:Middlewares/Third_Party/FreeRTOS/Source/tasks.c **** 					{
 1422              		.loc 1 1582 8 view .LVU393
 1423 0022 A242     		cmp	r2, r4
 1424 0024 25D0     		beq	.L103
1587:Middlewares/Third_Party/FreeRTOS/Source/tasks.c **** 						{
 1425              		.loc 1 1587 7 is_stmt 1 view .LVU394
1587:Middlewares/Third_Party/FreeRTOS/Source/tasks.c **** 						{
 1426              		.loc 1 1587 40 is_stmt 0 view .LVU395
 1427 0026 224A     		ldr	r2, .L110
 1428 0028 1268     		ldr	r2, [r2]
 1429 002a D26A     		ldr	r2, [r2, #44]
1587:Middlewares/Third_Party/FreeRTOS/Source/tasks.c **** 						{
 1430              		.loc 1 1587 9 view .LVU396
 1431 002c AA42     		cmp	r2, r5
 1432 002e 22D9     		bls	.L104
1544:Middlewares/Third_Party/FreeRTOS/Source/tasks.c **** 
 1433              		.loc 1 1544 13 view .LVU397
 1434 0030 0026     		movs	r6, #0
 1435 0032 07E0     		b	.L98
 1436              	.LVL129:
 1437              	.L106:
1562:Middlewares/Third_Party/FreeRTOS/Source/tasks.c **** 
 1438              		.loc 1 1562 12 discriminator 1 view .LVU398
 1439 0034 1E4B     		ldr	r3, .L110
 1440 0036 1C68     		ldr	r4, [r3]
 1441              	.LVL130:
1562:Middlewares/Third_Party/FreeRTOS/Source/tasks.c **** 
 1442              		.loc 1 1562 12 discriminator 1 view .LVU399
 1443 0038 EDE7     		b	.L95
 1444              	.LVL131:
 1445              	.L97:
1603:Middlewares/Third_Party/FreeRTOS/Source/tasks.c **** 				{
 1446              		.loc 1 1603 10 is_stmt 1 view .LVU400
1603:Middlewares/Third_Party/FreeRTOS/Source/tasks.c **** 				{
 1447              		.loc 1 1603 20 is_stmt 0 view .LVU401
ARM GAS  C:\Users\Asus\AppData\Local\Temp\cctip26G.s 			page 125


 1448 003a 1D4A     		ldr	r2, .L110
 1449 003c 1268     		ldr	r2, [r2]
1603:Middlewares/Third_Party/FreeRTOS/Source/tasks.c **** 				{
 1450              		.loc 1 1603 12 view .LVU402
 1451 003e A242     		cmp	r2, r4
 1452 0040 1BD0     		beq	.L105
1544:Middlewares/Third_Party/FreeRTOS/Source/tasks.c **** 
 1453              		.loc 1 1544 13 view .LVU403
 1454 0042 0026     		movs	r6, #0
 1455              	.L98:
 1456              	.LVL132:
1615:Middlewares/Third_Party/FreeRTOS/Source/tasks.c **** 
 1457              		.loc 1 1615 5 is_stmt 1 view .LVU404
1620:Middlewares/Third_Party/FreeRTOS/Source/tasks.c **** 
 1458              		.loc 1 1620 5 view .LVU405
1620:Middlewares/Third_Party/FreeRTOS/Source/tasks.c **** 
 1459              		.loc 1 1620 27 is_stmt 0 view .LVU406
 1460 0044 E26A     		ldr	r2, [r4, #44]
 1461              	.LVL133:
1626:Middlewares/Third_Party/FreeRTOS/Source/tasks.c **** 					{
 1462              		.loc 1 1626 6 is_stmt 1 view .LVU407
1626:Middlewares/Third_Party/FreeRTOS/Source/tasks.c **** 					{
 1463              		.loc 1 1626 8 is_stmt 0 view .LVU408
 1464 0046 9342     		cmp	r3, r2
 1465 0048 19D0     		beq	.L107
 1466              	.L99:
1632:Middlewares/Third_Party/FreeRTOS/Source/tasks.c **** 					}
 1467              		.loc 1 1632 31 is_stmt 1 view .LVU409
1636:Middlewares/Third_Party/FreeRTOS/Source/tasks.c **** 				}
 1468              		.loc 1 1636 6 view .LVU410
1636:Middlewares/Third_Party/FreeRTOS/Source/tasks.c **** 				}
 1469              		.loc 1 1636 28 is_stmt 0 view .LVU411
 1470 004a 6564     		str	r5, [r4, #68]
1646:Middlewares/Third_Party/FreeRTOS/Source/tasks.c **** 				{
 1471              		.loc 1 1646 5 is_stmt 1 view .LVU412
1646:Middlewares/Third_Party/FreeRTOS/Source/tasks.c **** 				{
 1472              		.loc 1 1646 11 is_stmt 0 view .LVU413
 1473 004c A369     		ldr	r3, [r4, #24]
 1474              	.LVL134:
1646:Middlewares/Third_Party/FreeRTOS/Source/tasks.c **** 				{
 1475              		.loc 1 1646 7 view .LVU414
 1476 004e 002B     		cmp	r3, #0
 1477 0050 02DB     		blt	.L100
1648:Middlewares/Third_Party/FreeRTOS/Source/tasks.c **** 				}
 1478              		.loc 1 1648 6 is_stmt 1 view .LVU415
 1479 0052 0723     		movs	r3, #7
 1480 0054 5B1B     		subs	r3, r3, r5
 1481 0056 A361     		str	r3, [r4, #24]
 1482              	.L100:
1652:Middlewares/Third_Party/FreeRTOS/Source/tasks.c **** 				}
 1483              		.loc 1 1652 30 view .LVU416
1659:Middlewares/Third_Party/FreeRTOS/Source/tasks.c **** 				{
 1484              		.loc 1 1659 5 view .LVU417
1659:Middlewares/Third_Party/FreeRTOS/Source/tasks.c **** 				{
 1485              		.loc 1 1659 9 is_stmt 0 view .LVU418
 1486 0058 6169     		ldr	r1, [r4, #20]
 1487 005a 9300     		lsls	r3, r2, #2
ARM GAS  C:\Users\Asus\AppData\Local\Temp\cctip26G.s 			page 126


 1488 005c 9B18     		adds	r3, r3, r2
 1489 005e 9B00     		lsls	r3, r3, #2
 1490 0060 144A     		ldr	r2, .L110+4
 1491              	.LVL135:
1659:Middlewares/Third_Party/FreeRTOS/Source/tasks.c **** 				{
 1492              		.loc 1 1659 9 view .LVU419
 1493 0062 9B18     		adds	r3, r3, r2
1659:Middlewares/Third_Party/FreeRTOS/Source/tasks.c **** 				{
 1494              		.loc 1 1659 7 view .LVU420
 1495 0064 9942     		cmp	r1, r3
 1496 0066 0CD0     		beq	.L108
 1497              	.LVL136:
 1498              	.L101:
1679:Middlewares/Third_Party/FreeRTOS/Source/tasks.c **** 				}
 1499              		.loc 1 1679 30 is_stmt 1 view .LVU421
1682:Middlewares/Third_Party/FreeRTOS/Source/tasks.c **** 				{
 1500              		.loc 1 1682 5 view .LVU422
1682:Middlewares/Third_Party/FreeRTOS/Source/tasks.c **** 				{
 1501              		.loc 1 1682 7 is_stmt 0 view .LVU423
 1502 0068 002E     		cmp	r6, #0
 1503 006a 1ED1     		bne	.L109
 1504              	.LVL137:
 1505              	.L96:
1688:Middlewares/Third_Party/FreeRTOS/Source/tasks.c **** 				}
 1506              		.loc 1 1688 30 is_stmt 1 view .LVU424
1693:Middlewares/Third_Party/FreeRTOS/Source/tasks.c **** 			}
 1507              		.loc 1 1693 5 view .LVU425
1696:Middlewares/Third_Party/FreeRTOS/Source/tasks.c **** 	}
 1508              		.loc 1 1696 3 view .LVU426
 1509 006c FFF7FEFF 		bl	vPortExitCritical
 1510              	.LVL138:
1697:Middlewares/Third_Party/FreeRTOS/Source/tasks.c **** 
 1511              		.loc 1 1697 2 is_stmt 0 view .LVU427
 1512              		@ sp needed
 1513              	.LVL139:
1697:Middlewares/Third_Party/FreeRTOS/Source/tasks.c **** 
 1514              		.loc 1 1697 2 view .LVU428
 1515 0070 70BD     		pop	{r4, r5, r6, pc}
 1516              	.LVL140:
 1517              	.L103:
1544:Middlewares/Third_Party/FreeRTOS/Source/tasks.c **** 
 1518              		.loc 1 1544 13 view .LVU429
 1519 0072 0026     		movs	r6, #0
 1520 0074 E6E7     		b	.L98
 1521              	.L104:
1589:Middlewares/Third_Party/FreeRTOS/Source/tasks.c **** 						}
 1522              		.loc 1 1589 23 view .LVU430
 1523 0076 0126     		movs	r6, #1
 1524 0078 E4E7     		b	.L98
 1525              	.L105:
1608:Middlewares/Third_Party/FreeRTOS/Source/tasks.c **** 				}
 1526              		.loc 1 1608 21 view .LVU431
 1527 007a 0126     		movs	r6, #1
 1528 007c E2E7     		b	.L98
 1529              	.LVL141:
 1530              	.L107:
1628:Middlewares/Third_Party/FreeRTOS/Source/tasks.c **** 					}
ARM GAS  C:\Users\Asus\AppData\Local\Temp\cctip26G.s 			page 127


 1531              		.loc 1 1628 7 is_stmt 1 view .LVU432
1628:Middlewares/Third_Party/FreeRTOS/Source/tasks.c **** 					}
 1532              		.loc 1 1628 25 is_stmt 0 view .LVU433
 1533 007e E562     		str	r5, [r4, #44]
 1534 0080 E3E7     		b	.L99
 1535              	.LVL142:
 1536              	.L108:
1664:Middlewares/Third_Party/FreeRTOS/Source/tasks.c **** 					{
 1537              		.loc 1 1664 6 is_stmt 1 view .LVU434
1664:Middlewares/Third_Party/FreeRTOS/Source/tasks.c **** 					{
 1538              		.loc 1 1664 10 is_stmt 0 view .LVU435
 1539 0082 251D     		adds	r5, r4, #4
 1540              	.LVL143:
1664:Middlewares/Third_Party/FreeRTOS/Source/tasks.c **** 					{
 1541              		.loc 1 1664 10 view .LVU436
 1542 0084 2800     		movs	r0, r5
 1543 0086 FFF7FEFF 		bl	uxListRemove
 1544              	.LVL144:
1673:Middlewares/Third_Party/FreeRTOS/Source/tasks.c **** 					}
 1545              		.loc 1 1673 31 is_stmt 1 view .LVU437
1675:Middlewares/Third_Party/FreeRTOS/Source/tasks.c **** 				}
 1546              		.loc 1 1675 6 view .LVU438
1675:Middlewares/Third_Party/FreeRTOS/Source/tasks.c **** 				}
 1547              		.loc 1 1675 6 view .LVU439
 1548 008a E36A     		ldr	r3, [r4, #44]
 1549 008c 0A4A     		ldr	r2, .L110+8
 1550 008e 1268     		ldr	r2, [r2]
 1551 0090 9342     		cmp	r3, r2
 1552 0092 01D9     		bls	.L102
1675:Middlewares/Third_Party/FreeRTOS/Source/tasks.c **** 				}
 1553              		.loc 1 1675 6 discriminator 1 view .LVU440
 1554 0094 084A     		ldr	r2, .L110+8
 1555 0096 1360     		str	r3, [r2]
 1556              	.L102:
1675:Middlewares/Third_Party/FreeRTOS/Source/tasks.c **** 				}
 1557              		.loc 1 1675 6 discriminator 3 view .LVU441
1675:Middlewares/Third_Party/FreeRTOS/Source/tasks.c **** 				}
 1558              		.loc 1 1675 6 discriminator 3 view .LVU442
 1559 0098 9800     		lsls	r0, r3, #2
 1560 009a C018     		adds	r0, r0, r3
 1561 009c 8000     		lsls	r0, r0, #2
 1562 009e 054B     		ldr	r3, .L110+4
 1563 00a0 C018     		adds	r0, r0, r3
 1564 00a2 2900     		movs	r1, r5
 1565 00a4 FFF7FEFF 		bl	vListInsertEnd
 1566              	.LVL145:
1675:Middlewares/Third_Party/FreeRTOS/Source/tasks.c **** 				}
 1567              		.loc 1 1675 36 discriminator 3 view .LVU443
 1568 00a8 DEE7     		b	.L101
 1569              	.L109:
1684:Middlewares/Third_Party/FreeRTOS/Source/tasks.c **** 				}
 1570              		.loc 1 1684 6 view .LVU444
 1571 00aa FFF7FEFF 		bl	vPortYield
 1572              	.LVL146:
 1573 00ae DDE7     		b	.L96
 1574              	.L111:
 1575              		.align	2
ARM GAS  C:\Users\Asus\AppData\Local\Temp\cctip26G.s 			page 128


 1576              	.L110:
 1577 00b0 00000000 		.word	pxCurrentTCB
 1578 00b4 00000000 		.word	pxReadyTasksLists
 1579 00b8 00000000 		.word	uxTopReadyPriority
 1580              		.cfi_endproc
 1581              	.LFE7:
 1583              		.section	.text.vTaskResume,"ax",%progbits
 1584              		.align	1
 1585              		.global	vTaskResume
 1586              		.syntax unified
 1587              		.code	16
 1588              		.thumb_func
 1590              	vTaskResume:
 1591              	.LVL147:
 1592              	.LFB10:
1852:Middlewares/Third_Party/FreeRTOS/Source/tasks.c **** 	TCB_t * const pxTCB = xTaskToResume;
 1593              		.loc 1 1852 2 view -0
 1594              		.cfi_startproc
 1595              		@ args = 0, pretend = 0, frame = 0
 1596              		@ frame_needed = 0, uses_anonymous_args = 0
1852:Middlewares/Third_Party/FreeRTOS/Source/tasks.c **** 	TCB_t * const pxTCB = xTaskToResume;
 1597              		.loc 1 1852 2 is_stmt 0 view .LVU446
 1598 0000 70B5     		push	{r4, r5, r6, lr}
 1599              		.cfi_def_cfa_offset 16
 1600              		.cfi_offset 4, -16
 1601              		.cfi_offset 5, -12
 1602              		.cfi_offset 6, -8
 1603              		.cfi_offset 14, -4
 1604 0002 041E     		subs	r4, r0, #0
1853:Middlewares/Third_Party/FreeRTOS/Source/tasks.c **** 
 1605              		.loc 1 1853 2 is_stmt 1 view .LVU447
 1606              	.LVL148:
1856:Middlewares/Third_Party/FreeRTOS/Source/tasks.c **** 
 1607              		.loc 1 1856 3 view .LVU448
 1608 0004 0DD0     		beq	.L118
1856:Middlewares/Third_Party/FreeRTOS/Source/tasks.c **** 
 1609              		.loc 1 1856 32 discriminator 2 view .LVU449
1860:Middlewares/Third_Party/FreeRTOS/Source/tasks.c **** 		{
 1610              		.loc 1 1860 3 discriminator 2 view .LVU450
1860:Middlewares/Third_Party/FreeRTOS/Source/tasks.c **** 		{
 1611              		.loc 1 1860 15 is_stmt 0 discriminator 2 view .LVU451
 1612 0006 164B     		ldr	r3, .L120
 1613 0008 1B68     		ldr	r3, [r3]
1860:Middlewares/Third_Party/FreeRTOS/Source/tasks.c **** 		{
 1614              		.loc 1 1860 5 discriminator 2 view .LVU452
 1615 000a 8342     		cmp	r3, r0
 1616 000c 08D0     		beq	.L112
1862:Middlewares/Third_Party/FreeRTOS/Source/tasks.c **** 			{
 1617              		.loc 1 1862 4 is_stmt 1 view .LVU453
 1618 000e FFF7FEFF 		bl	vPortEnterCritical
 1619              	.LVL149:
1864:Middlewares/Third_Party/FreeRTOS/Source/tasks.c **** 				{
 1620              		.loc 1 1864 5 view .LVU454
1864:Middlewares/Third_Party/FreeRTOS/Source/tasks.c **** 				{
 1621              		.loc 1 1864 9 is_stmt 0 view .LVU455
 1622 0012 2000     		movs	r0, r4
 1623 0014 FFF7FEFF 		bl	prvTaskIsTaskSuspended
ARM GAS  C:\Users\Asus\AppData\Local\Temp\cctip26G.s 			page 129


 1624              	.LVL150:
1864:Middlewares/Third_Party/FreeRTOS/Source/tasks.c **** 				{
 1625              		.loc 1 1864 7 view .LVU456
 1626 0018 0028     		cmp	r0, #0
 1627 001a 04D1     		bne	.L119
 1628              	.L116:
1888:Middlewares/Third_Party/FreeRTOS/Source/tasks.c **** 				}
 1629              		.loc 1 1888 30 is_stmt 1 view .LVU457
1891:Middlewares/Third_Party/FreeRTOS/Source/tasks.c **** 		}
 1630              		.loc 1 1891 4 view .LVU458
 1631 001c FFF7FEFF 		bl	vPortExitCritical
 1632              	.LVL151:
1895:Middlewares/Third_Party/FreeRTOS/Source/tasks.c **** 		}
 1633              		.loc 1 1895 28 view .LVU459
 1634              	.L112:
1897:Middlewares/Third_Party/FreeRTOS/Source/tasks.c **** 
 1635              		.loc 1 1897 2 is_stmt 0 view .LVU460
 1636              		@ sp needed
 1637              	.LVL152:
1897:Middlewares/Third_Party/FreeRTOS/Source/tasks.c **** 
 1638              		.loc 1 1897 2 view .LVU461
 1639 0020 70BD     		pop	{r4, r5, r6, pc}
 1640              	.LVL153:
 1641              	.L118:
1856:Middlewares/Third_Party/FreeRTOS/Source/tasks.c **** 
 1642              		.loc 1 1856 3 is_stmt 1 discriminator 1 view .LVU462
 1643              		.syntax divided
 1644              	@ 1856 "Middlewares/Third_Party/FreeRTOS/Source/tasks.c" 1
 1645 0022 72B6     		 cpsid i 
 1646              	@ 0 "" 2
 1647              		.thumb
 1648              		.syntax unified
 1649              	.L114:
1856:Middlewares/Third_Party/FreeRTOS/Source/tasks.c **** 
 1650              		.loc 1 1856 3 discriminator 1 view .LVU463
1856:Middlewares/Third_Party/FreeRTOS/Source/tasks.c **** 
 1651              		.loc 1 1856 3 discriminator 1 view .LVU464
 1652 0024 FEE7     		b	.L114
 1653              	.LVL154:
 1654              	.L119:
1866:Middlewares/Third_Party/FreeRTOS/Source/tasks.c **** 
 1655              		.loc 1 1866 31 view .LVU465
1870:Middlewares/Third_Party/FreeRTOS/Source/tasks.c **** 					prvAddTaskToReadyList( pxTCB );
 1656              		.loc 1 1870 6 view .LVU466
1870:Middlewares/Third_Party/FreeRTOS/Source/tasks.c **** 					prvAddTaskToReadyList( pxTCB );
 1657              		.loc 1 1870 15 is_stmt 0 view .LVU467
 1658 0026 251D     		adds	r5, r4, #4
 1659 0028 2800     		movs	r0, r5
 1660 002a FFF7FEFF 		bl	uxListRemove
 1661              	.LVL155:
1871:Middlewares/Third_Party/FreeRTOS/Source/tasks.c **** 
 1662              		.loc 1 1871 6 is_stmt 1 view .LVU468
1871:Middlewares/Third_Party/FreeRTOS/Source/tasks.c **** 
 1663              		.loc 1 1871 6 view .LVU469
 1664 002e E36A     		ldr	r3, [r4, #44]
 1665 0030 0C4A     		ldr	r2, .L120+4
 1666 0032 1268     		ldr	r2, [r2]
ARM GAS  C:\Users\Asus\AppData\Local\Temp\cctip26G.s 			page 130


 1667 0034 9342     		cmp	r3, r2
 1668 0036 01D9     		bls	.L117
1871:Middlewares/Third_Party/FreeRTOS/Source/tasks.c **** 
 1669              		.loc 1 1871 6 discriminator 1 view .LVU470
 1670 0038 0A4A     		ldr	r2, .L120+4
 1671 003a 1360     		str	r3, [r2]
 1672              	.L117:
1871:Middlewares/Third_Party/FreeRTOS/Source/tasks.c **** 
 1673              		.loc 1 1871 6 discriminator 3 view .LVU471
1871:Middlewares/Third_Party/FreeRTOS/Source/tasks.c **** 
 1674              		.loc 1 1871 6 discriminator 3 view .LVU472
 1675 003c 9800     		lsls	r0, r3, #2
 1676 003e C018     		adds	r0, r0, r3
 1677 0040 8000     		lsls	r0, r0, #2
 1678 0042 094B     		ldr	r3, .L120+8
 1679 0044 C018     		adds	r0, r0, r3
 1680 0046 2900     		movs	r1, r5
 1681 0048 FFF7FEFF 		bl	vListInsertEnd
 1682              	.LVL156:
1871:Middlewares/Third_Party/FreeRTOS/Source/tasks.c **** 
 1683              		.loc 1 1871 36 discriminator 3 view .LVU473
1874:Middlewares/Third_Party/FreeRTOS/Source/tasks.c **** 					{
 1684              		.loc 1 1874 6 discriminator 3 view .LVU474
1874:Middlewares/Third_Party/FreeRTOS/Source/tasks.c **** 					{
 1685              		.loc 1 1874 15 is_stmt 0 discriminator 3 view .LVU475
 1686 004c E26A     		ldr	r2, [r4, #44]
1874:Middlewares/Third_Party/FreeRTOS/Source/tasks.c **** 					{
 1687              		.loc 1 1874 43 discriminator 3 view .LVU476
 1688 004e 044B     		ldr	r3, .L120
 1689 0050 1B68     		ldr	r3, [r3]
 1690 0052 DB6A     		ldr	r3, [r3, #44]
1874:Middlewares/Third_Party/FreeRTOS/Source/tasks.c **** 					{
 1691              		.loc 1 1874 8 discriminator 3 view .LVU477
 1692 0054 9A42     		cmp	r2, r3
 1693 0056 E1D3     		bcc	.L116
1879:Middlewares/Third_Party/FreeRTOS/Source/tasks.c **** 					}
 1694              		.loc 1 1879 7 is_stmt 1 view .LVU478
 1695 0058 FFF7FEFF 		bl	vPortYield
 1696              	.LVL157:
 1697 005c DEE7     		b	.L116
 1698              	.L121:
 1699 005e C046     		.align	2
 1700              	.L120:
 1701 0060 00000000 		.word	pxCurrentTCB
 1702 0064 00000000 		.word	uxTopReadyPriority
 1703 0068 00000000 		.word	pxReadyTasksLists
 1704              		.cfi_endproc
 1705              	.LFE10:
 1707              		.section	.text.xTaskResumeFromISR,"ax",%progbits
 1708              		.align	1
 1709              		.global	xTaskResumeFromISR
 1710              		.syntax unified
 1711              		.code	16
 1712              		.thumb_func
 1714              	xTaskResumeFromISR:
 1715              	.LVL158:
 1716              	.LFB11:
ARM GAS  C:\Users\Asus\AppData\Local\Temp\cctip26G.s 			page 131


1906:Middlewares/Third_Party/FreeRTOS/Source/tasks.c **** 	BaseType_t xYieldRequired = pdFALSE;
 1717              		.loc 1 1906 2 view -0
 1718              		.cfi_startproc
 1719              		@ args = 0, pretend = 0, frame = 0
 1720              		@ frame_needed = 0, uses_anonymous_args = 0
1906:Middlewares/Third_Party/FreeRTOS/Source/tasks.c **** 	BaseType_t xYieldRequired = pdFALSE;
 1721              		.loc 1 1906 2 is_stmt 0 view .LVU480
 1722 0000 F8B5     		push	{r3, r4, r5, r6, r7, lr}
 1723              		.cfi_def_cfa_offset 24
 1724              		.cfi_offset 3, -24
 1725              		.cfi_offset 4, -20
 1726              		.cfi_offset 5, -16
 1727              		.cfi_offset 6, -12
 1728              		.cfi_offset 7, -8
 1729              		.cfi_offset 14, -4
 1730 0002 041E     		subs	r4, r0, #0
1907:Middlewares/Third_Party/FreeRTOS/Source/tasks.c **** 	TCB_t * const pxTCB = xTaskToResume;
 1731              		.loc 1 1907 2 is_stmt 1 view .LVU481
 1732              	.LVL159:
1908:Middlewares/Third_Party/FreeRTOS/Source/tasks.c **** 	UBaseType_t uxSavedInterruptStatus;
 1733              		.loc 1 1908 2 view .LVU482
1909:Middlewares/Third_Party/FreeRTOS/Source/tasks.c **** 
 1734              		.loc 1 1909 2 view .LVU483
1911:Middlewares/Third_Party/FreeRTOS/Source/tasks.c **** 
 1735              		.loc 1 1911 3 view .LVU484
 1736 0004 2AD0     		beq	.L130
1911:Middlewares/Third_Party/FreeRTOS/Source/tasks.c **** 
 1737              		.loc 1 1911 32 discriminator 2 view .LVU485
1929:Middlewares/Third_Party/FreeRTOS/Source/tasks.c **** 
 1738              		.loc 1 1929 45 discriminator 2 view .LVU486
1931:Middlewares/Third_Party/FreeRTOS/Source/tasks.c **** 		{
 1739              		.loc 1 1931 3 discriminator 2 view .LVU487
1931:Middlewares/Third_Party/FreeRTOS/Source/tasks.c **** 		{
 1740              		.loc 1 1931 28 is_stmt 0 discriminator 2 view .LVU488
 1741 0006 FFF7FEFF 		bl	ulSetInterruptMaskFromISR
 1742              	.LVL160:
1931:Middlewares/Third_Party/FreeRTOS/Source/tasks.c **** 		{
 1743              		.loc 1 1931 28 discriminator 2 view .LVU489
 1744 000a 0600     		movs	r6, r0
 1745              	.LVL161:
1933:Middlewares/Third_Party/FreeRTOS/Source/tasks.c **** 			{
 1746              		.loc 1 1933 4 is_stmt 1 discriminator 2 view .LVU490
1933:Middlewares/Third_Party/FreeRTOS/Source/tasks.c **** 			{
 1747              		.loc 1 1933 8 is_stmt 0 discriminator 2 view .LVU491
 1748 000c 2000     		movs	r0, r4
 1749              	.LVL162:
1933:Middlewares/Third_Party/FreeRTOS/Source/tasks.c **** 			{
 1750              		.loc 1 1933 8 discriminator 2 view .LVU492
 1751 000e FFF7FEFF 		bl	prvTaskIsTaskSuspended
 1752              	.LVL163:
 1753 0012 051E     		subs	r5, r0, #0
1933:Middlewares/Third_Party/FreeRTOS/Source/tasks.c **** 			{
 1754              		.loc 1 1933 6 discriminator 2 view .LVU493
 1755 0014 1DD0     		beq	.L125
1935:Middlewares/Third_Party/FreeRTOS/Source/tasks.c **** 
 1756              		.loc 1 1935 39 is_stmt 1 view .LVU494
1938:Middlewares/Third_Party/FreeRTOS/Source/tasks.c **** 				{
ARM GAS  C:\Users\Asus\AppData\Local\Temp\cctip26G.s 			page 132


 1757              		.loc 1 1938 5 view .LVU495
1938:Middlewares/Third_Party/FreeRTOS/Source/tasks.c **** 				{
 1758              		.loc 1 1938 30 is_stmt 0 view .LVU496
 1759 0016 174B     		ldr	r3, .L131
 1760 0018 1B68     		ldr	r3, [r3]
1938:Middlewares/Third_Party/FreeRTOS/Source/tasks.c **** 				{
 1761              		.loc 1 1938 7 view .LVU497
 1762 001a 002B     		cmp	r3, #0
 1763 001c 22D1     		bne	.L126
1942:Middlewares/Third_Party/FreeRTOS/Source/tasks.c **** 					{
 1764              		.loc 1 1942 6 is_stmt 1 view .LVU498
1942:Middlewares/Third_Party/FreeRTOS/Source/tasks.c **** 					{
 1765              		.loc 1 1942 15 is_stmt 0 view .LVU499
 1766 001e E26A     		ldr	r2, [r4, #44]
1942:Middlewares/Third_Party/FreeRTOS/Source/tasks.c **** 					{
 1767              		.loc 1 1942 43 view .LVU500
 1768 0020 154B     		ldr	r3, .L131+4
 1769 0022 1B68     		ldr	r3, [r3]
 1770 0024 DB6A     		ldr	r3, [r3, #44]
1942:Middlewares/Third_Party/FreeRTOS/Source/tasks.c **** 					{
 1771              		.loc 1 1942 8 view .LVU501
 1772 0026 9A42     		cmp	r2, r3
 1773 0028 1AD2     		bcs	.L129
1907:Middlewares/Third_Party/FreeRTOS/Source/tasks.c **** 	TCB_t * const pxTCB = xTaskToResume;
 1774              		.loc 1 1907 13 view .LVU502
 1775 002a 0025     		movs	r5, #0
 1776              	.L127:
 1777              	.LVL164:
1948:Middlewares/Third_Party/FreeRTOS/Source/tasks.c **** 					}
 1778              		.loc 1 1948 31 is_stmt 1 view .LVU503
1951:Middlewares/Third_Party/FreeRTOS/Source/tasks.c **** 					prvAddTaskToReadyList( pxTCB );
 1779              		.loc 1 1951 6 view .LVU504
1951:Middlewares/Third_Party/FreeRTOS/Source/tasks.c **** 					prvAddTaskToReadyList( pxTCB );
 1780              		.loc 1 1951 15 is_stmt 0 view .LVU505
 1781 002c 271D     		adds	r7, r4, #4
 1782 002e 3800     		movs	r0, r7
 1783 0030 FFF7FEFF 		bl	uxListRemove
 1784              	.LVL165:
1952:Middlewares/Third_Party/FreeRTOS/Source/tasks.c **** 				}
 1785              		.loc 1 1952 6 is_stmt 1 view .LVU506
1952:Middlewares/Third_Party/FreeRTOS/Source/tasks.c **** 				}
 1786              		.loc 1 1952 6 view .LVU507
 1787 0034 E36A     		ldr	r3, [r4, #44]
 1788 0036 114A     		ldr	r2, .L131+8
 1789 0038 1268     		ldr	r2, [r2]
 1790 003a 9342     		cmp	r3, r2
 1791 003c 01D9     		bls	.L128
1952:Middlewares/Third_Party/FreeRTOS/Source/tasks.c **** 				}
 1792              		.loc 1 1952 6 discriminator 1 view .LVU508
 1793 003e 0F4A     		ldr	r2, .L131+8
 1794 0040 1360     		str	r3, [r2]
 1795              	.L128:
1952:Middlewares/Third_Party/FreeRTOS/Source/tasks.c **** 				}
 1796              		.loc 1 1952 6 discriminator 3 view .LVU509
1952:Middlewares/Third_Party/FreeRTOS/Source/tasks.c **** 				}
 1797              		.loc 1 1952 6 discriminator 3 view .LVU510
 1798 0042 9800     		lsls	r0, r3, #2
ARM GAS  C:\Users\Asus\AppData\Local\Temp\cctip26G.s 			page 133


 1799 0044 C018     		adds	r0, r0, r3
 1800 0046 8000     		lsls	r0, r0, #2
 1801 0048 0D4B     		ldr	r3, .L131+12
 1802 004a C018     		adds	r0, r0, r3
 1803 004c 3900     		movs	r1, r7
 1804 004e FFF7FEFF 		bl	vListInsertEnd
 1805              	.LVL166:
1952:Middlewares/Third_Party/FreeRTOS/Source/tasks.c **** 				}
 1806              		.loc 1 1952 36 discriminator 3 view .LVU511
 1807              	.L125:
1964:Middlewares/Third_Party/FreeRTOS/Source/tasks.c **** 			}
 1808              		.loc 1 1964 29 view .LVU512
1967:Middlewares/Third_Party/FreeRTOS/Source/tasks.c **** 
 1809              		.loc 1 1967 3 view .LVU513
 1810 0052 3000     		movs	r0, r6
 1811 0054 FFF7FEFF 		bl	vClearInterruptMaskFromISR
 1812              	.LVL167:
1969:Middlewares/Third_Party/FreeRTOS/Source/tasks.c **** 	}
 1813              		.loc 1 1969 3 view .LVU514
1970:Middlewares/Third_Party/FreeRTOS/Source/tasks.c **** 
 1814              		.loc 1 1970 2 is_stmt 0 view .LVU515
 1815 0058 2800     		movs	r0, r5
 1816              		@ sp needed
 1817              	.LVL168:
 1818              	.LVL169:
 1819              	.LVL170:
1970:Middlewares/Third_Party/FreeRTOS/Source/tasks.c **** 
 1820              		.loc 1 1970 2 view .LVU516
 1821 005a F8BD     		pop	{r3, r4, r5, r6, r7, pc}
 1822              	.LVL171:
 1823              	.L130:
1911:Middlewares/Third_Party/FreeRTOS/Source/tasks.c **** 
 1824              		.loc 1 1911 3 is_stmt 1 discriminator 1 view .LVU517
 1825              		.syntax divided
 1826              	@ 1911 "Middlewares/Third_Party/FreeRTOS/Source/tasks.c" 1
 1827 005c 72B6     		 cpsid i 
 1828              	@ 0 "" 2
 1829              		.thumb
 1830              		.syntax unified
 1831              	.L124:
1911:Middlewares/Third_Party/FreeRTOS/Source/tasks.c **** 
 1832              		.loc 1 1911 3 discriminator 1 view .LVU518
1911:Middlewares/Third_Party/FreeRTOS/Source/tasks.c **** 
 1833              		.loc 1 1911 3 discriminator 1 view .LVU519
 1834 005e FEE7     		b	.L124
 1835              	.LVL172:
 1836              	.L129:
1944:Middlewares/Third_Party/FreeRTOS/Source/tasks.c **** 					}
 1837              		.loc 1 1944 22 is_stmt 0 view .LVU520
 1838 0060 0125     		movs	r5, #1
 1839 0062 E3E7     		b	.L127
 1840              	.L126:
1959:Middlewares/Third_Party/FreeRTOS/Source/tasks.c **** 				}
 1841              		.loc 1 1959 6 is_stmt 1 view .LVU521
 1842 0064 2100     		movs	r1, r4
 1843 0066 1831     		adds	r1, r1, #24
 1844 0068 0648     		ldr	r0, .L131+16
ARM GAS  C:\Users\Asus\AppData\Local\Temp\cctip26G.s 			page 134


 1845 006a FFF7FEFF 		bl	vListInsertEnd
 1846              	.LVL173:
1907:Middlewares/Third_Party/FreeRTOS/Source/tasks.c **** 	TCB_t * const pxTCB = xTaskToResume;
 1847              		.loc 1 1907 13 is_stmt 0 view .LVU522
 1848 006e 0025     		movs	r5, #0
 1849 0070 EFE7     		b	.L125
 1850              	.L132:
 1851 0072 C046     		.align	2
 1852              	.L131:
 1853 0074 00000000 		.word	uxSchedulerSuspended
 1854 0078 00000000 		.word	pxCurrentTCB
 1855 007c 00000000 		.word	uxTopReadyPriority
 1856 0080 00000000 		.word	pxReadyTasksLists
 1857 0084 00000000 		.word	xPendingReadyList
 1858              		.cfi_endproc
 1859              	.LFE11:
 1861              		.section	.rodata.vTaskStartScheduler.str1.4,"aMS",%progbits,1
 1862              		.align	2
 1863              	.LC51:
 1864 0000 49444C45 		.ascii	"IDLE\000"
 1864      00
 1865              		.section	.text.vTaskStartScheduler,"ax",%progbits
 1866              		.align	1
 1867              		.global	vTaskStartScheduler
 1868              		.syntax unified
 1869              		.code	16
 1870              		.thumb_func
 1872              	vTaskStartScheduler:
 1873              	.LFB12:
1976:Middlewares/Third_Party/FreeRTOS/Source/tasks.c **** BaseType_t xReturn;
 1874              		.loc 1 1976 1 is_stmt 1 view -0
 1875              		.cfi_startproc
 1876              		@ args = 0, pretend = 0, frame = 0
 1877              		@ frame_needed = 0, uses_anonymous_args = 0
 1878 0000 00B5     		push	{lr}
 1879              		.cfi_def_cfa_offset 4
 1880              		.cfi_offset 14, -4
 1881 0002 83B0     		sub	sp, sp, #12
 1882              		.cfi_def_cfa_offset 16
1977:Middlewares/Third_Party/FreeRTOS/Source/tasks.c **** 
 1883              		.loc 1 1977 1 view .LVU524
2009:Middlewares/Third_Party/FreeRTOS/Source/tasks.c **** 								configIDLE_TASK_NAME,
 1884              		.loc 1 2009 3 view .LVU525
2009:Middlewares/Third_Party/FreeRTOS/Source/tasks.c **** 								configIDLE_TASK_NAME,
 1885              		.loc 1 2009 13 is_stmt 0 view .LVU526
 1886 0004 1149     		ldr	r1, .L140
 1887 0006 1248     		ldr	r0, .L140+4
 1888 0008 124B     		ldr	r3, .L140+8
 1889 000a 0193     		str	r3, [sp, #4]
 1890 000c 0023     		movs	r3, #0
 1891 000e 0093     		str	r3, [sp]
 1892 0010 8022     		movs	r2, #128
 1893 0012 FFF7FEFF 		bl	xTaskCreate
 1894              	.LVL174:
2031:Middlewares/Third_Party/FreeRTOS/Source/tasks.c **** 	{
 1895              		.loc 1 2031 2 is_stmt 1 view .LVU527
2031:Middlewares/Third_Party/FreeRTOS/Source/tasks.c **** 	{
ARM GAS  C:\Users\Asus\AppData\Local\Temp\cctip26G.s 			page 135


 1896              		.loc 1 2031 4 is_stmt 0 view .LVU528
 1897 0016 0128     		cmp	r0, #1
 1898 0018 03D0     		beq	.L138
2090:Middlewares/Third_Party/FreeRTOS/Source/tasks.c **** 	}
 1899              		.loc 1 2090 3 is_stmt 1 view .LVU529
 1900 001a 0130     		adds	r0, r0, #1
 1901 001c 14D0     		beq	.L139
 1902              	.LVL175:
 1903              	.L133:
2096:Middlewares/Third_Party/FreeRTOS/Source/tasks.c **** /*-----------------------------------------------------------*/
 1904              		.loc 1 2096 1 is_stmt 0 view .LVU530
 1905 001e 03B0     		add	sp, sp, #12
 1906              		@ sp needed
 1907 0020 00BD     		pop	{pc}
 1908              	.LVL176:
 1909              	.L138:
2047:Middlewares/Third_Party/FreeRTOS/Source/tasks.c **** 
 1910              		.loc 1 2047 3 is_stmt 1 view .LVU531
 1911              		.syntax divided
 1912              	@ 2047 "Middlewares/Third_Party/FreeRTOS/Source/tasks.c" 1
 1913 0022 72B6     		 cpsid i 
 1914              	@ 0 "" 2
2055:Middlewares/Third_Party/FreeRTOS/Source/tasks.c **** 		}
 1915              		.loc 1 2055 4 view .LVU532
2055:Middlewares/Third_Party/FreeRTOS/Source/tasks.c **** 		}
 1916              		.loc 1 2055 33 is_stmt 0 view .LVU533
 1917              		.thumb
 1918              		.syntax unified
 1919 0024 0C4B     		ldr	r3, .L140+12
 1920 0026 1B68     		ldr	r3, [r3]
2055:Middlewares/Third_Party/FreeRTOS/Source/tasks.c **** 		}
 1921              		.loc 1 2055 18 view .LVU534
 1922 0028 5033     		adds	r3, r3, #80
2055:Middlewares/Third_Party/FreeRTOS/Source/tasks.c **** 		}
 1923              		.loc 1 2055 16 view .LVU535
 1924 002a 0C4A     		ldr	r2, .L140+16
 1925 002c 1360     		str	r3, [r2]
2059:Middlewares/Third_Party/FreeRTOS/Source/tasks.c **** 		xSchedulerRunning = pdTRUE;
 1926              		.loc 1 2059 3 is_stmt 1 view .LVU536
2059:Middlewares/Third_Party/FreeRTOS/Source/tasks.c **** 		xSchedulerRunning = pdTRUE;
 1927              		.loc 1 2059 24 is_stmt 0 view .LVU537
 1928 002e 0C4B     		ldr	r3, .L140+20
 1929 0030 0122     		movs	r2, #1
 1930 0032 5242     		rsbs	r2, r2, #0
 1931 0034 1A60     		str	r2, [r3]
2060:Middlewares/Third_Party/FreeRTOS/Source/tasks.c **** 		xTickCount = ( TickType_t ) configINITIAL_TICK_COUNT;
 1932              		.loc 1 2060 3 is_stmt 1 view .LVU538
2060:Middlewares/Third_Party/FreeRTOS/Source/tasks.c **** 		xTickCount = ( TickType_t ) configINITIAL_TICK_COUNT;
 1933              		.loc 1 2060 21 is_stmt 0 view .LVU539
 1934 0036 0B4B     		ldr	r3, .L140+24
 1935 0038 0232     		adds	r2, r2, #2
 1936 003a 1A60     		str	r2, [r3]
2061:Middlewares/Third_Party/FreeRTOS/Source/tasks.c **** 
 1937              		.loc 1 2061 3 is_stmt 1 view .LVU540
2061:Middlewares/Third_Party/FreeRTOS/Source/tasks.c **** 
 1938              		.loc 1 2061 14 is_stmt 0 view .LVU541
 1939 003c 0A4B     		ldr	r3, .L140+28
ARM GAS  C:\Users\Asus\AppData\Local\Temp\cctip26G.s 			page 136


 1940 003e 0022     		movs	r2, #0
 1941 0040 1A60     		str	r2, [r3]
2069:Middlewares/Third_Party/FreeRTOS/Source/tasks.c **** 
 1942              		.loc 1 2069 43 is_stmt 1 view .LVU542
2071:Middlewares/Third_Party/FreeRTOS/Source/tasks.c **** 
 1943              		.loc 1 2071 26 view .LVU543
2075:Middlewares/Third_Party/FreeRTOS/Source/tasks.c **** 		{
 1944              		.loc 1 2075 3 view .LVU544
2075:Middlewares/Third_Party/FreeRTOS/Source/tasks.c **** 		{
 1945              		.loc 1 2075 7 is_stmt 0 view .LVU545
 1946 0042 FFF7FEFF 		bl	xPortStartScheduler
 1947              	.LVL177:
2075:Middlewares/Third_Party/FreeRTOS/Source/tasks.c **** 		{
 1948              		.loc 1 2075 7 view .LVU546
 1949 0046 EAE7     		b	.L133
 1950              	.L139:
2090:Middlewares/Third_Party/FreeRTOS/Source/tasks.c **** 	}
 1951              		.loc 1 2090 3 is_stmt 1 discriminator 1 view .LVU547
 1952              		.syntax divided
 1953              	@ 2090 "Middlewares/Third_Party/FreeRTOS/Source/tasks.c" 1
 1954 0048 72B6     		 cpsid i 
 1955              	@ 0 "" 2
 1956              		.thumb
 1957              		.syntax unified
 1958              	.L136:
2090:Middlewares/Third_Party/FreeRTOS/Source/tasks.c **** 	}
 1959              		.loc 1 2090 3 discriminator 2 view .LVU548
2090:Middlewares/Third_Party/FreeRTOS/Source/tasks.c **** 	}
 1960              		.loc 1 2090 3 discriminator 2 view .LVU549
 1961 004a FEE7     		b	.L136
 1962              	.L141:
 1963              		.align	2
 1964              	.L140:
 1965 004c 00000000 		.word	.LC51
 1966 0050 00000000 		.word	prvIdleTask
 1967 0054 00000000 		.word	xIdleTaskHandle
 1968 0058 00000000 		.word	pxCurrentTCB
 1969 005c 00000000 		.word	_impure_ptr
 1970 0060 00000000 		.word	xNextTaskUnblockTime
 1971 0064 00000000 		.word	xSchedulerRunning
 1972 0068 00000000 		.word	xTickCount
 1973              		.cfi_endproc
 1974              	.LFE12:
 1976              		.section	.text.vTaskEndScheduler,"ax",%progbits
 1977              		.align	1
 1978              		.global	vTaskEndScheduler
 1979              		.syntax unified
 1980              		.code	16
 1981              		.thumb_func
 1983              	vTaskEndScheduler:
 1984              	.LFB13:
2100:Middlewares/Third_Party/FreeRTOS/Source/tasks.c **** 	/* Stop the scheduler interrupts and call the portable scheduler end
 1985              		.loc 1 2100 1 view -0
 1986              		.cfi_startproc
 1987              		@ args = 0, pretend = 0, frame = 0
 1988              		@ frame_needed = 0, uses_anonymous_args = 0
 1989 0000 10B5     		push	{r4, lr}
ARM GAS  C:\Users\Asus\AppData\Local\Temp\cctip26G.s 			page 137


 1990              		.cfi_def_cfa_offset 8
 1991              		.cfi_offset 4, -8
 1992              		.cfi_offset 14, -4
2104:Middlewares/Third_Party/FreeRTOS/Source/tasks.c **** 	xSchedulerRunning = pdFALSE;
 1993              		.loc 1 2104 2 view .LVU551
 1994              		.syntax divided
 1995              	@ 2104 "Middlewares/Third_Party/FreeRTOS/Source/tasks.c" 1
 1996 0002 72B6     		 cpsid i 
 1997              	@ 0 "" 2
2105:Middlewares/Third_Party/FreeRTOS/Source/tasks.c **** 	vPortEndScheduler();
 1998              		.loc 1 2105 2 view .LVU552
2105:Middlewares/Third_Party/FreeRTOS/Source/tasks.c **** 	vPortEndScheduler();
 1999              		.loc 1 2105 20 is_stmt 0 view .LVU553
 2000              		.thumb
 2001              		.syntax unified
 2002 0004 024B     		ldr	r3, .L143
 2003 0006 0022     		movs	r2, #0
 2004 0008 1A60     		str	r2, [r3]
2106:Middlewares/Third_Party/FreeRTOS/Source/tasks.c **** }
 2005              		.loc 1 2106 2 is_stmt 1 view .LVU554
 2006 000a FFF7FEFF 		bl	vPortEndScheduler
 2007              	.LVL178:
2107:Middlewares/Third_Party/FreeRTOS/Source/tasks.c **** /*----------------------------------------------------------*/
 2008              		.loc 1 2107 1 is_stmt 0 view .LVU555
 2009              		@ sp needed
 2010 000e 10BD     		pop	{r4, pc}
 2011              	.L144:
 2012              		.align	2
 2013              	.L143:
 2014 0010 00000000 		.word	xSchedulerRunning
 2015              		.cfi_endproc
 2016              	.LFE13:
 2018              		.section	.text.vTaskSuspendAll,"ax",%progbits
 2019              		.align	1
 2020              		.global	vTaskSuspendAll
 2021              		.syntax unified
 2022              		.code	16
 2023              		.thumb_func
 2025              	vTaskSuspendAll:
 2026              	.LFB14:
2111:Middlewares/Third_Party/FreeRTOS/Source/tasks.c **** 	/* A critical section is not required as the variable is of type
 2027              		.loc 1 2111 1 is_stmt 1 view -0
 2028              		.cfi_startproc
 2029              		@ args = 0, pretend = 0, frame = 0
 2030              		@ frame_needed = 0, uses_anonymous_args = 0
 2031              		@ link register save eliminated.
2119:Middlewares/Third_Party/FreeRTOS/Source/tasks.c **** 
 2032              		.loc 1 2119 24 view .LVU557
2123:Middlewares/Third_Party/FreeRTOS/Source/tasks.c **** 
 2033              		.loc 1 2123 2 view .LVU558
 2034 0000 024A     		ldr	r2, .L146
 2035 0002 1368     		ldr	r3, [r2]
 2036 0004 0133     		adds	r3, r3, #1
 2037 0006 1360     		str	r3, [r2]
2127:Middlewares/Third_Party/FreeRTOS/Source/tasks.c **** }
 2038              		.loc 1 2127 2 view .LVU559
2128:Middlewares/Third_Party/FreeRTOS/Source/tasks.c **** /*----------------------------------------------------------*/
ARM GAS  C:\Users\Asus\AppData\Local\Temp\cctip26G.s 			page 138


 2039              		.loc 1 2128 1 is_stmt 0 view .LVU560
 2040              		@ sp needed
 2041 0008 7047     		bx	lr
 2042              	.L147:
 2043 000a C046     		.align	2
 2044              	.L146:
 2045 000c 00000000 		.word	uxSchedulerSuspended
 2046              		.cfi_endproc
 2047              	.LFE14:
 2049              		.section	.text.xTaskGetTickCount,"ax",%progbits
 2050              		.align	1
 2051              		.global	xTaskGetTickCount
 2052              		.syntax unified
 2053              		.code	16
 2054              		.thumb_func
 2056              	xTaskGetTickCount:
 2057              	.LFB16:
2305:Middlewares/Third_Party/FreeRTOS/Source/tasks.c **** TickType_t xTicks;
 2058              		.loc 1 2305 1 is_stmt 1 view -0
 2059              		.cfi_startproc
 2060              		@ args = 0, pretend = 0, frame = 0
 2061              		@ frame_needed = 0, uses_anonymous_args = 0
 2062              		@ link register save eliminated.
2306:Middlewares/Third_Party/FreeRTOS/Source/tasks.c **** 
 2063              		.loc 1 2306 1 view .LVU562
2309:Middlewares/Third_Party/FreeRTOS/Source/tasks.c **** 	{
 2064              		.loc 1 2309 32 view .LVU563
2311:Middlewares/Third_Party/FreeRTOS/Source/tasks.c **** 	}
 2065              		.loc 1 2311 3 view .LVU564
2311:Middlewares/Third_Party/FreeRTOS/Source/tasks.c **** 	}
 2066              		.loc 1 2311 10 is_stmt 0 view .LVU565
 2067 0000 014B     		ldr	r3, .L149
 2068 0002 1868     		ldr	r0, [r3]
 2069              	.LVL179:
2313:Middlewares/Third_Party/FreeRTOS/Source/tasks.c **** 
 2070              		.loc 1 2313 31 is_stmt 1 view .LVU566
2315:Middlewares/Third_Party/FreeRTOS/Source/tasks.c **** }
 2071              		.loc 1 2315 2 view .LVU567
2316:Middlewares/Third_Party/FreeRTOS/Source/tasks.c **** /*-----------------------------------------------------------*/
 2072              		.loc 1 2316 1 is_stmt 0 view .LVU568
 2073              		@ sp needed
 2074 0004 7047     		bx	lr
 2075              	.L150:
 2076 0006 C046     		.align	2
 2077              	.L149:
 2078 0008 00000000 		.word	xTickCount
 2079              		.cfi_endproc
 2080              	.LFE16:
 2082              		.section	.text.xTaskGetTickCountFromISR,"ax",%progbits
 2083              		.align	1
 2084              		.global	xTaskGetTickCountFromISR
 2085              		.syntax unified
 2086              		.code	16
 2087              		.thumb_func
 2089              	xTaskGetTickCountFromISR:
 2090              	.LFB17:
2320:Middlewares/Third_Party/FreeRTOS/Source/tasks.c **** TickType_t xReturn;
ARM GAS  C:\Users\Asus\AppData\Local\Temp\cctip26G.s 			page 139


 2091              		.loc 1 2320 1 is_stmt 1 view -0
 2092              		.cfi_startproc
 2093              		@ args = 0, pretend = 0, frame = 0
 2094              		@ frame_needed = 0, uses_anonymous_args = 0
 2095              		@ link register save eliminated.
2321:Middlewares/Third_Party/FreeRTOS/Source/tasks.c **** UBaseType_t uxSavedInterruptStatus;
 2096              		.loc 1 2321 1 view .LVU570
2322:Middlewares/Third_Party/FreeRTOS/Source/tasks.c **** 
 2097              		.loc 1 2322 1 view .LVU571
2338:Middlewares/Third_Party/FreeRTOS/Source/tasks.c **** 
 2098              		.loc 1 2338 44 view .LVU572
2340:Middlewares/Third_Party/FreeRTOS/Source/tasks.c **** 	{
 2099              		.loc 1 2340 2 view .LVU573
 2100              	.LVL180:
2342:Middlewares/Third_Party/FreeRTOS/Source/tasks.c **** 	}
 2101              		.loc 1 2342 3 view .LVU574
2342:Middlewares/Third_Party/FreeRTOS/Source/tasks.c **** 	}
 2102              		.loc 1 2342 11 is_stmt 0 view .LVU575
 2103 0000 014B     		ldr	r3, .L152
 2104 0002 1868     		ldr	r0, [r3]
 2105              	.LVL181:
2344:Middlewares/Third_Party/FreeRTOS/Source/tasks.c **** 
 2106              		.loc 1 2344 2 is_stmt 1 view .LVU576
2346:Middlewares/Third_Party/FreeRTOS/Source/tasks.c **** }
 2107              		.loc 1 2346 2 view .LVU577
2347:Middlewares/Third_Party/FreeRTOS/Source/tasks.c **** /*-----------------------------------------------------------*/
 2108              		.loc 1 2347 1 is_stmt 0 view .LVU578
 2109              		@ sp needed
 2110 0004 7047     		bx	lr
 2111              	.L153:
 2112 0006 C046     		.align	2
 2113              	.L152:
 2114 0008 00000000 		.word	xTickCount
 2115              		.cfi_endproc
 2116              	.LFE17:
 2118              		.section	.text.uxTaskGetNumberOfTasks,"ax",%progbits
 2119              		.align	1
 2120              		.global	uxTaskGetNumberOfTasks
 2121              		.syntax unified
 2122              		.code	16
 2123              		.thumb_func
 2125              	uxTaskGetNumberOfTasks:
 2126              	.LFB18:
2351:Middlewares/Third_Party/FreeRTOS/Source/tasks.c **** 	/* A critical section is not required because the variables are of type
 2127              		.loc 1 2351 1 is_stmt 1 view -0
 2128              		.cfi_startproc
 2129              		@ args = 0, pretend = 0, frame = 0
 2130              		@ frame_needed = 0, uses_anonymous_args = 0
 2131              		@ link register save eliminated.
2354:Middlewares/Third_Party/FreeRTOS/Source/tasks.c **** }
 2132              		.loc 1 2354 2 view .LVU580
2354:Middlewares/Third_Party/FreeRTOS/Source/tasks.c **** }
 2133              		.loc 1 2354 9 is_stmt 0 view .LVU581
 2134 0000 014B     		ldr	r3, .L155
 2135 0002 1868     		ldr	r0, [r3]
2355:Middlewares/Third_Party/FreeRTOS/Source/tasks.c **** /*-----------------------------------------------------------*/
 2136              		.loc 1 2355 1 view .LVU582
ARM GAS  C:\Users\Asus\AppData\Local\Temp\cctip26G.s 			page 140


 2137              		@ sp needed
 2138 0004 7047     		bx	lr
 2139              	.L156:
 2140 0006 C046     		.align	2
 2141              	.L155:
 2142 0008 00000000 		.word	uxCurrentNumberOfTasks
 2143              		.cfi_endproc
 2144              	.LFE18:
 2146              		.section	.text.pcTaskGetName,"ax",%progbits
 2147              		.align	1
 2148              		.global	pcTaskGetName
 2149              		.syntax unified
 2150              		.code	16
 2151              		.thumb_func
 2153              	pcTaskGetName:
 2154              	.LVL182:
 2155              	.LFB19:
2359:Middlewares/Third_Party/FreeRTOS/Source/tasks.c **** TCB_t *pxTCB;
 2156              		.loc 1 2359 1 is_stmt 1 view -0
 2157              		.cfi_startproc
 2158              		@ args = 0, pretend = 0, frame = 0
 2159              		@ frame_needed = 0, uses_anonymous_args = 0
 2160              		@ link register save eliminated.
2360:Middlewares/Third_Party/FreeRTOS/Source/tasks.c **** 
 2161              		.loc 1 2360 1 view .LVU584
2364:Middlewares/Third_Party/FreeRTOS/Source/tasks.c **** 	configASSERT( pxTCB );
 2162              		.loc 1 2364 2 view .LVU585
2364:Middlewares/Third_Party/FreeRTOS/Source/tasks.c **** 	configASSERT( pxTCB );
 2163              		.loc 1 2364 10 is_stmt 0 view .LVU586
 2164 0000 0028     		cmp	r0, #0
 2165 0002 01D0     		beq	.L160
 2166              	.LVL183:
 2167              	.L158:
2365:Middlewares/Third_Party/FreeRTOS/Source/tasks.c **** 	return &( pxTCB->pcTaskName[ 0 ] );
 2168              		.loc 1 2365 23 is_stmt 1 discriminator 2 view .LVU587
2366:Middlewares/Third_Party/FreeRTOS/Source/tasks.c **** }
 2169              		.loc 1 2366 2 discriminator 2 view .LVU588
2366:Middlewares/Third_Party/FreeRTOS/Source/tasks.c **** }
 2170              		.loc 1 2366 9 is_stmt 0 discriminator 2 view .LVU589
 2171 0004 3430     		adds	r0, r0, #52
2367:Middlewares/Third_Party/FreeRTOS/Source/tasks.c **** /*-----------------------------------------------------------*/
 2172              		.loc 1 2367 1 discriminator 2 view .LVU590
 2173              		@ sp needed
 2174 0006 7047     		bx	lr
 2175              	.LVL184:
 2176              	.L160:
2364:Middlewares/Third_Party/FreeRTOS/Source/tasks.c **** 	configASSERT( pxTCB );
 2177              		.loc 1 2364 10 discriminator 1 view .LVU591
 2178 0008 024B     		ldr	r3, .L161
 2179 000a 1868     		ldr	r0, [r3]
 2180              	.LVL185:
2365:Middlewares/Third_Party/FreeRTOS/Source/tasks.c **** 	return &( pxTCB->pcTaskName[ 0 ] );
 2181              		.loc 1 2365 2 is_stmt 1 discriminator 1 view .LVU592
 2182 000c 0028     		cmp	r0, #0
 2183 000e F9D1     		bne	.L158
2365:Middlewares/Third_Party/FreeRTOS/Source/tasks.c **** 	return &( pxTCB->pcTaskName[ 0 ] );
 2184              		.loc 1 2365 2 discriminator 1 view .LVU593
ARM GAS  C:\Users\Asus\AppData\Local\Temp\cctip26G.s 			page 141


 2185              		.syntax divided
 2186              	@ 2365 "Middlewares/Third_Party/FreeRTOS/Source/tasks.c" 1
 2187 0010 72B6     		 cpsid i 
 2188              	@ 0 "" 2
 2189              		.thumb
 2190              		.syntax unified
 2191              	.L159:
2365:Middlewares/Third_Party/FreeRTOS/Source/tasks.c **** 	return &( pxTCB->pcTaskName[ 0 ] );
 2192              		.loc 1 2365 2 discriminator 1 view .LVU594
2365:Middlewares/Third_Party/FreeRTOS/Source/tasks.c **** 	return &( pxTCB->pcTaskName[ 0 ] );
 2193              		.loc 1 2365 2 discriminator 1 view .LVU595
 2194 0012 FEE7     		b	.L159
 2195              	.L162:
 2196              		.align	2
 2197              	.L161:
 2198 0014 00000000 		.word	pxCurrentTCB
 2199              		.cfi_endproc
 2200              	.LFE19:
 2202              		.section	.text.xTaskIncrementTick,"ax",%progbits
 2203              		.align	1
 2204              		.global	xTaskIncrementTick
 2205              		.syntax unified
 2206              		.code	16
 2207              		.thumb_func
 2209              	xTaskIncrementTick:
 2210              	.LFB21:
2708:Middlewares/Third_Party/FreeRTOS/Source/tasks.c **** TCB_t * pxTCB;
 2211              		.loc 1 2708 1 view -0
 2212              		.cfi_startproc
 2213              		@ args = 0, pretend = 0, frame = 0
 2214              		@ frame_needed = 0, uses_anonymous_args = 0
 2215 0000 F8B5     		push	{r3, r4, r5, r6, r7, lr}
 2216              		.cfi_def_cfa_offset 24
 2217              		.cfi_offset 3, -24
 2218              		.cfi_offset 4, -20
 2219              		.cfi_offset 5, -16
 2220              		.cfi_offset 6, -12
 2221              		.cfi_offset 7, -8
 2222              		.cfi_offset 14, -4
2709:Middlewares/Third_Party/FreeRTOS/Source/tasks.c **** TickType_t xItemValue;
 2223              		.loc 1 2709 1 view .LVU597
2710:Middlewares/Third_Party/FreeRTOS/Source/tasks.c **** BaseType_t xSwitchRequired = pdFALSE;
 2224              		.loc 1 2710 1 view .LVU598
2711:Middlewares/Third_Party/FreeRTOS/Source/tasks.c **** 
 2225              		.loc 1 2711 1 view .LVU599
 2226              	.LVL186:
2716:Middlewares/Third_Party/FreeRTOS/Source/tasks.c **** 	if( uxSchedulerSuspended == ( UBaseType_t ) pdFALSE )
 2227              		.loc 1 2716 40 view .LVU600
2717:Middlewares/Third_Party/FreeRTOS/Source/tasks.c **** 	{
 2228              		.loc 1 2717 2 view .LVU601
2717:Middlewares/Third_Party/FreeRTOS/Source/tasks.c **** 	{
 2229              		.loc 1 2717 27 is_stmt 0 view .LVU602
 2230 0002 394B     		ldr	r3, .L184
 2231 0004 1B68     		ldr	r3, [r3]
2717:Middlewares/Third_Party/FreeRTOS/Source/tasks.c **** 	{
 2232              		.loc 1 2717 4 view .LVU603
 2233 0006 002B     		cmp	r3, #0
ARM GAS  C:\Users\Asus\AppData\Local\Temp\cctip26G.s 			page 142


 2234 0008 66D1     		bne	.L164
 2235              	.LBB5:
2721:Middlewares/Third_Party/FreeRTOS/Source/tasks.c **** 
 2236              		.loc 1 2721 3 is_stmt 1 view .LVU604
2721:Middlewares/Third_Party/FreeRTOS/Source/tasks.c **** 
 2237              		.loc 1 2721 49 is_stmt 0 view .LVU605
 2238 000a 384B     		ldr	r3, .L184+4
 2239 000c 1D68     		ldr	r5, [r3]
2721:Middlewares/Third_Party/FreeRTOS/Source/tasks.c **** 
 2240              		.loc 1 2721 20 view .LVU606
 2241 000e 0135     		adds	r5, r5, #1
 2242              	.LVL187:
2725:Middlewares/Third_Party/FreeRTOS/Source/tasks.c **** 
 2243              		.loc 1 2725 3 is_stmt 1 view .LVU607
2725:Middlewares/Third_Party/FreeRTOS/Source/tasks.c **** 
 2244              		.loc 1 2725 14 is_stmt 0 view .LVU608
 2245 0010 1D60     		str	r5, [r3]
2727:Middlewares/Third_Party/FreeRTOS/Source/tasks.c **** 		{
 2246              		.loc 1 2727 3 is_stmt 1 view .LVU609
2727:Middlewares/Third_Party/FreeRTOS/Source/tasks.c **** 		{
 2247              		.loc 1 2727 5 is_stmt 0 view .LVU610
 2248 0012 002D     		cmp	r5, #0
 2249 0014 12D1     		bne	.L165
 2250              	.LBB6:
2729:Middlewares/Third_Party/FreeRTOS/Source/tasks.c **** 		}
 2251              		.loc 1 2729 4 is_stmt 1 view .LVU611
2729:Middlewares/Third_Party/FreeRTOS/Source/tasks.c **** 		}
 2252              		.loc 1 2729 4 view .LVU612
 2253 0016 364B     		ldr	r3, .L184+8
 2254 0018 1B68     		ldr	r3, [r3]
 2255 001a 1B68     		ldr	r3, [r3]
 2256 001c 002B     		cmp	r3, #0
 2257 001e 01D0     		beq	.L166
2729:Middlewares/Third_Party/FreeRTOS/Source/tasks.c **** 		}
 2258              		.loc 1 2729 4 discriminator 1 view .LVU613
 2259              		.syntax divided
 2260              	@ 2729 "Middlewares/Third_Party/FreeRTOS/Source/tasks.c" 1
 2261 0020 72B6     		 cpsid i 
 2262              	@ 0 "" 2
 2263              		.thumb
 2264              		.syntax unified
 2265              	.L167:
2729:Middlewares/Third_Party/FreeRTOS/Source/tasks.c **** 		}
 2266              		.loc 1 2729 4 discriminator 1 view .LVU614
2729:Middlewares/Third_Party/FreeRTOS/Source/tasks.c **** 		}
 2267              		.loc 1 2729 4 discriminator 1 view .LVU615
 2268 0022 FEE7     		b	.L167
 2269              	.L166:
2729:Middlewares/Third_Party/FreeRTOS/Source/tasks.c **** 		}
 2270              		.loc 1 2729 4 discriminator 2 view .LVU616
2729:Middlewares/Third_Party/FreeRTOS/Source/tasks.c **** 		}
 2271              		.loc 1 2729 4 discriminator 2 view .LVU617
 2272 0024 324A     		ldr	r2, .L184+8
 2273 0026 1168     		ldr	r1, [r2]
 2274              	.LVL188:
2729:Middlewares/Third_Party/FreeRTOS/Source/tasks.c **** 		}
 2275              		.loc 1 2729 4 discriminator 2 view .LVU618
ARM GAS  C:\Users\Asus\AppData\Local\Temp\cctip26G.s 			page 143


 2276 0028 324B     		ldr	r3, .L184+12
 2277 002a 1868     		ldr	r0, [r3]
 2278 002c 1060     		str	r0, [r2]
2729:Middlewares/Third_Party/FreeRTOS/Source/tasks.c **** 		}
 2279              		.loc 1 2729 4 discriminator 2 view .LVU619
 2280 002e 1960     		str	r1, [r3]
2729:Middlewares/Third_Party/FreeRTOS/Source/tasks.c **** 		}
 2281              		.loc 1 2729 4 discriminator 2 view .LVU620
 2282 0030 314A     		ldr	r2, .L184+16
 2283 0032 1368     		ldr	r3, [r2]
 2284 0034 0133     		adds	r3, r3, #1
 2285 0036 1360     		str	r3, [r2]
2729:Middlewares/Third_Party/FreeRTOS/Source/tasks.c **** 		}
 2286              		.loc 1 2729 4 discriminator 2 view .LVU621
 2287 0038 FFF7FEFF 		bl	prvResetNextTaskUnblockTime
 2288              	.LVL189:
2729:Middlewares/Third_Party/FreeRTOS/Source/tasks.c **** 		}
 2289              		.loc 1 2729 4 is_stmt 0 discriminator 2 view .LVU622
 2290              	.LBE6:
2729:Middlewares/Third_Party/FreeRTOS/Source/tasks.c **** 		}
 2291              		.loc 1 2729 30 is_stmt 1 discriminator 2 view .LVU623
 2292              	.L165:
2733:Middlewares/Third_Party/FreeRTOS/Source/tasks.c **** 		}
 2293              		.loc 1 2733 28 view .LVU624
2740:Middlewares/Third_Party/FreeRTOS/Source/tasks.c **** 		{
 2294              		.loc 1 2740 3 view .LVU625
2740:Middlewares/Third_Party/FreeRTOS/Source/tasks.c **** 		{
 2295              		.loc 1 2740 23 is_stmt 0 view .LVU626
 2296 003c 2F4B     		ldr	r3, .L184+20
 2297 003e 1B68     		ldr	r3, [r3]
2740:Middlewares/Third_Party/FreeRTOS/Source/tasks.c **** 		{
 2298              		.loc 1 2740 5 view .LVU627
 2299 0040 AB42     		cmp	r3, r5
 2300 0042 3FD9     		bls	.L178
 2301              	.LBE5:
2711:Middlewares/Third_Party/FreeRTOS/Source/tasks.c **** 
 2302              		.loc 1 2711 12 view .LVU628
 2303 0044 0027     		movs	r7, #0
 2304              	.LVL190:
 2305              	.L169:
 2306              	.LBB7:
2823:Middlewares/Third_Party/FreeRTOS/Source/tasks.c **** 			{
 2307              		.loc 1 2823 4 is_stmt 1 view .LVU629
2823:Middlewares/Third_Party/FreeRTOS/Source/tasks.c **** 			{
 2308              		.loc 1 2823 8 is_stmt 0 view .LVU630
 2309 0046 2E4B     		ldr	r3, .L184+24
 2310 0048 1B68     		ldr	r3, [r3]
 2311 004a D96A     		ldr	r1, [r3, #44]
 2312 004c 2D4A     		ldr	r2, .L184+28
 2313 004e 8B00     		lsls	r3, r1, #2
 2314 0050 5B18     		adds	r3, r3, r1
 2315 0052 9900     		lsls	r1, r3, #2
 2316 0054 8B58     		ldr	r3, [r1, r2]
2823:Middlewares/Third_Party/FreeRTOS/Source/tasks.c **** 			{
 2317              		.loc 1 2823 6 view .LVU631
 2318 0056 012B     		cmp	r3, #1
 2319 0058 00D9     		bls	.L176
ARM GAS  C:\Users\Asus\AppData\Local\Temp\cctip26G.s 			page 144


2825:Middlewares/Third_Party/FreeRTOS/Source/tasks.c **** 			}
 2320              		.loc 1 2825 21 view .LVU632
 2321 005a 0127     		movs	r7, #1
 2322              	.LVL191:
 2323              	.L176:
2829:Middlewares/Third_Party/FreeRTOS/Source/tasks.c **** 			}
 2324              		.loc 1 2829 29 is_stmt 1 view .LVU633
2851:Middlewares/Third_Party/FreeRTOS/Source/tasks.c **** 			{
 2325              		.loc 1 2851 4 view .LVU634
2851:Middlewares/Third_Party/FreeRTOS/Source/tasks.c **** 			{
 2326              		.loc 1 2851 22 is_stmt 0 view .LVU635
 2327 005c 2A4B     		ldr	r3, .L184+32
 2328 005e 1B68     		ldr	r3, [r3]
2851:Middlewares/Third_Party/FreeRTOS/Source/tasks.c **** 			{
 2329              		.loc 1 2851 6 view .LVU636
 2330 0060 002B     		cmp	r3, #0
 2331 0062 3ED0     		beq	.L163
2853:Middlewares/Third_Party/FreeRTOS/Source/tasks.c **** 			}
 2332              		.loc 1 2853 21 view .LVU637
 2333 0064 0127     		movs	r7, #1
 2334              	.LVL192:
2853:Middlewares/Third_Party/FreeRTOS/Source/tasks.c **** 			}
 2335              		.loc 1 2853 21 view .LVU638
 2336              	.LBE7:
2875:Middlewares/Third_Party/FreeRTOS/Source/tasks.c **** }
 2337              		.loc 1 2875 2 is_stmt 1 view .LVU639
2875:Middlewares/Third_Party/FreeRTOS/Source/tasks.c **** }
 2338              		.loc 1 2875 9 is_stmt 0 view .LVU640
 2339 0066 3CE0     		b	.L163
 2340              	.LVL193:
 2341              	.L179:
 2342              	.LBB8:
2806:Middlewares/Third_Party/FreeRTOS/Source/tasks.c **** 						}
 2343              		.loc 1 2806 24 view .LVU641
 2344 0068 0127     		movs	r7, #1
 2345              	.LVL194:
 2346              	.L168:
2742:Middlewares/Third_Party/FreeRTOS/Source/tasks.c **** 			{
 2347              		.loc 1 2742 4 is_stmt 1 view .LVU642
2744:Middlewares/Third_Party/FreeRTOS/Source/tasks.c **** 				{
 2348              		.loc 1 2744 5 view .LVU643
2744:Middlewares/Third_Party/FreeRTOS/Source/tasks.c **** 				{
 2349              		.loc 1 2744 9 is_stmt 0 view .LVU644
 2350 006a 214B     		ldr	r3, .L184+8
 2351 006c 1B68     		ldr	r3, [r3]
 2352 006e 1B68     		ldr	r3, [r3]
2744:Middlewares/Third_Party/FreeRTOS/Source/tasks.c **** 				{
 2353              		.loc 1 2744 7 view .LVU645
 2354 0070 002B     		cmp	r3, #0
 2355 0072 29D0     		beq	.L182
2760:Middlewares/Third_Party/FreeRTOS/Source/tasks.c **** 					xItemValue = listGET_LIST_ITEM_VALUE( &( pxTCB->xStateListItem ) );
 2356              		.loc 1 2760 6 is_stmt 1 view .LVU646
2760:Middlewares/Third_Party/FreeRTOS/Source/tasks.c **** 					xItemValue = listGET_LIST_ITEM_VALUE( &( pxTCB->xStateListItem ) );
 2357              		.loc 1 2760 14 is_stmt 0 view .LVU647
 2358 0074 1E4B     		ldr	r3, .L184+8
 2359 0076 1B68     		ldr	r3, [r3]
 2360 0078 DB68     		ldr	r3, [r3, #12]
ARM GAS  C:\Users\Asus\AppData\Local\Temp\cctip26G.s 			page 145


2760:Middlewares/Third_Party/FreeRTOS/Source/tasks.c **** 					xItemValue = listGET_LIST_ITEM_VALUE( &( pxTCB->xStateListItem ) );
 2361              		.loc 1 2760 12 view .LVU648
 2362 007a DC68     		ldr	r4, [r3, #12]
 2363              	.LVL195:
2761:Middlewares/Third_Party/FreeRTOS/Source/tasks.c **** 
 2364              		.loc 1 2761 6 is_stmt 1 view .LVU649
2761:Middlewares/Third_Party/FreeRTOS/Source/tasks.c **** 
 2365              		.loc 1 2761 17 is_stmt 0 view .LVU650
 2366 007c 6368     		ldr	r3, [r4, #4]
 2367              	.LVL196:
2763:Middlewares/Third_Party/FreeRTOS/Source/tasks.c **** 					{
 2368              		.loc 1 2763 6 is_stmt 1 view .LVU651
2763:Middlewares/Third_Party/FreeRTOS/Source/tasks.c **** 					{
 2369              		.loc 1 2763 8 is_stmt 0 view .LVU652
 2370 007e 9D42     		cmp	r5, r3
 2371 0080 27D3     		bcc	.L183
2775:Middlewares/Third_Party/FreeRTOS/Source/tasks.c **** 					}
 2372              		.loc 1 2775 31 is_stmt 1 view .LVU653
2779:Middlewares/Third_Party/FreeRTOS/Source/tasks.c **** 
 2373              		.loc 1 2779 6 view .LVU654
2779:Middlewares/Third_Party/FreeRTOS/Source/tasks.c **** 
 2374              		.loc 1 2779 15 is_stmt 0 view .LVU655
 2375 0082 261D     		adds	r6, r4, #4
 2376 0084 3000     		movs	r0, r6
 2377 0086 FFF7FEFF 		bl	uxListRemove
 2378              	.LVL197:
2783:Middlewares/Third_Party/FreeRTOS/Source/tasks.c **** 					{
 2379              		.loc 1 2783 6 is_stmt 1 view .LVU656
2783:Middlewares/Third_Party/FreeRTOS/Source/tasks.c **** 					{
 2380              		.loc 1 2783 10 is_stmt 0 view .LVU657
 2381 008a A36A     		ldr	r3, [r4, #40]
2783:Middlewares/Third_Party/FreeRTOS/Source/tasks.c **** 					{
 2382              		.loc 1 2783 8 view .LVU658
 2383 008c 002B     		cmp	r3, #0
 2384 008e 03D0     		beq	.L172
2785:Middlewares/Third_Party/FreeRTOS/Source/tasks.c **** 					}
 2385              		.loc 1 2785 7 is_stmt 1 view .LVU659
2785:Middlewares/Third_Party/FreeRTOS/Source/tasks.c **** 					}
 2386              		.loc 1 2785 16 is_stmt 0 view .LVU660
 2387 0090 2000     		movs	r0, r4
 2388 0092 1830     		adds	r0, r0, #24
 2389 0094 FFF7FEFF 		bl	uxListRemove
 2390              	.LVL198:
 2391              	.L172:
2789:Middlewares/Third_Party/FreeRTOS/Source/tasks.c **** 					}
 2392              		.loc 1 2789 31 is_stmt 1 view .LVU661
2794:Middlewares/Third_Party/FreeRTOS/Source/tasks.c **** 
 2393              		.loc 1 2794 6 view .LVU662
2794:Middlewares/Third_Party/FreeRTOS/Source/tasks.c **** 
 2394              		.loc 1 2794 6 view .LVU663
 2395 0098 E26A     		ldr	r2, [r4, #44]
 2396 009a 1C4B     		ldr	r3, .L184+36
 2397 009c 1B68     		ldr	r3, [r3]
 2398 009e 9A42     		cmp	r2, r3
 2399 00a0 01D9     		bls	.L173
2794:Middlewares/Third_Party/FreeRTOS/Source/tasks.c **** 
 2400              		.loc 1 2794 6 discriminator 1 view .LVU664
ARM GAS  C:\Users\Asus\AppData\Local\Temp\cctip26G.s 			page 146


 2401 00a2 1A4B     		ldr	r3, .L184+36
 2402 00a4 1A60     		str	r2, [r3]
 2403              	.L173:
2794:Middlewares/Third_Party/FreeRTOS/Source/tasks.c **** 
 2404              		.loc 1 2794 6 discriminator 3 view .LVU665
2794:Middlewares/Third_Party/FreeRTOS/Source/tasks.c **** 
 2405              		.loc 1 2794 6 discriminator 3 view .LVU666
 2406 00a6 9300     		lsls	r3, r2, #2
 2407 00a8 9B18     		adds	r3, r3, r2
 2408 00aa 9800     		lsls	r0, r3, #2
 2409 00ac 154B     		ldr	r3, .L184+28
 2410 00ae C018     		adds	r0, r0, r3
 2411 00b0 3100     		movs	r1, r6
 2412 00b2 FFF7FEFF 		bl	vListInsertEnd
 2413              	.LVL199:
2794:Middlewares/Third_Party/FreeRTOS/Source/tasks.c **** 
 2414              		.loc 1 2794 36 discriminator 3 view .LVU667
2804:Middlewares/Third_Party/FreeRTOS/Source/tasks.c **** 						{
 2415              		.loc 1 2804 7 discriminator 3 view .LVU668
2804:Middlewares/Third_Party/FreeRTOS/Source/tasks.c **** 						{
 2416              		.loc 1 2804 16 is_stmt 0 discriminator 3 view .LVU669
 2417 00b6 E26A     		ldr	r2, [r4, #44]
2804:Middlewares/Third_Party/FreeRTOS/Source/tasks.c **** 						{
 2418              		.loc 1 2804 44 discriminator 3 view .LVU670
 2419 00b8 114B     		ldr	r3, .L184+24
 2420 00ba 1B68     		ldr	r3, [r3]
 2421 00bc DB6A     		ldr	r3, [r3, #44]
2804:Middlewares/Third_Party/FreeRTOS/Source/tasks.c **** 						{
 2422              		.loc 1 2804 9 discriminator 3 view .LVU671
 2423 00be 9A42     		cmp	r2, r3
 2424 00c0 D2D2     		bcs	.L179
 2425 00c2 D2E7     		b	.L168
 2426              	.LVL200:
 2427              	.L178:
2804:Middlewares/Third_Party/FreeRTOS/Source/tasks.c **** 						{
 2428              		.loc 1 2804 9 discriminator 3 view .LVU672
 2429              	.LBE8:
2711:Middlewares/Third_Party/FreeRTOS/Source/tasks.c **** 
 2430              		.loc 1 2711 12 view .LVU673
 2431 00c4 0027     		movs	r7, #0
 2432 00c6 D0E7     		b	.L168
 2433              	.LVL201:
 2434              	.L182:
 2435              	.LBB9:
2751:Middlewares/Third_Party/FreeRTOS/Source/tasks.c **** 					break;
 2436              		.loc 1 2751 6 is_stmt 1 view .LVU674
2751:Middlewares/Third_Party/FreeRTOS/Source/tasks.c **** 					break;
 2437              		.loc 1 2751 27 is_stmt 0 view .LVU675
 2438 00c8 0C4B     		ldr	r3, .L184+20
 2439 00ca 0122     		movs	r2, #1
 2440 00cc 5242     		rsbs	r2, r2, #0
 2441 00ce 1A60     		str	r2, [r3]
2752:Middlewares/Third_Party/FreeRTOS/Source/tasks.c **** 				}
 2442              		.loc 1 2752 6 is_stmt 1 view .LVU676
 2443 00d0 B9E7     		b	.L169
 2444              	.LVL202:
 2445              	.L183:
ARM GAS  C:\Users\Asus\AppData\Local\Temp\cctip26G.s 			page 147


2770:Middlewares/Third_Party/FreeRTOS/Source/tasks.c **** 						break; /*lint !e9011 Code structure here is deedmed easier to understand with multiple breaks
 2446              		.loc 1 2770 7 view .LVU677
2770:Middlewares/Third_Party/FreeRTOS/Source/tasks.c **** 						break; /*lint !e9011 Code structure here is deedmed easier to understand with multiple breaks
 2447              		.loc 1 2770 28 is_stmt 0 view .LVU678
 2448 00d2 0A4A     		ldr	r2, .L184+20
 2449 00d4 1360     		str	r3, [r2]
2771:Middlewares/Third_Party/FreeRTOS/Source/tasks.c **** 					}
 2450              		.loc 1 2771 7 is_stmt 1 view .LVU679
 2451 00d6 B6E7     		b	.L169
 2452              	.LVL203:
 2453              	.L164:
2771:Middlewares/Third_Party/FreeRTOS/Source/tasks.c **** 					}
 2454              		.loc 1 2771 7 is_stmt 0 view .LVU680
 2455              	.LBE9:
2864:Middlewares/Third_Party/FreeRTOS/Source/tasks.c **** 
 2456              		.loc 1 2864 3 is_stmt 1 view .LVU681
 2457 00d8 0D4A     		ldr	r2, .L184+40
 2458 00da 1368     		ldr	r3, [r2]
 2459 00dc 0133     		adds	r3, r3, #1
 2460 00de 1360     		str	r3, [r2]
2711:Middlewares/Third_Party/FreeRTOS/Source/tasks.c **** 
 2461              		.loc 1 2711 12 is_stmt 0 view .LVU682
 2462 00e0 0027     		movs	r7, #0
 2463              	.LVL204:
 2464              	.L163:
2876:Middlewares/Third_Party/FreeRTOS/Source/tasks.c **** /*-----------------------------------------------------------*/
 2465              		.loc 1 2876 1 view .LVU683
 2466 00e2 3800     		movs	r0, r7
 2467              		@ sp needed
 2468 00e4 F8BD     		pop	{r3, r4, r5, r6, r7, pc}
 2469              	.L185:
 2470 00e6 C046     		.align	2
 2471              	.L184:
 2472 00e8 00000000 		.word	uxSchedulerSuspended
 2473 00ec 00000000 		.word	xTickCount
 2474 00f0 00000000 		.word	pxDelayedTaskList
 2475 00f4 00000000 		.word	pxOverflowDelayedTaskList
 2476 00f8 00000000 		.word	xNumOfOverflows
 2477 00fc 00000000 		.word	xNextTaskUnblockTime
 2478 0100 00000000 		.word	pxCurrentTCB
 2479 0104 00000000 		.word	pxReadyTasksLists
 2480 0108 00000000 		.word	xYieldPending
 2481 010c 00000000 		.word	uxTopReadyPriority
 2482 0110 00000000 		.word	xPendedTicks
 2483              		.cfi_endproc
 2484              	.LFE21:
 2486              		.section	.text.xTaskResumeAll,"ax",%progbits
 2487              		.align	1
 2488              		.global	xTaskResumeAll
 2489              		.syntax unified
 2490              		.code	16
 2491              		.thumb_func
 2493              	xTaskResumeAll:
 2494              	.LFB15:
2195:Middlewares/Third_Party/FreeRTOS/Source/tasks.c **** TCB_t *pxTCB = NULL;
 2495              		.loc 1 2195 1 is_stmt 1 view -0
 2496              		.cfi_startproc
ARM GAS  C:\Users\Asus\AppData\Local\Temp\cctip26G.s 			page 148


 2497              		@ args = 0, pretend = 0, frame = 0
 2498              		@ frame_needed = 0, uses_anonymous_args = 0
 2499 0000 70B5     		push	{r4, r5, r6, lr}
 2500              		.cfi_def_cfa_offset 16
 2501              		.cfi_offset 4, -16
 2502              		.cfi_offset 5, -12
 2503              		.cfi_offset 6, -8
 2504              		.cfi_offset 14, -4
2196:Middlewares/Third_Party/FreeRTOS/Source/tasks.c **** BaseType_t xAlreadyYielded = pdFALSE;
 2505              		.loc 1 2196 1 view .LVU685
 2506              	.LVL205:
2197:Middlewares/Third_Party/FreeRTOS/Source/tasks.c **** 
 2507              		.loc 1 2197 1 view .LVU686
2201:Middlewares/Third_Party/FreeRTOS/Source/tasks.c **** 
 2508              		.loc 1 2201 2 view .LVU687
 2509 0002 314B     		ldr	r3, .L202
 2510 0004 1B68     		ldr	r3, [r3]
 2511 0006 002B     		cmp	r3, #0
 2512 0008 01D1     		bne	.L187
2201:Middlewares/Third_Party/FreeRTOS/Source/tasks.c **** 
 2513              		.loc 1 2201 2 discriminator 1 view .LVU688
 2514              		.syntax divided
 2515              	@ 2201 "Middlewares/Third_Party/FreeRTOS/Source/tasks.c" 1
 2516 000a 72B6     		 cpsid i 
 2517              	@ 0 "" 2
 2518              		.thumb
 2519              		.syntax unified
 2520              	.L188:
2201:Middlewares/Third_Party/FreeRTOS/Source/tasks.c **** 
 2521              		.loc 1 2201 2 discriminator 1 view .LVU689
2201:Middlewares/Third_Party/FreeRTOS/Source/tasks.c **** 
 2522              		.loc 1 2201 2 discriminator 1 view .LVU690
 2523 000c FEE7     		b	.L188
 2524              	.L187:
2201:Middlewares/Third_Party/FreeRTOS/Source/tasks.c **** 
 2525              		.loc 1 2201 38 discriminator 2 view .LVU691
2208:Middlewares/Third_Party/FreeRTOS/Source/tasks.c **** 	{
 2526              		.loc 1 2208 2 discriminator 2 view .LVU692
 2527 000e FFF7FEFF 		bl	vPortEnterCritical
 2528              	.LVL206:
2210:Middlewares/Third_Party/FreeRTOS/Source/tasks.c **** 
 2529              		.loc 1 2210 3 discriminator 2 view .LVU693
 2530 0012 2D4B     		ldr	r3, .L202
 2531 0014 1A68     		ldr	r2, [r3]
 2532 0016 013A     		subs	r2, r2, #1
 2533 0018 1A60     		str	r2, [r3]
2212:Middlewares/Third_Party/FreeRTOS/Source/tasks.c **** 		{
 2534              		.loc 1 2212 3 discriminator 2 view .LVU694
2212:Middlewares/Third_Party/FreeRTOS/Source/tasks.c **** 		{
 2535              		.loc 1 2212 28 is_stmt 0 discriminator 2 view .LVU695
 2536 001a 1B68     		ldr	r3, [r3]
2212:Middlewares/Third_Party/FreeRTOS/Source/tasks.c **** 		{
 2537              		.loc 1 2212 5 discriminator 2 view .LVU696
 2538 001c 002B     		cmp	r3, #0
 2539 001e 4DD1     		bne	.L198
2214:Middlewares/Third_Party/FreeRTOS/Source/tasks.c **** 			{
 2540              		.loc 1 2214 4 is_stmt 1 view .LVU697
ARM GAS  C:\Users\Asus\AppData\Local\Temp\cctip26G.s 			page 149


2214:Middlewares/Third_Party/FreeRTOS/Source/tasks.c **** 			{
 2541              		.loc 1 2214 31 is_stmt 0 view .LVU698
 2542 0020 2A4B     		ldr	r3, .L202+4
 2543 0022 1B68     		ldr	r3, [r3]
2214:Middlewares/Third_Party/FreeRTOS/Source/tasks.c **** 			{
 2544              		.loc 1 2214 6 view .LVU699
 2545 0024 002B     		cmp	r3, #0
 2546 0026 01D1     		bne	.L199
2197:Middlewares/Third_Party/FreeRTOS/Source/tasks.c **** 
 2547              		.loc 1 2197 12 view .LVU700
 2548 0028 0024     		movs	r4, #0
 2549 002a 48E0     		b	.L189
 2550              	.L199:
2196:Middlewares/Third_Party/FreeRTOS/Source/tasks.c **** BaseType_t xAlreadyYielded = pdFALSE;
 2551              		.loc 1 2196 8 view .LVU701
 2552 002c 0024     		movs	r4, #0
 2553              	.LVL207:
 2554              	.L190:
2233:Middlewares/Third_Party/FreeRTOS/Source/tasks.c **** 					}
 2555              		.loc 1 2233 31 is_stmt 1 view .LVU702
2218:Middlewares/Third_Party/FreeRTOS/Source/tasks.c **** 				{
 2556              		.loc 1 2218 52 view .LVU703
2218:Middlewares/Third_Party/FreeRTOS/Source/tasks.c **** 				{
 2557              		.loc 1 2218 12 is_stmt 0 view .LVU704
 2558 002e 284B     		ldr	r3, .L202+8
 2559 0030 1B68     		ldr	r3, [r3]
2218:Middlewares/Third_Party/FreeRTOS/Source/tasks.c **** 				{
 2560              		.loc 1 2218 52 view .LVU705
 2561 0032 002B     		cmp	r3, #0
 2562 0034 23D0     		beq	.L200
2220:Middlewares/Third_Party/FreeRTOS/Source/tasks.c **** 					( void ) uxListRemove( &( pxTCB->xEventListItem ) );
 2563              		.loc 1 2220 6 is_stmt 1 view .LVU706
2220:Middlewares/Third_Party/FreeRTOS/Source/tasks.c **** 					( void ) uxListRemove( &( pxTCB->xEventListItem ) );
 2564              		.loc 1 2220 14 is_stmt 0 view .LVU707
 2565 0036 264B     		ldr	r3, .L202+8
 2566 0038 DB68     		ldr	r3, [r3, #12]
2220:Middlewares/Third_Party/FreeRTOS/Source/tasks.c **** 					( void ) uxListRemove( &( pxTCB->xEventListItem ) );
 2567              		.loc 1 2220 12 view .LVU708
 2568 003a DC68     		ldr	r4, [r3, #12]
 2569              	.LVL208:
2221:Middlewares/Third_Party/FreeRTOS/Source/tasks.c **** 					( void ) uxListRemove( &( pxTCB->xStateListItem ) );
 2570              		.loc 1 2221 6 is_stmt 1 view .LVU709
2221:Middlewares/Third_Party/FreeRTOS/Source/tasks.c **** 					( void ) uxListRemove( &( pxTCB->xStateListItem ) );
 2571              		.loc 1 2221 15 is_stmt 0 view .LVU710
 2572 003c 2000     		movs	r0, r4
 2573 003e 1830     		adds	r0, r0, #24
 2574 0040 FFF7FEFF 		bl	uxListRemove
 2575              	.LVL209:
2222:Middlewares/Third_Party/FreeRTOS/Source/tasks.c **** 					prvAddTaskToReadyList( pxTCB );
 2576              		.loc 1 2222 6 is_stmt 1 view .LVU711
2222:Middlewares/Third_Party/FreeRTOS/Source/tasks.c **** 					prvAddTaskToReadyList( pxTCB );
 2577              		.loc 1 2222 15 is_stmt 0 view .LVU712
 2578 0044 251D     		adds	r5, r4, #4
 2579 0046 2800     		movs	r0, r5
 2580 0048 FFF7FEFF 		bl	uxListRemove
 2581              	.LVL210:
2223:Middlewares/Third_Party/FreeRTOS/Source/tasks.c **** 
ARM GAS  C:\Users\Asus\AppData\Local\Temp\cctip26G.s 			page 150


 2582              		.loc 1 2223 6 is_stmt 1 view .LVU713
2223:Middlewares/Third_Party/FreeRTOS/Source/tasks.c **** 
 2583              		.loc 1 2223 6 view .LVU714
 2584 004c E36A     		ldr	r3, [r4, #44]
 2585 004e 214A     		ldr	r2, .L202+12
 2586 0050 1268     		ldr	r2, [r2]
 2587 0052 9342     		cmp	r3, r2
 2588 0054 01D9     		bls	.L191
2223:Middlewares/Third_Party/FreeRTOS/Source/tasks.c **** 
 2589              		.loc 1 2223 6 discriminator 1 view .LVU715
 2590 0056 1F4A     		ldr	r2, .L202+12
 2591 0058 1360     		str	r3, [r2]
 2592              	.L191:
2223:Middlewares/Third_Party/FreeRTOS/Source/tasks.c **** 
 2593              		.loc 1 2223 6 discriminator 3 view .LVU716
2223:Middlewares/Third_Party/FreeRTOS/Source/tasks.c **** 
 2594              		.loc 1 2223 6 discriminator 3 view .LVU717
 2595 005a 9800     		lsls	r0, r3, #2
 2596 005c C018     		adds	r0, r0, r3
 2597 005e 8000     		lsls	r0, r0, #2
 2598 0060 1D4B     		ldr	r3, .L202+16
 2599 0062 C018     		adds	r0, r0, r3
 2600 0064 2900     		movs	r1, r5
 2601 0066 FFF7FEFF 		bl	vListInsertEnd
 2602              	.LVL211:
2223:Middlewares/Third_Party/FreeRTOS/Source/tasks.c **** 
 2603              		.loc 1 2223 36 discriminator 3 view .LVU718
2227:Middlewares/Third_Party/FreeRTOS/Source/tasks.c **** 					{
 2604              		.loc 1 2227 6 discriminator 3 view .LVU719
2227:Middlewares/Third_Party/FreeRTOS/Source/tasks.c **** 					{
 2605              		.loc 1 2227 15 is_stmt 0 discriminator 3 view .LVU720
 2606 006a E26A     		ldr	r2, [r4, #44]
2227:Middlewares/Third_Party/FreeRTOS/Source/tasks.c **** 					{
 2607              		.loc 1 2227 43 discriminator 3 view .LVU721
 2608 006c 1B4B     		ldr	r3, .L202+20
 2609 006e 1B68     		ldr	r3, [r3]
 2610 0070 DB6A     		ldr	r3, [r3, #44]
2227:Middlewares/Third_Party/FreeRTOS/Source/tasks.c **** 					{
 2611              		.loc 1 2227 8 discriminator 3 view .LVU722
 2612 0072 9A42     		cmp	r2, r3
 2613 0074 DBD3     		bcc	.L190
2229:Middlewares/Third_Party/FreeRTOS/Source/tasks.c **** 					}
 2614              		.loc 1 2229 7 is_stmt 1 view .LVU723
2229:Middlewares/Third_Party/FreeRTOS/Source/tasks.c **** 					}
 2615              		.loc 1 2229 21 is_stmt 0 view .LVU724
 2616 0076 1A4B     		ldr	r3, .L202+24
 2617 0078 0122     		movs	r2, #1
 2618 007a 1A60     		str	r2, [r3]
 2619 007c D7E7     		b	.L190
 2620              	.L200:
2237:Middlewares/Third_Party/FreeRTOS/Source/tasks.c **** 				{
 2621              		.loc 1 2237 5 is_stmt 1 view .LVU725
2237:Middlewares/Third_Party/FreeRTOS/Source/tasks.c **** 				{
 2622              		.loc 1 2237 7 is_stmt 0 view .LVU726
 2623 007e 002C     		cmp	r4, #0
 2624 0080 01D0     		beq	.L194
2245:Middlewares/Third_Party/FreeRTOS/Source/tasks.c **** 				}
ARM GAS  C:\Users\Asus\AppData\Local\Temp\cctip26G.s 			page 151


 2625              		.loc 1 2245 6 is_stmt 1 view .LVU727
 2626 0082 FFF7FEFF 		bl	prvResetNextTaskUnblockTime
 2627              	.LVL212:
 2628              	.L194:
 2629              	.LBB10:
2253:Middlewares/Third_Party/FreeRTOS/Source/tasks.c **** 
 2630              		.loc 1 2253 6 view .LVU728
2253:Middlewares/Third_Party/FreeRTOS/Source/tasks.c **** 
 2631              		.loc 1 2253 17 is_stmt 0 view .LVU729
 2632 0086 174B     		ldr	r3, .L202+28
 2633 0088 1C68     		ldr	r4, [r3]
 2634              	.LVL213:
2255:Middlewares/Third_Party/FreeRTOS/Source/tasks.c **** 					{
 2635              		.loc 1 2255 6 is_stmt 1 view .LVU730
2255:Middlewares/Third_Party/FreeRTOS/Source/tasks.c **** 					{
 2636              		.loc 1 2255 8 is_stmt 0 view .LVU731
 2637 008a 002C     		cmp	r4, #0
 2638 008c 0AD1     		bne	.L197
 2639              	.L195:
2274:Middlewares/Third_Party/FreeRTOS/Source/tasks.c **** 					}
 2640              		.loc 1 2274 31 is_stmt 1 view .LVU732
 2641              	.LBE10:
2278:Middlewares/Third_Party/FreeRTOS/Source/tasks.c **** 				{
 2642              		.loc 1 2278 5 view .LVU733
2278:Middlewares/Third_Party/FreeRTOS/Source/tasks.c **** 				{
 2643              		.loc 1 2278 23 is_stmt 0 view .LVU734
 2644 008e 144B     		ldr	r3, .L202+24
 2645 0090 1C68     		ldr	r4, [r3]
 2646              	.LVL214:
2278:Middlewares/Third_Party/FreeRTOS/Source/tasks.c **** 				{
 2647              		.loc 1 2278 7 view .LVU735
 2648 0092 002C     		cmp	r4, #0
 2649 0094 13D0     		beq	.L189
2282:Middlewares/Third_Party/FreeRTOS/Source/tasks.c **** 					}
 2650              		.loc 1 2282 7 is_stmt 1 view .LVU736
 2651              	.LVL215:
2285:Middlewares/Third_Party/FreeRTOS/Source/tasks.c **** 				}
 2652              		.loc 1 2285 6 view .LVU737
 2653 0096 FFF7FEFF 		bl	vPortYield
 2654              	.LVL216:
2282:Middlewares/Third_Party/FreeRTOS/Source/tasks.c **** 					}
 2655              		.loc 1 2282 23 is_stmt 0 view .LVU738
 2656 009a 0124     		movs	r4, #1
 2657 009c 0FE0     		b	.L189
 2658              	.LVL217:
 2659              	.L196:
 2660              	.LBB11:
2265:Middlewares/Third_Party/FreeRTOS/Source/tasks.c **** 							}
 2661              		.loc 1 2265 33 is_stmt 1 view .LVU739
2267:Middlewares/Third_Party/FreeRTOS/Source/tasks.c **** 						} while( xPendedCounts > ( TickType_t ) 0U );
 2662              		.loc 1 2267 8 view .LVU740
 2663 009e 013C     		subs	r4, r4, #1
 2664              	.LVL218:
2268:Middlewares/Third_Party/FreeRTOS/Source/tasks.c **** 
 2665              		.loc 1 2268 30 view .LVU741
 2666 00a0 002C     		cmp	r4, #0
 2667 00a2 07D0     		beq	.L201
ARM GAS  C:\Users\Asus\AppData\Local\Temp\cctip26G.s 			page 152


 2668              	.L197:
2257:Middlewares/Third_Party/FreeRTOS/Source/tasks.c **** 						{
 2669              		.loc 1 2257 7 view .LVU742
2259:Middlewares/Third_Party/FreeRTOS/Source/tasks.c **** 							{
 2670              		.loc 1 2259 8 view .LVU743
2259:Middlewares/Third_Party/FreeRTOS/Source/tasks.c **** 							{
 2671              		.loc 1 2259 12 is_stmt 0 view .LVU744
 2672 00a4 FFF7FEFF 		bl	xTaskIncrementTick
 2673              	.LVL219:
2259:Middlewares/Third_Party/FreeRTOS/Source/tasks.c **** 							{
 2674              		.loc 1 2259 10 view .LVU745
 2675 00a8 0028     		cmp	r0, #0
 2676 00aa F8D0     		beq	.L196
2261:Middlewares/Third_Party/FreeRTOS/Source/tasks.c **** 							}
 2677              		.loc 1 2261 9 is_stmt 1 view .LVU746
2261:Middlewares/Third_Party/FreeRTOS/Source/tasks.c **** 							}
 2678              		.loc 1 2261 23 is_stmt 0 view .LVU747
 2679 00ac 0C4B     		ldr	r3, .L202+24
 2680 00ae 0122     		movs	r2, #1
 2681 00b0 1A60     		str	r2, [r3]
 2682 00b2 F4E7     		b	.L196
 2683              	.L201:
2270:Middlewares/Third_Party/FreeRTOS/Source/tasks.c **** 					}
 2684              		.loc 1 2270 7 is_stmt 1 view .LVU748
2270:Middlewares/Third_Party/FreeRTOS/Source/tasks.c **** 					}
 2685              		.loc 1 2270 20 is_stmt 0 view .LVU749
 2686 00b4 0B4B     		ldr	r3, .L202+28
 2687 00b6 0022     		movs	r2, #0
 2688 00b8 1A60     		str	r2, [r3]
 2689 00ba E8E7     		b	.L195
 2690              	.LVL220:
 2691              	.L198:
2270:Middlewares/Third_Party/FreeRTOS/Source/tasks.c **** 					}
 2692              		.loc 1 2270 20 view .LVU750
 2693              	.LBE11:
2197:Middlewares/Third_Party/FreeRTOS/Source/tasks.c **** 
 2694              		.loc 1 2197 12 view .LVU751
 2695 00bc 0024     		movs	r4, #0
 2696              	.LVL221:
 2697              	.L189:
2295:Middlewares/Third_Party/FreeRTOS/Source/tasks.c **** 		}
 2698              		.loc 1 2295 28 is_stmt 1 view .LVU752
2298:Middlewares/Third_Party/FreeRTOS/Source/tasks.c **** 
 2699              		.loc 1 2298 2 view .LVU753
 2700 00be FFF7FEFF 		bl	vPortExitCritical
 2701              	.LVL222:
2300:Middlewares/Third_Party/FreeRTOS/Source/tasks.c **** }
 2702              		.loc 1 2300 2 view .LVU754
2301:Middlewares/Third_Party/FreeRTOS/Source/tasks.c **** /*-----------------------------------------------------------*/
 2703              		.loc 1 2301 1 is_stmt 0 view .LVU755
 2704 00c2 2000     		movs	r0, r4
 2705              		@ sp needed
 2706              	.LVL223:
2301:Middlewares/Third_Party/FreeRTOS/Source/tasks.c **** /*-----------------------------------------------------------*/
 2707              		.loc 1 2301 1 view .LVU756
 2708 00c4 70BD     		pop	{r4, r5, r6, pc}
 2709              	.L203:
ARM GAS  C:\Users\Asus\AppData\Local\Temp\cctip26G.s 			page 153


 2710 00c6 C046     		.align	2
 2711              	.L202:
 2712 00c8 00000000 		.word	uxSchedulerSuspended
 2713 00cc 00000000 		.word	uxCurrentNumberOfTasks
 2714 00d0 00000000 		.word	xPendingReadyList
 2715 00d4 00000000 		.word	uxTopReadyPriority
 2716 00d8 00000000 		.word	pxReadyTasksLists
 2717 00dc 00000000 		.word	pxCurrentTCB
 2718 00e0 00000000 		.word	xYieldPending
 2719 00e4 00000000 		.word	xPendedTicks
 2720              		.cfi_endproc
 2721              	.LFE15:
 2723              		.section	.text.vTaskDelay,"ax",%progbits
 2724              		.align	1
 2725              		.global	vTaskDelay
 2726              		.syntax unified
 2727              		.code	16
 2728              		.thumb_func
 2730              	vTaskDelay:
 2731              	.LVL224:
 2732              	.LFB4:
1342:Middlewares/Third_Party/FreeRTOS/Source/tasks.c **** 	BaseType_t xAlreadyYielded = pdFALSE;
 2733              		.loc 1 1342 2 is_stmt 1 view -0
 2734              		.cfi_startproc
 2735              		@ args = 0, pretend = 0, frame = 0
 2736              		@ frame_needed = 0, uses_anonymous_args = 0
1342:Middlewares/Third_Party/FreeRTOS/Source/tasks.c **** 	BaseType_t xAlreadyYielded = pdFALSE;
 2737              		.loc 1 1342 2 is_stmt 0 view .LVU758
 2738 0000 10B5     		push	{r4, lr}
 2739              		.cfi_def_cfa_offset 8
 2740              		.cfi_offset 4, -8
 2741              		.cfi_offset 14, -4
 2742 0002 041E     		subs	r4, r0, #0
1343:Middlewares/Third_Party/FreeRTOS/Source/tasks.c **** 
 2743              		.loc 1 1343 2 is_stmt 1 view .LVU759
 2744              	.LVL225:
1346:Middlewares/Third_Party/FreeRTOS/Source/tasks.c **** 		{
 2745              		.loc 1 1346 3 view .LVU760
1346:Middlewares/Third_Party/FreeRTOS/Source/tasks.c **** 		{
 2746              		.loc 1 1346 5 is_stmt 0 view .LVU761
 2747 0004 0FD0     		beq	.L205
1348:Middlewares/Third_Party/FreeRTOS/Source/tasks.c **** 			vTaskSuspendAll();
 2748              		.loc 1 1348 4 is_stmt 1 view .LVU762
 2749 0006 094B     		ldr	r3, .L209
 2750 0008 1B68     		ldr	r3, [r3]
 2751 000a 002B     		cmp	r3, #0
 2752 000c 01D0     		beq	.L206
1348:Middlewares/Third_Party/FreeRTOS/Source/tasks.c **** 			vTaskSuspendAll();
 2753              		.loc 1 1348 4 discriminator 1 view .LVU763
 2754              		.syntax divided
 2755              	@ 1348 "Middlewares/Third_Party/FreeRTOS/Source/tasks.c" 1
 2756 000e 72B6     		 cpsid i 
 2757              	@ 0 "" 2
 2758              		.thumb
 2759              		.syntax unified
 2760              	.L207:
1348:Middlewares/Third_Party/FreeRTOS/Source/tasks.c **** 			vTaskSuspendAll();
ARM GAS  C:\Users\Asus\AppData\Local\Temp\cctip26G.s 			page 154


 2761              		.loc 1 1348 4 discriminator 1 view .LVU764
1348:Middlewares/Third_Party/FreeRTOS/Source/tasks.c **** 			vTaskSuspendAll();
 2762              		.loc 1 1348 4 discriminator 1 view .LVU765
 2763 0010 FEE7     		b	.L207
 2764              	.L206:
1348:Middlewares/Third_Party/FreeRTOS/Source/tasks.c **** 			vTaskSuspendAll();
 2765              		.loc 1 1348 45 discriminator 2 view .LVU766
1349:Middlewares/Third_Party/FreeRTOS/Source/tasks.c **** 			{
 2766              		.loc 1 1349 4 discriminator 2 view .LVU767
 2767 0012 FFF7FEFF 		bl	vTaskSuspendAll
 2768              	.LVL226:
1351:Middlewares/Third_Party/FreeRTOS/Source/tasks.c **** 
 2769              		.loc 1 1351 22 discriminator 2 view .LVU768
1360:Middlewares/Third_Party/FreeRTOS/Source/tasks.c **** 			}
 2770              		.loc 1 1360 5 discriminator 2 view .LVU769
 2771 0016 0021     		movs	r1, #0
 2772 0018 2000     		movs	r0, r4
 2773 001a FFF7FEFF 		bl	prvAddCurrentTaskToDelayedList
 2774              	.LVL227:
1362:Middlewares/Third_Party/FreeRTOS/Source/tasks.c **** 		}
 2775              		.loc 1 1362 4 discriminator 2 view .LVU770
1362:Middlewares/Third_Party/FreeRTOS/Source/tasks.c **** 		}
 2776              		.loc 1 1362 22 is_stmt 0 discriminator 2 view .LVU771
 2777 001e FFF7FEFF 		bl	xTaskResumeAll
 2778              	.LVL228:
1366:Middlewares/Third_Party/FreeRTOS/Source/tasks.c **** 		}
 2779              		.loc 1 1366 28 is_stmt 1 discriminator 2 view .LVU772
1371:Middlewares/Third_Party/FreeRTOS/Source/tasks.c **** 		{
 2780              		.loc 1 1371 3 discriminator 2 view .LVU773
1371:Middlewares/Third_Party/FreeRTOS/Source/tasks.c **** 		{
 2781              		.loc 1 1371 5 is_stmt 0 discriminator 2 view .LVU774
 2782 0022 0028     		cmp	r0, #0
 2783 0024 01D1     		bne	.L204
 2784              	.LVL229:
 2785              	.L205:
1373:Middlewares/Third_Party/FreeRTOS/Source/tasks.c **** 		}
 2786              		.loc 1 1373 4 is_stmt 1 view .LVU775
 2787 0026 FFF7FEFF 		bl	vPortYield
 2788              	.LVL230:
1377:Middlewares/Third_Party/FreeRTOS/Source/tasks.c **** 		}
 2789              		.loc 1 1377 28 view .LVU776
 2790              	.L204:
1379:Middlewares/Third_Party/FreeRTOS/Source/tasks.c **** 
 2791              		.loc 1 1379 2 is_stmt 0 view .LVU777
 2792              		@ sp needed
 2793              	.LVL231:
1379:Middlewares/Third_Party/FreeRTOS/Source/tasks.c **** 
 2794              		.loc 1 1379 2 view .LVU778
 2795 002a 10BD     		pop	{r4, pc}
 2796              	.L210:
 2797              		.align	2
 2798              	.L209:
 2799 002c 00000000 		.word	uxSchedulerSuspended
 2800              		.cfi_endproc
 2801              	.LFE4:
 2803              		.section	.text.xTaskCatchUpTicks,"ax",%progbits
 2804              		.align	1
ARM GAS  C:\Users\Asus\AppData\Local\Temp\cctip26G.s 			page 155


 2805              		.global	xTaskCatchUpTicks
 2806              		.syntax unified
 2807              		.code	16
 2808              		.thumb_func
 2810              	xTaskCatchUpTicks:
 2811              	.LVL232:
 2812              	.LFB20:
2610:Middlewares/Third_Party/FreeRTOS/Source/tasks.c **** BaseType_t xYieldRequired = pdFALSE;
 2813              		.loc 1 2610 1 is_stmt 1 view -0
 2814              		.cfi_startproc
 2815              		@ args = 0, pretend = 0, frame = 0
 2816              		@ frame_needed = 0, uses_anonymous_args = 0
2610:Middlewares/Third_Party/FreeRTOS/Source/tasks.c **** BaseType_t xYieldRequired = pdFALSE;
 2817              		.loc 1 2610 1 is_stmt 0 view .LVU780
 2818 0000 10B5     		push	{r4, lr}
 2819              		.cfi_def_cfa_offset 8
 2820              		.cfi_offset 4, -8
 2821              		.cfi_offset 14, -4
 2822 0002 0400     		movs	r4, r0
2611:Middlewares/Third_Party/FreeRTOS/Source/tasks.c **** 
 2823              		.loc 1 2611 1 is_stmt 1 view .LVU781
 2824              	.LVL233:
2615:Middlewares/Third_Party/FreeRTOS/Source/tasks.c **** 
 2825              		.loc 1 2615 2 view .LVU782
 2826 0004 074B     		ldr	r3, .L214
 2827 0006 1B68     		ldr	r3, [r3]
 2828 0008 002B     		cmp	r3, #0
 2829 000a 01D0     		beq	.L212
2615:Middlewares/Third_Party/FreeRTOS/Source/tasks.c **** 
 2830              		.loc 1 2615 2 discriminator 1 view .LVU783
 2831              		.syntax divided
 2832              	@ 2615 "Middlewares/Third_Party/FreeRTOS/Source/tasks.c" 1
 2833 000c 72B6     		 cpsid i 
 2834              	@ 0 "" 2
 2835              		.thumb
 2836              		.syntax unified
 2837              	.L213:
2615:Middlewares/Third_Party/FreeRTOS/Source/tasks.c **** 
 2838              		.loc 1 2615 2 discriminator 1 view .LVU784
2615:Middlewares/Third_Party/FreeRTOS/Source/tasks.c **** 
 2839              		.loc 1 2615 2 discriminator 1 view .LVU785
 2840 000e FEE7     		b	.L213
 2841              	.L212:
2615:Middlewares/Third_Party/FreeRTOS/Source/tasks.c **** 
 2842              		.loc 1 2615 43 discriminator 2 view .LVU786
2619:Middlewares/Third_Party/FreeRTOS/Source/tasks.c **** 	xPendedTicks += xTicksToCatchUp;
 2843              		.loc 1 2619 2 discriminator 2 view .LVU787
 2844 0010 FFF7FEFF 		bl	vTaskSuspendAll
 2845              	.LVL234:
2620:Middlewares/Third_Party/FreeRTOS/Source/tasks.c **** 	xYieldRequired = xTaskResumeAll();
 2846              		.loc 1 2620 2 discriminator 2 view .LVU788
2620:Middlewares/Third_Party/FreeRTOS/Source/tasks.c **** 	xYieldRequired = xTaskResumeAll();
 2847              		.loc 1 2620 15 is_stmt 0 discriminator 2 view .LVU789
 2848 0014 044A     		ldr	r2, .L214+4
 2849 0016 1368     		ldr	r3, [r2]
 2850 0018 1B19     		adds	r3, r3, r4
 2851 001a 1360     		str	r3, [r2]
ARM GAS  C:\Users\Asus\AppData\Local\Temp\cctip26G.s 			page 156


2621:Middlewares/Third_Party/FreeRTOS/Source/tasks.c **** 
 2852              		.loc 1 2621 2 is_stmt 1 discriminator 2 view .LVU790
2621:Middlewares/Third_Party/FreeRTOS/Source/tasks.c **** 
 2853              		.loc 1 2621 19 is_stmt 0 discriminator 2 view .LVU791
 2854 001c FFF7FEFF 		bl	xTaskResumeAll
 2855              	.LVL235:
2623:Middlewares/Third_Party/FreeRTOS/Source/tasks.c **** }
 2856              		.loc 1 2623 2 is_stmt 1 discriminator 2 view .LVU792
2624:Middlewares/Third_Party/FreeRTOS/Source/tasks.c **** /*----------------------------------------------------------*/
 2857              		.loc 1 2624 1 is_stmt 0 discriminator 2 view .LVU793
 2858              		@ sp needed
 2859              	.LVL236:
2624:Middlewares/Third_Party/FreeRTOS/Source/tasks.c **** /*----------------------------------------------------------*/
 2860              		.loc 1 2624 1 discriminator 2 view .LVU794
 2861 0020 10BD     		pop	{r4, pc}
 2862              	.L215:
 2863 0022 C046     		.align	2
 2864              	.L214:
 2865 0024 00000000 		.word	uxSchedulerSuspended
 2866 0028 00000000 		.word	xPendedTicks
 2867              		.cfi_endproc
 2868              	.LFE20:
 2870              		.section	.text.vTaskSwitchContext,"ax",%progbits
 2871              		.align	1
 2872              		.global	vTaskSwitchContext
 2873              		.syntax unified
 2874              		.code	16
 2875              		.thumb_func
 2877              	vTaskSwitchContext:
 2878              	.LFB22:
2990:Middlewares/Third_Party/FreeRTOS/Source/tasks.c **** 	if( uxSchedulerSuspended != ( UBaseType_t ) pdFALSE )
 2879              		.loc 1 2990 1 is_stmt 1 view -0
 2880              		.cfi_startproc
 2881              		@ args = 0, pretend = 0, frame = 0
 2882              		@ frame_needed = 0, uses_anonymous_args = 0
 2883 0000 10B5     		push	{r4, lr}
 2884              		.cfi_def_cfa_offset 8
 2885              		.cfi_offset 4, -8
 2886              		.cfi_offset 14, -4
2991:Middlewares/Third_Party/FreeRTOS/Source/tasks.c **** 	{
 2887              		.loc 1 2991 2 view .LVU796
2991:Middlewares/Third_Party/FreeRTOS/Source/tasks.c **** 	{
 2888              		.loc 1 2991 27 is_stmt 0 view .LVU797
 2889 0002 204B     		ldr	r3, .L227
 2890 0004 1B68     		ldr	r3, [r3]
2991:Middlewares/Third_Party/FreeRTOS/Source/tasks.c **** 	{
 2891              		.loc 1 2991 4 view .LVU798
 2892 0006 002B     		cmp	r3, #0
 2893 0008 03D0     		beq	.L217
2995:Middlewares/Third_Party/FreeRTOS/Source/tasks.c **** 	}
 2894              		.loc 1 2995 3 is_stmt 1 view .LVU799
2995:Middlewares/Third_Party/FreeRTOS/Source/tasks.c **** 	}
 2895              		.loc 1 2995 17 is_stmt 0 view .LVU800
 2896 000a 1F4B     		ldr	r3, .L227+4
 2897 000c 0122     		movs	r2, #1
 2898 000e 1A60     		str	r2, [r3]
 2899              	.L216:
ARM GAS  C:\Users\Asus\AppData\Local\Temp\cctip26G.s 			page 157


3061:Middlewares/Third_Party/FreeRTOS/Source/tasks.c **** /*-----------------------------------------------------------*/
 2900              		.loc 1 3061 1 view .LVU801
 2901              		@ sp needed
 2902 0010 10BD     		pop	{r4, pc}
 2903              	.L217:
2999:Middlewares/Third_Party/FreeRTOS/Source/tasks.c **** 		traceTASK_SWITCHED_OUT();
 2904              		.loc 1 2999 3 is_stmt 1 view .LVU802
2999:Middlewares/Third_Party/FreeRTOS/Source/tasks.c **** 		traceTASK_SWITCHED_OUT();
 2905              		.loc 1 2999 17 is_stmt 0 view .LVU803
 2906 0012 1D4B     		ldr	r3, .L227+4
 2907 0014 0022     		movs	r2, #0
 2908 0016 1A60     		str	r2, [r3]
3000:Middlewares/Third_Party/FreeRTOS/Source/tasks.c **** 
 2909              		.loc 1 3000 27 is_stmt 1 view .LVU804
3030:Middlewares/Third_Party/FreeRTOS/Source/tasks.c **** 
 2910              		.loc 1 3030 33 view .LVU805
 2911              	.LBB12:
3041:Middlewares/Third_Party/FreeRTOS/Source/tasks.c **** 		traceTASK_SWITCHED_IN();
 2912              		.loc 1 3041 3 view .LVU806
 2913 0018 1C4B     		ldr	r3, .L227+8
 2914 001a 1B68     		ldr	r3, [r3]
 2915              	.LVL237:
3041:Middlewares/Third_Party/FreeRTOS/Source/tasks.c **** 		traceTASK_SWITCHED_IN();
 2916              		.loc 1 3041 3 view .LVU807
 2917              	.L219:
3041:Middlewares/Third_Party/FreeRTOS/Source/tasks.c **** 		traceTASK_SWITCHED_IN();
 2918              		.loc 1 3041 3 discriminator 5 view .LVU808
 2919 001c 1C49     		ldr	r1, .L227+12
 2920 001e 9A00     		lsls	r2, r3, #2
 2921 0020 D218     		adds	r2, r2, r3
 2922 0022 9000     		lsls	r0, r2, #2
 2923 0024 4258     		ldr	r2, [r0, r1]
 2924 0026 002A     		cmp	r2, #0
 2925 0028 05D1     		bne	.L224
3041:Middlewares/Third_Party/FreeRTOS/Source/tasks.c **** 		traceTASK_SWITCHED_IN();
 2926              		.loc 1 3041 3 discriminator 6 view .LVU809
 2927 002a 002B     		cmp	r3, #0
 2928 002c 01D0     		beq	.L225
3041:Middlewares/Third_Party/FreeRTOS/Source/tasks.c **** 		traceTASK_SWITCHED_IN();
 2929              		.loc 1 3041 3 discriminator 3 view .LVU810
3041:Middlewares/Third_Party/FreeRTOS/Source/tasks.c **** 		traceTASK_SWITCHED_IN();
 2930              		.loc 1 3041 3 discriminator 3 view .LVU811
 2931 002e 013B     		subs	r3, r3, #1
 2932              	.LVL238:
3041:Middlewares/Third_Party/FreeRTOS/Source/tasks.c **** 		traceTASK_SWITCHED_IN();
 2933              		.loc 1 3041 3 is_stmt 0 discriminator 3 view .LVU812
 2934 0030 F4E7     		b	.L219
 2935              	.L225:
3041:Middlewares/Third_Party/FreeRTOS/Source/tasks.c **** 		traceTASK_SWITCHED_IN();
 2936              		.loc 1 3041 3 is_stmt 1 discriminator 2 view .LVU813
 2937              		.syntax divided
 2938              	@ 3041 "Middlewares/Third_Party/FreeRTOS/Source/tasks.c" 1
 2939 0032 72B6     		 cpsid i 
 2940              	@ 0 "" 2
 2941              		.thumb
 2942              		.syntax unified
 2943              	.L221:
ARM GAS  C:\Users\Asus\AppData\Local\Temp\cctip26G.s 			page 158


3041:Middlewares/Third_Party/FreeRTOS/Source/tasks.c **** 		traceTASK_SWITCHED_IN();
 2944              		.loc 1 3041 3 discriminator 1 view .LVU814
3041:Middlewares/Third_Party/FreeRTOS/Source/tasks.c **** 		traceTASK_SWITCHED_IN();
 2945              		.loc 1 3041 3 discriminator 1 view .LVU815
 2946 0034 FEE7     		b	.L221
 2947              	.L224:
 2948              	.LBB13:
3041:Middlewares/Third_Party/FreeRTOS/Source/tasks.c **** 		traceTASK_SWITCHED_IN();
 2949              		.loc 1 3041 3 discriminator 7 view .LVU816
 2950              	.LVL239:
3041:Middlewares/Third_Party/FreeRTOS/Source/tasks.c **** 		traceTASK_SWITCHED_IN();
 2951              		.loc 1 3041 3 discriminator 7 view .LVU817
 2952 0036 0800     		movs	r0, r1
 2953 0038 9900     		lsls	r1, r3, #2
 2954 003a CC18     		adds	r4, r1, r3
 2955 003c A200     		lsls	r2, r4, #2
 2956 003e 8218     		adds	r2, r0, r2
 2957 0040 5468     		ldr	r4, [r2, #4]
 2958 0042 6468     		ldr	r4, [r4, #4]
 2959 0044 5460     		str	r4, [r2, #4]
3041:Middlewares/Third_Party/FreeRTOS/Source/tasks.c **** 		traceTASK_SWITCHED_IN();
 2960              		.loc 1 3041 3 discriminator 7 view .LVU818
 2961 0046 C918     		adds	r1, r1, r3
 2962 0048 8A00     		lsls	r2, r1, #2
 2963 004a 0832     		adds	r2, r2, #8
 2964 004c 1218     		adds	r2, r2, r0
 2965 004e 9442     		cmp	r4, r2
 2966 0050 0FD0     		beq	.L226
 2967              	.L223:
3041:Middlewares/Third_Party/FreeRTOS/Source/tasks.c **** 		traceTASK_SWITCHED_IN();
 2968              		.loc 1 3041 3 discriminator 10 view .LVU819
 2969 0052 0F4A     		ldr	r2, .L227+12
 2970 0054 9900     		lsls	r1, r3, #2
 2971 0056 C918     		adds	r1, r1, r3
 2972 0058 8800     		lsls	r0, r1, #2
 2973 005a 1218     		adds	r2, r2, r0
 2974 005c 5268     		ldr	r2, [r2, #4]
 2975 005e D168     		ldr	r1, [r2, #12]
 2976 0060 0C4A     		ldr	r2, .L227+16
 2977 0062 1160     		str	r1, [r2]
 2978              	.LBE13:
3041:Middlewares/Third_Party/FreeRTOS/Source/tasks.c **** 		traceTASK_SWITCHED_IN();
 2979              		.loc 1 3041 3 discriminator 10 view .LVU820
3041:Middlewares/Third_Party/FreeRTOS/Source/tasks.c **** 		traceTASK_SWITCHED_IN();
 2980              		.loc 1 3041 3 discriminator 10 view .LVU821
 2981 0064 0949     		ldr	r1, .L227+8
 2982 0066 0B60     		str	r3, [r1]
 2983              	.LBE12:
3041:Middlewares/Third_Party/FreeRTOS/Source/tasks.c **** 		traceTASK_SWITCHED_IN();
 2984              		.loc 1 3041 37 discriminator 10 view .LVU822
3042:Middlewares/Third_Party/FreeRTOS/Source/tasks.c **** 
 2985              		.loc 1 3042 26 discriminator 10 view .LVU823
3057:Middlewares/Third_Party/FreeRTOS/Source/tasks.c **** 		}
 2986              		.loc 1 3057 4 discriminator 10 view .LVU824
3057:Middlewares/Third_Party/FreeRTOS/Source/tasks.c **** 		}
 2987              		.loc 1 3057 33 is_stmt 0 discriminator 10 view .LVU825
 2988 0068 1368     		ldr	r3, [r2]
ARM GAS  C:\Users\Asus\AppData\Local\Temp\cctip26G.s 			page 159


 2989              	.LVL240:
3057:Middlewares/Third_Party/FreeRTOS/Source/tasks.c **** 		}
 2990              		.loc 1 3057 18 discriminator 10 view .LVU826
 2991 006a 5033     		adds	r3, r3, #80
3057:Middlewares/Third_Party/FreeRTOS/Source/tasks.c **** 		}
 2992              		.loc 1 3057 16 discriminator 10 view .LVU827
 2993 006c 0A4A     		ldr	r2, .L227+20
 2994 006e 1360     		str	r3, [r2]
3061:Middlewares/Third_Party/FreeRTOS/Source/tasks.c **** /*-----------------------------------------------------------*/
 2995              		.loc 1 3061 1 discriminator 10 view .LVU828
 2996 0070 CEE7     		b	.L216
 2997              	.LVL241:
 2998              	.L226:
 2999              	.LBB15:
 3000              	.LBB14:
3041:Middlewares/Third_Party/FreeRTOS/Source/tasks.c **** 		traceTASK_SWITCHED_IN();
 3001              		.loc 1 3041 3 is_stmt 1 discriminator 8 view .LVU829
 3002 0072 6468     		ldr	r4, [r4, #4]
 3003 0074 0200     		movs	r2, r0
 3004 0076 9900     		lsls	r1, r3, #2
 3005 0078 C918     		adds	r1, r1, r3
 3006 007a 8800     		lsls	r0, r1, #2
 3007 007c 1218     		adds	r2, r2, r0
 3008 007e 5460     		str	r4, [r2, #4]
 3009 0080 E7E7     		b	.L223
 3010              	.L228:
 3011 0082 C046     		.align	2
 3012              	.L227:
 3013 0084 00000000 		.word	uxSchedulerSuspended
 3014 0088 00000000 		.word	xYieldPending
 3015 008c 00000000 		.word	uxTopReadyPriority
 3016 0090 00000000 		.word	pxReadyTasksLists
 3017 0094 00000000 		.word	pxCurrentTCB
 3018 0098 00000000 		.word	_impure_ptr
 3019              	.LBE14:
 3020              	.LBE15:
 3021              		.cfi_endproc
 3022              	.LFE22:
 3024              		.section	.text.vTaskSuspend,"ax",%progbits
 3025              		.align	1
 3026              		.global	vTaskSuspend
 3027              		.syntax unified
 3028              		.code	16
 3029              		.thumb_func
 3031              	vTaskSuspend:
 3032              	.LVL242:
 3033              	.LFB8:
1705:Middlewares/Third_Party/FreeRTOS/Source/tasks.c **** 	TCB_t *pxTCB;
 3034              		.loc 1 1705 2 view -0
 3035              		.cfi_startproc
 3036              		@ args = 0, pretend = 0, frame = 0
 3037              		@ frame_needed = 0, uses_anonymous_args = 0
1705:Middlewares/Third_Party/FreeRTOS/Source/tasks.c **** 	TCB_t *pxTCB;
 3038              		.loc 1 1705 2 is_stmt 0 view .LVU831
 3039 0000 70B5     		push	{r4, r5, r6, lr}
 3040              		.cfi_def_cfa_offset 16
 3041              		.cfi_offset 4, -16
ARM GAS  C:\Users\Asus\AppData\Local\Temp\cctip26G.s 			page 160


 3042              		.cfi_offset 5, -12
 3043              		.cfi_offset 6, -8
 3044              		.cfi_offset 14, -4
 3045 0002 0400     		movs	r4, r0
1706:Middlewares/Third_Party/FreeRTOS/Source/tasks.c **** 
 3046              		.loc 1 1706 2 is_stmt 1 view .LVU832
1708:Middlewares/Third_Party/FreeRTOS/Source/tasks.c **** 		{
 3047              		.loc 1 1708 3 view .LVU833
 3048 0004 FFF7FEFF 		bl	vPortEnterCritical
 3049              	.LVL243:
1712:Middlewares/Third_Party/FreeRTOS/Source/tasks.c **** 
 3050              		.loc 1 1712 4 view .LVU834
1712:Middlewares/Third_Party/FreeRTOS/Source/tasks.c **** 
 3051              		.loc 1 1712 12 is_stmt 0 view .LVU835
 3052 0008 002C     		cmp	r4, #0
 3053 000a 1ED0     		beq	.L239
 3054              	.LVL244:
 3055              	.L230:
1714:Middlewares/Third_Party/FreeRTOS/Source/tasks.c **** 
 3056              		.loc 1 1714 30 is_stmt 1 discriminator 4 view .LVU836
1718:Middlewares/Third_Party/FreeRTOS/Source/tasks.c **** 			{
 3057              		.loc 1 1718 4 discriminator 4 view .LVU837
1718:Middlewares/Third_Party/FreeRTOS/Source/tasks.c **** 			{
 3058              		.loc 1 1718 8 is_stmt 0 discriminator 4 view .LVU838
 3059 000c 251D     		adds	r5, r4, #4
 3060 000e 2800     		movs	r0, r5
 3061 0010 FFF7FEFF 		bl	uxListRemove
 3062              	.LVL245:
1724:Middlewares/Third_Party/FreeRTOS/Source/tasks.c **** 			}
 3063              		.loc 1 1724 29 is_stmt 1 discriminator 4 view .LVU839
1728:Middlewares/Third_Party/FreeRTOS/Source/tasks.c **** 			{
 3064              		.loc 1 1728 4 discriminator 4 view .LVU840
1728:Middlewares/Third_Party/FreeRTOS/Source/tasks.c **** 			{
 3065              		.loc 1 1728 8 is_stmt 0 discriminator 4 view .LVU841
 3066 0014 A36A     		ldr	r3, [r4, #40]
1728:Middlewares/Third_Party/FreeRTOS/Source/tasks.c **** 			{
 3067              		.loc 1 1728 6 discriminator 4 view .LVU842
 3068 0016 002B     		cmp	r3, #0
 3069 0018 03D0     		beq	.L231
1730:Middlewares/Third_Party/FreeRTOS/Source/tasks.c **** 			}
 3070              		.loc 1 1730 5 is_stmt 1 view .LVU843
1730:Middlewares/Third_Party/FreeRTOS/Source/tasks.c **** 			}
 3071              		.loc 1 1730 14 is_stmt 0 view .LVU844
 3072 001a 2000     		movs	r0, r4
 3073 001c 1830     		adds	r0, r0, #24
 3074 001e FFF7FEFF 		bl	uxListRemove
 3075              	.LVL246:
 3076              	.L231:
1734:Middlewares/Third_Party/FreeRTOS/Source/tasks.c **** 			}
 3077              		.loc 1 1734 29 is_stmt 1 view .LVU845
1737:Middlewares/Third_Party/FreeRTOS/Source/tasks.c **** 
 3078              		.loc 1 1737 4 view .LVU846
 3079 0022 1E48     		ldr	r0, .L243
 3080 0024 2900     		movs	r1, r5
 3081 0026 FFF7FEFF 		bl	vListInsertEnd
 3082              	.LVL247:
1741:Middlewares/Third_Party/FreeRTOS/Source/tasks.c **** 				{
ARM GAS  C:\Users\Asus\AppData\Local\Temp\cctip26G.s 			page 161


 3083              		.loc 1 1741 5 view .LVU847
1741:Middlewares/Third_Party/FreeRTOS/Source/tasks.c **** 				{
 3084              		.loc 1 1741 14 is_stmt 0 view .LVU848
 3085 002a BA23     		movs	r3, #186
 3086 002c 5B00     		lsls	r3, r3, #1
 3087 002e E35C     		ldrb	r3, [r4, r3]
1741:Middlewares/Third_Party/FreeRTOS/Source/tasks.c **** 				{
 3088              		.loc 1 1741 7 view .LVU849
 3089 0030 012B     		cmp	r3, #1
 3090 0032 0DD0     		beq	.L240
 3091              	.L232:
1750:Middlewares/Third_Party/FreeRTOS/Source/tasks.c **** 
 3092              		.loc 1 1750 3 is_stmt 1 view .LVU850
 3093 0034 FFF7FEFF 		bl	vPortExitCritical
 3094              	.LVL248:
1752:Middlewares/Third_Party/FreeRTOS/Source/tasks.c **** 		{
 3095              		.loc 1 1752 3 view .LVU851
1752:Middlewares/Third_Party/FreeRTOS/Source/tasks.c **** 		{
 3096              		.loc 1 1752 25 is_stmt 0 view .LVU852
 3097 0038 194B     		ldr	r3, .L243+4
 3098 003a 1B68     		ldr	r3, [r3]
1752:Middlewares/Third_Party/FreeRTOS/Source/tasks.c **** 		{
 3099              		.loc 1 1752 5 view .LVU853
 3100 003c 002B     		cmp	r3, #0
 3101 003e 0CD1     		bne	.L241
 3102              	.L233:
1764:Middlewares/Third_Party/FreeRTOS/Source/tasks.c **** 		}
 3103              		.loc 1 1764 28 is_stmt 1 view .LVU854
1767:Middlewares/Third_Party/FreeRTOS/Source/tasks.c **** 		{
 3104              		.loc 1 1767 3 view .LVU855
1767:Middlewares/Third_Party/FreeRTOS/Source/tasks.c **** 		{
 3105              		.loc 1 1767 13 is_stmt 0 view .LVU856
 3106 0040 184B     		ldr	r3, .L243+8
 3107 0042 1B68     		ldr	r3, [r3]
1767:Middlewares/Third_Party/FreeRTOS/Source/tasks.c **** 		{
 3108              		.loc 1 1767 5 view .LVU857
 3109 0044 A342     		cmp	r3, r4
 3110 0046 0FD0     		beq	.L242
 3111              	.L229:
1798:Middlewares/Third_Party/FreeRTOS/Source/tasks.c **** 
 3112              		.loc 1 1798 2 view .LVU858
 3113              		@ sp needed
 3114              	.LVL249:
 3115              	.LVL250:
1798:Middlewares/Third_Party/FreeRTOS/Source/tasks.c **** 
 3116              		.loc 1 1798 2 view .LVU859
 3117 0048 70BD     		pop	{r4, r5, r6, pc}
 3118              	.LVL251:
 3119              	.L239:
1712:Middlewares/Third_Party/FreeRTOS/Source/tasks.c **** 
 3120              		.loc 1 1712 12 discriminator 1 view .LVU860
 3121 004a 164B     		ldr	r3, .L243+8
 3122 004c 1C68     		ldr	r4, [r3]
 3123              	.LVL252:
1712:Middlewares/Third_Party/FreeRTOS/Source/tasks.c **** 
 3124              		.loc 1 1712 12 discriminator 1 view .LVU861
 3125 004e DDE7     		b	.L230
ARM GAS  C:\Users\Asus\AppData\Local\Temp\cctip26G.s 			page 162


 3126              	.LVL253:
 3127              	.L240:
1745:Middlewares/Third_Party/FreeRTOS/Source/tasks.c **** 				}
 3128              		.loc 1 1745 6 is_stmt 1 view .LVU862
1745:Middlewares/Third_Party/FreeRTOS/Source/tasks.c **** 				}
 3129              		.loc 1 1745 27 is_stmt 0 view .LVU863
 3130 0050 7433     		adds	r3, r3, #116
 3131 0052 FF33     		adds	r3, r3, #255
 3132 0054 0022     		movs	r2, #0
 3133 0056 E254     		strb	r2, [r4, r3]
 3134 0058 ECE7     		b	.L232
 3135              	.L241:
1756:Middlewares/Third_Party/FreeRTOS/Source/tasks.c **** 			{
 3136              		.loc 1 1756 4 is_stmt 1 view .LVU864
 3137 005a FFF7FEFF 		bl	vPortEnterCritical
 3138              	.LVL254:
1758:Middlewares/Third_Party/FreeRTOS/Source/tasks.c **** 			}
 3139              		.loc 1 1758 5 view .LVU865
 3140 005e FFF7FEFF 		bl	prvResetNextTaskUnblockTime
 3141              	.LVL255:
1760:Middlewares/Third_Party/FreeRTOS/Source/tasks.c **** 		}
 3142              		.loc 1 1760 4 view .LVU866
 3143 0062 FFF7FEFF 		bl	vPortExitCritical
 3144              	.LVL256:
 3145 0066 EBE7     		b	.L233
 3146              	.L242:
1769:Middlewares/Third_Party/FreeRTOS/Source/tasks.c **** 			{
 3147              		.loc 1 1769 4 view .LVU867
1769:Middlewares/Third_Party/FreeRTOS/Source/tasks.c **** 			{
 3148              		.loc 1 1769 26 is_stmt 0 view .LVU868
 3149 0068 0D4B     		ldr	r3, .L243+4
 3150 006a 1B68     		ldr	r3, [r3]
1769:Middlewares/Third_Party/FreeRTOS/Source/tasks.c **** 			{
 3151              		.loc 1 1769 6 view .LVU869
 3152 006c 002B     		cmp	r3, #0
 3153 006e 08D0     		beq	.L235
1772:Middlewares/Third_Party/FreeRTOS/Source/tasks.c **** 				portYIELD_WITHIN_API();
 3154              		.loc 1 1772 5 is_stmt 1 view .LVU870
 3155 0070 0D4B     		ldr	r3, .L243+12
 3156 0072 1B68     		ldr	r3, [r3]
 3157 0074 002B     		cmp	r3, #0
 3158 0076 01D0     		beq	.L236
1772:Middlewares/Third_Party/FreeRTOS/Source/tasks.c **** 				portYIELD_WITHIN_API();
 3159              		.loc 1 1772 5 discriminator 1 view .LVU871
 3160              		.syntax divided
 3161              	@ 1772 "Middlewares/Third_Party/FreeRTOS/Source/tasks.c" 1
 3162 0078 72B6     		 cpsid i 
 3163              	@ 0 "" 2
 3164              		.thumb
 3165              		.syntax unified
 3166              	.L237:
1772:Middlewares/Third_Party/FreeRTOS/Source/tasks.c **** 				portYIELD_WITHIN_API();
 3167              		.loc 1 1772 5 discriminator 1 view .LVU872
1772:Middlewares/Third_Party/FreeRTOS/Source/tasks.c **** 				portYIELD_WITHIN_API();
 3168              		.loc 1 1772 5 discriminator 1 view .LVU873
 3169 007a FEE7     		b	.L237
 3170              	.L236:
ARM GAS  C:\Users\Asus\AppData\Local\Temp\cctip26G.s 			page 163


1772:Middlewares/Third_Party/FreeRTOS/Source/tasks.c **** 				portYIELD_WITHIN_API();
 3171              		.loc 1 1772 46 discriminator 2 view .LVU874
1773:Middlewares/Third_Party/FreeRTOS/Source/tasks.c **** 			}
 3172              		.loc 1 1773 5 discriminator 2 view .LVU875
 3173 007c FFF7FEFF 		bl	vPortYield
 3174              	.LVL257:
 3175 0080 E2E7     		b	.L229
 3176              	.L235:
1780:Middlewares/Third_Party/FreeRTOS/Source/tasks.c **** 				{
 3177              		.loc 1 1780 5 view .LVU876
1780:Middlewares/Third_Party/FreeRTOS/Source/tasks.c **** 				{
 3178              		.loc 1 1780 9 is_stmt 0 view .LVU877
 3179 0082 064B     		ldr	r3, .L243
 3180 0084 1A68     		ldr	r2, [r3]
1780:Middlewares/Third_Party/FreeRTOS/Source/tasks.c **** 				{
 3181              		.loc 1 1780 56 view .LVU878
 3182 0086 094B     		ldr	r3, .L243+16
 3183 0088 1B68     		ldr	r3, [r3]
1780:Middlewares/Third_Party/FreeRTOS/Source/tasks.c **** 				{
 3184              		.loc 1 1780 7 view .LVU879
 3185 008a 9A42     		cmp	r2, r3
 3186 008c 03D1     		bne	.L238
1786:Middlewares/Third_Party/FreeRTOS/Source/tasks.c **** 				}
 3187              		.loc 1 1786 6 is_stmt 1 view .LVU880
1786:Middlewares/Third_Party/FreeRTOS/Source/tasks.c **** 				}
 3188              		.loc 1 1786 19 is_stmt 0 view .LVU881
 3189 008e 054B     		ldr	r3, .L243+8
 3190 0090 0022     		movs	r2, #0
 3191 0092 1A60     		str	r2, [r3]
 3192 0094 D8E7     		b	.L229
 3193              	.L238:
1790:Middlewares/Third_Party/FreeRTOS/Source/tasks.c **** 				}
 3194              		.loc 1 1790 6 is_stmt 1 view .LVU882
 3195 0096 FFF7FEFF 		bl	vTaskSwitchContext
 3196              	.LVL258:
1796:Middlewares/Third_Party/FreeRTOS/Source/tasks.c **** 		}
 3197              		.loc 1 1796 28 view .LVU883
1798:Middlewares/Third_Party/FreeRTOS/Source/tasks.c **** 
 3198              		.loc 1 1798 2 is_stmt 0 view .LVU884
 3199 009a D5E7     		b	.L229
 3200              	.L244:
 3201              		.align	2
 3202              	.L243:
 3203 009c 00000000 		.word	xSuspendedTaskList
 3204 00a0 00000000 		.word	xSchedulerRunning
 3205 00a4 00000000 		.word	pxCurrentTCB
 3206 00a8 00000000 		.word	uxSchedulerSuspended
 3207 00ac 00000000 		.word	uxCurrentNumberOfTasks
 3208              		.cfi_endproc
 3209              	.LFE8:
 3211              		.section	.text.vTaskPlaceOnEventList,"ax",%progbits
 3212              		.align	1
 3213              		.global	vTaskPlaceOnEventList
 3214              		.syntax unified
 3215              		.code	16
 3216              		.thumb_func
 3218              	vTaskPlaceOnEventList:
ARM GAS  C:\Users\Asus\AppData\Local\Temp\cctip26G.s 			page 164


 3219              	.LVL259:
 3220              	.LFB23:
3065:Middlewares/Third_Party/FreeRTOS/Source/tasks.c **** 	configASSERT( pxEventList );
 3221              		.loc 1 3065 1 is_stmt 1 view -0
 3222              		.cfi_startproc
 3223              		@ args = 0, pretend = 0, frame = 0
 3224              		@ frame_needed = 0, uses_anonymous_args = 0
3065:Middlewares/Third_Party/FreeRTOS/Source/tasks.c **** 	configASSERT( pxEventList );
 3225              		.loc 1 3065 1 is_stmt 0 view .LVU886
 3226 0000 10B5     		push	{r4, lr}
 3227              		.cfi_def_cfa_offset 8
 3228              		.cfi_offset 4, -8
 3229              		.cfi_offset 14, -4
 3230 0002 0C00     		movs	r4, r1
3066:Middlewares/Third_Party/FreeRTOS/Source/tasks.c **** 
 3231              		.loc 1 3066 2 is_stmt 1 view .LVU887
 3232 0004 0028     		cmp	r0, #0
 3233 0006 09D0     		beq	.L248
3066:Middlewares/Third_Party/FreeRTOS/Source/tasks.c **** 
 3234              		.loc 1 3066 29 discriminator 2 view .LVU888
3075:Middlewares/Third_Party/FreeRTOS/Source/tasks.c **** 
 3235              		.loc 1 3075 2 discriminator 2 view .LVU889
3075:Middlewares/Third_Party/FreeRTOS/Source/tasks.c **** 
 3236              		.loc 1 3075 43 is_stmt 0 discriminator 2 view .LVU890
 3237 0008 054B     		ldr	r3, .L249
 3238 000a 1968     		ldr	r1, [r3]
 3239              	.LVL260:
3075:Middlewares/Third_Party/FreeRTOS/Source/tasks.c **** 
 3240              		.loc 1 3075 2 discriminator 2 view .LVU891
 3241 000c 1831     		adds	r1, r1, #24
 3242 000e FFF7FEFF 		bl	vListInsert
 3243              	.LVL261:
3077:Middlewares/Third_Party/FreeRTOS/Source/tasks.c **** }
 3244              		.loc 1 3077 2 is_stmt 1 discriminator 2 view .LVU892
 3245 0012 0121     		movs	r1, #1
 3246 0014 2000     		movs	r0, r4
 3247 0016 FFF7FEFF 		bl	prvAddCurrentTaskToDelayedList
 3248              	.LVL262:
3078:Middlewares/Third_Party/FreeRTOS/Source/tasks.c **** /*-----------------------------------------------------------*/
 3249              		.loc 1 3078 1 is_stmt 0 discriminator 2 view .LVU893
 3250              		@ sp needed
 3251              	.LVL263:
3078:Middlewares/Third_Party/FreeRTOS/Source/tasks.c **** /*-----------------------------------------------------------*/
 3252              		.loc 1 3078 1 discriminator 2 view .LVU894
 3253 001a 10BD     		pop	{r4, pc}
 3254              	.LVL264:
 3255              	.L248:
3066:Middlewares/Third_Party/FreeRTOS/Source/tasks.c **** 
 3256              		.loc 1 3066 2 is_stmt 1 discriminator 1 view .LVU895
 3257              		.syntax divided
 3258              	@ 3066 "Middlewares/Third_Party/FreeRTOS/Source/tasks.c" 1
 3259 001c 72B6     		 cpsid i 
 3260              	@ 0 "" 2
 3261              		.thumb
 3262              		.syntax unified
 3263              	.L247:
3066:Middlewares/Third_Party/FreeRTOS/Source/tasks.c **** 
ARM GAS  C:\Users\Asus\AppData\Local\Temp\cctip26G.s 			page 165


 3264              		.loc 1 3066 2 discriminator 1 view .LVU896
3066:Middlewares/Third_Party/FreeRTOS/Source/tasks.c **** 
 3265              		.loc 1 3066 2 discriminator 1 view .LVU897
 3266 001e FEE7     		b	.L247
 3267              	.L250:
 3268              		.align	2
 3269              	.L249:
 3270 0020 00000000 		.word	pxCurrentTCB
 3271              		.cfi_endproc
 3272              	.LFE23:
 3274              		.section	.text.vTaskPlaceOnUnorderedEventList,"ax",%progbits
 3275              		.align	1
 3276              		.global	vTaskPlaceOnUnorderedEventList
 3277              		.syntax unified
 3278              		.code	16
 3279              		.thumb_func
 3281              	vTaskPlaceOnUnorderedEventList:
 3282              	.LVL265:
 3283              	.LFB24:
3082:Middlewares/Third_Party/FreeRTOS/Source/tasks.c **** 	configASSERT( pxEventList );
 3284              		.loc 1 3082 1 view -0
 3285              		.cfi_startproc
 3286              		@ args = 0, pretend = 0, frame = 0
 3287              		@ frame_needed = 0, uses_anonymous_args = 0
3082:Middlewares/Third_Party/FreeRTOS/Source/tasks.c **** 	configASSERT( pxEventList );
 3288              		.loc 1 3082 1 is_stmt 0 view .LVU899
 3289 0000 70B5     		push	{r4, r5, r6, lr}
 3290              		.cfi_def_cfa_offset 16
 3291              		.cfi_offset 4, -16
 3292              		.cfi_offset 5, -12
 3293              		.cfi_offset 6, -8
 3294              		.cfi_offset 14, -4
 3295 0002 1400     		movs	r4, r2
3083:Middlewares/Third_Party/FreeRTOS/Source/tasks.c **** 
 3296              		.loc 1 3083 2 is_stmt 1 view .LVU900
 3297 0004 0028     		cmp	r0, #0
 3298 0006 05D0     		beq	.L256
3083:Middlewares/Third_Party/FreeRTOS/Source/tasks.c **** 
 3299              		.loc 1 3083 29 discriminator 2 view .LVU901
3087:Middlewares/Third_Party/FreeRTOS/Source/tasks.c **** 
 3300              		.loc 1 3087 2 discriminator 2 view .LVU902
 3301 0008 0B4B     		ldr	r3, .L257
 3302 000a 1B68     		ldr	r3, [r3]
 3303 000c 002B     		cmp	r3, #0
 3304 000e 03D1     		bne	.L254
3087:Middlewares/Third_Party/FreeRTOS/Source/tasks.c **** 
 3305              		.loc 1 3087 2 discriminator 1 view .LVU903
 3306              		.syntax divided
 3307              	@ 3087 "Middlewares/Third_Party/FreeRTOS/Source/tasks.c" 1
 3308 0010 72B6     		 cpsid i 
 3309              	@ 0 "" 2
 3310              		.thumb
 3311              		.syntax unified
 3312              	.L255:
3087:Middlewares/Third_Party/FreeRTOS/Source/tasks.c **** 
 3313              		.loc 1 3087 2 discriminator 2 view .LVU904
3087:Middlewares/Third_Party/FreeRTOS/Source/tasks.c **** 
ARM GAS  C:\Users\Asus\AppData\Local\Temp\cctip26G.s 			page 166


 3314              		.loc 1 3087 2 discriminator 2 view .LVU905
 3315 0012 FEE7     		b	.L255
 3316              	.L256:
3083:Middlewares/Third_Party/FreeRTOS/Source/tasks.c **** 
 3317              		.loc 1 3083 2 discriminator 1 view .LVU906
 3318              		.syntax divided
 3319              	@ 3083 "Middlewares/Third_Party/FreeRTOS/Source/tasks.c" 1
 3320 0014 72B6     		 cpsid i 
 3321              	@ 0 "" 2
 3322              		.thumb
 3323              		.syntax unified
 3324              	.L253:
3083:Middlewares/Third_Party/FreeRTOS/Source/tasks.c **** 
 3325              		.loc 1 3083 2 discriminator 1 view .LVU907
3083:Middlewares/Third_Party/FreeRTOS/Source/tasks.c **** 
 3326              		.loc 1 3083 2 discriminator 1 view .LVU908
 3327 0016 FEE7     		b	.L253
 3328              	.L254:
3087:Middlewares/Third_Party/FreeRTOS/Source/tasks.c **** 
 3329              		.loc 1 3087 43 discriminator 2 view .LVU909
3092:Middlewares/Third_Party/FreeRTOS/Source/tasks.c **** 
 3330              		.loc 1 3092 2 discriminator 2 view .LVU910
 3331 0018 084A     		ldr	r2, .L257+4
 3332              	.LVL266:
3092:Middlewares/Third_Party/FreeRTOS/Source/tasks.c **** 
 3333              		.loc 1 3092 2 is_stmt 0 discriminator 2 view .LVU911
 3334 001a 1568     		ldr	r5, [r2]
 3335 001c 8023     		movs	r3, #128
 3336 001e 1B06     		lsls	r3, r3, #24
 3337 0020 0B43     		orrs	r3, r1
 3338 0022 AB61     		str	r3, [r5, #24]
3099:Middlewares/Third_Party/FreeRTOS/Source/tasks.c **** 
 3339              		.loc 1 3099 2 is_stmt 1 discriminator 2 view .LVU912
3099:Middlewares/Third_Party/FreeRTOS/Source/tasks.c **** 
 3340              		.loc 1 3099 46 is_stmt 0 discriminator 2 view .LVU913
 3341 0024 1168     		ldr	r1, [r2]
 3342              	.LVL267:
3099:Middlewares/Third_Party/FreeRTOS/Source/tasks.c **** 
 3343              		.loc 1 3099 2 discriminator 2 view .LVU914
 3344 0026 1831     		adds	r1, r1, #24
 3345 0028 FFF7FEFF 		bl	vListInsertEnd
 3346              	.LVL268:
3101:Middlewares/Third_Party/FreeRTOS/Source/tasks.c **** }
 3347              		.loc 1 3101 2 is_stmt 1 discriminator 2 view .LVU915
 3348 002c 0121     		movs	r1, #1
 3349 002e 2000     		movs	r0, r4
 3350 0030 FFF7FEFF 		bl	prvAddCurrentTaskToDelayedList
 3351              	.LVL269:
3102:Middlewares/Third_Party/FreeRTOS/Source/tasks.c **** /*-----------------------------------------------------------*/
 3352              		.loc 1 3102 1 is_stmt 0 discriminator 2 view .LVU916
 3353              		@ sp needed
 3354              	.LVL270:
3102:Middlewares/Third_Party/FreeRTOS/Source/tasks.c **** /*-----------------------------------------------------------*/
 3355              		.loc 1 3102 1 discriminator 2 view .LVU917
 3356 0034 70BD     		pop	{r4, r5, r6, pc}
 3357              	.L258:
 3358 0036 C046     		.align	2
ARM GAS  C:\Users\Asus\AppData\Local\Temp\cctip26G.s 			page 167


 3359              	.L257:
 3360 0038 00000000 		.word	uxSchedulerSuspended
 3361 003c 00000000 		.word	pxCurrentTCB
 3362              		.cfi_endproc
 3363              	.LFE24:
 3365              		.section	.text.xTaskRemoveFromEventList,"ax",%progbits
 3366              		.align	1
 3367              		.global	xTaskRemoveFromEventList
 3368              		.syntax unified
 3369              		.code	16
 3370              		.thumb_func
 3372              	xTaskRemoveFromEventList:
 3373              	.LVL271:
 3374              	.LFB25:
3139:Middlewares/Third_Party/FreeRTOS/Source/tasks.c **** TCB_t *pxUnblockedTCB;
 3375              		.loc 1 3139 1 is_stmt 1 view -0
 3376              		.cfi_startproc
 3377              		@ args = 0, pretend = 0, frame = 0
 3378              		@ frame_needed = 0, uses_anonymous_args = 0
3139:Middlewares/Third_Party/FreeRTOS/Source/tasks.c **** TCB_t *pxUnblockedTCB;
 3379              		.loc 1 3139 1 is_stmt 0 view .LVU919
 3380 0000 70B5     		push	{r4, r5, r6, lr}
 3381              		.cfi_def_cfa_offset 16
 3382              		.cfi_offset 4, -16
 3383              		.cfi_offset 5, -12
 3384              		.cfi_offset 6, -8
 3385              		.cfi_offset 14, -4
3140:Middlewares/Third_Party/FreeRTOS/Source/tasks.c **** BaseType_t xReturn;
 3386              		.loc 1 3140 1 is_stmt 1 view .LVU920
3141:Middlewares/Third_Party/FreeRTOS/Source/tasks.c **** 
 3387              		.loc 1 3141 1 view .LVU921
3156:Middlewares/Third_Party/FreeRTOS/Source/tasks.c **** 	configASSERT( pxUnblockedTCB );
 3388              		.loc 1 3156 2 view .LVU922
3156:Middlewares/Third_Party/FreeRTOS/Source/tasks.c **** 	configASSERT( pxUnblockedTCB );
 3389              		.loc 1 3156 19 is_stmt 0 view .LVU923
 3390 0002 C368     		ldr	r3, [r0, #12]
3156:Middlewares/Third_Party/FreeRTOS/Source/tasks.c **** 	configASSERT( pxUnblockedTCB );
 3391              		.loc 1 3156 17 view .LVU924
 3392 0004 DC68     		ldr	r4, [r3, #12]
 3393              	.LVL272:
3157:Middlewares/Third_Party/FreeRTOS/Source/tasks.c **** 	( void ) uxListRemove( &( pxUnblockedTCB->xEventListItem ) );
 3394              		.loc 1 3157 2 is_stmt 1 view .LVU925
 3395 0006 002C     		cmp	r4, #0
 3396 0008 26D0     		beq	.L267
3157:Middlewares/Third_Party/FreeRTOS/Source/tasks.c **** 	( void ) uxListRemove( &( pxUnblockedTCB->xEventListItem ) );
 3397              		.loc 1 3157 32 discriminator 2 view .LVU926
3158:Middlewares/Third_Party/FreeRTOS/Source/tasks.c **** 
 3398              		.loc 1 3158 2 discriminator 2 view .LVU927
3158:Middlewares/Third_Party/FreeRTOS/Source/tasks.c **** 
 3399              		.loc 1 3158 11 is_stmt 0 discriminator 2 view .LVU928
 3400 000a 2500     		movs	r5, r4
 3401 000c 1835     		adds	r5, r5, #24
 3402 000e 2800     		movs	r0, r5
 3403              	.LVL273:
3158:Middlewares/Third_Party/FreeRTOS/Source/tasks.c **** 
 3404              		.loc 1 3158 11 discriminator 2 view .LVU929
 3405 0010 FFF7FEFF 		bl	uxListRemove
ARM GAS  C:\Users\Asus\AppData\Local\Temp\cctip26G.s 			page 168


 3406              	.LVL274:
3160:Middlewares/Third_Party/FreeRTOS/Source/tasks.c **** 	{
 3407              		.loc 1 3160 2 is_stmt 1 discriminator 2 view .LVU930
3160:Middlewares/Third_Party/FreeRTOS/Source/tasks.c **** 	{
 3408              		.loc 1 3160 27 is_stmt 0 discriminator 2 view .LVU931
 3409 0014 154B     		ldr	r3, .L268
 3410 0016 1B68     		ldr	r3, [r3]
3160:Middlewares/Third_Party/FreeRTOS/Source/tasks.c **** 	{
 3411              		.loc 1 3160 4 discriminator 2 view .LVU932
 3412 0018 002B     		cmp	r3, #0
 3413 001a 1FD1     		bne	.L262
3162:Middlewares/Third_Party/FreeRTOS/Source/tasks.c **** 		prvAddTaskToReadyList( pxUnblockedTCB );
 3414              		.loc 1 3162 3 is_stmt 1 view .LVU933
3162:Middlewares/Third_Party/FreeRTOS/Source/tasks.c **** 		prvAddTaskToReadyList( pxUnblockedTCB );
 3415              		.loc 1 3162 12 is_stmt 0 view .LVU934
 3416 001c 251D     		adds	r5, r4, #4
 3417 001e 2800     		movs	r0, r5
 3418 0020 FFF7FEFF 		bl	uxListRemove
 3419              	.LVL275:
3163:Middlewares/Third_Party/FreeRTOS/Source/tasks.c **** 
 3420              		.loc 1 3163 3 is_stmt 1 view .LVU935
3163:Middlewares/Third_Party/FreeRTOS/Source/tasks.c **** 
 3421              		.loc 1 3163 3 view .LVU936
 3422 0024 E36A     		ldr	r3, [r4, #44]
 3423 0026 124A     		ldr	r2, .L268+4
 3424 0028 1268     		ldr	r2, [r2]
 3425 002a 9342     		cmp	r3, r2
 3426 002c 01D9     		bls	.L263
3163:Middlewares/Third_Party/FreeRTOS/Source/tasks.c **** 
 3427              		.loc 1 3163 3 discriminator 1 view .LVU937
 3428 002e 104A     		ldr	r2, .L268+4
 3429 0030 1360     		str	r3, [r2]
 3430              	.L263:
3163:Middlewares/Third_Party/FreeRTOS/Source/tasks.c **** 
 3431              		.loc 1 3163 3 discriminator 3 view .LVU938
3163:Middlewares/Third_Party/FreeRTOS/Source/tasks.c **** 
 3432              		.loc 1 3163 3 discriminator 3 view .LVU939
 3433 0032 9800     		lsls	r0, r3, #2
 3434 0034 C018     		adds	r0, r0, r3
 3435 0036 8000     		lsls	r0, r0, #2
 3436 0038 0E4B     		ldr	r3, .L268+8
 3437 003a C018     		adds	r0, r0, r3
 3438 003c 2900     		movs	r1, r5
 3439 003e FFF7FEFF 		bl	vListInsertEnd
 3440              	.LVL276:
3163:Middlewares/Third_Party/FreeRTOS/Source/tasks.c **** 
 3441              		.loc 1 3163 42 discriminator 3 view .LVU940
 3442              	.L264:
3186:Middlewares/Third_Party/FreeRTOS/Source/tasks.c **** 	{
 3443              		.loc 1 3186 2 view .LVU941
3186:Middlewares/Third_Party/FreeRTOS/Source/tasks.c **** 	{
 3444              		.loc 1 3186 20 is_stmt 0 view .LVU942
 3445 0042 E26A     		ldr	r2, [r4, #44]
3186:Middlewares/Third_Party/FreeRTOS/Source/tasks.c **** 	{
 3446              		.loc 1 3186 47 view .LVU943
 3447 0044 0C4B     		ldr	r3, .L268+12
 3448 0046 1B68     		ldr	r3, [r3]
ARM GAS  C:\Users\Asus\AppData\Local\Temp\cctip26G.s 			page 169


 3449 0048 DB6A     		ldr	r3, [r3, #44]
3186:Middlewares/Third_Party/FreeRTOS/Source/tasks.c **** 	{
 3450              		.loc 1 3186 4 view .LVU944
 3451 004a 9A42     		cmp	r2, r3
 3452 004c 0BD9     		bls	.L266
3191:Middlewares/Third_Party/FreeRTOS/Source/tasks.c **** 
 3453              		.loc 1 3191 3 is_stmt 1 view .LVU945
 3454              	.LVL277:
3195:Middlewares/Third_Party/FreeRTOS/Source/tasks.c **** 	}
 3455              		.loc 1 3195 3 view .LVU946
3195:Middlewares/Third_Party/FreeRTOS/Source/tasks.c **** 	}
 3456              		.loc 1 3195 17 is_stmt 0 view .LVU947
 3457 004e 0B4B     		ldr	r3, .L268+16
 3458 0050 0122     		movs	r2, #1
 3459 0052 1A60     		str	r2, [r3]
3191:Middlewares/Third_Party/FreeRTOS/Source/tasks.c **** 
 3460              		.loc 1 3191 11 view .LVU948
 3461 0054 0120     		movs	r0, #1
 3462              	.LVL278:
 3463              	.L259:
3203:Middlewares/Third_Party/FreeRTOS/Source/tasks.c **** /*-----------------------------------------------------------*/
 3464              		.loc 1 3203 1 view .LVU949
 3465              		@ sp needed
 3466              	.LVL279:
3203:Middlewares/Third_Party/FreeRTOS/Source/tasks.c **** /*-----------------------------------------------------------*/
 3467              		.loc 1 3203 1 view .LVU950
 3468 0056 70BD     		pop	{r4, r5, r6, pc}
 3469              	.LVL280:
 3470              	.L267:
3157:Middlewares/Third_Party/FreeRTOS/Source/tasks.c **** 	( void ) uxListRemove( &( pxUnblockedTCB->xEventListItem ) );
 3471              		.loc 1 3157 2 is_stmt 1 discriminator 1 view .LVU951
 3472              		.syntax divided
 3473              	@ 3157 "Middlewares/Third_Party/FreeRTOS/Source/tasks.c" 1
 3474 0058 72B6     		 cpsid i 
 3475              	@ 0 "" 2
 3476              		.thumb
 3477              		.syntax unified
 3478              	.L261:
3157:Middlewares/Third_Party/FreeRTOS/Source/tasks.c **** 	( void ) uxListRemove( &( pxUnblockedTCB->xEventListItem ) );
 3479              		.loc 1 3157 2 discriminator 1 view .LVU952
3157:Middlewares/Third_Party/FreeRTOS/Source/tasks.c **** 	( void ) uxListRemove( &( pxUnblockedTCB->xEventListItem ) );
 3480              		.loc 1 3157 2 discriminator 1 view .LVU953
 3481 005a FEE7     		b	.L261
 3482              	.LVL281:
 3483              	.L262:
3183:Middlewares/Third_Party/FreeRTOS/Source/tasks.c **** 	}
 3484              		.loc 1 3183 3 view .LVU954
 3485 005c 0848     		ldr	r0, .L268+20
 3486 005e 2900     		movs	r1, r5
 3487 0060 FFF7FEFF 		bl	vListInsertEnd
 3488              	.LVL282:
 3489 0064 EDE7     		b	.L264
 3490              	.L266:
3199:Middlewares/Third_Party/FreeRTOS/Source/tasks.c **** 	}
 3491              		.loc 1 3199 11 is_stmt 0 view .LVU955
 3492 0066 0020     		movs	r0, #0
 3493              	.LVL283:
ARM GAS  C:\Users\Asus\AppData\Local\Temp\cctip26G.s 			page 170


3202:Middlewares/Third_Party/FreeRTOS/Source/tasks.c **** }
 3494              		.loc 1 3202 2 is_stmt 1 view .LVU956
3202:Middlewares/Third_Party/FreeRTOS/Source/tasks.c **** }
 3495              		.loc 1 3202 9 is_stmt 0 view .LVU957
 3496 0068 F5E7     		b	.L259
 3497              	.L269:
 3498 006a C046     		.align	2
 3499              	.L268:
 3500 006c 00000000 		.word	uxSchedulerSuspended
 3501 0070 00000000 		.word	uxTopReadyPriority
 3502 0074 00000000 		.word	pxReadyTasksLists
 3503 0078 00000000 		.word	pxCurrentTCB
 3504 007c 00000000 		.word	xYieldPending
 3505 0080 00000000 		.word	xPendingReadyList
 3506              		.cfi_endproc
 3507              	.LFE25:
 3509              		.section	.text.vTaskRemoveFromUnorderedEventList,"ax",%progbits
 3510              		.align	1
 3511              		.global	vTaskRemoveFromUnorderedEventList
 3512              		.syntax unified
 3513              		.code	16
 3514              		.thumb_func
 3516              	vTaskRemoveFromUnorderedEventList:
 3517              	.LVL284:
 3518              	.LFB26:
3207:Middlewares/Third_Party/FreeRTOS/Source/tasks.c **** TCB_t *pxUnblockedTCB;
 3519              		.loc 1 3207 1 is_stmt 1 view -0
 3520              		.cfi_startproc
 3521              		@ args = 0, pretend = 0, frame = 0
 3522              		@ frame_needed = 0, uses_anonymous_args = 0
3207:Middlewares/Third_Party/FreeRTOS/Source/tasks.c **** TCB_t *pxUnblockedTCB;
 3523              		.loc 1 3207 1 is_stmt 0 view .LVU959
 3524 0000 70B5     		push	{r4, r5, r6, lr}
 3525              		.cfi_def_cfa_offset 16
 3526              		.cfi_offset 4, -16
 3527              		.cfi_offset 5, -12
 3528              		.cfi_offset 6, -8
 3529              		.cfi_offset 14, -4
3208:Middlewares/Third_Party/FreeRTOS/Source/tasks.c **** 
 3530              		.loc 1 3208 1 is_stmt 1 view .LVU960
3212:Middlewares/Third_Party/FreeRTOS/Source/tasks.c **** 
 3531              		.loc 1 3212 2 view .LVU961
 3532 0002 174B     		ldr	r3, .L278
 3533 0004 1B68     		ldr	r3, [r3]
 3534 0006 002B     		cmp	r3, #0
 3535 0008 01D1     		bne	.L271
3212:Middlewares/Third_Party/FreeRTOS/Source/tasks.c **** 
 3536              		.loc 1 3212 2 discriminator 1 view .LVU962
 3537              		.syntax divided
 3538              	@ 3212 "Middlewares/Third_Party/FreeRTOS/Source/tasks.c" 1
 3539 000a 72B6     		 cpsid i 
 3540              	@ 0 "" 2
 3541              		.thumb
 3542              		.syntax unified
 3543              	.L272:
3212:Middlewares/Third_Party/FreeRTOS/Source/tasks.c **** 
 3544              		.loc 1 3212 2 discriminator 1 view .LVU963
ARM GAS  C:\Users\Asus\AppData\Local\Temp\cctip26G.s 			page 171


3212:Middlewares/Third_Party/FreeRTOS/Source/tasks.c **** 
 3545              		.loc 1 3212 2 discriminator 1 view .LVU964
 3546 000c FEE7     		b	.L272
 3547              	.L271:
3212:Middlewares/Third_Party/FreeRTOS/Source/tasks.c **** 
 3548              		.loc 1 3212 49 discriminator 2 view .LVU965
3215:Middlewares/Third_Party/FreeRTOS/Source/tasks.c **** 
 3549              		.loc 1 3215 2 discriminator 2 view .LVU966
 3550 000e 8023     		movs	r3, #128
 3551 0010 1B06     		lsls	r3, r3, #24
 3552 0012 0B43     		orrs	r3, r1
 3553 0014 0360     		str	r3, [r0]
3219:Middlewares/Third_Party/FreeRTOS/Source/tasks.c **** 	configASSERT( pxUnblockedTCB );
 3554              		.loc 1 3219 2 discriminator 2 view .LVU967
3219:Middlewares/Third_Party/FreeRTOS/Source/tasks.c **** 	configASSERT( pxUnblockedTCB );
 3555              		.loc 1 3219 17 is_stmt 0 discriminator 2 view .LVU968
 3556 0016 C468     		ldr	r4, [r0, #12]
 3557              	.LVL285:
3220:Middlewares/Third_Party/FreeRTOS/Source/tasks.c **** 	( void ) uxListRemove( pxEventListItem );
 3558              		.loc 1 3220 2 is_stmt 1 discriminator 2 view .LVU969
 3559 0018 002C     		cmp	r4, #0
 3560 001a 1ED0     		beq	.L277
3220:Middlewares/Third_Party/FreeRTOS/Source/tasks.c **** 	( void ) uxListRemove( pxEventListItem );
 3561              		.loc 1 3220 32 discriminator 2 view .LVU970
3221:Middlewares/Third_Party/FreeRTOS/Source/tasks.c **** 
 3562              		.loc 1 3221 2 discriminator 2 view .LVU971
3221:Middlewares/Third_Party/FreeRTOS/Source/tasks.c **** 
 3563              		.loc 1 3221 11 is_stmt 0 discriminator 2 view .LVU972
 3564 001c FFF7FEFF 		bl	uxListRemove
 3565              	.LVL286:
3240:Middlewares/Third_Party/FreeRTOS/Source/tasks.c **** 	prvAddTaskToReadyList( pxUnblockedTCB );
 3566              		.loc 1 3240 2 is_stmt 1 discriminator 2 view .LVU973
3240:Middlewares/Third_Party/FreeRTOS/Source/tasks.c **** 	prvAddTaskToReadyList( pxUnblockedTCB );
 3567              		.loc 1 3240 11 is_stmt 0 discriminator 2 view .LVU974
 3568 0020 251D     		adds	r5, r4, #4
 3569 0022 2800     		movs	r0, r5
 3570 0024 FFF7FEFF 		bl	uxListRemove
 3571              	.LVL287:
3241:Middlewares/Third_Party/FreeRTOS/Source/tasks.c **** 
 3572              		.loc 1 3241 2 is_stmt 1 discriminator 2 view .LVU975
3241:Middlewares/Third_Party/FreeRTOS/Source/tasks.c **** 
 3573              		.loc 1 3241 2 discriminator 2 view .LVU976
 3574 0028 E36A     		ldr	r3, [r4, #44]
 3575 002a 0E4A     		ldr	r2, .L278+4
 3576 002c 1268     		ldr	r2, [r2]
 3577 002e 9342     		cmp	r3, r2
 3578 0030 01D9     		bls	.L275
3241:Middlewares/Third_Party/FreeRTOS/Source/tasks.c **** 
 3579              		.loc 1 3241 2 discriminator 1 view .LVU977
 3580 0032 0C4A     		ldr	r2, .L278+4
 3581 0034 1360     		str	r3, [r2]
 3582              	.L275:
3241:Middlewares/Third_Party/FreeRTOS/Source/tasks.c **** 
 3583              		.loc 1 3241 2 discriminator 3 view .LVU978
3241:Middlewares/Third_Party/FreeRTOS/Source/tasks.c **** 
 3584              		.loc 1 3241 2 discriminator 3 view .LVU979
 3585 0036 9800     		lsls	r0, r3, #2
ARM GAS  C:\Users\Asus\AppData\Local\Temp\cctip26G.s 			page 172


 3586 0038 C018     		adds	r0, r0, r3
 3587 003a 8000     		lsls	r0, r0, #2
 3588 003c 0A4B     		ldr	r3, .L278+8
 3589 003e C018     		adds	r0, r0, r3
 3590 0040 2900     		movs	r1, r5
 3591 0042 FFF7FEFF 		bl	vListInsertEnd
 3592              	.LVL288:
3241:Middlewares/Third_Party/FreeRTOS/Source/tasks.c **** 
 3593              		.loc 1 3241 41 discriminator 3 view .LVU980
3243:Middlewares/Third_Party/FreeRTOS/Source/tasks.c **** 	{
 3594              		.loc 1 3243 2 discriminator 3 view .LVU981
3243:Middlewares/Third_Party/FreeRTOS/Source/tasks.c **** 	{
 3595              		.loc 1 3243 20 is_stmt 0 discriminator 3 view .LVU982
 3596 0046 E26A     		ldr	r2, [r4, #44]
3243:Middlewares/Third_Party/FreeRTOS/Source/tasks.c **** 	{
 3597              		.loc 1 3243 47 discriminator 3 view .LVU983
 3598 0048 084B     		ldr	r3, .L278+12
 3599 004a 1B68     		ldr	r3, [r3]
 3600 004c DB6A     		ldr	r3, [r3, #44]
3243:Middlewares/Third_Party/FreeRTOS/Source/tasks.c **** 	{
 3601              		.loc 1 3243 4 discriminator 3 view .LVU984
 3602 004e 9A42     		cmp	r2, r3
 3603 0050 02D9     		bls	.L270
3249:Middlewares/Third_Party/FreeRTOS/Source/tasks.c **** 	}
 3604              		.loc 1 3249 3 is_stmt 1 view .LVU985
3249:Middlewares/Third_Party/FreeRTOS/Source/tasks.c **** 	}
 3605              		.loc 1 3249 17 is_stmt 0 view .LVU986
 3606 0052 074B     		ldr	r3, .L278+16
 3607 0054 0122     		movs	r2, #1
 3608 0056 1A60     		str	r2, [r3]
 3609              	.L270:
3251:Middlewares/Third_Party/FreeRTOS/Source/tasks.c **** /*-----------------------------------------------------------*/
 3610              		.loc 1 3251 1 view .LVU987
 3611              		@ sp needed
 3612              	.LVL289:
 3613              	.LVL290:
3251:Middlewares/Third_Party/FreeRTOS/Source/tasks.c **** /*-----------------------------------------------------------*/
 3614              		.loc 1 3251 1 view .LVU988
 3615 0058 70BD     		pop	{r4, r5, r6, pc}
 3616              	.LVL291:
 3617              	.L277:
3220:Middlewares/Third_Party/FreeRTOS/Source/tasks.c **** 	( void ) uxListRemove( pxEventListItem );
 3618              		.loc 1 3220 2 is_stmt 1 discriminator 1 view .LVU989
 3619              		.syntax divided
 3620              	@ 3220 "Middlewares/Third_Party/FreeRTOS/Source/tasks.c" 1
 3621 005a 72B6     		 cpsid i 
 3622              	@ 0 "" 2
 3623              		.thumb
 3624              		.syntax unified
 3625              	.L274:
3220:Middlewares/Third_Party/FreeRTOS/Source/tasks.c **** 	( void ) uxListRemove( pxEventListItem );
 3626              		.loc 1 3220 2 discriminator 2 view .LVU990
3220:Middlewares/Third_Party/FreeRTOS/Source/tasks.c **** 	( void ) uxListRemove( pxEventListItem );
 3627              		.loc 1 3220 2 discriminator 2 view .LVU991
 3628 005c FEE7     		b	.L274
 3629              	.L279:
 3630 005e C046     		.align	2
ARM GAS  C:\Users\Asus\AppData\Local\Temp\cctip26G.s 			page 173


 3631              	.L278:
 3632 0060 00000000 		.word	uxSchedulerSuspended
 3633 0064 00000000 		.word	uxTopReadyPriority
 3634 0068 00000000 		.word	pxReadyTasksLists
 3635 006c 00000000 		.word	pxCurrentTCB
 3636 0070 00000000 		.word	xYieldPending
 3637              		.cfi_endproc
 3638              	.LFE26:
 3640              		.section	.text.vTaskSetTimeOutState,"ax",%progbits
 3641              		.align	1
 3642              		.global	vTaskSetTimeOutState
 3643              		.syntax unified
 3644              		.code	16
 3645              		.thumb_func
 3647              	vTaskSetTimeOutState:
 3648              	.LVL292:
 3649              	.LFB27:
3255:Middlewares/Third_Party/FreeRTOS/Source/tasks.c **** 	configASSERT( pxTimeOut );
 3650              		.loc 1 3255 1 view -0
 3651              		.cfi_startproc
 3652              		@ args = 0, pretend = 0, frame = 0
 3653              		@ frame_needed = 0, uses_anonymous_args = 0
3255:Middlewares/Third_Party/FreeRTOS/Source/tasks.c **** 	configASSERT( pxTimeOut );
 3654              		.loc 1 3255 1 is_stmt 0 view .LVU993
 3655 0000 10B5     		push	{r4, lr}
 3656              		.cfi_def_cfa_offset 8
 3657              		.cfi_offset 4, -8
 3658              		.cfi_offset 14, -4
 3659 0002 041E     		subs	r4, r0, #0
3256:Middlewares/Third_Party/FreeRTOS/Source/tasks.c **** 	taskENTER_CRITICAL();
 3660              		.loc 1 3256 2 is_stmt 1 view .LVU994
 3661 0004 0AD0     		beq	.L283
3256:Middlewares/Third_Party/FreeRTOS/Source/tasks.c **** 	taskENTER_CRITICAL();
 3662              		.loc 1 3256 27 discriminator 2 view .LVU995
3257:Middlewares/Third_Party/FreeRTOS/Source/tasks.c **** 	{
 3663              		.loc 1 3257 2 discriminator 2 view .LVU996
 3664 0006 FFF7FEFF 		bl	vPortEnterCritical
 3665              	.LVL293:
3259:Middlewares/Third_Party/FreeRTOS/Source/tasks.c **** 		pxTimeOut->xTimeOnEntering = xTickCount;
 3666              		.loc 1 3259 3 discriminator 2 view .LVU997
3259:Middlewares/Third_Party/FreeRTOS/Source/tasks.c **** 		pxTimeOut->xTimeOnEntering = xTickCount;
 3667              		.loc 1 3259 29 is_stmt 0 discriminator 2 view .LVU998
 3668 000a 054B     		ldr	r3, .L284
 3669 000c 1B68     		ldr	r3, [r3]
 3670 000e 2360     		str	r3, [r4]
3260:Middlewares/Third_Party/FreeRTOS/Source/tasks.c **** 	}
 3671              		.loc 1 3260 3 is_stmt 1 discriminator 2 view .LVU999
3260:Middlewares/Third_Party/FreeRTOS/Source/tasks.c **** 	}
 3672              		.loc 1 3260 30 is_stmt 0 discriminator 2 view .LVU1000
 3673 0010 044B     		ldr	r3, .L284+4
 3674 0012 1B68     		ldr	r3, [r3]
 3675 0014 6360     		str	r3, [r4, #4]
3262:Middlewares/Third_Party/FreeRTOS/Source/tasks.c **** }
 3676              		.loc 1 3262 2 is_stmt 1 discriminator 2 view .LVU1001
 3677 0016 FFF7FEFF 		bl	vPortExitCritical
 3678              	.LVL294:
3263:Middlewares/Third_Party/FreeRTOS/Source/tasks.c **** /*-----------------------------------------------------------*/
ARM GAS  C:\Users\Asus\AppData\Local\Temp\cctip26G.s 			page 174


 3679              		.loc 1 3263 1 is_stmt 0 discriminator 2 view .LVU1002
 3680              		@ sp needed
 3681              	.LVL295:
3263:Middlewares/Third_Party/FreeRTOS/Source/tasks.c **** /*-----------------------------------------------------------*/
 3682              		.loc 1 3263 1 discriminator 2 view .LVU1003
 3683 001a 10BD     		pop	{r4, pc}
 3684              	.LVL296:
 3685              	.L283:
3256:Middlewares/Third_Party/FreeRTOS/Source/tasks.c **** 	taskENTER_CRITICAL();
 3686              		.loc 1 3256 2 is_stmt 1 discriminator 1 view .LVU1004
 3687              		.syntax divided
 3688              	@ 3256 "Middlewares/Third_Party/FreeRTOS/Source/tasks.c" 1
 3689 001c 72B6     		 cpsid i 
 3690              	@ 0 "" 2
 3691              		.thumb
 3692              		.syntax unified
 3693              	.L282:
3256:Middlewares/Third_Party/FreeRTOS/Source/tasks.c **** 	taskENTER_CRITICAL();
 3694              		.loc 1 3256 2 discriminator 1 view .LVU1005
3256:Middlewares/Third_Party/FreeRTOS/Source/tasks.c **** 	taskENTER_CRITICAL();
 3695              		.loc 1 3256 2 discriminator 1 view .LVU1006
 3696 001e FEE7     		b	.L282
 3697              	.L285:
 3698              		.align	2
 3699              	.L284:
 3700 0020 00000000 		.word	xNumOfOverflows
 3701 0024 00000000 		.word	xTickCount
 3702              		.cfi_endproc
 3703              	.LFE27:
 3705              		.section	.text.vTaskInternalSetTimeOutState,"ax",%progbits
 3706              		.align	1
 3707              		.global	vTaskInternalSetTimeOutState
 3708              		.syntax unified
 3709              		.code	16
 3710              		.thumb_func
 3712              	vTaskInternalSetTimeOutState:
 3713              	.LVL297:
 3714              	.LFB28:
3267:Middlewares/Third_Party/FreeRTOS/Source/tasks.c **** 	/* For internal use only as it does not use a critical section. */
 3715              		.loc 1 3267 1 view -0
 3716              		.cfi_startproc
 3717              		@ args = 0, pretend = 0, frame = 0
 3718              		@ frame_needed = 0, uses_anonymous_args = 0
 3719              		@ link register save eliminated.
3269:Middlewares/Third_Party/FreeRTOS/Source/tasks.c **** 	pxTimeOut->xTimeOnEntering = xTickCount;
 3720              		.loc 1 3269 2 view .LVU1008
3269:Middlewares/Third_Party/FreeRTOS/Source/tasks.c **** 	pxTimeOut->xTimeOnEntering = xTickCount;
 3721              		.loc 1 3269 28 is_stmt 0 view .LVU1009
 3722 0000 034B     		ldr	r3, .L287
 3723 0002 1B68     		ldr	r3, [r3]
 3724 0004 0360     		str	r3, [r0]
3270:Middlewares/Third_Party/FreeRTOS/Source/tasks.c **** }
 3725              		.loc 1 3270 2 is_stmt 1 view .LVU1010
3270:Middlewares/Third_Party/FreeRTOS/Source/tasks.c **** }
 3726              		.loc 1 3270 29 is_stmt 0 view .LVU1011
 3727 0006 034B     		ldr	r3, .L287+4
 3728 0008 1B68     		ldr	r3, [r3]
ARM GAS  C:\Users\Asus\AppData\Local\Temp\cctip26G.s 			page 175


 3729 000a 4360     		str	r3, [r0, #4]
3271:Middlewares/Third_Party/FreeRTOS/Source/tasks.c **** /*-----------------------------------------------------------*/
 3730              		.loc 1 3271 1 view .LVU1012
 3731              		@ sp needed
 3732 000c 7047     		bx	lr
 3733              	.L288:
 3734 000e C046     		.align	2
 3735              	.L287:
 3736 0010 00000000 		.word	xNumOfOverflows
 3737 0014 00000000 		.word	xTickCount
 3738              		.cfi_endproc
 3739              	.LFE28:
 3741              		.section	.text.xTaskCheckForTimeOut,"ax",%progbits
 3742              		.align	1
 3743              		.global	xTaskCheckForTimeOut
 3744              		.syntax unified
 3745              		.code	16
 3746              		.thumb_func
 3748              	xTaskCheckForTimeOut:
 3749              	.LVL298:
 3750              	.LFB29:
3275:Middlewares/Third_Party/FreeRTOS/Source/tasks.c **** BaseType_t xReturn;
 3751              		.loc 1 3275 1 is_stmt 1 view -0
 3752              		.cfi_startproc
 3753              		@ args = 0, pretend = 0, frame = 0
 3754              		@ frame_needed = 0, uses_anonymous_args = 0
3275:Middlewares/Third_Party/FreeRTOS/Source/tasks.c **** BaseType_t xReturn;
 3755              		.loc 1 3275 1 is_stmt 0 view .LVU1014
 3756 0000 F8B5     		push	{r3, r4, r5, r6, r7, lr}
 3757              		.cfi_def_cfa_offset 24
 3758              		.cfi_offset 3, -24
 3759              		.cfi_offset 4, -20
 3760              		.cfi_offset 5, -16
 3761              		.cfi_offset 6, -12
 3762              		.cfi_offset 7, -8
 3763              		.cfi_offset 14, -4
 3764 0002 0400     		movs	r4, r0
 3765 0004 0D00     		movs	r5, r1
3276:Middlewares/Third_Party/FreeRTOS/Source/tasks.c **** 
 3766              		.loc 1 3276 1 is_stmt 1 view .LVU1015
3278:Middlewares/Third_Party/FreeRTOS/Source/tasks.c **** 	configASSERT( pxTicksToWait );
 3767              		.loc 1 3278 2 view .LVU1016
 3768 0006 0028     		cmp	r0, #0
 3769 0008 17D0     		beq	.L299
3278:Middlewares/Third_Party/FreeRTOS/Source/tasks.c **** 	configASSERT( pxTicksToWait );
 3770              		.loc 1 3278 27 discriminator 2 view .LVU1017
3279:Middlewares/Third_Party/FreeRTOS/Source/tasks.c **** 
 3771              		.loc 1 3279 2 discriminator 2 view .LVU1018
 3772 000a 0029     		cmp	r1, #0
 3773 000c 17D0     		beq	.L300
3279:Middlewares/Third_Party/FreeRTOS/Source/tasks.c **** 
 3774              		.loc 1 3279 31 discriminator 2 view .LVU1019
3281:Middlewares/Third_Party/FreeRTOS/Source/tasks.c **** 	{
 3775              		.loc 1 3281 2 discriminator 2 view .LVU1020
 3776 000e FFF7FEFF 		bl	vPortEnterCritical
 3777              	.LVL299:
 3778              	.LBB16:
ARM GAS  C:\Users\Asus\AppData\Local\Temp\cctip26G.s 			page 176


3284:Middlewares/Third_Party/FreeRTOS/Source/tasks.c **** 		const TickType_t xElapsedTime = xConstTickCount - pxTimeOut->xTimeOnEntering;
 3779              		.loc 1 3284 3 discriminator 2 view .LVU1021
3284:Middlewares/Third_Party/FreeRTOS/Source/tasks.c **** 		const TickType_t xElapsedTime = xConstTickCount - pxTimeOut->xTimeOnEntering;
 3780              		.loc 1 3284 20 is_stmt 0 discriminator 2 view .LVU1022
 3781 0012 134B     		ldr	r3, .L302
 3782 0014 1968     		ldr	r1, [r3]
 3783              	.LVL300:
3285:Middlewares/Third_Party/FreeRTOS/Source/tasks.c **** 
 3784              		.loc 1 3285 3 is_stmt 1 discriminator 2 view .LVU1023
3285:Middlewares/Third_Party/FreeRTOS/Source/tasks.c **** 
 3785              		.loc 1 3285 62 is_stmt 0 discriminator 2 view .LVU1024
 3786 0016 6368     		ldr	r3, [r4, #4]
3285:Middlewares/Third_Party/FreeRTOS/Source/tasks.c **** 
 3787              		.loc 1 3285 20 discriminator 2 view .LVU1025
 3788 0018 C81A     		subs	r0, r1, r3
 3789              	.LVL301:
3299:Middlewares/Third_Party/FreeRTOS/Source/tasks.c **** 			{
 3790              		.loc 1 3299 4 is_stmt 1 discriminator 2 view .LVU1026
3299:Middlewares/Third_Party/FreeRTOS/Source/tasks.c **** 			{
 3791              		.loc 1 3299 8 is_stmt 0 discriminator 2 view .LVU1027
 3792 001a 2A68     		ldr	r2, [r5]
3299:Middlewares/Third_Party/FreeRTOS/Source/tasks.c **** 			{
 3793              		.loc 1 3299 6 discriminator 2 view .LVU1028
 3794 001c 561C     		adds	r6, r2, #1
 3795 001e 18D0     		beq	.L297
3309:Middlewares/Third_Party/FreeRTOS/Source/tasks.c **** 		{
 3796              		.loc 1 3309 3 is_stmt 1 view .LVU1029
3309:Middlewares/Third_Party/FreeRTOS/Source/tasks.c **** 		{
 3797              		.loc 1 3309 37 is_stmt 0 view .LVU1030
 3798 0020 2768     		ldr	r7, [r4]
3309:Middlewares/Third_Party/FreeRTOS/Source/tasks.c **** 		{
 3799              		.loc 1 3309 25 view .LVU1031
 3800 0022 104E     		ldr	r6, .L302+4
 3801 0024 3668     		ldr	r6, [r6]
3309:Middlewares/Third_Party/FreeRTOS/Source/tasks.c **** 		{
 3802              		.loc 1 3309 5 view .LVU1032
 3803 0026 B742     		cmp	r7, r6
 3804 0028 01D0     		beq	.L295
3309:Middlewares/Third_Party/FreeRTOS/Source/tasks.c **** 		{
 3805              		.loc 1 3309 56 discriminator 1 view .LVU1033
 3806 002a 8B42     		cmp	r3, r1
 3807 002c 16D9     		bls	.L298
 3808              	.L295:
3318:Middlewares/Third_Party/FreeRTOS/Source/tasks.c **** 		{
 3809              		.loc 1 3318 8 is_stmt 1 view .LVU1034
3318:Middlewares/Third_Party/FreeRTOS/Source/tasks.c **** 		{
 3810              		.loc 1 3318 10 is_stmt 0 view .LVU1035
 3811 002e 8242     		cmp	r2, r0
 3812 0030 07D8     		bhi	.L301
3327:Middlewares/Third_Party/FreeRTOS/Source/tasks.c **** 			xReturn = pdTRUE;
 3813              		.loc 1 3327 4 is_stmt 1 view .LVU1036
3327:Middlewares/Third_Party/FreeRTOS/Source/tasks.c **** 			xReturn = pdTRUE;
 3814              		.loc 1 3327 19 is_stmt 0 view .LVU1037
 3815 0032 0023     		movs	r3, #0
 3816 0034 2B60     		str	r3, [r5]
3328:Middlewares/Third_Party/FreeRTOS/Source/tasks.c **** 		}
 3817              		.loc 1 3328 4 is_stmt 1 view .LVU1038
ARM GAS  C:\Users\Asus\AppData\Local\Temp\cctip26G.s 			page 177


 3818              	.LVL302:
3328:Middlewares/Third_Party/FreeRTOS/Source/tasks.c **** 		}
 3819              		.loc 1 3328 12 is_stmt 0 view .LVU1039
 3820 0036 0124     		movs	r4, #1
 3821              	.LVL303:
3328:Middlewares/Third_Party/FreeRTOS/Source/tasks.c **** 		}
 3822              		.loc 1 3328 12 view .LVU1040
 3823 0038 0CE0     		b	.L294
 3824              	.LVL304:
 3825              	.L299:
3328:Middlewares/Third_Party/FreeRTOS/Source/tasks.c **** 		}
 3826              		.loc 1 3328 12 view .LVU1041
 3827              	.LBE16:
3278:Middlewares/Third_Party/FreeRTOS/Source/tasks.c **** 	configASSERT( pxTicksToWait );
 3828              		.loc 1 3278 2 is_stmt 1 discriminator 1 view .LVU1042
 3829              		.syntax divided
 3830              	@ 3278 "Middlewares/Third_Party/FreeRTOS/Source/tasks.c" 1
 3831 003a 72B6     		 cpsid i 
 3832              	@ 0 "" 2
 3833              		.thumb
 3834              		.syntax unified
 3835              	.L291:
3278:Middlewares/Third_Party/FreeRTOS/Source/tasks.c **** 	configASSERT( pxTicksToWait );
 3836              		.loc 1 3278 2 discriminator 1 view .LVU1043
3278:Middlewares/Third_Party/FreeRTOS/Source/tasks.c **** 	configASSERT( pxTicksToWait );
 3837              		.loc 1 3278 2 discriminator 1 view .LVU1044
 3838 003c FEE7     		b	.L291
 3839              	.L300:
3279:Middlewares/Third_Party/FreeRTOS/Source/tasks.c **** 
 3840              		.loc 1 3279 2 discriminator 1 view .LVU1045
 3841              		.syntax divided
 3842              	@ 3279 "Middlewares/Third_Party/FreeRTOS/Source/tasks.c" 1
 3843 003e 72B6     		 cpsid i 
 3844              	@ 0 "" 2
 3845              		.thumb
 3846              		.syntax unified
 3847              	.L293:
3279:Middlewares/Third_Party/FreeRTOS/Source/tasks.c **** 
 3848              		.loc 1 3279 2 discriminator 2 view .LVU1046
3279:Middlewares/Third_Party/FreeRTOS/Source/tasks.c **** 
 3849              		.loc 1 3279 2 discriminator 2 view .LVU1047
 3850 0040 FEE7     		b	.L293
 3851              	.LVL305:
 3852              	.L301:
 3853              	.LBB17:
3321:Middlewares/Third_Party/FreeRTOS/Source/tasks.c **** 			vTaskInternalSetTimeOutState( pxTimeOut );
 3854              		.loc 1 3321 4 view .LVU1048
3321:Middlewares/Third_Party/FreeRTOS/Source/tasks.c **** 			vTaskInternalSetTimeOutState( pxTimeOut );
 3855              		.loc 1 3321 19 is_stmt 0 view .LVU1049
 3856 0042 5B1A     		subs	r3, r3, r1
 3857 0044 9B18     		adds	r3, r3, r2
 3858 0046 2B60     		str	r3, [r5]
3322:Middlewares/Third_Party/FreeRTOS/Source/tasks.c **** 			xReturn = pdFALSE;
 3859              		.loc 1 3322 4 is_stmt 1 view .LVU1050
 3860 0048 2000     		movs	r0, r4
 3861              	.LVL306:
3322:Middlewares/Third_Party/FreeRTOS/Source/tasks.c **** 			xReturn = pdFALSE;
ARM GAS  C:\Users\Asus\AppData\Local\Temp\cctip26G.s 			page 178


 3862              		.loc 1 3322 4 is_stmt 0 view .LVU1051
 3863 004a FFF7FEFF 		bl	vTaskInternalSetTimeOutState
 3864              	.LVL307:
3323:Middlewares/Third_Party/FreeRTOS/Source/tasks.c **** 		}
 3865              		.loc 1 3323 4 is_stmt 1 view .LVU1052
3323:Middlewares/Third_Party/FreeRTOS/Source/tasks.c **** 		}
 3866              		.loc 1 3323 12 is_stmt 0 view .LVU1053
 3867 004e 0024     		movs	r4, #0
 3868              	.LVL308:
3323:Middlewares/Third_Party/FreeRTOS/Source/tasks.c **** 		}
 3869              		.loc 1 3323 12 view .LVU1054
 3870 0050 00E0     		b	.L294
 3871              	.LVL309:
 3872              	.L297:
3304:Middlewares/Third_Party/FreeRTOS/Source/tasks.c **** 			}
 3873              		.loc 1 3304 13 view .LVU1055
 3874 0052 0024     		movs	r4, #0
 3875              	.LVL310:
 3876              	.L294:
3304:Middlewares/Third_Party/FreeRTOS/Source/tasks.c **** 			}
 3877              		.loc 1 3304 13 view .LVU1056
 3878              	.LBE17:
3331:Middlewares/Third_Party/FreeRTOS/Source/tasks.c **** 
 3879              		.loc 1 3331 2 is_stmt 1 view .LVU1057
 3880 0054 FFF7FEFF 		bl	vPortExitCritical
 3881              	.LVL311:
3333:Middlewares/Third_Party/FreeRTOS/Source/tasks.c **** }
 3882              		.loc 1 3333 2 view .LVU1058
3334:Middlewares/Third_Party/FreeRTOS/Source/tasks.c **** /*-----------------------------------------------------------*/
 3883              		.loc 1 3334 1 is_stmt 0 view .LVU1059
 3884 0058 2000     		movs	r0, r4
 3885              		@ sp needed
 3886              	.LVL312:
 3887              	.LVL313:
3334:Middlewares/Third_Party/FreeRTOS/Source/tasks.c **** /*-----------------------------------------------------------*/
 3888              		.loc 1 3334 1 view .LVU1060
 3889 005a F8BD     		pop	{r3, r4, r5, r6, r7, pc}
 3890              	.LVL314:
 3891              	.L298:
 3892              	.LBB18:
3316:Middlewares/Third_Party/FreeRTOS/Source/tasks.c **** 		}
 3893              		.loc 1 3316 12 view .LVU1061
 3894 005c 0124     		movs	r4, #1
 3895              	.LVL315:
3316:Middlewares/Third_Party/FreeRTOS/Source/tasks.c **** 		}
 3896              		.loc 1 3316 12 view .LVU1062
 3897 005e F9E7     		b	.L294
 3898              	.L303:
 3899              		.align	2
 3900              	.L302:
 3901 0060 00000000 		.word	xTickCount
 3902 0064 00000000 		.word	xNumOfOverflows
 3903              	.LBE18:
 3904              		.cfi_endproc
 3905              	.LFE29:
 3907              		.section	.text.vTaskMissedYield,"ax",%progbits
 3908              		.align	1
ARM GAS  C:\Users\Asus\AppData\Local\Temp\cctip26G.s 			page 179


 3909              		.global	vTaskMissedYield
 3910              		.syntax unified
 3911              		.code	16
 3912              		.thumb_func
 3914              	vTaskMissedYield:
 3915              	.LFB30:
3338:Middlewares/Third_Party/FreeRTOS/Source/tasks.c **** 	xYieldPending = pdTRUE;
 3916              		.loc 1 3338 1 is_stmt 1 view -0
 3917              		.cfi_startproc
 3918              		@ args = 0, pretend = 0, frame = 0
 3919              		@ frame_needed = 0, uses_anonymous_args = 0
 3920              		@ link register save eliminated.
3339:Middlewares/Third_Party/FreeRTOS/Source/tasks.c **** }
 3921              		.loc 1 3339 2 view .LVU1064
3339:Middlewares/Third_Party/FreeRTOS/Source/tasks.c **** }
 3922              		.loc 1 3339 16 is_stmt 0 view .LVU1065
 3923 0000 014B     		ldr	r3, .L305
 3924 0002 0122     		movs	r2, #1
 3925 0004 1A60     		str	r2, [r3]
3340:Middlewares/Third_Party/FreeRTOS/Source/tasks.c **** /*-----------------------------------------------------------*/
 3926              		.loc 1 3340 1 view .LVU1066
 3927              		@ sp needed
 3928 0006 7047     		bx	lr
 3929              	.L306:
 3930              		.align	2
 3931              	.L305:
 3932 0008 00000000 		.word	xYieldPending
 3933              		.cfi_endproc
 3934              	.LFE30:
 3936              		.section	.text.xTaskGetCurrentTaskHandle,"ax",%progbits
 3937              		.align	1
 3938              		.global	xTaskGetCurrentTaskHandle
 3939              		.syntax unified
 3940              		.code	16
 3941              		.thumb_func
 3943              	xTaskGetCurrentTaskHandle:
 3944              	.LFB36:
3970:Middlewares/Third_Party/FreeRTOS/Source/tasks.c **** 	TaskHandle_t xReturn;
 3945              		.loc 1 3970 2 is_stmt 1 view -0
 3946              		.cfi_startproc
 3947              		@ args = 0, pretend = 0, frame = 0
 3948              		@ frame_needed = 0, uses_anonymous_args = 0
 3949              		@ link register save eliminated.
3971:Middlewares/Third_Party/FreeRTOS/Source/tasks.c **** 
 3950              		.loc 1 3971 2 view .LVU1068
3976:Middlewares/Third_Party/FreeRTOS/Source/tasks.c **** 
 3951              		.loc 1 3976 3 view .LVU1069
3976:Middlewares/Third_Party/FreeRTOS/Source/tasks.c **** 
 3952              		.loc 1 3976 11 is_stmt 0 view .LVU1070
 3953 0000 014B     		ldr	r3, .L308
 3954 0002 1868     		ldr	r0, [r3]
 3955              	.LVL316:
3978:Middlewares/Third_Party/FreeRTOS/Source/tasks.c **** 	}
 3956              		.loc 1 3978 3 is_stmt 1 view .LVU1071
3979:Middlewares/Third_Party/FreeRTOS/Source/tasks.c **** 
 3957              		.loc 1 3979 2 is_stmt 0 view .LVU1072
 3958              		@ sp needed
ARM GAS  C:\Users\Asus\AppData\Local\Temp\cctip26G.s 			page 180


 3959 0004 7047     		bx	lr
 3960              	.L309:
 3961 0006 C046     		.align	2
 3962              	.L308:
 3963 0008 00000000 		.word	pxCurrentTCB
 3964              		.cfi_endproc
 3965              	.LFE36:
 3967              		.section	.text.xTaskGetSchedulerState,"ax",%progbits
 3968              		.align	1
 3969              		.global	xTaskGetSchedulerState
 3970              		.syntax unified
 3971              		.code	16
 3972              		.thumb_func
 3974              	xTaskGetSchedulerState:
 3975              	.LFB37:
3987:Middlewares/Third_Party/FreeRTOS/Source/tasks.c **** 	BaseType_t xReturn;
 3976              		.loc 1 3987 2 is_stmt 1 view -0
 3977              		.cfi_startproc
 3978              		@ args = 0, pretend = 0, frame = 0
 3979              		@ frame_needed = 0, uses_anonymous_args = 0
 3980              		@ link register save eliminated.
3988:Middlewares/Third_Party/FreeRTOS/Source/tasks.c **** 
 3981              		.loc 1 3988 2 view .LVU1074
3990:Middlewares/Third_Party/FreeRTOS/Source/tasks.c **** 		{
 3982              		.loc 1 3990 3 view .LVU1075
3990:Middlewares/Third_Party/FreeRTOS/Source/tasks.c **** 		{
 3983              		.loc 1 3990 25 is_stmt 0 view .LVU1076
 3984 0000 064B     		ldr	r3, .L315
 3985 0002 1B68     		ldr	r3, [r3]
3990:Middlewares/Third_Party/FreeRTOS/Source/tasks.c **** 		{
 3986              		.loc 1 3990 5 view .LVU1077
 3987 0004 002B     		cmp	r3, #0
 3988 0006 07D0     		beq	.L312
3996:Middlewares/Third_Party/FreeRTOS/Source/tasks.c **** 			{
 3989              		.loc 1 3996 4 is_stmt 1 view .LVU1078
3996:Middlewares/Third_Party/FreeRTOS/Source/tasks.c **** 			{
 3990              		.loc 1 3996 29 is_stmt 0 view .LVU1079
 3991 0008 054B     		ldr	r3, .L315+4
 3992 000a 1B68     		ldr	r3, [r3]
3996:Middlewares/Third_Party/FreeRTOS/Source/tasks.c **** 			{
 3993              		.loc 1 3996 6 view .LVU1080
 3994 000c 002B     		cmp	r3, #0
 3995 000e 01D0     		beq	.L314
4002:Middlewares/Third_Party/FreeRTOS/Source/tasks.c **** 			}
 3996              		.loc 1 4002 13 view .LVU1081
 3997 0010 0020     		movs	r0, #0
 3998              	.LVL317:
4006:Middlewares/Third_Party/FreeRTOS/Source/tasks.c **** 	}
 3999              		.loc 1 4006 3 is_stmt 1 view .LVU1082
4006:Middlewares/Third_Party/FreeRTOS/Source/tasks.c **** 	}
 4000              		.loc 1 4006 10 is_stmt 0 view .LVU1083
 4001 0012 02E0     		b	.L310
 4002              	.LVL318:
 4003              	.L314:
3998:Middlewares/Third_Party/FreeRTOS/Source/tasks.c **** 			}
 4004              		.loc 1 3998 13 view .LVU1084
 4005 0014 0220     		movs	r0, #2
ARM GAS  C:\Users\Asus\AppData\Local\Temp\cctip26G.s 			page 181


 4006 0016 00E0     		b	.L310
 4007              	.L312:
3992:Middlewares/Third_Party/FreeRTOS/Source/tasks.c **** 		}
 4008              		.loc 1 3992 12 view .LVU1085
 4009 0018 0120     		movs	r0, #1
 4010              	.L310:
4007:Middlewares/Third_Party/FreeRTOS/Source/tasks.c **** 
 4011              		.loc 1 4007 2 view .LVU1086
 4012              		@ sp needed
 4013 001a 7047     		bx	lr
 4014              	.L316:
 4015              		.align	2
 4016              	.L315:
 4017 001c 00000000 		.word	xSchedulerRunning
 4018 0020 00000000 		.word	uxSchedulerSuspended
 4019              		.cfi_endproc
 4020              	.LFE37:
 4022              		.section	.text.xTaskPriorityInherit,"ax",%progbits
 4023              		.align	1
 4024              		.global	xTaskPriorityInherit
 4025              		.syntax unified
 4026              		.code	16
 4027              		.thumb_func
 4029              	xTaskPriorityInherit:
 4030              	.LVL319:
 4031              	.LFB38:
4015:Middlewares/Third_Party/FreeRTOS/Source/tasks.c **** 	TCB_t * const pxMutexHolderTCB = pxMutexHolder;
 4032              		.loc 1 4015 2 is_stmt 1 view -0
 4033              		.cfi_startproc
 4034              		@ args = 0, pretend = 0, frame = 0
 4035              		@ frame_needed = 0, uses_anonymous_args = 0
4015:Middlewares/Third_Party/FreeRTOS/Source/tasks.c **** 	TCB_t * const pxMutexHolderTCB = pxMutexHolder;
 4036              		.loc 1 4015 2 is_stmt 0 view .LVU1088
 4037 0000 70B5     		push	{r4, r5, r6, lr}
 4038              		.cfi_def_cfa_offset 16
 4039              		.cfi_offset 4, -16
 4040              		.cfi_offset 5, -12
 4041              		.cfi_offset 6, -8
 4042              		.cfi_offset 14, -4
 4043 0002 041E     		subs	r4, r0, #0
4016:Middlewares/Third_Party/FreeRTOS/Source/tasks.c **** 	BaseType_t xReturn = pdFALSE;
 4044              		.loc 1 4016 2 is_stmt 1 view .LVU1089
 4045              	.LVL320:
4017:Middlewares/Third_Party/FreeRTOS/Source/tasks.c **** 
 4046              		.loc 1 4017 2 view .LVU1090
4022:Middlewares/Third_Party/FreeRTOS/Source/tasks.c **** 		{
 4047              		.loc 1 4022 3 view .LVU1091
4022:Middlewares/Third_Party/FreeRTOS/Source/tasks.c **** 		{
 4048              		.loc 1 4022 5 is_stmt 0 view .LVU1092
 4049 0004 3CD0     		beq	.L323
4027:Middlewares/Third_Party/FreeRTOS/Source/tasks.c **** 			{
 4050              		.loc 1 4027 4 is_stmt 1 view .LVU1093
4027:Middlewares/Third_Party/FreeRTOS/Source/tasks.c **** 			{
 4051              		.loc 1 4027 24 is_stmt 0 view .LVU1094
 4052 0006 C26A     		ldr	r2, [r0, #44]
4027:Middlewares/Third_Party/FreeRTOS/Source/tasks.c **** 			{
 4053              		.loc 1 4027 51 view .LVU1095
ARM GAS  C:\Users\Asus\AppData\Local\Temp\cctip26G.s 			page 182


 4054 0008 1F4B     		ldr	r3, .L326
 4055 000a 1B68     		ldr	r3, [r3]
 4056 000c DB6A     		ldr	r3, [r3, #44]
4027:Middlewares/Third_Party/FreeRTOS/Source/tasks.c **** 			{
 4057              		.loc 1 4027 6 view .LVU1096
 4058 000e 9A42     		cmp	r2, r3
 4059 0010 2ED2     		bcs	.L319
4032:Middlewares/Third_Party/FreeRTOS/Source/tasks.c **** 				{
 4060              		.loc 1 4032 5 is_stmt 1 view .LVU1097
4032:Middlewares/Third_Party/FreeRTOS/Source/tasks.c **** 				{
 4061              		.loc 1 4032 11 is_stmt 0 view .LVU1098
 4062 0012 8369     		ldr	r3, [r0, #24]
4032:Middlewares/Third_Party/FreeRTOS/Source/tasks.c **** 				{
 4063              		.loc 1 4032 7 view .LVU1099
 4064 0014 002B     		cmp	r3, #0
 4065 0016 05DB     		blt	.L320
4034:Middlewares/Third_Party/FreeRTOS/Source/tasks.c **** 				}
 4066              		.loc 1 4034 6 is_stmt 1 view .LVU1100
 4067 0018 1B4B     		ldr	r3, .L326
 4068 001a 1B68     		ldr	r3, [r3]
 4069 001c D96A     		ldr	r1, [r3, #44]
 4070 001e 0723     		movs	r3, #7
 4071 0020 5B1A     		subs	r3, r3, r1
 4072 0022 8361     		str	r3, [r0, #24]
 4073              	.L320:
4038:Middlewares/Third_Party/FreeRTOS/Source/tasks.c **** 				}
 4074              		.loc 1 4038 30 view .LVU1101
4043:Middlewares/Third_Party/FreeRTOS/Source/tasks.c **** 				{
 4075              		.loc 1 4043 5 view .LVU1102
4043:Middlewares/Third_Party/FreeRTOS/Source/tasks.c **** 				{
 4076              		.loc 1 4043 9 is_stmt 0 view .LVU1103
 4077 0024 6169     		ldr	r1, [r4, #20]
 4078 0026 9300     		lsls	r3, r2, #2
 4079 0028 9B18     		adds	r3, r3, r2
 4080 002a 9B00     		lsls	r3, r3, #2
 4081 002c 174A     		ldr	r2, .L326+4
 4082 002e 9B18     		adds	r3, r3, r2
4043:Middlewares/Third_Party/FreeRTOS/Source/tasks.c **** 				{
 4083              		.loc 1 4043 7 view .LVU1104
 4084 0030 9942     		cmp	r1, r3
 4085 0032 05D0     		beq	.L325
4064:Middlewares/Third_Party/FreeRTOS/Source/tasks.c **** 				}
 4086              		.loc 1 4064 6 is_stmt 1 view .LVU1105
4064:Middlewares/Third_Party/FreeRTOS/Source/tasks.c **** 				}
 4087              		.loc 1 4064 49 is_stmt 0 view .LVU1106
 4088 0034 144B     		ldr	r3, .L326
 4089 0036 1B68     		ldr	r3, [r3]
 4090 0038 DB6A     		ldr	r3, [r3, #44]
4064:Middlewares/Third_Party/FreeRTOS/Source/tasks.c **** 				}
 4091              		.loc 1 4064 35 view .LVU1107
 4092 003a E362     		str	r3, [r4, #44]
4070:Middlewares/Third_Party/FreeRTOS/Source/tasks.c **** 			}
 4093              		.loc 1 4070 13 view .LVU1108
 4094 003c 0120     		movs	r0, #1
 4095              	.LVL321:
4070:Middlewares/Third_Party/FreeRTOS/Source/tasks.c **** 			}
 4096              		.loc 1 4070 13 view .LVU1109
ARM GAS  C:\Users\Asus\AppData\Local\Temp\cctip26G.s 			page 183


 4097 003e 20E0     		b	.L317
 4098              	.LVL322:
 4099              	.L325:
4045:Middlewares/Third_Party/FreeRTOS/Source/tasks.c **** 					{
 4100              		.loc 1 4045 6 is_stmt 1 view .LVU1110
4045:Middlewares/Third_Party/FreeRTOS/Source/tasks.c **** 					{
 4101              		.loc 1 4045 10 is_stmt 0 view .LVU1111
 4102 0040 251D     		adds	r5, r4, #4
 4103 0042 2800     		movs	r0, r5
 4104              	.LVL323:
4045:Middlewares/Third_Party/FreeRTOS/Source/tasks.c **** 					{
 4105              		.loc 1 4045 10 view .LVU1112
 4106 0044 FFF7FEFF 		bl	uxListRemove
 4107              	.LVL324:
4054:Middlewares/Third_Party/FreeRTOS/Source/tasks.c **** 					}
 4108              		.loc 1 4054 31 is_stmt 1 view .LVU1113
4058:Middlewares/Third_Party/FreeRTOS/Source/tasks.c **** 					prvAddTaskToReadyList( pxMutexHolderTCB );
 4109              		.loc 1 4058 6 view .LVU1114
4058:Middlewares/Third_Party/FreeRTOS/Source/tasks.c **** 					prvAddTaskToReadyList( pxMutexHolderTCB );
 4110              		.loc 1 4058 49 is_stmt 0 view .LVU1115
 4111 0048 0F4B     		ldr	r3, .L326
 4112 004a 1B68     		ldr	r3, [r3]
 4113 004c DB6A     		ldr	r3, [r3, #44]
4058:Middlewares/Third_Party/FreeRTOS/Source/tasks.c **** 					prvAddTaskToReadyList( pxMutexHolderTCB );
 4114              		.loc 1 4058 35 view .LVU1116
 4115 004e E362     		str	r3, [r4, #44]
4059:Middlewares/Third_Party/FreeRTOS/Source/tasks.c **** 				}
 4116              		.loc 1 4059 6 is_stmt 1 view .LVU1117
4059:Middlewares/Third_Party/FreeRTOS/Source/tasks.c **** 				}
 4117              		.loc 1 4059 6 view .LVU1118
 4118 0050 0F4A     		ldr	r2, .L326+8
 4119 0052 1268     		ldr	r2, [r2]
 4120 0054 9342     		cmp	r3, r2
 4121 0056 01D9     		bls	.L322
4059:Middlewares/Third_Party/FreeRTOS/Source/tasks.c **** 				}
 4122              		.loc 1 4059 6 discriminator 1 view .LVU1119
 4123 0058 0D4A     		ldr	r2, .L326+8
 4124 005a 1360     		str	r3, [r2]
 4125              	.L322:
4059:Middlewares/Third_Party/FreeRTOS/Source/tasks.c **** 				}
 4126              		.loc 1 4059 6 discriminator 3 view .LVU1120
4059:Middlewares/Third_Party/FreeRTOS/Source/tasks.c **** 				}
 4127              		.loc 1 4059 6 discriminator 3 view .LVU1121
 4128 005c 9800     		lsls	r0, r3, #2
 4129 005e C018     		adds	r0, r0, r3
 4130 0060 8000     		lsls	r0, r0, #2
 4131 0062 0A4B     		ldr	r3, .L326+4
 4132 0064 C018     		adds	r0, r0, r3
 4133 0066 2900     		movs	r1, r5
 4134 0068 FFF7FEFF 		bl	vListInsertEnd
 4135              	.LVL325:
4059:Middlewares/Third_Party/FreeRTOS/Source/tasks.c **** 				}
 4136              		.loc 1 4059 47 discriminator 3 view .LVU1122
4070:Middlewares/Third_Party/FreeRTOS/Source/tasks.c **** 			}
 4137              		.loc 1 4070 13 is_stmt 0 discriminator 3 view .LVU1123
 4138 006c 0120     		movs	r0, #1
 4139 006e 08E0     		b	.L317
ARM GAS  C:\Users\Asus\AppData\Local\Temp\cctip26G.s 			page 184


 4140              	.LVL326:
 4141              	.L319:
4074:Middlewares/Third_Party/FreeRTOS/Source/tasks.c **** 				{
 4142              		.loc 1 4074 5 is_stmt 1 view .LVU1124
4074:Middlewares/Third_Party/FreeRTOS/Source/tasks.c **** 				{
 4143              		.loc 1 4074 25 is_stmt 0 view .LVU1125
 4144 0070 426C     		ldr	r2, [r0, #68]
4074:Middlewares/Third_Party/FreeRTOS/Source/tasks.c **** 				{
 4145              		.loc 1 4074 56 view .LVU1126
 4146 0072 054B     		ldr	r3, .L326
 4147 0074 1B68     		ldr	r3, [r3]
 4148 0076 DB6A     		ldr	r3, [r3, #44]
4074:Middlewares/Third_Party/FreeRTOS/Source/tasks.c **** 				{
 4149              		.loc 1 4074 7 view .LVU1127
 4150 0078 9A42     		cmp	r2, r3
 4151 007a 03D3     		bcc	.L324
4017:Middlewares/Third_Party/FreeRTOS/Source/tasks.c **** 
 4152              		.loc 1 4017 13 view .LVU1128
 4153 007c 0020     		movs	r0, #0
 4154              	.LVL327:
4017:Middlewares/Third_Party/FreeRTOS/Source/tasks.c **** 
 4155              		.loc 1 4017 13 view .LVU1129
 4156 007e 00E0     		b	.L317
 4157              	.LVL328:
 4158              	.L323:
4017:Middlewares/Third_Party/FreeRTOS/Source/tasks.c **** 
 4159              		.loc 1 4017 13 view .LVU1130
 4160 0080 0020     		movs	r0, #0
 4161              	.LVL329:
 4162              	.L317:
4097:Middlewares/Third_Party/FreeRTOS/Source/tasks.c **** 
 4163              		.loc 1 4097 2 view .LVU1131
 4164              		@ sp needed
 4165              	.LVL330:
4097:Middlewares/Third_Party/FreeRTOS/Source/tasks.c **** 
 4166              		.loc 1 4097 2 view .LVU1132
 4167 0082 70BD     		pop	{r4, r5, r6, pc}
 4168              	.LVL331:
 4169              	.L324:
4083:Middlewares/Third_Party/FreeRTOS/Source/tasks.c **** 				}
 4170              		.loc 1 4083 14 view .LVU1133
 4171 0084 0120     		movs	r0, #1
 4172              	.LVL332:
4093:Middlewares/Third_Party/FreeRTOS/Source/tasks.c **** 		}
 4173              		.loc 1 4093 28 is_stmt 1 view .LVU1134
4096:Middlewares/Third_Party/FreeRTOS/Source/tasks.c **** 	}
 4174              		.loc 1 4096 3 view .LVU1135
4096:Middlewares/Third_Party/FreeRTOS/Source/tasks.c **** 	}
 4175              		.loc 1 4096 10 is_stmt 0 view .LVU1136
 4176 0086 FCE7     		b	.L317
 4177              	.L327:
 4178              		.align	2
 4179              	.L326:
 4180 0088 00000000 		.word	pxCurrentTCB
 4181 008c 00000000 		.word	pxReadyTasksLists
 4182 0090 00000000 		.word	uxTopReadyPriority
 4183              		.cfi_endproc
ARM GAS  C:\Users\Asus\AppData\Local\Temp\cctip26G.s 			page 185


 4184              	.LFE38:
 4186              		.section	.text.xTaskPriorityDisinherit,"ax",%progbits
 4187              		.align	1
 4188              		.global	xTaskPriorityDisinherit
 4189              		.syntax unified
 4190              		.code	16
 4191              		.thumb_func
 4193              	xTaskPriorityDisinherit:
 4194              	.LVL333:
 4195              	.LFB39:
4105:Middlewares/Third_Party/FreeRTOS/Source/tasks.c **** 	TCB_t * const pxTCB = pxMutexHolder;
 4196              		.loc 1 4105 2 is_stmt 1 view -0
 4197              		.cfi_startproc
 4198              		@ args = 0, pretend = 0, frame = 0
 4199              		@ frame_needed = 0, uses_anonymous_args = 0
4105:Middlewares/Third_Party/FreeRTOS/Source/tasks.c **** 	TCB_t * const pxTCB = pxMutexHolder;
 4200              		.loc 1 4105 2 is_stmt 0 view .LVU1138
 4201 0000 70B5     		push	{r4, r5, r6, lr}
 4202              		.cfi_def_cfa_offset 16
 4203              		.cfi_offset 4, -16
 4204              		.cfi_offset 5, -12
 4205              		.cfi_offset 6, -8
 4206              		.cfi_offset 14, -4
 4207 0002 041E     		subs	r4, r0, #0
4106:Middlewares/Third_Party/FreeRTOS/Source/tasks.c **** 	BaseType_t xReturn = pdFALSE;
 4208              		.loc 1 4106 2 is_stmt 1 view .LVU1139
 4209              	.LVL334:
4107:Middlewares/Third_Party/FreeRTOS/Source/tasks.c **** 
 4210              		.loc 1 4107 2 view .LVU1140
4109:Middlewares/Third_Party/FreeRTOS/Source/tasks.c **** 		{
 4211              		.loc 1 4109 3 view .LVU1141
4109:Middlewares/Third_Party/FreeRTOS/Source/tasks.c **** 		{
 4212              		.loc 1 4109 5 is_stmt 0 view .LVU1142
 4213 0004 2DD0     		beq	.L335
4115:Middlewares/Third_Party/FreeRTOS/Source/tasks.c **** 			configASSERT( pxTCB->uxMutexesHeld );
 4214              		.loc 1 4115 4 is_stmt 1 view .LVU1143
 4215 0006 194B     		ldr	r3, .L339
 4216 0008 1B68     		ldr	r3, [r3]
 4217 000a 8342     		cmp	r3, r0
 4218 000c 01D0     		beq	.L330
4115:Middlewares/Third_Party/FreeRTOS/Source/tasks.c **** 			configASSERT( pxTCB->uxMutexesHeld );
 4219              		.loc 1 4115 4 discriminator 1 view .LVU1144
 4220              		.syntax divided
 4221              	@ 4115 "Middlewares/Third_Party/FreeRTOS/Source/tasks.c" 1
 4222 000e 72B6     		 cpsid i 
 4223              	@ 0 "" 2
 4224              		.thumb
 4225              		.syntax unified
 4226              	.L331:
4115:Middlewares/Third_Party/FreeRTOS/Source/tasks.c **** 			configASSERT( pxTCB->uxMutexesHeld );
 4227              		.loc 1 4115 4 discriminator 1 view .LVU1145
4115:Middlewares/Third_Party/FreeRTOS/Source/tasks.c **** 			configASSERT( pxTCB->uxMutexesHeld );
 4228              		.loc 1 4115 4 discriminator 1 view .LVU1146
 4229 0010 FEE7     		b	.L331
 4230              	.L330:
4115:Middlewares/Third_Party/FreeRTOS/Source/tasks.c **** 			configASSERT( pxTCB->uxMutexesHeld );
 4231              		.loc 1 4115 41 discriminator 2 view .LVU1147
ARM GAS  C:\Users\Asus\AppData\Local\Temp\cctip26G.s 			page 186


4116:Middlewares/Third_Party/FreeRTOS/Source/tasks.c **** 			( pxTCB->uxMutexesHeld )--;
 4232              		.loc 1 4116 4 discriminator 2 view .LVU1148
 4233 0012 836C     		ldr	r3, [r0, #72]
 4234 0014 002B     		cmp	r3, #0
 4235 0016 01D1     		bne	.L332
4116:Middlewares/Third_Party/FreeRTOS/Source/tasks.c **** 			( pxTCB->uxMutexesHeld )--;
 4236              		.loc 1 4116 4 discriminator 1 view .LVU1149
 4237              		.syntax divided
 4238              	@ 4116 "Middlewares/Third_Party/FreeRTOS/Source/tasks.c" 1
 4239 0018 72B6     		 cpsid i 
 4240              	@ 0 "" 2
 4241              		.thumb
 4242              		.syntax unified
 4243              	.L333:
4116:Middlewares/Third_Party/FreeRTOS/Source/tasks.c **** 			( pxTCB->uxMutexesHeld )--;
 4244              		.loc 1 4116 4 discriminator 2 view .LVU1150
4116:Middlewares/Third_Party/FreeRTOS/Source/tasks.c **** 			( pxTCB->uxMutexesHeld )--;
 4245              		.loc 1 4116 4 discriminator 2 view .LVU1151
 4246 001a FEE7     		b	.L333
 4247              	.L332:
4116:Middlewares/Third_Party/FreeRTOS/Source/tasks.c **** 			( pxTCB->uxMutexesHeld )--;
 4248              		.loc 1 4116 40 discriminator 2 view .LVU1152
4117:Middlewares/Third_Party/FreeRTOS/Source/tasks.c **** 
 4249              		.loc 1 4117 4 discriminator 2 view .LVU1153
4117:Middlewares/Third_Party/FreeRTOS/Source/tasks.c **** 
 4250              		.loc 1 4117 28 is_stmt 0 discriminator 2 view .LVU1154
 4251 001c 013B     		subs	r3, r3, #1
 4252 001e 8364     		str	r3, [r0, #72]
4121:Middlewares/Third_Party/FreeRTOS/Source/tasks.c **** 			{
 4253              		.loc 1 4121 4 is_stmt 1 discriminator 2 view .LVU1155
4121:Middlewares/Third_Party/FreeRTOS/Source/tasks.c **** 			{
 4254              		.loc 1 4121 13 is_stmt 0 discriminator 2 view .LVU1156
 4255 0020 C16A     		ldr	r1, [r0, #44]
4121:Middlewares/Third_Party/FreeRTOS/Source/tasks.c **** 			{
 4256              		.loc 1 4121 34 discriminator 2 view .LVU1157
 4257 0022 426C     		ldr	r2, [r0, #68]
4121:Middlewares/Third_Party/FreeRTOS/Source/tasks.c **** 			{
 4258              		.loc 1 4121 6 discriminator 2 view .LVU1158
 4259 0024 9142     		cmp	r1, r2
 4260 0026 1ED0     		beq	.L336
4124:Middlewares/Third_Party/FreeRTOS/Source/tasks.c **** 				{
 4261              		.loc 1 4124 5 is_stmt 1 view .LVU1159
4124:Middlewares/Third_Party/FreeRTOS/Source/tasks.c **** 				{
 4262              		.loc 1 4124 7 is_stmt 0 view .LVU1160
 4263 0028 002B     		cmp	r3, #0
 4264 002a 01D0     		beq	.L338
4107:Middlewares/Third_Party/FreeRTOS/Source/tasks.c **** 
 4265              		.loc 1 4107 13 view .LVU1161
 4266 002c 0020     		movs	r0, #0
 4267              	.LVL335:
4173:Middlewares/Third_Party/FreeRTOS/Source/tasks.c **** 		}
 4268              		.loc 1 4173 28 is_stmt 1 view .LVU1162
4176:Middlewares/Third_Party/FreeRTOS/Source/tasks.c **** 	}
 4269              		.loc 1 4176 3 view .LVU1163
4176:Middlewares/Third_Party/FreeRTOS/Source/tasks.c **** 	}
 4270              		.loc 1 4176 10 is_stmt 0 view .LVU1164
 4271 002e 19E0     		b	.L328
ARM GAS  C:\Users\Asus\AppData\Local\Temp\cctip26G.s 			page 187


 4272              	.LVL336:
 4273              	.L338:
4131:Middlewares/Third_Party/FreeRTOS/Source/tasks.c **** 					{
 4274              		.loc 1 4131 6 is_stmt 1 view .LVU1165
4131:Middlewares/Third_Party/FreeRTOS/Source/tasks.c **** 					{
 4275              		.loc 1 4131 10 is_stmt 0 view .LVU1166
 4276 0030 051D     		adds	r5, r0, #4
 4277 0032 2800     		movs	r0, r5
 4278              	.LVL337:
4131:Middlewares/Third_Party/FreeRTOS/Source/tasks.c **** 					{
 4279              		.loc 1 4131 10 view .LVU1167
 4280 0034 FFF7FEFF 		bl	uxListRemove
 4281              	.LVL338:
4137:Middlewares/Third_Party/FreeRTOS/Source/tasks.c **** 					}
 4282              		.loc 1 4137 31 is_stmt 1 view .LVU1168
4142:Middlewares/Third_Party/FreeRTOS/Source/tasks.c **** 					pxTCB->uxPriority = pxTCB->uxBasePriority;
 4283              		.loc 1 4142 67 view .LVU1169
4143:Middlewares/Third_Party/FreeRTOS/Source/tasks.c **** 
 4284              		.loc 1 4143 6 view .LVU1170
4143:Middlewares/Third_Party/FreeRTOS/Source/tasks.c **** 
 4285              		.loc 1 4143 31 is_stmt 0 view .LVU1171
 4286 0038 636C     		ldr	r3, [r4, #68]
4143:Middlewares/Third_Party/FreeRTOS/Source/tasks.c **** 
 4287              		.loc 1 4143 24 view .LVU1172
 4288 003a E362     		str	r3, [r4, #44]
4148:Middlewares/Third_Party/FreeRTOS/Source/tasks.c **** 					prvAddTaskToReadyList( pxTCB );
 4289              		.loc 1 4148 6 is_stmt 1 view .LVU1173
 4290 003c 0722     		movs	r2, #7
 4291 003e D21A     		subs	r2, r2, r3
 4292 0040 A261     		str	r2, [r4, #24]
4149:Middlewares/Third_Party/FreeRTOS/Source/tasks.c **** 
 4293              		.loc 1 4149 6 view .LVU1174
4149:Middlewares/Third_Party/FreeRTOS/Source/tasks.c **** 
 4294              		.loc 1 4149 6 view .LVU1175
 4295 0042 0B4A     		ldr	r2, .L339+4
 4296 0044 1268     		ldr	r2, [r2]
 4297 0046 9342     		cmp	r3, r2
 4298 0048 01D9     		bls	.L334
4149:Middlewares/Third_Party/FreeRTOS/Source/tasks.c **** 
 4299              		.loc 1 4149 6 discriminator 1 view .LVU1176
 4300 004a 094A     		ldr	r2, .L339+4
 4301 004c 1360     		str	r3, [r2]
 4302              	.L334:
4149:Middlewares/Third_Party/FreeRTOS/Source/tasks.c **** 
 4303              		.loc 1 4149 6 discriminator 3 view .LVU1177
4149:Middlewares/Third_Party/FreeRTOS/Source/tasks.c **** 
 4304              		.loc 1 4149 6 discriminator 3 view .LVU1178
 4305 004e 9800     		lsls	r0, r3, #2
 4306 0050 C018     		adds	r0, r0, r3
 4307 0052 8000     		lsls	r0, r0, #2
 4308 0054 074B     		ldr	r3, .L339+8
 4309 0056 C018     		adds	r0, r0, r3
 4310 0058 2900     		movs	r1, r5
 4311 005a FFF7FEFF 		bl	vListInsertEnd
 4312              	.LVL339:
4149:Middlewares/Third_Party/FreeRTOS/Source/tasks.c **** 
 4313              		.loc 1 4149 36 discriminator 3 view .LVU1179
ARM GAS  C:\Users\Asus\AppData\Local\Temp\cctip26G.s 			page 188


4159:Middlewares/Third_Party/FreeRTOS/Source/tasks.c **** 				}
 4314              		.loc 1 4159 6 discriminator 3 view .LVU1180
4159:Middlewares/Third_Party/FreeRTOS/Source/tasks.c **** 				}
 4315              		.loc 1 4159 14 is_stmt 0 discriminator 3 view .LVU1181
 4316 005e 0120     		movs	r0, #1
 4317 0060 00E0     		b	.L328
 4318              	.LVL340:
 4319              	.L335:
4107:Middlewares/Third_Party/FreeRTOS/Source/tasks.c **** 
 4320              		.loc 1 4107 13 view .LVU1182
 4321 0062 0020     		movs	r0, #0
 4322              	.LVL341:
 4323              	.L328:
4177:Middlewares/Third_Party/FreeRTOS/Source/tasks.c **** 
 4324              		.loc 1 4177 2 view .LVU1183
 4325              		@ sp needed
 4326              	.LVL342:
4177:Middlewares/Third_Party/FreeRTOS/Source/tasks.c **** 
 4327              		.loc 1 4177 2 view .LVU1184
 4328 0064 70BD     		pop	{r4, r5, r6, pc}
 4329              	.LVL343:
 4330              	.L336:
4107:Middlewares/Third_Party/FreeRTOS/Source/tasks.c **** 
 4331              		.loc 1 4107 13 view .LVU1185
 4332 0066 0020     		movs	r0, #0
 4333              	.LVL344:
4107:Middlewares/Third_Party/FreeRTOS/Source/tasks.c **** 
 4334              		.loc 1 4107 13 view .LVU1186
 4335 0068 FCE7     		b	.L328
 4336              	.L340:
 4337 006a C046     		.align	2
 4338              	.L339:
 4339 006c 00000000 		.word	pxCurrentTCB
 4340 0070 00000000 		.word	uxTopReadyPriority
 4341 0074 00000000 		.word	pxReadyTasksLists
 4342              		.cfi_endproc
 4343              	.LFE39:
 4345              		.section	.text.vTaskPriorityDisinheritAfterTimeout,"ax",%progbits
 4346              		.align	1
 4347              		.global	vTaskPriorityDisinheritAfterTimeout
 4348              		.syntax unified
 4349              		.code	16
 4350              		.thumb_func
 4352              	vTaskPriorityDisinheritAfterTimeout:
 4353              	.LVL345:
 4354              	.LFB40:
4185:Middlewares/Third_Party/FreeRTOS/Source/tasks.c **** 	TCB_t * const pxTCB = pxMutexHolder;
 4355              		.loc 1 4185 2 is_stmt 1 view -0
 4356              		.cfi_startproc
 4357              		@ args = 0, pretend = 0, frame = 0
 4358              		@ frame_needed = 0, uses_anonymous_args = 0
4185:Middlewares/Third_Party/FreeRTOS/Source/tasks.c **** 	TCB_t * const pxTCB = pxMutexHolder;
 4359              		.loc 1 4185 2 is_stmt 0 view .LVU1188
 4360 0000 70B5     		push	{r4, r5, r6, lr}
 4361              		.cfi_def_cfa_offset 16
 4362              		.cfi_offset 4, -16
 4363              		.cfi_offset 5, -12
ARM GAS  C:\Users\Asus\AppData\Local\Temp\cctip26G.s 			page 189


 4364              		.cfi_offset 6, -8
 4365              		.cfi_offset 14, -4
 4366 0002 041E     		subs	r4, r0, #0
4186:Middlewares/Third_Party/FreeRTOS/Source/tasks.c **** 	UBaseType_t uxPriorityUsedOnEntry, uxPriorityToUse;
 4367              		.loc 1 4186 2 is_stmt 1 view .LVU1189
 4368              	.LVL346:
4187:Middlewares/Third_Party/FreeRTOS/Source/tasks.c **** 	const UBaseType_t uxOnlyOneMutexHeld = ( UBaseType_t ) 1;
 4369              		.loc 1 4187 2 view .LVU1190
4188:Middlewares/Third_Party/FreeRTOS/Source/tasks.c **** 
 4370              		.loc 1 4188 2 view .LVU1191
4190:Middlewares/Third_Party/FreeRTOS/Source/tasks.c **** 		{
 4371              		.loc 1 4190 3 view .LVU1192
4190:Middlewares/Third_Party/FreeRTOS/Source/tasks.c **** 		{
 4372              		.loc 1 4190 5 is_stmt 0 view .LVU1193
 4373 0004 0DD0     		beq	.L341
4194:Middlewares/Third_Party/FreeRTOS/Source/tasks.c **** 
 4374              		.loc 1 4194 4 is_stmt 1 view .LVU1194
 4375 0006 836C     		ldr	r3, [r0, #72]
 4376 0008 002B     		cmp	r3, #0
 4377 000a 01D1     		bne	.L343
4194:Middlewares/Third_Party/FreeRTOS/Source/tasks.c **** 
 4378              		.loc 1 4194 4 discriminator 1 view .LVU1195
 4379              		.syntax divided
 4380              	@ 4194 "Middlewares/Third_Party/FreeRTOS/Source/tasks.c" 1
 4381 000c 72B6     		 cpsid i 
 4382              	@ 0 "" 2
 4383              		.thumb
 4384              		.syntax unified
 4385              	.L344:
4194:Middlewares/Third_Party/FreeRTOS/Source/tasks.c **** 
 4386              		.loc 1 4194 4 discriminator 1 view .LVU1196
4194:Middlewares/Third_Party/FreeRTOS/Source/tasks.c **** 
 4387              		.loc 1 4194 4 discriminator 1 view .LVU1197
 4388 000e FEE7     		b	.L344
 4389              	.L343:
4194:Middlewares/Third_Party/FreeRTOS/Source/tasks.c **** 
 4390              		.loc 1 4194 40 discriminator 2 view .LVU1198
4200:Middlewares/Third_Party/FreeRTOS/Source/tasks.c **** 			{
 4391              		.loc 1 4200 4 discriminator 2 view .LVU1199
4200:Middlewares/Third_Party/FreeRTOS/Source/tasks.c **** 			{
 4392              		.loc 1 4200 13 is_stmt 0 discriminator 2 view .LVU1200
 4393 0010 426C     		ldr	r2, [r0, #68]
4200:Middlewares/Third_Party/FreeRTOS/Source/tasks.c **** 			{
 4394              		.loc 1 4200 6 discriminator 2 view .LVU1201
 4395 0012 8A42     		cmp	r2, r1
 4396 0014 00D2     		bcs	.L345
4202:Middlewares/Third_Party/FreeRTOS/Source/tasks.c **** 			}
 4397              		.loc 1 4202 21 view .LVU1202
 4398 0016 0A00     		movs	r2, r1
 4399              	.L345:
 4400              	.LVL347:
4210:Middlewares/Third_Party/FreeRTOS/Source/tasks.c **** 			{
 4401              		.loc 1 4210 4 is_stmt 1 view .LVU1203
4210:Middlewares/Third_Party/FreeRTOS/Source/tasks.c **** 			{
 4402              		.loc 1 4210 13 is_stmt 0 view .LVU1204
 4403 0018 E16A     		ldr	r1, [r4, #44]
 4404              	.LVL348:
ARM GAS  C:\Users\Asus\AppData\Local\Temp\cctip26G.s 			page 190


4210:Middlewares/Third_Party/FreeRTOS/Source/tasks.c **** 			{
 4405              		.loc 1 4210 6 view .LVU1205
 4406 001a 9142     		cmp	r1, r2
 4407 001c 01D0     		beq	.L341
4216:Middlewares/Third_Party/FreeRTOS/Source/tasks.c **** 				{
 4408              		.loc 1 4216 5 is_stmt 1 view .LVU1206
4216:Middlewares/Third_Party/FreeRTOS/Source/tasks.c **** 				{
 4409              		.loc 1 4216 7 is_stmt 0 view .LVU1207
 4410 001e 012B     		cmp	r3, #1
 4411 0020 00D0     		beq	.L350
 4412              	.LVL349:
 4413              	.L341:
4282:Middlewares/Third_Party/FreeRTOS/Source/tasks.c **** 
 4414              		.loc 1 4282 2 view .LVU1208
 4415              		@ sp needed
 4416              	.LVL350:
4282:Middlewares/Third_Party/FreeRTOS/Source/tasks.c **** 
 4417              		.loc 1 4282 2 view .LVU1209
 4418 0022 70BD     		pop	{r4, r5, r6, pc}
 4419              	.LVL351:
 4420              	.L350:
4221:Middlewares/Third_Party/FreeRTOS/Source/tasks.c **** 
 4421              		.loc 1 4221 6 is_stmt 1 view .LVU1210
 4422 0024 144B     		ldr	r3, .L352
 4423 0026 1B68     		ldr	r3, [r3]
 4424 0028 A342     		cmp	r3, r4
 4425 002a 22D0     		beq	.L351
4221:Middlewares/Third_Party/FreeRTOS/Source/tasks.c **** 
 4426              		.loc 1 4221 43 discriminator 2 view .LVU1211
4226:Middlewares/Third_Party/FreeRTOS/Source/tasks.c **** 					uxPriorityUsedOnEntry = pxTCB->uxPriority;
 4427              		.loc 1 4226 67 discriminator 2 view .LVU1212
4227:Middlewares/Third_Party/FreeRTOS/Source/tasks.c **** 					pxTCB->uxPriority = uxPriorityToUse;
 4428              		.loc 1 4227 6 discriminator 2 view .LVU1213
 4429              	.LVL352:
4228:Middlewares/Third_Party/FreeRTOS/Source/tasks.c **** 
 4430              		.loc 1 4228 6 discriminator 2 view .LVU1214
4228:Middlewares/Third_Party/FreeRTOS/Source/tasks.c **** 
 4431              		.loc 1 4228 24 is_stmt 0 discriminator 2 view .LVU1215
 4432 002c E262     		str	r2, [r4, #44]
4232:Middlewares/Third_Party/FreeRTOS/Source/tasks.c **** 					{
 4433              		.loc 1 4232 6 is_stmt 1 discriminator 2 view .LVU1216
4232:Middlewares/Third_Party/FreeRTOS/Source/tasks.c **** 					{
 4434              		.loc 1 4232 12 is_stmt 0 discriminator 2 view .LVU1217
 4435 002e A369     		ldr	r3, [r4, #24]
4232:Middlewares/Third_Party/FreeRTOS/Source/tasks.c **** 					{
 4436              		.loc 1 4232 8 discriminator 2 view .LVU1218
 4437 0030 002B     		cmp	r3, #0
 4438 0032 02DB     		blt	.L348
4234:Middlewares/Third_Party/FreeRTOS/Source/tasks.c **** 					}
 4439              		.loc 1 4234 7 is_stmt 1 view .LVU1219
 4440 0034 0723     		movs	r3, #7
 4441 0036 9B1A     		subs	r3, r3, r2
 4442 0038 A361     		str	r3, [r4, #24]
 4443              	.L348:
4238:Middlewares/Third_Party/FreeRTOS/Source/tasks.c **** 					}
 4444              		.loc 1 4238 31 view .LVU1220
4247:Middlewares/Third_Party/FreeRTOS/Source/tasks.c **** 					{
ARM GAS  C:\Users\Asus\AppData\Local\Temp\cctip26G.s 			page 191


 4445              		.loc 1 4247 6 view .LVU1221
4247:Middlewares/Third_Party/FreeRTOS/Source/tasks.c **** 					{
 4446              		.loc 1 4247 10 is_stmt 0 view .LVU1222
 4447 003a 6269     		ldr	r2, [r4, #20]
 4448              	.LVL353:
4247:Middlewares/Third_Party/FreeRTOS/Source/tasks.c **** 					{
 4449              		.loc 1 4247 10 view .LVU1223
 4450 003c 8B00     		lsls	r3, r1, #2
 4451 003e 5B18     		adds	r3, r3, r1
 4452 0040 9B00     		lsls	r3, r3, #2
 4453 0042 0E49     		ldr	r1, .L352+4
 4454              	.LVL354:
4247:Middlewares/Third_Party/FreeRTOS/Source/tasks.c **** 					{
 4455              		.loc 1 4247 10 view .LVU1224
 4456 0044 5B18     		adds	r3, r3, r1
4247:Middlewares/Third_Party/FreeRTOS/Source/tasks.c **** 					{
 4457              		.loc 1 4247 8 view .LVU1225
 4458 0046 9A42     		cmp	r2, r3
 4459 0048 EBD1     		bne	.L341
4249:Middlewares/Third_Party/FreeRTOS/Source/tasks.c **** 						{
 4460              		.loc 1 4249 7 is_stmt 1 view .LVU1226
4249:Middlewares/Third_Party/FreeRTOS/Source/tasks.c **** 						{
 4461              		.loc 1 4249 11 is_stmt 0 view .LVU1227
 4462 004a 251D     		adds	r5, r4, #4
 4463 004c 2800     		movs	r0, r5
 4464              	.LVL355:
4249:Middlewares/Third_Party/FreeRTOS/Source/tasks.c **** 						{
 4465              		.loc 1 4249 11 view .LVU1228
 4466 004e FFF7FEFF 		bl	uxListRemove
 4467              	.LVL356:
4258:Middlewares/Third_Party/FreeRTOS/Source/tasks.c **** 						}
 4468              		.loc 1 4258 32 is_stmt 1 view .LVU1229
4261:Middlewares/Third_Party/FreeRTOS/Source/tasks.c **** 					}
 4469              		.loc 1 4261 7 view .LVU1230
4261:Middlewares/Third_Party/FreeRTOS/Source/tasks.c **** 					}
 4470              		.loc 1 4261 7 view .LVU1231
 4471 0052 E36A     		ldr	r3, [r4, #44]
 4472 0054 0A4A     		ldr	r2, .L352+8
 4473 0056 1268     		ldr	r2, [r2]
 4474 0058 9342     		cmp	r3, r2
 4475 005a 01D9     		bls	.L349
4261:Middlewares/Third_Party/FreeRTOS/Source/tasks.c **** 					}
 4476              		.loc 1 4261 7 discriminator 1 view .LVU1232
 4477 005c 084A     		ldr	r2, .L352+8
 4478 005e 1360     		str	r3, [r2]
 4479              	.L349:
4261:Middlewares/Third_Party/FreeRTOS/Source/tasks.c **** 					}
 4480              		.loc 1 4261 7 discriminator 3 view .LVU1233
4261:Middlewares/Third_Party/FreeRTOS/Source/tasks.c **** 					}
 4481              		.loc 1 4261 7 discriminator 3 view .LVU1234
 4482 0060 9800     		lsls	r0, r3, #2
 4483 0062 C018     		adds	r0, r0, r3
 4484 0064 8000     		lsls	r0, r0, #2
 4485 0066 054B     		ldr	r3, .L352+4
 4486 0068 C018     		adds	r0, r0, r3
 4487 006a 2900     		movs	r1, r5
 4488 006c FFF7FEFF 		bl	vListInsertEnd
ARM GAS  C:\Users\Asus\AppData\Local\Temp\cctip26G.s 			page 192


 4489              	.LVL357:
4261:Middlewares/Third_Party/FreeRTOS/Source/tasks.c **** 					}
 4490              		.loc 1 4261 37 discriminator 3 view .LVU1235
4280:Middlewares/Third_Party/FreeRTOS/Source/tasks.c **** 		}
 4491              		.loc 1 4280 28 discriminator 3 view .LVU1236
4282:Middlewares/Third_Party/FreeRTOS/Source/tasks.c **** 
 4492              		.loc 1 4282 2 is_stmt 0 discriminator 3 view .LVU1237
 4493 0070 D7E7     		b	.L341
 4494              	.LVL358:
 4495              	.L351:
4221:Middlewares/Third_Party/FreeRTOS/Source/tasks.c **** 
 4496              		.loc 1 4221 6 is_stmt 1 discriminator 1 view .LVU1238
 4497              		.syntax divided
 4498              	@ 4221 "Middlewares/Third_Party/FreeRTOS/Source/tasks.c" 1
 4499 0072 72B6     		 cpsid i 
 4500              	@ 0 "" 2
 4501              		.thumb
 4502              		.syntax unified
 4503              	.L347:
4221:Middlewares/Third_Party/FreeRTOS/Source/tasks.c **** 
 4504              		.loc 1 4221 6 discriminator 2 view .LVU1239
4221:Middlewares/Third_Party/FreeRTOS/Source/tasks.c **** 
 4505              		.loc 1 4221 6 discriminator 2 view .LVU1240
 4506 0074 FEE7     		b	.L347
 4507              	.L353:
 4508 0076 C046     		.align	2
 4509              	.L352:
 4510 0078 00000000 		.word	pxCurrentTCB
 4511 007c 00000000 		.word	pxReadyTasksLists
 4512 0080 00000000 		.word	uxTopReadyPriority
 4513              		.cfi_endproc
 4514              	.LFE40:
 4516              		.section	.text.uxTaskResetEventItemValue,"ax",%progbits
 4517              		.align	1
 4518              		.global	uxTaskResetEventItemValue
 4519              		.syntax unified
 4520              		.code	16
 4521              		.thumb_func
 4523              	uxTaskResetEventItemValue:
 4524              	.LFB41:
4603:Middlewares/Third_Party/FreeRTOS/Source/tasks.c **** TickType_t uxReturn;
 4525              		.loc 1 4603 1 view -0
 4526              		.cfi_startproc
 4527              		@ args = 0, pretend = 0, frame = 0
 4528              		@ frame_needed = 0, uses_anonymous_args = 0
 4529              		@ link register save eliminated.
4604:Middlewares/Third_Party/FreeRTOS/Source/tasks.c **** 
 4530              		.loc 1 4604 1 view .LVU1242
4606:Middlewares/Third_Party/FreeRTOS/Source/tasks.c **** 
 4531              		.loc 1 4606 2 view .LVU1243
4606:Middlewares/Third_Party/FreeRTOS/Source/tasks.c **** 
 4532              		.loc 1 4606 13 is_stmt 0 view .LVU1244
 4533 0000 044B     		ldr	r3, .L355
 4534 0002 1A68     		ldr	r2, [r3]
4606:Middlewares/Third_Party/FreeRTOS/Source/tasks.c **** 
 4535              		.loc 1 4606 11 view .LVU1245
 4536 0004 9069     		ldr	r0, [r2, #24]
ARM GAS  C:\Users\Asus\AppData\Local\Temp\cctip26G.s 			page 193


 4537              	.LVL359:
4610:Middlewares/Third_Party/FreeRTOS/Source/tasks.c **** 
 4538              		.loc 1 4610 2 is_stmt 1 view .LVU1246
 4539 0006 1A68     		ldr	r2, [r3]
 4540 0008 D16A     		ldr	r1, [r2, #44]
 4541 000a 1A68     		ldr	r2, [r3]
 4542 000c 0723     		movs	r3, #7
 4543 000e 5B1A     		subs	r3, r3, r1
 4544 0010 9361     		str	r3, [r2, #24]
4612:Middlewares/Third_Party/FreeRTOS/Source/tasks.c **** }
 4545              		.loc 1 4612 2 view .LVU1247
4613:Middlewares/Third_Party/FreeRTOS/Source/tasks.c **** /*-----------------------------------------------------------*/
 4546              		.loc 1 4613 1 is_stmt 0 view .LVU1248
 4547              		@ sp needed
 4548 0012 7047     		bx	lr
 4549              	.L356:
 4550              		.align	2
 4551              	.L355:
 4552 0014 00000000 		.word	pxCurrentTCB
 4553              		.cfi_endproc
 4554              	.LFE41:
 4556              		.section	.text.pvTaskIncrementMutexHeldCount,"ax",%progbits
 4557              		.align	1
 4558              		.global	pvTaskIncrementMutexHeldCount
 4559              		.syntax unified
 4560              		.code	16
 4561              		.thumb_func
 4563              	pvTaskIncrementMutexHeldCount:
 4564              	.LFB42:
4619:Middlewares/Third_Party/FreeRTOS/Source/tasks.c **** 		/* If xSemaphoreCreateMutex() is called before any tasks have been created
 4565              		.loc 1 4619 2 is_stmt 1 view -0
 4566              		.cfi_startproc
 4567              		@ args = 0, pretend = 0, frame = 0
 4568              		@ frame_needed = 0, uses_anonymous_args = 0
 4569              		@ link register save eliminated.
4622:Middlewares/Third_Party/FreeRTOS/Source/tasks.c **** 		{
 4570              		.loc 1 4622 3 view .LVU1250
4622:Middlewares/Third_Party/FreeRTOS/Source/tasks.c **** 		{
 4571              		.loc 1 4622 20 is_stmt 0 view .LVU1251
 4572 0000 054B     		ldr	r3, .L359
 4573 0002 1B68     		ldr	r3, [r3]
4622:Middlewares/Third_Party/FreeRTOS/Source/tasks.c **** 		{
 4574              		.loc 1 4622 5 view .LVU1252
 4575 0004 002B     		cmp	r3, #0
 4576 0006 04D0     		beq	.L358
4624:Middlewares/Third_Party/FreeRTOS/Source/tasks.c **** 		}
 4577              		.loc 1 4624 4 is_stmt 1 view .LVU1253
4624:Middlewares/Third_Party/FreeRTOS/Source/tasks.c **** 		}
 4578              		.loc 1 4624 18 is_stmt 0 view .LVU1254
 4579 0008 034B     		ldr	r3, .L359
 4580 000a 1A68     		ldr	r2, [r3]
 4581 000c 936C     		ldr	r3, [r2, #72]
4624:Middlewares/Third_Party/FreeRTOS/Source/tasks.c **** 		}
 4582              		.loc 1 4624 35 view .LVU1255
 4583 000e 0133     		adds	r3, r3, #1
 4584 0010 9364     		str	r3, [r2, #72]
 4585              	.L358:
ARM GAS  C:\Users\Asus\AppData\Local\Temp\cctip26G.s 			page 194


4627:Middlewares/Third_Party/FreeRTOS/Source/tasks.c **** 	}
 4586              		.loc 1 4627 3 is_stmt 1 view .LVU1256
4627:Middlewares/Third_Party/FreeRTOS/Source/tasks.c **** 	}
 4587              		.loc 1 4627 10 is_stmt 0 view .LVU1257
 4588 0012 014B     		ldr	r3, .L359
 4589 0014 1868     		ldr	r0, [r3]
4628:Middlewares/Third_Party/FreeRTOS/Source/tasks.c **** 
 4590              		.loc 1 4628 2 view .LVU1258
 4591              		@ sp needed
 4592 0016 7047     		bx	lr
 4593              	.L360:
 4594              		.align	2
 4595              	.L359:
 4596 0018 00000000 		.word	pxCurrentTCB
 4597              		.cfi_endproc
 4598              	.LFE42:
 4600              		.section	.text.ulTaskNotifyTake,"ax",%progbits
 4601              		.align	1
 4602              		.global	ulTaskNotifyTake
 4603              		.syntax unified
 4604              		.code	16
 4605              		.thumb_func
 4607              	ulTaskNotifyTake:
 4608              	.LVL360:
 4609              	.LFB43:
4636:Middlewares/Third_Party/FreeRTOS/Source/tasks.c **** 	uint32_t ulReturn;
 4610              		.loc 1 4636 2 is_stmt 1 view -0
 4611              		.cfi_startproc
 4612              		@ args = 0, pretend = 0, frame = 0
 4613              		@ frame_needed = 0, uses_anonymous_args = 0
4636:Middlewares/Third_Party/FreeRTOS/Source/tasks.c **** 	uint32_t ulReturn;
 4614              		.loc 1 4636 2 is_stmt 0 view .LVU1260
 4615 0000 70B5     		push	{r4, r5, r6, lr}
 4616              		.cfi_def_cfa_offset 16
 4617              		.cfi_offset 4, -16
 4618              		.cfi_offset 5, -12
 4619              		.cfi_offset 6, -8
 4620              		.cfi_offset 14, -4
 4621 0002 0500     		movs	r5, r0
 4622 0004 0C00     		movs	r4, r1
4637:Middlewares/Third_Party/FreeRTOS/Source/tasks.c **** 
 4623              		.loc 1 4637 2 is_stmt 1 view .LVU1261
4639:Middlewares/Third_Party/FreeRTOS/Source/tasks.c **** 		{
 4624              		.loc 1 4639 3 view .LVU1262
 4625 0006 FFF7FEFF 		bl	vPortEnterCritical
 4626              	.LVL361:
4642:Middlewares/Third_Party/FreeRTOS/Source/tasks.c **** 			{
 4627              		.loc 1 4642 4 view .LVU1263
4642:Middlewares/Third_Party/FreeRTOS/Source/tasks.c **** 			{
 4628              		.loc 1 4642 20 is_stmt 0 view .LVU1264
 4629 000a 1C4B     		ldr	r3, .L366
 4630 000c 1A68     		ldr	r2, [r3]
 4631 000e B823     		movs	r3, #184
 4632 0010 5B00     		lsls	r3, r3, #1
 4633 0012 D358     		ldr	r3, [r2, r3]
4642:Middlewares/Third_Party/FreeRTOS/Source/tasks.c **** 			{
 4634              		.loc 1 4642 6 view .LVU1265
ARM GAS  C:\Users\Asus\AppData\Local\Temp\cctip26G.s 			page 195


 4635 0014 002B     		cmp	r3, #0
 4636 0016 07D1     		bne	.L362
4645:Middlewares/Third_Party/FreeRTOS/Source/tasks.c **** 
 4637              		.loc 1 4645 5 is_stmt 1 view .LVU1266
4645:Middlewares/Third_Party/FreeRTOS/Source/tasks.c **** 
 4638              		.loc 1 4645 17 is_stmt 0 view .LVU1267
 4639 0018 184B     		ldr	r3, .L366
 4640 001a 1A68     		ldr	r2, [r3]
4645:Middlewares/Third_Party/FreeRTOS/Source/tasks.c **** 
 4641              		.loc 1 4645 33 view .LVU1268
 4642 001c BA23     		movs	r3, #186
 4643 001e 5B00     		lsls	r3, r3, #1
 4644 0020 0121     		movs	r1, #1
 4645 0022 D154     		strb	r1, [r2, r3]
4647:Middlewares/Third_Party/FreeRTOS/Source/tasks.c **** 				{
 4646              		.loc 1 4647 5 is_stmt 1 view .LVU1269
4647:Middlewares/Third_Party/FreeRTOS/Source/tasks.c **** 				{
 4647              		.loc 1 4647 7 is_stmt 0 view .LVU1270
 4648 0024 002C     		cmp	r4, #0
 4649 0026 1CD1     		bne	.L365
 4650              	.L362:
4665:Middlewares/Third_Party/FreeRTOS/Source/tasks.c **** 			}
 4651              		.loc 1 4665 29 is_stmt 1 view .LVU1271
4668:Middlewares/Third_Party/FreeRTOS/Source/tasks.c **** 
 4652              		.loc 1 4668 3 view .LVU1272
 4653 0028 FFF7FEFF 		bl	vPortExitCritical
 4654              	.LVL362:
4670:Middlewares/Third_Party/FreeRTOS/Source/tasks.c **** 		{
 4655              		.loc 1 4670 3 view .LVU1273
 4656 002c FFF7FEFF 		bl	vPortEnterCritical
 4657              	.LVL363:
4672:Middlewares/Third_Party/FreeRTOS/Source/tasks.c **** 			ulReturn = pxCurrentTCB->ulNotifiedValue;
 4658              		.loc 1 4672 27 view .LVU1274
4673:Middlewares/Third_Party/FreeRTOS/Source/tasks.c **** 
 4659              		.loc 1 4673 4 view .LVU1275
4673:Middlewares/Third_Party/FreeRTOS/Source/tasks.c **** 
 4660              		.loc 1 4673 27 is_stmt 0 view .LVU1276
 4661 0030 124B     		ldr	r3, .L366
 4662 0032 1A68     		ldr	r2, [r3]
4673:Middlewares/Third_Party/FreeRTOS/Source/tasks.c **** 
 4663              		.loc 1 4673 13 view .LVU1277
 4664 0034 B823     		movs	r3, #184
 4665 0036 5B00     		lsls	r3, r3, #1
 4666 0038 D458     		ldr	r4, [r2, r3]
 4667              	.LVL364:
4675:Middlewares/Third_Party/FreeRTOS/Source/tasks.c **** 			{
 4668              		.loc 1 4675 4 is_stmt 1 view .LVU1278
4675:Middlewares/Third_Party/FreeRTOS/Source/tasks.c **** 			{
 4669              		.loc 1 4675 6 is_stmt 0 view .LVU1279
 4670 003a 002C     		cmp	r4, #0
 4671 003c 07D0     		beq	.L363
4677:Middlewares/Third_Party/FreeRTOS/Source/tasks.c **** 				{
 4672              		.loc 1 4677 5 is_stmt 1 view .LVU1280
4677:Middlewares/Third_Party/FreeRTOS/Source/tasks.c **** 				{
 4673              		.loc 1 4677 7 is_stmt 0 view .LVU1281
 4674 003e 002D     		cmp	r5, #0
 4675 0040 15D0     		beq	.L364
ARM GAS  C:\Users\Asus\AppData\Local\Temp\cctip26G.s 			page 196


4679:Middlewares/Third_Party/FreeRTOS/Source/tasks.c **** 				}
 4676              		.loc 1 4679 6 is_stmt 1 view .LVU1282
4679:Middlewares/Third_Party/FreeRTOS/Source/tasks.c **** 				}
 4677              		.loc 1 4679 18 is_stmt 0 view .LVU1283
 4678 0042 0E4B     		ldr	r3, .L366
 4679 0044 1A68     		ldr	r2, [r3]
4679:Middlewares/Third_Party/FreeRTOS/Source/tasks.c **** 				}
 4680              		.loc 1 4679 36 view .LVU1284
 4681 0046 B823     		movs	r3, #184
 4682 0048 5B00     		lsls	r3, r3, #1
 4683 004a 0021     		movs	r1, #0
 4684 004c D150     		str	r1, [r2, r3]
 4685              	.L363:
4688:Middlewares/Third_Party/FreeRTOS/Source/tasks.c **** 			}
 4686              		.loc 1 4688 29 is_stmt 1 view .LVU1285
4691:Middlewares/Third_Party/FreeRTOS/Source/tasks.c **** 		}
 4687              		.loc 1 4691 4 view .LVU1286
4691:Middlewares/Third_Party/FreeRTOS/Source/tasks.c **** 		}
 4688              		.loc 1 4691 16 is_stmt 0 view .LVU1287
 4689 004e 0B4B     		ldr	r3, .L366
 4690 0050 1A68     		ldr	r2, [r3]
4691:Middlewares/Third_Party/FreeRTOS/Source/tasks.c **** 		}
 4691              		.loc 1 4691 32 view .LVU1288
 4692 0052 BA23     		movs	r3, #186
 4693 0054 5B00     		lsls	r3, r3, #1
 4694 0056 0021     		movs	r1, #0
 4695 0058 D154     		strb	r1, [r2, r3]
4693:Middlewares/Third_Party/FreeRTOS/Source/tasks.c **** 
 4696              		.loc 1 4693 3 is_stmt 1 view .LVU1289
 4697 005a FFF7FEFF 		bl	vPortExitCritical
 4698              	.LVL365:
4695:Middlewares/Third_Party/FreeRTOS/Source/tasks.c **** 	}
 4699              		.loc 1 4695 3 view .LVU1290
4696:Middlewares/Third_Party/FreeRTOS/Source/tasks.c **** 
 4700              		.loc 1 4696 2 is_stmt 0 view .LVU1291
 4701 005e 2000     		movs	r0, r4
 4702              		@ sp needed
 4703              	.LVL366:
 4704              	.LVL367:
4696:Middlewares/Third_Party/FreeRTOS/Source/tasks.c **** 
 4705              		.loc 1 4696 2 view .LVU1292
 4706 0060 70BD     		pop	{r4, r5, r6, pc}
 4707              	.LVL368:
 4708              	.L365:
4649:Middlewares/Third_Party/FreeRTOS/Source/tasks.c **** 					traceTASK_NOTIFY_TAKE_BLOCK();
 4709              		.loc 1 4649 6 is_stmt 1 view .LVU1293
 4710 0062 2000     		movs	r0, r4
 4711 0064 FFF7FEFF 		bl	prvAddCurrentTaskToDelayedList
 4712              	.LVL369:
4650:Middlewares/Third_Party/FreeRTOS/Source/tasks.c **** 
 4713              		.loc 1 4650 35 view .LVU1294
4656:Middlewares/Third_Party/FreeRTOS/Source/tasks.c **** 				}
 4714              		.loc 1 4656 6 view .LVU1295
 4715 0068 FFF7FEFF 		bl	vPortYield
 4716              	.LVL370:
 4717 006c DCE7     		b	.L362
 4718              	.LVL371:
ARM GAS  C:\Users\Asus\AppData\Local\Temp\cctip26G.s 			page 197


 4719              	.L364:
4683:Middlewares/Third_Party/FreeRTOS/Source/tasks.c **** 				}
 4720              		.loc 1 4683 6 view .LVU1296
4683:Middlewares/Third_Party/FreeRTOS/Source/tasks.c **** 				}
 4721              		.loc 1 4683 18 is_stmt 0 view .LVU1297
 4722 006e 034B     		ldr	r3, .L366
 4723 0070 1968     		ldr	r1, [r3]
4683:Middlewares/Third_Party/FreeRTOS/Source/tasks.c **** 				}
 4724              		.loc 1 4683 47 view .LVU1298
 4725 0072 631E     		subs	r3, r4, #1
4683:Middlewares/Third_Party/FreeRTOS/Source/tasks.c **** 				}
 4726              		.loc 1 4683 36 view .LVU1299
 4727 0074 B822     		movs	r2, #184
 4728 0076 5200     		lsls	r2, r2, #1
 4729 0078 8B50     		str	r3, [r1, r2]
 4730 007a E8E7     		b	.L363
 4731              	.L367:
 4732              		.align	2
 4733              	.L366:
 4734 007c 00000000 		.word	pxCurrentTCB
 4735              		.cfi_endproc
 4736              	.LFE43:
 4738              		.section	.text.xTaskNotifyWait,"ax",%progbits
 4739              		.align	1
 4740              		.global	xTaskNotifyWait
 4741              		.syntax unified
 4742              		.code	16
 4743              		.thumb_func
 4745              	xTaskNotifyWait:
 4746              	.LVL372:
 4747              	.LFB44:
4704:Middlewares/Third_Party/FreeRTOS/Source/tasks.c **** 	BaseType_t xReturn;
 4748              		.loc 1 4704 2 is_stmt 1 view -0
 4749              		.cfi_startproc
 4750              		@ args = 0, pretend = 0, frame = 0
 4751              		@ frame_needed = 0, uses_anonymous_args = 0
4704:Middlewares/Third_Party/FreeRTOS/Source/tasks.c **** 	BaseType_t xReturn;
 4752              		.loc 1 4704 2 is_stmt 0 view .LVU1301
 4753 0000 F8B5     		push	{r3, r4, r5, r6, r7, lr}
 4754              		.cfi_def_cfa_offset 24
 4755              		.cfi_offset 3, -24
 4756              		.cfi_offset 4, -20
 4757              		.cfi_offset 5, -16
 4758              		.cfi_offset 6, -12
 4759              		.cfi_offset 7, -8
 4760              		.cfi_offset 14, -4
 4761 0002 0600     		movs	r6, r0
 4762 0004 0F00     		movs	r7, r1
 4763 0006 1400     		movs	r4, r2
 4764 0008 1D00     		movs	r5, r3
4705:Middlewares/Third_Party/FreeRTOS/Source/tasks.c **** 
 4765              		.loc 1 4705 2 is_stmt 1 view .LVU1302
4707:Middlewares/Third_Party/FreeRTOS/Source/tasks.c **** 		{
 4766              		.loc 1 4707 3 view .LVU1303
 4767 000a FFF7FEFF 		bl	vPortEnterCritical
 4768              	.LVL373:
4710:Middlewares/Third_Party/FreeRTOS/Source/tasks.c **** 			{
ARM GAS  C:\Users\Asus\AppData\Local\Temp\cctip26G.s 			page 198


 4769              		.loc 1 4710 4 view .LVU1304
4710:Middlewares/Third_Party/FreeRTOS/Source/tasks.c **** 			{
 4770              		.loc 1 4710 20 is_stmt 0 view .LVU1305
 4771 000e 214B     		ldr	r3, .L375
 4772 0010 1A68     		ldr	r2, [r3]
 4773 0012 BA23     		movs	r3, #186
 4774 0014 5B00     		lsls	r3, r3, #1
 4775 0016 D35C     		ldrb	r3, [r2, r3]
4710:Middlewares/Third_Party/FreeRTOS/Source/tasks.c **** 			{
 4776              		.loc 1 4710 6 view .LVU1306
 4777 0018 022B     		cmp	r3, #2
 4778 001a 0ED0     		beq	.L369
4715:Middlewares/Third_Party/FreeRTOS/Source/tasks.c **** 
 4779              		.loc 1 4715 5 is_stmt 1 view .LVU1307
4715:Middlewares/Third_Party/FreeRTOS/Source/tasks.c **** 
 4780              		.loc 1 4715 17 is_stmt 0 view .LVU1308
 4781 001c 1D4A     		ldr	r2, .L375
 4782 001e 1068     		ldr	r0, [r2]
 4783 0020 B821     		movs	r1, #184
 4784 0022 4900     		lsls	r1, r1, #1
 4785 0024 4358     		ldr	r3, [r0, r1]
4715:Middlewares/Third_Party/FreeRTOS/Source/tasks.c **** 
 4786              		.loc 1 4715 35 view .LVU1309
 4787 0026 B343     		bics	r3, r6
 4788 0028 4350     		str	r3, [r0, r1]
4718:Middlewares/Third_Party/FreeRTOS/Source/tasks.c **** 
 4789              		.loc 1 4718 5 is_stmt 1 view .LVU1310
4718:Middlewares/Third_Party/FreeRTOS/Source/tasks.c **** 
 4790              		.loc 1 4718 17 is_stmt 0 view .LVU1311
 4791 002a 1268     		ldr	r2, [r2]
4718:Middlewares/Third_Party/FreeRTOS/Source/tasks.c **** 
 4792              		.loc 1 4718 33 view .LVU1312
 4793 002c BA23     		movs	r3, #186
 4794 002e 5B00     		lsls	r3, r3, #1
 4795 0030 7039     		subs	r1, r1, #112
 4796 0032 FF39     		subs	r1, r1, #255
 4797 0034 D154     		strb	r1, [r2, r3]
4720:Middlewares/Third_Party/FreeRTOS/Source/tasks.c **** 				{
 4798              		.loc 1 4720 5 is_stmt 1 view .LVU1313
4720:Middlewares/Third_Party/FreeRTOS/Source/tasks.c **** 				{
 4799              		.loc 1 4720 7 is_stmt 0 view .LVU1314
 4800 0036 002D     		cmp	r5, #0
 4801 0038 1DD1     		bne	.L373
 4802              	.L369:
4738:Middlewares/Third_Party/FreeRTOS/Source/tasks.c **** 			}
 4803              		.loc 1 4738 29 is_stmt 1 view .LVU1315
4741:Middlewares/Third_Party/FreeRTOS/Source/tasks.c **** 
 4804              		.loc 1 4741 3 view .LVU1316
 4805 003a FFF7FEFF 		bl	vPortExitCritical
 4806              	.LVL374:
4743:Middlewares/Third_Party/FreeRTOS/Source/tasks.c **** 		{
 4807              		.loc 1 4743 3 view .LVU1317
 4808 003e FFF7FEFF 		bl	vPortEnterCritical
 4809              	.LVL375:
4745:Middlewares/Third_Party/FreeRTOS/Source/tasks.c **** 
 4810              		.loc 1 4745 27 view .LVU1318
4747:Middlewares/Third_Party/FreeRTOS/Source/tasks.c **** 			{
ARM GAS  C:\Users\Asus\AppData\Local\Temp\cctip26G.s 			page 199


 4811              		.loc 1 4747 4 view .LVU1319
4747:Middlewares/Third_Party/FreeRTOS/Source/tasks.c **** 			{
 4812              		.loc 1 4747 6 is_stmt 0 view .LVU1320
 4813 0042 002C     		cmp	r4, #0
 4814 0044 05D0     		beq	.L370
4751:Middlewares/Third_Party/FreeRTOS/Source/tasks.c **** 			}
 4815              		.loc 1 4751 5 is_stmt 1 view .LVU1321
4751:Middlewares/Third_Party/FreeRTOS/Source/tasks.c **** 			}
 4816              		.loc 1 4751 41 is_stmt 0 view .LVU1322
 4817 0046 134B     		ldr	r3, .L375
 4818 0048 1A68     		ldr	r2, [r3]
 4819 004a B823     		movs	r3, #184
 4820 004c 5B00     		lsls	r3, r3, #1
 4821 004e D358     		ldr	r3, [r2, r3]
4751:Middlewares/Third_Party/FreeRTOS/Source/tasks.c **** 			}
 4822              		.loc 1 4751 27 view .LVU1323
 4823 0050 2360     		str	r3, [r4]
 4824              	.L370:
4758:Middlewares/Third_Party/FreeRTOS/Source/tasks.c **** 			{
 4825              		.loc 1 4758 4 is_stmt 1 view .LVU1324
4758:Middlewares/Third_Party/FreeRTOS/Source/tasks.c **** 			{
 4826              		.loc 1 4758 20 is_stmt 0 view .LVU1325
 4827 0052 104B     		ldr	r3, .L375
 4828 0054 1A68     		ldr	r2, [r3]
 4829 0056 BA23     		movs	r3, #186
 4830 0058 5B00     		lsls	r3, r3, #1
 4831 005a D35C     		ldrb	r3, [r2, r3]
4758:Middlewares/Third_Party/FreeRTOS/Source/tasks.c **** 			{
 4832              		.loc 1 4758 6 view .LVU1326
 4833 005c 022B     		cmp	r3, #2
 4834 005e 10D0     		beq	.L374
4761:Middlewares/Third_Party/FreeRTOS/Source/tasks.c **** 			}
 4835              		.loc 1 4761 13 view .LVU1327
 4836 0060 0024     		movs	r4, #0
 4837              	.LVL376:
 4838              	.L371:
4771:Middlewares/Third_Party/FreeRTOS/Source/tasks.c **** 		}
 4839              		.loc 1 4771 4 is_stmt 1 view .LVU1328
4771:Middlewares/Third_Party/FreeRTOS/Source/tasks.c **** 		}
 4840              		.loc 1 4771 16 is_stmt 0 view .LVU1329
 4841 0062 0C4B     		ldr	r3, .L375
 4842 0064 1A68     		ldr	r2, [r3]
4771:Middlewares/Third_Party/FreeRTOS/Source/tasks.c **** 		}
 4843              		.loc 1 4771 32 view .LVU1330
 4844 0066 BA23     		movs	r3, #186
 4845 0068 5B00     		lsls	r3, r3, #1
 4846 006a 0021     		movs	r1, #0
 4847 006c D154     		strb	r1, [r2, r3]
4773:Middlewares/Third_Party/FreeRTOS/Source/tasks.c **** 
 4848              		.loc 1 4773 3 is_stmt 1 view .LVU1331
 4849 006e FFF7FEFF 		bl	vPortExitCritical
 4850              	.LVL377:
4775:Middlewares/Third_Party/FreeRTOS/Source/tasks.c **** 	}
 4851              		.loc 1 4775 3 view .LVU1332
4776:Middlewares/Third_Party/FreeRTOS/Source/tasks.c **** 
 4852              		.loc 1 4776 2 is_stmt 0 view .LVU1333
 4853 0072 2000     		movs	r0, r4
ARM GAS  C:\Users\Asus\AppData\Local\Temp\cctip26G.s 			page 200


 4854              		@ sp needed
 4855              	.LVL378:
 4856              	.LVL379:
 4857              	.LVL380:
 4858              	.LVL381:
4776:Middlewares/Third_Party/FreeRTOS/Source/tasks.c **** 
 4859              		.loc 1 4776 2 view .LVU1334
 4860 0074 F8BD     		pop	{r3, r4, r5, r6, r7, pc}
 4861              	.LVL382:
 4862              	.L373:
4722:Middlewares/Third_Party/FreeRTOS/Source/tasks.c **** 					traceTASK_NOTIFY_WAIT_BLOCK();
 4863              		.loc 1 4722 6 is_stmt 1 view .LVU1335
 4864 0076 2800     		movs	r0, r5
 4865 0078 FFF7FEFF 		bl	prvAddCurrentTaskToDelayedList
 4866              	.LVL383:
4723:Middlewares/Third_Party/FreeRTOS/Source/tasks.c **** 
 4867              		.loc 1 4723 35 view .LVU1336
4729:Middlewares/Third_Party/FreeRTOS/Source/tasks.c **** 				}
 4868              		.loc 1 4729 6 view .LVU1337
 4869 007c FFF7FEFF 		bl	vPortYield
 4870              	.LVL384:
 4871 0080 DBE7     		b	.L369
 4872              	.L374:
4767:Middlewares/Third_Party/FreeRTOS/Source/tasks.c **** 				xReturn = pdTRUE;
 4873              		.loc 1 4767 5 view .LVU1338
4767:Middlewares/Third_Party/FreeRTOS/Source/tasks.c **** 				xReturn = pdTRUE;
 4874              		.loc 1 4767 17 is_stmt 0 view .LVU1339
 4875 0082 044B     		ldr	r3, .L375
 4876 0084 1968     		ldr	r1, [r3]
 4877 0086 B822     		movs	r2, #184
 4878 0088 5200     		lsls	r2, r2, #1
 4879 008a 8B58     		ldr	r3, [r1, r2]
4767:Middlewares/Third_Party/FreeRTOS/Source/tasks.c **** 				xReturn = pdTRUE;
 4880              		.loc 1 4767 35 view .LVU1340
 4881 008c BB43     		bics	r3, r7
 4882 008e 8B50     		str	r3, [r1, r2]
4768:Middlewares/Third_Party/FreeRTOS/Source/tasks.c **** 			}
 4883              		.loc 1 4768 5 is_stmt 1 view .LVU1341
 4884              	.LVL385:
4768:Middlewares/Third_Party/FreeRTOS/Source/tasks.c **** 			}
 4885              		.loc 1 4768 13 is_stmt 0 view .LVU1342
 4886 0090 0124     		movs	r4, #1
 4887              	.LVL386:
4768:Middlewares/Third_Party/FreeRTOS/Source/tasks.c **** 			}
 4888              		.loc 1 4768 13 view .LVU1343
 4889 0092 E6E7     		b	.L371
 4890              	.L376:
 4891              		.align	2
 4892              	.L375:
 4893 0094 00000000 		.word	pxCurrentTCB
 4894              		.cfi_endproc
 4895              	.LFE44:
 4897              		.section	.text.xTaskGenericNotify,"ax",%progbits
 4898              		.align	1
 4899              		.global	xTaskGenericNotify
 4900              		.syntax unified
 4901              		.code	16
ARM GAS  C:\Users\Asus\AppData\Local\Temp\cctip26G.s 			page 201


 4902              		.thumb_func
 4904              	xTaskGenericNotify:
 4905              	.LVL387:
 4906              	.LFB45:
4784:Middlewares/Third_Party/FreeRTOS/Source/tasks.c **** 	TCB_t * pxTCB;
 4907              		.loc 1 4784 2 is_stmt 1 view -0
 4908              		.cfi_startproc
 4909              		@ args = 0, pretend = 0, frame = 0
 4910              		@ frame_needed = 0, uses_anonymous_args = 0
4784:Middlewares/Third_Party/FreeRTOS/Source/tasks.c **** 	TCB_t * pxTCB;
 4911              		.loc 1 4784 2 is_stmt 0 view .LVU1345
 4912 0000 F8B5     		push	{r3, r4, r5, r6, r7, lr}
 4913              		.cfi_def_cfa_offset 24
 4914              		.cfi_offset 3, -24
 4915              		.cfi_offset 4, -20
 4916              		.cfi_offset 5, -16
 4917              		.cfi_offset 6, -12
 4918              		.cfi_offset 7, -8
 4919              		.cfi_offset 14, -4
 4920 0002 0400     		movs	r4, r0
 4921 0004 0E00     		movs	r6, r1
 4922 0006 1500     		movs	r5, r2
 4923 0008 1F00     		movs	r7, r3
4785:Middlewares/Third_Party/FreeRTOS/Source/tasks.c **** 	BaseType_t xReturn = pdPASS;
 4924              		.loc 1 4785 2 is_stmt 1 view .LVU1346
4786:Middlewares/Third_Party/FreeRTOS/Source/tasks.c **** 	uint8_t ucOriginalNotifyState;
 4925              		.loc 1 4786 2 view .LVU1347
 4926              	.LVL388:
4787:Middlewares/Third_Party/FreeRTOS/Source/tasks.c **** 
 4927              		.loc 1 4787 2 view .LVU1348
4789:Middlewares/Third_Party/FreeRTOS/Source/tasks.c **** 		pxTCB = xTaskToNotify;
 4928              		.loc 1 4789 3 view .LVU1349
 4929 000a 0028     		cmp	r0, #0
 4930 000c 13D0     		beq	.L397
4789:Middlewares/Third_Party/FreeRTOS/Source/tasks.c **** 		pxTCB = xTaskToNotify;
 4931              		.loc 1 4789 32 discriminator 2 view .LVU1350
4790:Middlewares/Third_Party/FreeRTOS/Source/tasks.c **** 
 4932              		.loc 1 4790 3 discriminator 2 view .LVU1351
 4933              	.LVL389:
4792:Middlewares/Third_Party/FreeRTOS/Source/tasks.c **** 		{
 4934              		.loc 1 4792 3 discriminator 2 view .LVU1352
 4935 000e FFF7FEFF 		bl	vPortEnterCritical
 4936              	.LVL390:
4794:Middlewares/Third_Party/FreeRTOS/Source/tasks.c **** 			{
 4937              		.loc 1 4794 4 discriminator 2 view .LVU1353
4794:Middlewares/Third_Party/FreeRTOS/Source/tasks.c **** 			{
 4938              		.loc 1 4794 6 is_stmt 0 discriminator 2 view .LVU1354
 4939 0012 002F     		cmp	r7, #0
 4940 0014 03D0     		beq	.L380
4796:Middlewares/Third_Party/FreeRTOS/Source/tasks.c **** 			}
 4941              		.loc 1 4796 5 is_stmt 1 view .LVU1355
4796:Middlewares/Third_Party/FreeRTOS/Source/tasks.c **** 			}
 4942              		.loc 1 4796 42 is_stmt 0 view .LVU1356
 4943 0016 B823     		movs	r3, #184
 4944 0018 5B00     		lsls	r3, r3, #1
 4945 001a E358     		ldr	r3, [r4, r3]
4796:Middlewares/Third_Party/FreeRTOS/Source/tasks.c **** 			}
ARM GAS  C:\Users\Asus\AppData\Local\Temp\cctip26G.s 			page 202


 4946              		.loc 1 4796 35 view .LVU1357
 4947 001c 3B60     		str	r3, [r7]
 4948              	.L380:
4799:Middlewares/Third_Party/FreeRTOS/Source/tasks.c **** 
 4949              		.loc 1 4799 4 is_stmt 1 view .LVU1358
4799:Middlewares/Third_Party/FreeRTOS/Source/tasks.c **** 
 4950              		.loc 1 4799 26 is_stmt 0 view .LVU1359
 4951 001e BA23     		movs	r3, #186
 4952 0020 5B00     		lsls	r3, r3, #1
 4953 0022 E15C     		ldrb	r1, [r4, r3]
 4954 0024 C9B2     		uxtb	r1, r1
 4955              	.LVL391:
4801:Middlewares/Third_Party/FreeRTOS/Source/tasks.c **** 
 4956              		.loc 1 4801 4 is_stmt 1 view .LVU1360
4801:Middlewares/Third_Party/FreeRTOS/Source/tasks.c **** 
 4957              		.loc 1 4801 25 is_stmt 0 view .LVU1361
 4958 0026 0222     		movs	r2, #2
 4959 0028 E254     		strb	r2, [r4, r3]
4803:Middlewares/Third_Party/FreeRTOS/Source/tasks.c **** 			{
 4960              		.loc 1 4803 4 is_stmt 1 view .LVU1362
 4961 002a 042D     		cmp	r5, #4
 4962 002c 21D8     		bhi	.L381
 4963 002e AD00     		lsls	r5, r5, #2
 4964 0030 264B     		ldr	r3, .L400
 4965 0032 5B59     		ldr	r3, [r3, r5]
 4966 0034 9F46     		mov	pc, r3
 4967              		.section	.rodata.xTaskGenericNotify,"a",%progbits
 4968              		.align	2
 4969              	.L383:
 4970 0000 44000000 		.word	.L387
 4971 0004 3A000000 		.word	.L386
 4972 0008 52000000 		.word	.L385
 4973 000c 5E000000 		.word	.L384
 4974 0010 66000000 		.word	.L382
 4975              		.section	.text.xTaskGenericNotify
 4976              	.LVL392:
 4977              	.L397:
4789:Middlewares/Third_Party/FreeRTOS/Source/tasks.c **** 		pxTCB = xTaskToNotify;
 4978              		.loc 1 4789 3 discriminator 1 view .LVU1363
 4979              		.syntax divided
 4980              	@ 4789 "Middlewares/Third_Party/FreeRTOS/Source/tasks.c" 1
 4981 0036 72B6     		 cpsid i 
 4982              	@ 0 "" 2
 4983              		.thumb
 4984              		.syntax unified
 4985              	.L379:
4789:Middlewares/Third_Party/FreeRTOS/Source/tasks.c **** 		pxTCB = xTaskToNotify;
 4986              		.loc 1 4789 3 discriminator 1 view .LVU1364
4789:Middlewares/Third_Party/FreeRTOS/Source/tasks.c **** 		pxTCB = xTaskToNotify;
 4987              		.loc 1 4789 3 discriminator 1 view .LVU1365
 4988 0038 FEE7     		b	.L379
 4989              	.LVL393:
 4990              	.L386:
4806:Middlewares/Third_Party/FreeRTOS/Source/tasks.c **** 					break;
 4991              		.loc 1 4806 6 view .LVU1366
4806:Middlewares/Third_Party/FreeRTOS/Source/tasks.c **** 					break;
 4992              		.loc 1 4806 11 is_stmt 0 view .LVU1367
ARM GAS  C:\Users\Asus\AppData\Local\Temp\cctip26G.s 			page 203


 4993 003a B822     		movs	r2, #184
 4994 003c 5200     		lsls	r2, r2, #1
 4995 003e A358     		ldr	r3, [r4, r2]
4806:Middlewares/Third_Party/FreeRTOS/Source/tasks.c **** 					break;
 4996              		.loc 1 4806 29 view .LVU1368
 4997 0040 3343     		orrs	r3, r6
 4998 0042 A350     		str	r3, [r4, r2]
4807:Middlewares/Third_Party/FreeRTOS/Source/tasks.c **** 
 4999              		.loc 1 4807 6 is_stmt 1 view .LVU1369
 5000              	.L387:
4843:Middlewares/Third_Party/FreeRTOS/Source/tasks.c **** 
 5001              		.loc 1 4843 22 view .LVU1370
4847:Middlewares/Third_Party/FreeRTOS/Source/tasks.c **** 			{
 5002              		.loc 1 4847 4 view .LVU1371
4847:Middlewares/Third_Party/FreeRTOS/Source/tasks.c **** 			{
 5003              		.loc 1 4847 6 is_stmt 0 view .LVU1372
 5004 0044 0129     		cmp	r1, #1
 5005 0046 1BD0     		beq	.L398
 5006 0048 0124     		movs	r4, #1
 5007              	.LVL394:
 5008              	.L388:
4884:Middlewares/Third_Party/FreeRTOS/Source/tasks.c **** 			}
 5009              		.loc 1 4884 29 is_stmt 1 view .LVU1373
4887:Middlewares/Third_Party/FreeRTOS/Source/tasks.c **** 
 5010              		.loc 1 4887 3 view .LVU1374
 5011 004a FFF7FEFF 		bl	vPortExitCritical
 5012              	.LVL395:
4889:Middlewares/Third_Party/FreeRTOS/Source/tasks.c **** 	}
 5013              		.loc 1 4889 3 view .LVU1375
4890:Middlewares/Third_Party/FreeRTOS/Source/tasks.c **** 
 5014              		.loc 1 4890 2 is_stmt 0 view .LVU1376
 5015 004e 2000     		movs	r0, r4
 5016              		@ sp needed
 5017              	.LVL396:
 5018              	.LVL397:
4890:Middlewares/Third_Party/FreeRTOS/Source/tasks.c **** 
 5019              		.loc 1 4890 2 view .LVU1377
 5020 0050 F8BD     		pop	{r3, r4, r5, r6, r7, pc}
 5021              	.LVL398:
 5022              	.L385:
4810:Middlewares/Third_Party/FreeRTOS/Source/tasks.c **** 					break;
 5023              		.loc 1 4810 6 is_stmt 1 view .LVU1378
4810:Middlewares/Third_Party/FreeRTOS/Source/tasks.c **** 					break;
 5024              		.loc 1 4810 13 is_stmt 0 view .LVU1379
 5025 0052 B822     		movs	r2, #184
 5026 0054 5200     		lsls	r2, r2, #1
 5027 0056 A358     		ldr	r3, [r4, r2]
4810:Middlewares/Third_Party/FreeRTOS/Source/tasks.c **** 					break;
 5028              		.loc 1 4810 32 view .LVU1380
 5029 0058 0133     		adds	r3, r3, #1
 5030 005a A350     		str	r3, [r4, r2]
4811:Middlewares/Third_Party/FreeRTOS/Source/tasks.c **** 
 5031              		.loc 1 4811 6 is_stmt 1 view .LVU1381
 5032 005c F2E7     		b	.L387
 5033              	.L384:
4814:Middlewares/Third_Party/FreeRTOS/Source/tasks.c **** 					break;
 5034              		.loc 1 4814 6 view .LVU1382
ARM GAS  C:\Users\Asus\AppData\Local\Temp\cctip26G.s 			page 204


4814:Middlewares/Third_Party/FreeRTOS/Source/tasks.c **** 					break;
 5035              		.loc 1 4814 29 is_stmt 0 view .LVU1383
 5036 005e B823     		movs	r3, #184
 5037 0060 5B00     		lsls	r3, r3, #1
 5038 0062 E650     		str	r6, [r4, r3]
4815:Middlewares/Third_Party/FreeRTOS/Source/tasks.c **** 
 5039              		.loc 1 4815 6 is_stmt 1 view .LVU1384
 5040 0064 EEE7     		b	.L387
 5041              	.L382:
4818:Middlewares/Third_Party/FreeRTOS/Source/tasks.c **** 					{
 5042              		.loc 1 4818 6 view .LVU1385
4818:Middlewares/Third_Party/FreeRTOS/Source/tasks.c **** 					{
 5043              		.loc 1 4818 8 is_stmt 0 view .LVU1386
 5044 0066 0229     		cmp	r1, #2
 5045 0068 2ED0     		beq	.L393
4820:Middlewares/Third_Party/FreeRTOS/Source/tasks.c **** 					}
 5046              		.loc 1 4820 7 is_stmt 1 view .LVU1387
4820:Middlewares/Third_Party/FreeRTOS/Source/tasks.c **** 					}
 5047              		.loc 1 4820 30 is_stmt 0 view .LVU1388
 5048 006a B823     		movs	r3, #184
 5049 006c 5B00     		lsls	r3, r3, #1
 5050 006e E650     		str	r6, [r4, r3]
 5051 0070 E8E7     		b	.L387
 5052              	.L381:
4838:Middlewares/Third_Party/FreeRTOS/Source/tasks.c **** 
 5053              		.loc 1 4838 6 is_stmt 1 view .LVU1389
 5054 0072 B823     		movs	r3, #184
 5055 0074 5B00     		lsls	r3, r3, #1
 5056 0076 E358     		ldr	r3, [r4, r3]
 5057 0078 0133     		adds	r3, r3, #1
 5058 007a E3D0     		beq	.L387
4838:Middlewares/Third_Party/FreeRTOS/Source/tasks.c **** 
 5059              		.loc 1 4838 6 discriminator 1 view .LVU1390
 5060              		.syntax divided
 5061              	@ 4838 "Middlewares/Third_Party/FreeRTOS/Source/tasks.c" 1
 5062 007c 72B6     		 cpsid i 
 5063              	@ 0 "" 2
 5064              		.thumb
 5065              		.syntax unified
 5066              	.L389:
4838:Middlewares/Third_Party/FreeRTOS/Source/tasks.c **** 
 5067              		.loc 1 4838 6 discriminator 2 view .LVU1391
4838:Middlewares/Third_Party/FreeRTOS/Source/tasks.c **** 
 5068              		.loc 1 4838 6 discriminator 2 view .LVU1392
 5069 007e FEE7     		b	.L389
 5070              	.L398:
4849:Middlewares/Third_Party/FreeRTOS/Source/tasks.c **** 				prvAddTaskToReadyList( pxTCB );
 5071              		.loc 1 4849 5 view .LVU1393
4849:Middlewares/Third_Party/FreeRTOS/Source/tasks.c **** 				prvAddTaskToReadyList( pxTCB );
 5072              		.loc 1 4849 14 is_stmt 0 view .LVU1394
 5073 0080 251D     		adds	r5, r4, #4
 5074 0082 2800     		movs	r0, r5
 5075 0084 FFF7FEFF 		bl	uxListRemove
 5076              	.LVL399:
4850:Middlewares/Third_Party/FreeRTOS/Source/tasks.c **** 
 5077              		.loc 1 4850 5 is_stmt 1 view .LVU1395
4850:Middlewares/Third_Party/FreeRTOS/Source/tasks.c **** 
ARM GAS  C:\Users\Asus\AppData\Local\Temp\cctip26G.s 			page 205


 5078              		.loc 1 4850 5 view .LVU1396
 5079 0088 E36A     		ldr	r3, [r4, #44]
 5080 008a 114A     		ldr	r2, .L400+4
 5081 008c 1268     		ldr	r2, [r2]
 5082 008e 9342     		cmp	r3, r2
 5083 0090 01D9     		bls	.L390
4850:Middlewares/Third_Party/FreeRTOS/Source/tasks.c **** 
 5084              		.loc 1 4850 5 discriminator 1 view .LVU1397
 5085 0092 0F4A     		ldr	r2, .L400+4
 5086 0094 1360     		str	r3, [r2]
 5087              	.L390:
4850:Middlewares/Third_Party/FreeRTOS/Source/tasks.c **** 
 5088              		.loc 1 4850 5 discriminator 3 view .LVU1398
4850:Middlewares/Third_Party/FreeRTOS/Source/tasks.c **** 
 5089              		.loc 1 4850 5 discriminator 3 view .LVU1399
 5090 0096 9800     		lsls	r0, r3, #2
 5091 0098 C018     		adds	r0, r0, r3
 5092 009a 8000     		lsls	r0, r0, #2
 5093 009c 0D4B     		ldr	r3, .L400+8
 5094 009e C018     		adds	r0, r0, r3
 5095 00a0 2900     		movs	r1, r5
 5096 00a2 FFF7FEFF 		bl	vListInsertEnd
 5097              	.LVL400:
4850:Middlewares/Third_Party/FreeRTOS/Source/tasks.c **** 
 5098              		.loc 1 4850 35 discriminator 3 view .LVU1400
4853:Middlewares/Third_Party/FreeRTOS/Source/tasks.c **** 
 5099              		.loc 1 4853 5 discriminator 3 view .LVU1401
 5100 00a6 A36A     		ldr	r3, [r4, #40]
 5101 00a8 002B     		cmp	r3, #0
 5102 00aa 01D0     		beq	.L391
4853:Middlewares/Third_Party/FreeRTOS/Source/tasks.c **** 
 5103              		.loc 1 4853 5 discriminator 1 view .LVU1402
 5104              		.syntax divided
 5105              	@ 4853 "Middlewares/Third_Party/FreeRTOS/Source/tasks.c" 1
 5106 00ac 72B6     		 cpsid i 
 5107              	@ 0 "" 2
 5108              		.thumb
 5109              		.syntax unified
 5110              	.L392:
4853:Middlewares/Third_Party/FreeRTOS/Source/tasks.c **** 
 5111              		.loc 1 4853 5 discriminator 3 view .LVU1403
4853:Middlewares/Third_Party/FreeRTOS/Source/tasks.c **** 
 5112              		.loc 1 4853 5 discriminator 3 view .LVU1404
 5113 00ae FEE7     		b	.L392
 5114              	.L391:
4853:Middlewares/Third_Party/FreeRTOS/Source/tasks.c **** 
 5115              		.loc 1 4853 82 discriminator 2 view .LVU1405
4871:Middlewares/Third_Party/FreeRTOS/Source/tasks.c **** 				{
 5116              		.loc 1 4871 5 discriminator 2 view .LVU1406
4871:Middlewares/Third_Party/FreeRTOS/Source/tasks.c **** 				{
 5117              		.loc 1 4871 14 is_stmt 0 discriminator 2 view .LVU1407
 5118 00b0 E26A     		ldr	r2, [r4, #44]
4871:Middlewares/Third_Party/FreeRTOS/Source/tasks.c **** 				{
 5119              		.loc 1 4871 41 discriminator 2 view .LVU1408
 5120 00b2 094B     		ldr	r3, .L400+12
 5121 00b4 1B68     		ldr	r3, [r3]
 5122 00b6 DB6A     		ldr	r3, [r3, #44]
ARM GAS  C:\Users\Asus\AppData\Local\Temp\cctip26G.s 			page 206


4871:Middlewares/Third_Party/FreeRTOS/Source/tasks.c **** 				{
 5123              		.loc 1 4871 7 discriminator 2 view .LVU1409
 5124 00b8 9A42     		cmp	r2, r3
 5125 00ba 01D8     		bhi	.L399
 5126 00bc 0124     		movs	r4, #1
 5127              	.LVL401:
4871:Middlewares/Third_Party/FreeRTOS/Source/tasks.c **** 				{
 5128              		.loc 1 4871 7 discriminator 2 view .LVU1410
 5129 00be C4E7     		b	.L388
 5130              	.LVL402:
 5131              	.L399:
4875:Middlewares/Third_Party/FreeRTOS/Source/tasks.c **** 				}
 5132              		.loc 1 4875 6 is_stmt 1 view .LVU1411
 5133 00c0 FFF7FEFF 		bl	vPortYield
 5134              	.LVL403:
 5135 00c4 0124     		movs	r4, #1
 5136              	.LVL404:
4875:Middlewares/Third_Party/FreeRTOS/Source/tasks.c **** 				}
 5137              		.loc 1 4875 6 is_stmt 0 view .LVU1412
 5138 00c6 C0E7     		b	.L388
 5139              	.LVL405:
 5140              	.L393:
4825:Middlewares/Third_Party/FreeRTOS/Source/tasks.c **** 					}
 5141              		.loc 1 4825 15 view .LVU1413
 5142 00c8 0024     		movs	r4, #0
 5143              	.LVL406:
4825:Middlewares/Third_Party/FreeRTOS/Source/tasks.c **** 					}
 5144              		.loc 1 4825 15 view .LVU1414
 5145 00ca BEE7     		b	.L388
 5146              	.L401:
 5147              		.align	2
 5148              	.L400:
 5149 00cc 00000000 		.word	.L383
 5150 00d0 00000000 		.word	uxTopReadyPriority
 5151 00d4 00000000 		.word	pxReadyTasksLists
 5152 00d8 00000000 		.word	pxCurrentTCB
 5153              		.cfi_endproc
 5154              	.LFE45:
 5156              		.section	.text.xTaskGenericNotifyFromISR,"ax",%progbits
 5157              		.align	1
 5158              		.global	xTaskGenericNotifyFromISR
 5159              		.syntax unified
 5160              		.code	16
 5161              		.thumb_func
 5163              	xTaskGenericNotifyFromISR:
 5164              	.LVL407:
 5165              	.LFB46:
4898:Middlewares/Third_Party/FreeRTOS/Source/tasks.c **** 	TCB_t * pxTCB;
 5166              		.loc 1 4898 2 is_stmt 1 view -0
 5167              		.cfi_startproc
 5168              		@ args = 4, pretend = 0, frame = 8
 5169              		@ frame_needed = 0, uses_anonymous_args = 0
4898:Middlewares/Third_Party/FreeRTOS/Source/tasks.c **** 	TCB_t * pxTCB;
 5170              		.loc 1 4898 2 is_stmt 0 view .LVU1416
 5171 0000 F0B5     		push	{r4, r5, r6, r7, lr}
 5172              		.cfi_def_cfa_offset 20
 5173              		.cfi_offset 4, -20
ARM GAS  C:\Users\Asus\AppData\Local\Temp\cctip26G.s 			page 207


 5174              		.cfi_offset 5, -16
 5175              		.cfi_offset 6, -12
 5176              		.cfi_offset 7, -8
 5177              		.cfi_offset 14, -4
 5178 0002 83B0     		sub	sp, sp, #12
 5179              		.cfi_def_cfa_offset 32
 5180 0004 0400     		movs	r4, r0
 5181 0006 0191     		str	r1, [sp, #4]
 5182 0008 1500     		movs	r5, r2
 5183 000a 1E00     		movs	r6, r3
4899:Middlewares/Third_Party/FreeRTOS/Source/tasks.c **** 	uint8_t ucOriginalNotifyState;
 5184              		.loc 1 4899 2 is_stmt 1 view .LVU1417
4900:Middlewares/Third_Party/FreeRTOS/Source/tasks.c **** 	BaseType_t xReturn = pdPASS;
 5185              		.loc 1 4900 2 view .LVU1418
4901:Middlewares/Third_Party/FreeRTOS/Source/tasks.c **** 	UBaseType_t uxSavedInterruptStatus;
 5186              		.loc 1 4901 2 view .LVU1419
 5187              	.LVL408:
4902:Middlewares/Third_Party/FreeRTOS/Source/tasks.c **** 
 5188              		.loc 1 4902 2 view .LVU1420
4904:Middlewares/Third_Party/FreeRTOS/Source/tasks.c **** 
 5189              		.loc 1 4904 3 view .LVU1421
 5190 000c 0028     		cmp	r0, #0
 5191 000e 14D0     		beq	.L425
4904:Middlewares/Third_Party/FreeRTOS/Source/tasks.c **** 
 5192              		.loc 1 4904 32 discriminator 2 view .LVU1422
4922:Middlewares/Third_Party/FreeRTOS/Source/tasks.c **** 
 5193              		.loc 1 4922 45 discriminator 2 view .LVU1423
4924:Middlewares/Third_Party/FreeRTOS/Source/tasks.c **** 
 5194              		.loc 1 4924 3 discriminator 2 view .LVU1424
 5195              	.LVL409:
4926:Middlewares/Third_Party/FreeRTOS/Source/tasks.c **** 		{
 5196              		.loc 1 4926 3 discriminator 2 view .LVU1425
4926:Middlewares/Third_Party/FreeRTOS/Source/tasks.c **** 		{
 5197              		.loc 1 4926 28 is_stmt 0 discriminator 2 view .LVU1426
 5198 0010 FFF7FEFF 		bl	ulSetInterruptMaskFromISR
 5199              	.LVL410:
4926:Middlewares/Third_Party/FreeRTOS/Source/tasks.c **** 		{
 5200              		.loc 1 4926 28 discriminator 2 view .LVU1427
 5201 0014 0700     		movs	r7, r0
 5202              	.LVL411:
4928:Middlewares/Third_Party/FreeRTOS/Source/tasks.c **** 			{
 5203              		.loc 1 4928 4 is_stmt 1 discriminator 2 view .LVU1428
4928:Middlewares/Third_Party/FreeRTOS/Source/tasks.c **** 			{
 5204              		.loc 1 4928 6 is_stmt 0 discriminator 2 view .LVU1429
 5205 0016 002E     		cmp	r6, #0
 5206 0018 03D0     		beq	.L405
4930:Middlewares/Third_Party/FreeRTOS/Source/tasks.c **** 			}
 5207              		.loc 1 4930 5 is_stmt 1 view .LVU1430
4930:Middlewares/Third_Party/FreeRTOS/Source/tasks.c **** 			}
 5208              		.loc 1 4930 42 is_stmt 0 view .LVU1431
 5209 001a B823     		movs	r3, #184
 5210 001c 5B00     		lsls	r3, r3, #1
 5211 001e E358     		ldr	r3, [r4, r3]
4930:Middlewares/Third_Party/FreeRTOS/Source/tasks.c **** 			}
 5212              		.loc 1 4930 35 view .LVU1432
 5213 0020 3360     		str	r3, [r6]
 5214              	.L405:
ARM GAS  C:\Users\Asus\AppData\Local\Temp\cctip26G.s 			page 208


4933:Middlewares/Third_Party/FreeRTOS/Source/tasks.c **** 			pxTCB->ucNotifyState = taskNOTIFICATION_RECEIVED;
 5215              		.loc 1 4933 4 is_stmt 1 view .LVU1433
4933:Middlewares/Third_Party/FreeRTOS/Source/tasks.c **** 			pxTCB->ucNotifyState = taskNOTIFICATION_RECEIVED;
 5216              		.loc 1 4933 26 is_stmt 0 view .LVU1434
 5217 0022 BA23     		movs	r3, #186
 5218 0024 5B00     		lsls	r3, r3, #1
 5219 0026 E15C     		ldrb	r1, [r4, r3]
 5220 0028 C9B2     		uxtb	r1, r1
 5221              	.LVL412:
4934:Middlewares/Third_Party/FreeRTOS/Source/tasks.c **** 
 5222              		.loc 1 4934 4 is_stmt 1 view .LVU1435
4934:Middlewares/Third_Party/FreeRTOS/Source/tasks.c **** 
 5223              		.loc 1 4934 25 is_stmt 0 view .LVU1436
 5224 002a 0222     		movs	r2, #2
 5225 002c E254     		strb	r2, [r4, r3]
4936:Middlewares/Third_Party/FreeRTOS/Source/tasks.c **** 			{
 5226              		.loc 1 4936 4 is_stmt 1 view .LVU1437
 5227 002e 042D     		cmp	r5, #4
 5228 0030 26D8     		bhi	.L406
 5229 0032 AD00     		lsls	r5, r5, #2
 5230 0034 314B     		ldr	r3, .L427
 5231 0036 5B59     		ldr	r3, [r3, r5]
 5232 0038 9F46     		mov	pc, r3
 5233              		.section	.rodata.xTaskGenericNotifyFromISR,"a",%progbits
 5234              		.align	2
 5235              	.L408:
 5236 0000 4A000000 		.word	.L412
 5237 0004 3E000000 		.word	.L411
 5238 0008 5C000000 		.word	.L410
 5239 000c 68000000 		.word	.L409
 5240 0010 72000000 		.word	.L407
 5241              		.section	.text.xTaskGenericNotifyFromISR
 5242              	.LVL413:
 5243              	.L425:
4904:Middlewares/Third_Party/FreeRTOS/Source/tasks.c **** 
 5244              		.loc 1 4904 3 discriminator 1 view .LVU1438
 5245              		.syntax divided
 5246              	@ 4904 "Middlewares/Third_Party/FreeRTOS/Source/tasks.c" 1
 5247 003a 72B6     		 cpsid i 
 5248              	@ 0 "" 2
 5249              		.thumb
 5250              		.syntax unified
 5251              	.L404:
4904:Middlewares/Third_Party/FreeRTOS/Source/tasks.c **** 
 5252              		.loc 1 4904 3 discriminator 1 view .LVU1439
4904:Middlewares/Third_Party/FreeRTOS/Source/tasks.c **** 
 5253              		.loc 1 4904 3 discriminator 1 view .LVU1440
 5254 003c FEE7     		b	.L404
 5255              	.LVL414:
 5256              	.L411:
4939:Middlewares/Third_Party/FreeRTOS/Source/tasks.c **** 					break;
 5257              		.loc 1 4939 6 view .LVU1441
4939:Middlewares/Third_Party/FreeRTOS/Source/tasks.c **** 					break;
 5258              		.loc 1 4939 11 is_stmt 0 view .LVU1442
 5259 003e B822     		movs	r2, #184
 5260 0040 5200     		lsls	r2, r2, #1
 5261 0042 A358     		ldr	r3, [r4, r2]
ARM GAS  C:\Users\Asus\AppData\Local\Temp\cctip26G.s 			page 209


4939:Middlewares/Third_Party/FreeRTOS/Source/tasks.c **** 					break;
 5262              		.loc 1 4939 29 view .LVU1443
 5263 0044 0198     		ldr	r0, [sp, #4]
 5264              	.LVL415:
4939:Middlewares/Third_Party/FreeRTOS/Source/tasks.c **** 					break;
 5265              		.loc 1 4939 29 view .LVU1444
 5266 0046 0343     		orrs	r3, r0
 5267 0048 A350     		str	r3, [r4, r2]
4940:Middlewares/Third_Party/FreeRTOS/Source/tasks.c **** 
 5268              		.loc 1 4940 6 is_stmt 1 view .LVU1445
 5269              	.L412:
4975:Middlewares/Third_Party/FreeRTOS/Source/tasks.c **** 
 5270              		.loc 1 4975 31 view .LVU1446
4979:Middlewares/Third_Party/FreeRTOS/Source/tasks.c **** 			{
 5271              		.loc 1 4979 4 view .LVU1447
4979:Middlewares/Third_Party/FreeRTOS/Source/tasks.c **** 			{
 5272              		.loc 1 4979 6 is_stmt 0 view .LVU1448
 5273 004a 0129     		cmp	r1, #1
 5274 004c 1FD0     		beq	.L426
 5275 004e 0124     		movs	r4, #1
 5276              	.LVL416:
 5277              	.L413:
5012:Middlewares/Third_Party/FreeRTOS/Source/tasks.c **** 				}
 5278              		.loc 1 5012 30 is_stmt 1 view .LVU1449
5016:Middlewares/Third_Party/FreeRTOS/Source/tasks.c **** 
 5279              		.loc 1 5016 3 view .LVU1450
 5280 0050 3800     		movs	r0, r7
 5281 0052 FFF7FEFF 		bl	vClearInterruptMaskFromISR
 5282              	.LVL417:
5018:Middlewares/Third_Party/FreeRTOS/Source/tasks.c **** 	}
 5283              		.loc 1 5018 3 view .LVU1451
5019:Middlewares/Third_Party/FreeRTOS/Source/tasks.c **** 
 5284              		.loc 1 5019 2 is_stmt 0 view .LVU1452
 5285 0056 2000     		movs	r0, r4
 5286 0058 03B0     		add	sp, sp, #12
 5287              		@ sp needed
 5288              	.LVL418:
 5289              	.LVL419:
5019:Middlewares/Third_Party/FreeRTOS/Source/tasks.c **** 
 5290              		.loc 1 5019 2 view .LVU1453
 5291 005a F0BD     		pop	{r4, r5, r6, r7, pc}
 5292              	.LVL420:
 5293              	.L410:
4943:Middlewares/Third_Party/FreeRTOS/Source/tasks.c **** 					break;
 5294              		.loc 1 4943 6 is_stmt 1 view .LVU1454
4943:Middlewares/Third_Party/FreeRTOS/Source/tasks.c **** 					break;
 5295              		.loc 1 4943 13 is_stmt 0 view .LVU1455
 5296 005c B822     		movs	r2, #184
 5297 005e 5200     		lsls	r2, r2, #1
 5298 0060 A358     		ldr	r3, [r4, r2]
4943:Middlewares/Third_Party/FreeRTOS/Source/tasks.c **** 					break;
 5299              		.loc 1 4943 32 view .LVU1456
 5300 0062 0133     		adds	r3, r3, #1
 5301 0064 A350     		str	r3, [r4, r2]
4944:Middlewares/Third_Party/FreeRTOS/Source/tasks.c **** 
 5302              		.loc 1 4944 6 is_stmt 1 view .LVU1457
 5303 0066 F0E7     		b	.L412
ARM GAS  C:\Users\Asus\AppData\Local\Temp\cctip26G.s 			page 210


 5304              	.L409:
4947:Middlewares/Third_Party/FreeRTOS/Source/tasks.c **** 					break;
 5305              		.loc 1 4947 6 view .LVU1458
4947:Middlewares/Third_Party/FreeRTOS/Source/tasks.c **** 					break;
 5306              		.loc 1 4947 29 is_stmt 0 view .LVU1459
 5307 0068 B823     		movs	r3, #184
 5308 006a 5B00     		lsls	r3, r3, #1
 5309 006c 019A     		ldr	r2, [sp, #4]
 5310 006e E250     		str	r2, [r4, r3]
4948:Middlewares/Third_Party/FreeRTOS/Source/tasks.c **** 
 5311              		.loc 1 4948 6 is_stmt 1 view .LVU1460
 5312 0070 EBE7     		b	.L412
 5313              	.L407:
4951:Middlewares/Third_Party/FreeRTOS/Source/tasks.c **** 					{
 5314              		.loc 1 4951 6 view .LVU1461
4951:Middlewares/Third_Party/FreeRTOS/Source/tasks.c **** 					{
 5315              		.loc 1 4951 8 is_stmt 0 view .LVU1462
 5316 0072 0229     		cmp	r1, #2
 5317 0074 3ED0     		beq	.L421
4953:Middlewares/Third_Party/FreeRTOS/Source/tasks.c **** 					}
 5318              		.loc 1 4953 7 is_stmt 1 view .LVU1463
4953:Middlewares/Third_Party/FreeRTOS/Source/tasks.c **** 					}
 5319              		.loc 1 4953 30 is_stmt 0 view .LVU1464
 5320 0076 B823     		movs	r3, #184
 5321 0078 5B00     		lsls	r3, r3, #1
 5322 007a 019A     		ldr	r2, [sp, #4]
 5323 007c E250     		str	r2, [r4, r3]
 5324 007e E4E7     		b	.L412
 5325              	.L406:
4971:Middlewares/Third_Party/FreeRTOS/Source/tasks.c **** 					break;
 5326              		.loc 1 4971 6 is_stmt 1 view .LVU1465
 5327 0080 B823     		movs	r3, #184
 5328 0082 5B00     		lsls	r3, r3, #1
 5329 0084 E358     		ldr	r3, [r4, r3]
 5330 0086 0133     		adds	r3, r3, #1
 5331 0088 DFD0     		beq	.L412
4971:Middlewares/Third_Party/FreeRTOS/Source/tasks.c **** 					break;
 5332              		.loc 1 4971 6 discriminator 1 view .LVU1466
 5333              		.syntax divided
 5334              	@ 4971 "Middlewares/Third_Party/FreeRTOS/Source/tasks.c" 1
 5335 008a 72B6     		 cpsid i 
 5336              	@ 0 "" 2
 5337              		.thumb
 5338              		.syntax unified
 5339              	.L414:
4971:Middlewares/Third_Party/FreeRTOS/Source/tasks.c **** 					break;
 5340              		.loc 1 4971 6 discriminator 2 view .LVU1467
4971:Middlewares/Third_Party/FreeRTOS/Source/tasks.c **** 					break;
 5341              		.loc 1 4971 6 discriminator 2 view .LVU1468
 5342 008c FEE7     		b	.L414
 5343              	.LVL421:
 5344              	.L426:
4982:Middlewares/Third_Party/FreeRTOS/Source/tasks.c **** 
 5345              		.loc 1 4982 5 view .LVU1469
 5346 008e A36A     		ldr	r3, [r4, #40]
 5347 0090 002B     		cmp	r3, #0
 5348 0092 01D0     		beq	.L415
ARM GAS  C:\Users\Asus\AppData\Local\Temp\cctip26G.s 			page 211


4982:Middlewares/Third_Party/FreeRTOS/Source/tasks.c **** 
 5349              		.loc 1 4982 5 discriminator 1 view .LVU1470
 5350              		.syntax divided
 5351              	@ 4982 "Middlewares/Third_Party/FreeRTOS/Source/tasks.c" 1
 5352 0094 72B6     		 cpsid i 
 5353              	@ 0 "" 2
 5354              		.thumb
 5355              		.syntax unified
 5356              	.L416:
4982:Middlewares/Third_Party/FreeRTOS/Source/tasks.c **** 
 5357              		.loc 1 4982 5 discriminator 3 view .LVU1471
4982:Middlewares/Third_Party/FreeRTOS/Source/tasks.c **** 
 5358              		.loc 1 4982 5 discriminator 3 view .LVU1472
 5359 0096 FEE7     		b	.L416
 5360              	.L415:
4982:Middlewares/Third_Party/FreeRTOS/Source/tasks.c **** 
 5361              		.loc 1 4982 82 discriminator 2 view .LVU1473
4984:Middlewares/Third_Party/FreeRTOS/Source/tasks.c **** 				{
 5362              		.loc 1 4984 5 discriminator 2 view .LVU1474
4984:Middlewares/Third_Party/FreeRTOS/Source/tasks.c **** 				{
 5363              		.loc 1 4984 30 is_stmt 0 discriminator 2 view .LVU1475
 5364 0098 194B     		ldr	r3, .L427+4
 5365 009a 1B68     		ldr	r3, [r3]
4984:Middlewares/Third_Party/FreeRTOS/Source/tasks.c **** 				{
 5366              		.loc 1 4984 7 discriminator 2 view .LVU1476
 5367 009c 002B     		cmp	r3, #0
 5368 009e 23D1     		bne	.L417
4986:Middlewares/Third_Party/FreeRTOS/Source/tasks.c **** 					prvAddTaskToReadyList( pxTCB );
 5369              		.loc 1 4986 6 is_stmt 1 view .LVU1477
4986:Middlewares/Third_Party/FreeRTOS/Source/tasks.c **** 					prvAddTaskToReadyList( pxTCB );
 5370              		.loc 1 4986 15 is_stmt 0 view .LVU1478
 5371 00a0 251D     		adds	r5, r4, #4
 5372 00a2 2800     		movs	r0, r5
 5373 00a4 FFF7FEFF 		bl	uxListRemove
 5374              	.LVL422:
4987:Middlewares/Third_Party/FreeRTOS/Source/tasks.c **** 				}
 5375              		.loc 1 4987 6 is_stmt 1 view .LVU1479
4987:Middlewares/Third_Party/FreeRTOS/Source/tasks.c **** 				}
 5376              		.loc 1 4987 6 view .LVU1480
 5377 00a8 E36A     		ldr	r3, [r4, #44]
 5378 00aa 164A     		ldr	r2, .L427+8
 5379 00ac 1268     		ldr	r2, [r2]
 5380 00ae 9342     		cmp	r3, r2
 5381 00b0 01D9     		bls	.L418
4987:Middlewares/Third_Party/FreeRTOS/Source/tasks.c **** 				}
 5382              		.loc 1 4987 6 discriminator 1 view .LVU1481
 5383 00b2 144A     		ldr	r2, .L427+8
 5384 00b4 1360     		str	r3, [r2]
 5385              	.L418:
4987:Middlewares/Third_Party/FreeRTOS/Source/tasks.c **** 				}
 5386              		.loc 1 4987 6 discriminator 3 view .LVU1482
4987:Middlewares/Third_Party/FreeRTOS/Source/tasks.c **** 				}
 5387              		.loc 1 4987 6 discriminator 3 view .LVU1483
 5388 00b6 9800     		lsls	r0, r3, #2
 5389 00b8 C018     		adds	r0, r0, r3
 5390 00ba 8000     		lsls	r0, r0, #2
 5391 00bc 124B     		ldr	r3, .L427+12
ARM GAS  C:\Users\Asus\AppData\Local\Temp\cctip26G.s 			page 212


 5392 00be C018     		adds	r0, r0, r3
 5393 00c0 2900     		movs	r1, r5
 5394 00c2 FFF7FEFF 		bl	vListInsertEnd
 5395              	.LVL423:
4987:Middlewares/Third_Party/FreeRTOS/Source/tasks.c **** 				}
 5396              		.loc 1 4987 36 discriminator 3 view .LVU1484
 5397              	.L419:
4996:Middlewares/Third_Party/FreeRTOS/Source/tasks.c **** 				{
 5398              		.loc 1 4996 5 view .LVU1485
4996:Middlewares/Third_Party/FreeRTOS/Source/tasks.c **** 				{
 5399              		.loc 1 4996 14 is_stmt 0 view .LVU1486
 5400 00c6 E26A     		ldr	r2, [r4, #44]
4996:Middlewares/Third_Party/FreeRTOS/Source/tasks.c **** 				{
 5401              		.loc 1 4996 41 view .LVU1487
 5402 00c8 104B     		ldr	r3, .L427+16
 5403 00ca 1B68     		ldr	r3, [r3]
 5404 00cc DB6A     		ldr	r3, [r3, #44]
4996:Middlewares/Third_Party/FreeRTOS/Source/tasks.c **** 				{
 5405              		.loc 1 4996 7 view .LVU1488
 5406 00ce 9A42     		cmp	r2, r3
 5407 00d0 12D9     		bls	.L423
5000:Middlewares/Third_Party/FreeRTOS/Source/tasks.c **** 					{
 5408              		.loc 1 5000 6 is_stmt 1 view .LVU1489
5000:Middlewares/Third_Party/FreeRTOS/Source/tasks.c **** 					{
 5409              		.loc 1 5000 8 is_stmt 0 view .LVU1490
 5410 00d2 089B     		ldr	r3, [sp, #32]
 5411 00d4 002B     		cmp	r3, #0
 5412 00d6 02D0     		beq	.L420
5002:Middlewares/Third_Party/FreeRTOS/Source/tasks.c **** 					}
 5413              		.loc 1 5002 7 is_stmt 1 view .LVU1491
5002:Middlewares/Third_Party/FreeRTOS/Source/tasks.c **** 					}
 5414              		.loc 1 5002 34 is_stmt 0 view .LVU1492
 5415 00d8 0123     		movs	r3, #1
 5416 00da 089A     		ldr	r2, [sp, #32]
 5417 00dc 1360     		str	r3, [r2]
 5418              	.L420:
5008:Middlewares/Third_Party/FreeRTOS/Source/tasks.c **** 				}
 5419              		.loc 1 5008 6 is_stmt 1 view .LVU1493
5008:Middlewares/Third_Party/FreeRTOS/Source/tasks.c **** 				}
 5420              		.loc 1 5008 20 is_stmt 0 view .LVU1494
 5421 00de 0C4B     		ldr	r3, .L427+20
 5422 00e0 0122     		movs	r2, #1
 5423 00e2 1A60     		str	r2, [r3]
 5424 00e4 0124     		movs	r4, #1
 5425              	.LVL424:
5008:Middlewares/Third_Party/FreeRTOS/Source/tasks.c **** 				}
 5426              		.loc 1 5008 20 view .LVU1495
 5427 00e6 B3E7     		b	.L413
 5428              	.LVL425:
 5429              	.L417:
4993:Middlewares/Third_Party/FreeRTOS/Source/tasks.c **** 				}
 5430              		.loc 1 4993 6 is_stmt 1 view .LVU1496
 5431 00e8 2100     		movs	r1, r4
 5432              	.LVL426:
4993:Middlewares/Third_Party/FreeRTOS/Source/tasks.c **** 				}
 5433              		.loc 1 4993 6 is_stmt 0 view .LVU1497
 5434 00ea 1831     		adds	r1, r1, #24
ARM GAS  C:\Users\Asus\AppData\Local\Temp\cctip26G.s 			page 213


 5435 00ec 0948     		ldr	r0, .L427+24
 5436 00ee FFF7FEFF 		bl	vListInsertEnd
 5437              	.LVL427:
 5438 00f2 E8E7     		b	.L419
 5439              	.LVL428:
 5440              	.L421:
4958:Middlewares/Third_Party/FreeRTOS/Source/tasks.c **** 					}
 5441              		.loc 1 4958 15 view .LVU1498
 5442 00f4 0024     		movs	r4, #0
 5443              	.LVL429:
4958:Middlewares/Third_Party/FreeRTOS/Source/tasks.c **** 					}
 5444              		.loc 1 4958 15 view .LVU1499
 5445 00f6 ABE7     		b	.L413
 5446              	.LVL430:
 5447              	.L423:
4958:Middlewares/Third_Party/FreeRTOS/Source/tasks.c **** 					}
 5448              		.loc 1 4958 15 view .LVU1500
 5449 00f8 0124     		movs	r4, #1
 5450              	.LVL431:
4958:Middlewares/Third_Party/FreeRTOS/Source/tasks.c **** 					}
 5451              		.loc 1 4958 15 view .LVU1501
 5452 00fa A9E7     		b	.L413
 5453              	.L428:
 5454              		.align	2
 5455              	.L427:
 5456 00fc 00000000 		.word	.L408
 5457 0100 00000000 		.word	uxSchedulerSuspended
 5458 0104 00000000 		.word	uxTopReadyPriority
 5459 0108 00000000 		.word	pxReadyTasksLists
 5460 010c 00000000 		.word	pxCurrentTCB
 5461 0110 00000000 		.word	xYieldPending
 5462 0114 00000000 		.word	xPendingReadyList
 5463              		.cfi_endproc
 5464              	.LFE46:
 5466              		.section	.text.vTaskNotifyGiveFromISR,"ax",%progbits
 5467              		.align	1
 5468              		.global	vTaskNotifyGiveFromISR
 5469              		.syntax unified
 5470              		.code	16
 5471              		.thumb_func
 5473              	vTaskNotifyGiveFromISR:
 5474              	.LVL432:
 5475              	.LFB47:
5027:Middlewares/Third_Party/FreeRTOS/Source/tasks.c **** 	TCB_t * pxTCB;
 5476              		.loc 1 5027 2 is_stmt 1 view -0
 5477              		.cfi_startproc
 5478              		@ args = 0, pretend = 0, frame = 0
 5479              		@ frame_needed = 0, uses_anonymous_args = 0
5027:Middlewares/Third_Party/FreeRTOS/Source/tasks.c **** 	TCB_t * pxTCB;
 5480              		.loc 1 5027 2 is_stmt 0 view .LVU1503
 5481 0000 F8B5     		push	{r3, r4, r5, r6, r7, lr}
 5482              		.cfi_def_cfa_offset 24
 5483              		.cfi_offset 3, -24
 5484              		.cfi_offset 4, -20
 5485              		.cfi_offset 5, -16
 5486              		.cfi_offset 6, -12
 5487              		.cfi_offset 7, -8
ARM GAS  C:\Users\Asus\AppData\Local\Temp\cctip26G.s 			page 214


 5488              		.cfi_offset 14, -4
 5489 0002 0400     		movs	r4, r0
 5490 0004 0D00     		movs	r5, r1
5028:Middlewares/Third_Party/FreeRTOS/Source/tasks.c **** 	uint8_t ucOriginalNotifyState;
 5491              		.loc 1 5028 2 is_stmt 1 view .LVU1504
5029:Middlewares/Third_Party/FreeRTOS/Source/tasks.c **** 	UBaseType_t uxSavedInterruptStatus;
 5492              		.loc 1 5029 2 view .LVU1505
5030:Middlewares/Third_Party/FreeRTOS/Source/tasks.c **** 
 5493              		.loc 1 5030 2 view .LVU1506
5032:Middlewares/Third_Party/FreeRTOS/Source/tasks.c **** 
 5494              		.loc 1 5032 3 view .LVU1507
 5495 0006 0028     		cmp	r0, #0
 5496 0008 13D0     		beq	.L439
5032:Middlewares/Third_Party/FreeRTOS/Source/tasks.c **** 
 5497              		.loc 1 5032 32 discriminator 2 view .LVU1508
5050:Middlewares/Third_Party/FreeRTOS/Source/tasks.c **** 
 5498              		.loc 1 5050 45 discriminator 2 view .LVU1509
5052:Middlewares/Third_Party/FreeRTOS/Source/tasks.c **** 
 5499              		.loc 1 5052 3 discriminator 2 view .LVU1510
 5500              	.LVL433:
5054:Middlewares/Third_Party/FreeRTOS/Source/tasks.c **** 		{
 5501              		.loc 1 5054 3 discriminator 2 view .LVU1511
5054:Middlewares/Third_Party/FreeRTOS/Source/tasks.c **** 		{
 5502              		.loc 1 5054 28 is_stmt 0 discriminator 2 view .LVU1512
 5503 000a FFF7FEFF 		bl	ulSetInterruptMaskFromISR
 5504              	.LVL434:
5054:Middlewares/Third_Party/FreeRTOS/Source/tasks.c **** 		{
 5505              		.loc 1 5054 28 discriminator 2 view .LVU1513
 5506 000e 0600     		movs	r6, r0
 5507              	.LVL435:
5056:Middlewares/Third_Party/FreeRTOS/Source/tasks.c **** 			pxTCB->ucNotifyState = taskNOTIFICATION_RECEIVED;
 5508              		.loc 1 5056 4 is_stmt 1 discriminator 2 view .LVU1514
5056:Middlewares/Third_Party/FreeRTOS/Source/tasks.c **** 			pxTCB->ucNotifyState = taskNOTIFICATION_RECEIVED;
 5509              		.loc 1 5056 26 is_stmt 0 discriminator 2 view .LVU1515
 5510 0010 BA23     		movs	r3, #186
 5511 0012 5B00     		lsls	r3, r3, #1
 5512 0014 E15C     		ldrb	r1, [r4, r3]
 5513              	.LVL436:
5057:Middlewares/Third_Party/FreeRTOS/Source/tasks.c **** 
 5514              		.loc 1 5057 4 is_stmt 1 discriminator 2 view .LVU1516
5057:Middlewares/Third_Party/FreeRTOS/Source/tasks.c **** 
 5515              		.loc 1 5057 25 is_stmt 0 discriminator 2 view .LVU1517
 5516 0016 0222     		movs	r2, #2
 5517 0018 E254     		strb	r2, [r4, r3]
5061:Middlewares/Third_Party/FreeRTOS/Source/tasks.c **** 
 5518              		.loc 1 5061 4 is_stmt 1 discriminator 2 view .LVU1518
5061:Middlewares/Third_Party/FreeRTOS/Source/tasks.c **** 
 5519              		.loc 1 5061 11 is_stmt 0 discriminator 2 view .LVU1519
 5520 001a 6F32     		adds	r2, r2, #111
 5521 001c FF32     		adds	r2, r2, #255
 5522 001e A358     		ldr	r3, [r4, r2]
5061:Middlewares/Third_Party/FreeRTOS/Source/tasks.c **** 
 5523              		.loc 1 5061 30 discriminator 2 view .LVU1520
 5524 0020 0133     		adds	r3, r3, #1
 5525 0022 A350     		str	r3, [r4, r2]
5063:Middlewares/Third_Party/FreeRTOS/Source/tasks.c **** 
 5526              		.loc 1 5063 36 is_stmt 1 discriminator 2 view .LVU1521
ARM GAS  C:\Users\Asus\AppData\Local\Temp\cctip26G.s 			page 215


5067:Middlewares/Third_Party/FreeRTOS/Source/tasks.c **** 			{
 5527              		.loc 1 5067 4 discriminator 2 view .LVU1522
5067:Middlewares/Third_Party/FreeRTOS/Source/tasks.c **** 			{
 5528              		.loc 1 5067 6 is_stmt 0 discriminator 2 view .LVU1523
 5529 0024 0129     		cmp	r1, #1
 5530 0026 2AD1     		bne	.L432
5070:Middlewares/Third_Party/FreeRTOS/Source/tasks.c **** 
 5531              		.loc 1 5070 5 is_stmt 1 view .LVU1524
 5532 0028 A36A     		ldr	r3, [r4, #40]
 5533 002a 002B     		cmp	r3, #0
 5534 002c 03D0     		beq	.L433
5070:Middlewares/Third_Party/FreeRTOS/Source/tasks.c **** 
 5535              		.loc 1 5070 5 discriminator 1 view .LVU1525
 5536              		.syntax divided
 5537              	@ 5070 "Middlewares/Third_Party/FreeRTOS/Source/tasks.c" 1
 5538 002e 72B6     		 cpsid i 
 5539              	@ 0 "" 2
 5540              		.thumb
 5541              		.syntax unified
 5542              	.L434:
5070:Middlewares/Third_Party/FreeRTOS/Source/tasks.c **** 
 5543              		.loc 1 5070 5 discriminator 2 view .LVU1526
5070:Middlewares/Third_Party/FreeRTOS/Source/tasks.c **** 
 5544              		.loc 1 5070 5 discriminator 2 view .LVU1527
 5545 0030 FEE7     		b	.L434
 5546              	.LVL437:
 5547              	.L439:
5032:Middlewares/Third_Party/FreeRTOS/Source/tasks.c **** 
 5548              		.loc 1 5032 3 discriminator 1 view .LVU1528
 5549              		.syntax divided
 5550              	@ 5032 "Middlewares/Third_Party/FreeRTOS/Source/tasks.c" 1
 5551 0032 72B6     		 cpsid i 
 5552              	@ 0 "" 2
 5553              		.thumb
 5554              		.syntax unified
 5555              	.L431:
5032:Middlewares/Third_Party/FreeRTOS/Source/tasks.c **** 
 5556              		.loc 1 5032 3 discriminator 1 view .LVU1529
5032:Middlewares/Third_Party/FreeRTOS/Source/tasks.c **** 
 5557              		.loc 1 5032 3 discriminator 1 view .LVU1530
 5558 0034 FEE7     		b	.L431
 5559              	.LVL438:
 5560              	.L433:
5070:Middlewares/Third_Party/FreeRTOS/Source/tasks.c **** 
 5561              		.loc 1 5070 82 discriminator 2 view .LVU1531
5072:Middlewares/Third_Party/FreeRTOS/Source/tasks.c **** 				{
 5562              		.loc 1 5072 5 discriminator 2 view .LVU1532
5072:Middlewares/Third_Party/FreeRTOS/Source/tasks.c **** 				{
 5563              		.loc 1 5072 30 is_stmt 0 discriminator 2 view .LVU1533
 5564 0036 174B     		ldr	r3, .L440
 5565 0038 1B68     		ldr	r3, [r3]
5072:Middlewares/Third_Party/FreeRTOS/Source/tasks.c **** 				{
 5566              		.loc 1 5072 7 discriminator 2 view .LVU1534
 5567 003a 002B     		cmp	r3, #0
 5568 003c 23D1     		bne	.L435
5074:Middlewares/Third_Party/FreeRTOS/Source/tasks.c **** 					prvAddTaskToReadyList( pxTCB );
 5569              		.loc 1 5074 6 is_stmt 1 view .LVU1535
ARM GAS  C:\Users\Asus\AppData\Local\Temp\cctip26G.s 			page 216


5074:Middlewares/Third_Party/FreeRTOS/Source/tasks.c **** 					prvAddTaskToReadyList( pxTCB );
 5570              		.loc 1 5074 15 is_stmt 0 view .LVU1536
 5571 003e 271D     		adds	r7, r4, #4
 5572 0040 3800     		movs	r0, r7
 5573              	.LVL439:
5074:Middlewares/Third_Party/FreeRTOS/Source/tasks.c **** 					prvAddTaskToReadyList( pxTCB );
 5574              		.loc 1 5074 15 view .LVU1537
 5575 0042 FFF7FEFF 		bl	uxListRemove
 5576              	.LVL440:
5075:Middlewares/Third_Party/FreeRTOS/Source/tasks.c **** 				}
 5577              		.loc 1 5075 6 is_stmt 1 view .LVU1538
5075:Middlewares/Third_Party/FreeRTOS/Source/tasks.c **** 				}
 5578              		.loc 1 5075 6 view .LVU1539
 5579 0046 E36A     		ldr	r3, [r4, #44]
 5580 0048 134A     		ldr	r2, .L440+4
 5581 004a 1268     		ldr	r2, [r2]
 5582 004c 9342     		cmp	r3, r2
 5583 004e 01D9     		bls	.L436
5075:Middlewares/Third_Party/FreeRTOS/Source/tasks.c **** 				}
 5584              		.loc 1 5075 6 discriminator 1 view .LVU1540
 5585 0050 114A     		ldr	r2, .L440+4
 5586 0052 1360     		str	r3, [r2]
 5587              	.L436:
5075:Middlewares/Third_Party/FreeRTOS/Source/tasks.c **** 				}
 5588              		.loc 1 5075 6 discriminator 3 view .LVU1541
5075:Middlewares/Third_Party/FreeRTOS/Source/tasks.c **** 				}
 5589              		.loc 1 5075 6 discriminator 3 view .LVU1542
 5590 0054 9800     		lsls	r0, r3, #2
 5591 0056 C018     		adds	r0, r0, r3
 5592 0058 8000     		lsls	r0, r0, #2
 5593 005a 104B     		ldr	r3, .L440+8
 5594 005c C018     		adds	r0, r0, r3
 5595 005e 3900     		movs	r1, r7
 5596 0060 FFF7FEFF 		bl	vListInsertEnd
 5597              	.LVL441:
5075:Middlewares/Third_Party/FreeRTOS/Source/tasks.c **** 				}
 5598              		.loc 1 5075 36 discriminator 3 view .LVU1543
 5599              	.L437:
5084:Middlewares/Third_Party/FreeRTOS/Source/tasks.c **** 				{
 5600              		.loc 1 5084 5 view .LVU1544
5084:Middlewares/Third_Party/FreeRTOS/Source/tasks.c **** 				{
 5601              		.loc 1 5084 14 is_stmt 0 view .LVU1545
 5602 0064 E26A     		ldr	r2, [r4, #44]
5084:Middlewares/Third_Party/FreeRTOS/Source/tasks.c **** 				{
 5603              		.loc 1 5084 41 view .LVU1546
 5604 0066 0E4B     		ldr	r3, .L440+12
 5605 0068 1B68     		ldr	r3, [r3]
 5606 006a DB6A     		ldr	r3, [r3, #44]
5084:Middlewares/Third_Party/FreeRTOS/Source/tasks.c **** 				{
 5607              		.loc 1 5084 7 view .LVU1547
 5608 006c 9A42     		cmp	r2, r3
 5609 006e 06D9     		bls	.L432
5088:Middlewares/Third_Party/FreeRTOS/Source/tasks.c **** 					{
 5610              		.loc 1 5088 6 is_stmt 1 view .LVU1548
5088:Middlewares/Third_Party/FreeRTOS/Source/tasks.c **** 					{
 5611              		.loc 1 5088 8 is_stmt 0 view .LVU1549
 5612 0070 002D     		cmp	r5, #0
ARM GAS  C:\Users\Asus\AppData\Local\Temp\cctip26G.s 			page 217


 5613 0072 01D0     		beq	.L438
5090:Middlewares/Third_Party/FreeRTOS/Source/tasks.c **** 					}
 5614              		.loc 1 5090 7 is_stmt 1 view .LVU1550
5090:Middlewares/Third_Party/FreeRTOS/Source/tasks.c **** 					}
 5615              		.loc 1 5090 34 is_stmt 0 view .LVU1551
 5616 0074 0123     		movs	r3, #1
 5617 0076 2B60     		str	r3, [r5]
 5618              	.L438:
5096:Middlewares/Third_Party/FreeRTOS/Source/tasks.c **** 				}
 5619              		.loc 1 5096 6 is_stmt 1 view .LVU1552
5096:Middlewares/Third_Party/FreeRTOS/Source/tasks.c **** 				}
 5620              		.loc 1 5096 20 is_stmt 0 view .LVU1553
 5621 0078 0A4B     		ldr	r3, .L440+16
 5622 007a 0122     		movs	r2, #1
 5623 007c 1A60     		str	r2, [r3]
 5624              	.L432:
5100:Middlewares/Third_Party/FreeRTOS/Source/tasks.c **** 				}
 5625              		.loc 1 5100 30 is_stmt 1 view .LVU1554
5104:Middlewares/Third_Party/FreeRTOS/Source/tasks.c **** 	}
 5626              		.loc 1 5104 3 view .LVU1555
 5627 007e 3000     		movs	r0, r6
 5628 0080 FFF7FEFF 		bl	vClearInterruptMaskFromISR
 5629              	.LVL442:
5105:Middlewares/Third_Party/FreeRTOS/Source/tasks.c **** 
 5630              		.loc 1 5105 2 is_stmt 0 view .LVU1556
 5631              		@ sp needed
 5632              	.LVL443:
 5633              	.LVL444:
 5634              	.LVL445:
5105:Middlewares/Third_Party/FreeRTOS/Source/tasks.c **** 
 5635              		.loc 1 5105 2 view .LVU1557
 5636 0084 F8BD     		pop	{r3, r4, r5, r6, r7, pc}
 5637              	.LVL446:
 5638              	.L435:
5081:Middlewares/Third_Party/FreeRTOS/Source/tasks.c **** 				}
 5639              		.loc 1 5081 6 is_stmt 1 view .LVU1558
 5640 0086 2100     		movs	r1, r4
 5641              	.LVL447:
5081:Middlewares/Third_Party/FreeRTOS/Source/tasks.c **** 				}
 5642              		.loc 1 5081 6 is_stmt 0 view .LVU1559
 5643 0088 1831     		adds	r1, r1, #24
 5644 008a 0748     		ldr	r0, .L440+20
 5645              	.LVL448:
5081:Middlewares/Third_Party/FreeRTOS/Source/tasks.c **** 				}
 5646              		.loc 1 5081 6 view .LVU1560
 5647 008c FFF7FEFF 		bl	vListInsertEnd
 5648              	.LVL449:
 5649 0090 E8E7     		b	.L437
 5650              	.L441:
 5651 0092 C046     		.align	2
 5652              	.L440:
 5653 0094 00000000 		.word	uxSchedulerSuspended
 5654 0098 00000000 		.word	uxTopReadyPriority
 5655 009c 00000000 		.word	pxReadyTasksLists
 5656 00a0 00000000 		.word	pxCurrentTCB
 5657 00a4 00000000 		.word	xYieldPending
 5658 00a8 00000000 		.word	xPendingReadyList
ARM GAS  C:\Users\Asus\AppData\Local\Temp\cctip26G.s 			page 218


 5659              		.cfi_endproc
 5660              	.LFE47:
 5662              		.section	.text.xTaskNotifyStateClear,"ax",%progbits
 5663              		.align	1
 5664              		.global	xTaskNotifyStateClear
 5665              		.syntax unified
 5666              		.code	16
 5667              		.thumb_func
 5669              	xTaskNotifyStateClear:
 5670              	.LVL450:
 5671              	.LFB48:
5113:Middlewares/Third_Party/FreeRTOS/Source/tasks.c **** 	TCB_t *pxTCB;
 5672              		.loc 1 5113 2 is_stmt 1 view -0
 5673              		.cfi_startproc
 5674              		@ args = 0, pretend = 0, frame = 0
 5675              		@ frame_needed = 0, uses_anonymous_args = 0
5113:Middlewares/Third_Party/FreeRTOS/Source/tasks.c **** 	TCB_t *pxTCB;
 5676              		.loc 1 5113 2 is_stmt 0 view .LVU1562
 5677 0000 10B5     		push	{r4, lr}
 5678              		.cfi_def_cfa_offset 8
 5679              		.cfi_offset 4, -8
 5680              		.cfi_offset 14, -4
 5681 0002 041E     		subs	r4, r0, #0
5114:Middlewares/Third_Party/FreeRTOS/Source/tasks.c **** 	BaseType_t xReturn;
 5682              		.loc 1 5114 2 is_stmt 1 view .LVU1563
5115:Middlewares/Third_Party/FreeRTOS/Source/tasks.c **** 
 5683              		.loc 1 5115 2 view .LVU1564
5119:Middlewares/Third_Party/FreeRTOS/Source/tasks.c **** 
 5684              		.loc 1 5119 3 view .LVU1565
5119:Middlewares/Third_Party/FreeRTOS/Source/tasks.c **** 
 5685              		.loc 1 5119 11 is_stmt 0 view .LVU1566
 5686 0004 0BD0     		beq	.L446
 5687              	.LVL451:
 5688              	.L443:
5121:Middlewares/Third_Party/FreeRTOS/Source/tasks.c **** 		{
 5689              		.loc 1 5121 3 is_stmt 1 discriminator 4 view .LVU1567
 5690 0006 FFF7FEFF 		bl	vPortEnterCritical
 5691              	.LVL452:
5123:Middlewares/Third_Party/FreeRTOS/Source/tasks.c **** 			{
 5692              		.loc 1 5123 4 discriminator 4 view .LVU1568
5123:Middlewares/Third_Party/FreeRTOS/Source/tasks.c **** 			{
 5693              		.loc 1 5123 13 is_stmt 0 discriminator 4 view .LVU1569
 5694 000a BA23     		movs	r3, #186
 5695 000c 5B00     		lsls	r3, r3, #1
 5696 000e E35C     		ldrb	r3, [r4, r3]
5123:Middlewares/Third_Party/FreeRTOS/Source/tasks.c **** 			{
 5697              		.loc 1 5123 6 discriminator 4 view .LVU1570
 5698 0010 022B     		cmp	r3, #2
 5699 0012 07D0     		beq	.L447
5130:Middlewares/Third_Party/FreeRTOS/Source/tasks.c **** 			}
 5700              		.loc 1 5130 13 view .LVU1571
 5701 0014 0024     		movs	r4, #0
 5702              	.LVL453:
 5703              	.L444:
5133:Middlewares/Third_Party/FreeRTOS/Source/tasks.c **** 
 5704              		.loc 1 5133 3 is_stmt 1 view .LVU1572
 5705 0016 FFF7FEFF 		bl	vPortExitCritical
ARM GAS  C:\Users\Asus\AppData\Local\Temp\cctip26G.s 			page 219


 5706              	.LVL454:
5135:Middlewares/Third_Party/FreeRTOS/Source/tasks.c **** 	}
 5707              		.loc 1 5135 3 view .LVU1573
5136:Middlewares/Third_Party/FreeRTOS/Source/tasks.c **** 
 5708              		.loc 1 5136 2 is_stmt 0 view .LVU1574
 5709 001a 2000     		movs	r0, r4
 5710              		@ sp needed
 5711              	.LVL455:
5136:Middlewares/Third_Party/FreeRTOS/Source/tasks.c **** 
 5712              		.loc 1 5136 2 view .LVU1575
 5713 001c 10BD     		pop	{r4, pc}
 5714              	.LVL456:
 5715              	.L446:
5119:Middlewares/Third_Party/FreeRTOS/Source/tasks.c **** 
 5716              		.loc 1 5119 11 discriminator 1 view .LVU1576
 5717 001e 044B     		ldr	r3, .L448
 5718 0020 1C68     		ldr	r4, [r3]
 5719              	.LVL457:
5119:Middlewares/Third_Party/FreeRTOS/Source/tasks.c **** 
 5720              		.loc 1 5119 11 discriminator 1 view .LVU1577
 5721 0022 F0E7     		b	.L443
 5722              	.LVL458:
 5723              	.L447:
5125:Middlewares/Third_Party/FreeRTOS/Source/tasks.c **** 				xReturn = pdPASS;
 5724              		.loc 1 5125 5 is_stmt 1 view .LVU1578
5125:Middlewares/Third_Party/FreeRTOS/Source/tasks.c **** 				xReturn = pdPASS;
 5725              		.loc 1 5125 26 is_stmt 0 view .LVU1579
 5726 0024 7333     		adds	r3, r3, #115
 5727 0026 FF33     		adds	r3, r3, #255
 5728 0028 0022     		movs	r2, #0
 5729 002a E254     		strb	r2, [r4, r3]
5126:Middlewares/Third_Party/FreeRTOS/Source/tasks.c **** 			}
 5730              		.loc 1 5126 5 is_stmt 1 view .LVU1580
 5731              	.LVL459:
5126:Middlewares/Third_Party/FreeRTOS/Source/tasks.c **** 			}
 5732              		.loc 1 5126 13 is_stmt 0 view .LVU1581
 5733 002c 0124     		movs	r4, #1
 5734              	.LVL460:
5126:Middlewares/Third_Party/FreeRTOS/Source/tasks.c **** 			}
 5735              		.loc 1 5126 13 view .LVU1582
 5736 002e F2E7     		b	.L444
 5737              	.L449:
 5738              		.align	2
 5739              	.L448:
 5740 0030 00000000 		.word	pxCurrentTCB
 5741              		.cfi_endproc
 5742              	.LFE48:
 5744              		.section	.text.ulTaskNotifyValueClear,"ax",%progbits
 5745              		.align	1
 5746              		.global	ulTaskNotifyValueClear
 5747              		.syntax unified
 5748              		.code	16
 5749              		.thumb_func
 5751              	ulTaskNotifyValueClear:
 5752              	.LVL461:
 5753              	.LFB49:
5144:Middlewares/Third_Party/FreeRTOS/Source/tasks.c **** 	TCB_t *pxTCB;
ARM GAS  C:\Users\Asus\AppData\Local\Temp\cctip26G.s 			page 220


 5754              		.loc 1 5144 2 is_stmt 1 view -0
 5755              		.cfi_startproc
 5756              		@ args = 0, pretend = 0, frame = 0
 5757              		@ frame_needed = 0, uses_anonymous_args = 0
5144:Middlewares/Third_Party/FreeRTOS/Source/tasks.c **** 	TCB_t *pxTCB;
 5758              		.loc 1 5144 2 is_stmt 0 view .LVU1584
 5759 0000 70B5     		push	{r4, r5, r6, lr}
 5760              		.cfi_def_cfa_offset 16
 5761              		.cfi_offset 4, -16
 5762              		.cfi_offset 5, -12
 5763              		.cfi_offset 6, -8
 5764              		.cfi_offset 14, -4
 5765 0002 0400     		movs	r4, r0
 5766 0004 0D00     		movs	r5, r1
5145:Middlewares/Third_Party/FreeRTOS/Source/tasks.c **** 	uint32_t ulReturn;
 5767              		.loc 1 5145 2 is_stmt 1 view .LVU1585
5146:Middlewares/Third_Party/FreeRTOS/Source/tasks.c **** 
 5768              		.loc 1 5146 2 view .LVU1586
5150:Middlewares/Third_Party/FreeRTOS/Source/tasks.c **** 
 5769              		.loc 1 5150 3 view .LVU1587
5150:Middlewares/Third_Party/FreeRTOS/Source/tasks.c **** 
 5770              		.loc 1 5150 11 is_stmt 0 view .LVU1588
 5771 0006 0028     		cmp	r0, #0
 5772 0008 0DD0     		beq	.L452
 5773              	.LVL462:
 5774              	.L451:
5152:Middlewares/Third_Party/FreeRTOS/Source/tasks.c **** 		{
 5775              		.loc 1 5152 3 is_stmt 1 discriminator 4 view .LVU1589
 5776 000a FFF7FEFF 		bl	vPortEnterCritical
 5777              	.LVL463:
5156:Middlewares/Third_Party/FreeRTOS/Source/tasks.c **** 			pxTCB->ulNotifiedValue &= ~ulBitsToClear;
 5778              		.loc 1 5156 4 discriminator 4 view .LVU1590
5156:Middlewares/Third_Party/FreeRTOS/Source/tasks.c **** 			pxTCB->ulNotifiedValue &= ~ulBitsToClear;
 5779              		.loc 1 5156 27 is_stmt 0 discriminator 4 view .LVU1591
 5780 000e 074B     		ldr	r3, .L453
 5781 0010 1A68     		ldr	r2, [r3]
5156:Middlewares/Third_Party/FreeRTOS/Source/tasks.c **** 			pxTCB->ulNotifiedValue &= ~ulBitsToClear;
 5782              		.loc 1 5156 13 discriminator 4 view .LVU1592
 5783 0012 B823     		movs	r3, #184
 5784 0014 5B00     		lsls	r3, r3, #1
 5785 0016 D658     		ldr	r6, [r2, r3]
 5786              	.LVL464:
5157:Middlewares/Third_Party/FreeRTOS/Source/tasks.c **** 		}
 5787              		.loc 1 5157 4 is_stmt 1 discriminator 4 view .LVU1593
5157:Middlewares/Third_Party/FreeRTOS/Source/tasks.c **** 		}
 5788              		.loc 1 5157 9 is_stmt 0 discriminator 4 view .LVU1594
 5789 0018 E258     		ldr	r2, [r4, r3]
5157:Middlewares/Third_Party/FreeRTOS/Source/tasks.c **** 		}
 5790              		.loc 1 5157 27 discriminator 4 view .LVU1595
 5791 001a AA43     		bics	r2, r5
 5792 001c E250     		str	r2, [r4, r3]
5159:Middlewares/Third_Party/FreeRTOS/Source/tasks.c **** 
 5793              		.loc 1 5159 3 is_stmt 1 discriminator 4 view .LVU1596
 5794 001e FFF7FEFF 		bl	vPortExitCritical
 5795              	.LVL465:
5161:Middlewares/Third_Party/FreeRTOS/Source/tasks.c **** 	}
 5796              		.loc 1 5161 3 discriminator 4 view .LVU1597
ARM GAS  C:\Users\Asus\AppData\Local\Temp\cctip26G.s 			page 221


5162:Middlewares/Third_Party/FreeRTOS/Source/tasks.c **** 
 5797              		.loc 1 5162 2 is_stmt 0 discriminator 4 view .LVU1598
 5798 0022 3000     		movs	r0, r6
 5799              		@ sp needed
 5800              	.LVL466:
 5801              	.LVL467:
 5802              	.LVL468:
5162:Middlewares/Third_Party/FreeRTOS/Source/tasks.c **** 
 5803              		.loc 1 5162 2 discriminator 4 view .LVU1599
 5804 0024 70BD     		pop	{r4, r5, r6, pc}
 5805              	.LVL469:
 5806              	.L452:
5150:Middlewares/Third_Party/FreeRTOS/Source/tasks.c **** 
 5807              		.loc 1 5150 11 discriminator 1 view .LVU1600
 5808 0026 014B     		ldr	r3, .L453
 5809 0028 1C68     		ldr	r4, [r3]
 5810              	.LVL470:
5150:Middlewares/Third_Party/FreeRTOS/Source/tasks.c **** 
 5811              		.loc 1 5150 11 discriminator 1 view .LVU1601
 5812 002a EEE7     		b	.L451
 5813              	.L454:
 5814              		.align	2
 5815              	.L453:
 5816 002c 00000000 		.word	pxCurrentTCB
 5817              		.cfi_endproc
 5818              	.LFE49:
 5820              		.section	.bss.uxSchedulerSuspended,"aw",%nobits
 5821              		.align	2
 5824              	uxSchedulerSuspended:
 5825 0000 00000000 		.space	4
 5826              		.section	.bss.xIdleTaskHandle,"aw",%nobits
 5827              		.align	2
 5830              	xIdleTaskHandle:
 5831 0000 00000000 		.space	4
 5832              		.section	.bss.xNextTaskUnblockTime,"aw",%nobits
 5833              		.align	2
 5836              	xNextTaskUnblockTime:
 5837 0000 00000000 		.space	4
 5838              		.section	.bss.uxTaskNumber,"aw",%nobits
 5839              		.align	2
 5842              	uxTaskNumber:
 5843 0000 00000000 		.space	4
 5844              		.section	.bss.xNumOfOverflows,"aw",%nobits
 5845              		.align	2
 5848              	xNumOfOverflows:
 5849 0000 00000000 		.space	4
 5850              		.section	.bss.xYieldPending,"aw",%nobits
 5851              		.align	2
 5854              	xYieldPending:
 5855 0000 00000000 		.space	4
 5856              		.section	.bss.xPendedTicks,"aw",%nobits
 5857              		.align	2
 5860              	xPendedTicks:
 5861 0000 00000000 		.space	4
 5862              		.section	.bss.xSchedulerRunning,"aw",%nobits
 5863              		.align	2
 5866              	xSchedulerRunning:
ARM GAS  C:\Users\Asus\AppData\Local\Temp\cctip26G.s 			page 222


 5867 0000 00000000 		.space	4
 5868              		.section	.bss.uxTopReadyPriority,"aw",%nobits
 5869              		.align	2
 5872              	uxTopReadyPriority:
 5873 0000 00000000 		.space	4
 5874              		.section	.bss.xTickCount,"aw",%nobits
 5875              		.align	2
 5878              	xTickCount:
 5879 0000 00000000 		.space	4
 5880              		.section	.bss.uxCurrentNumberOfTasks,"aw",%nobits
 5881              		.align	2
 5884              	uxCurrentNumberOfTasks:
 5885 0000 00000000 		.space	4
 5886              		.section	.bss.xSuspendedTaskList,"aw",%nobits
 5887              		.align	2
 5890              	xSuspendedTaskList:
 5891 0000 00000000 		.space	20
 5891      00000000 
 5891      00000000 
 5891      00000000 
 5891      00000000 
 5892              		.section	.bss.uxDeletedTasksWaitingCleanUp,"aw",%nobits
 5893              		.align	2
 5896              	uxDeletedTasksWaitingCleanUp:
 5897 0000 00000000 		.space	4
 5898              		.section	.bss.xTasksWaitingTermination,"aw",%nobits
 5899              		.align	2
 5902              	xTasksWaitingTermination:
 5903 0000 00000000 		.space	20
 5903      00000000 
 5903      00000000 
 5903      00000000 
 5903      00000000 
 5904              		.section	.bss.xPendingReadyList,"aw",%nobits
 5905              		.align	2
 5908              	xPendingReadyList:
 5909 0000 00000000 		.space	20
 5909      00000000 
 5909      00000000 
 5909      00000000 
 5909      00000000 
 5910              		.section	.bss.pxOverflowDelayedTaskList,"aw",%nobits
 5911              		.align	2
 5914              	pxOverflowDelayedTaskList:
 5915 0000 00000000 		.space	4
 5916              		.section	.bss.pxDelayedTaskList,"aw",%nobits
 5917              		.align	2
 5920              	pxDelayedTaskList:
 5921 0000 00000000 		.space	4
 5922              		.section	.bss.xDelayedTaskList2,"aw",%nobits
 5923              		.align	2
 5926              	xDelayedTaskList2:
 5927 0000 00000000 		.space	20
 5927      00000000 
 5927      00000000 
 5927      00000000 
 5927      00000000 
ARM GAS  C:\Users\Asus\AppData\Local\Temp\cctip26G.s 			page 223


 5928              		.section	.bss.xDelayedTaskList1,"aw",%nobits
 5929              		.align	2
 5932              	xDelayedTaskList1:
 5933 0000 00000000 		.space	20
 5933      00000000 
 5933      00000000 
 5933      00000000 
 5933      00000000 
 5934              		.section	.bss.pxReadyTasksLists,"aw",%nobits
 5935              		.align	2
 5938              	pxReadyTasksLists:
 5939 0000 00000000 		.space	140
 5939      00000000 
 5939      00000000 
 5939      00000000 
 5939      00000000 
 5940              		.global	pxCurrentTCB
 5941              		.section	.bss.pxCurrentTCB,"aw",%nobits
 5942              		.align	2
 5945              	pxCurrentTCB:
 5946 0000 00000000 		.space	4
 5947              		.text
 5948              	.Letext0:
 5949              		.file 2 "c:\\msys64\\mingw64\\lib\\gcc\\arm-none-eabi\\12.2.0\\include\\stddef.h"
 5950              		.file 3 "c:\\msys64\\mingw64\\arm-none-eabi\\include\\machine\\_default_types.h"
 5951              		.file 4 "c:\\msys64\\mingw64\\arm-none-eabi\\include\\sys\\_types.h"
 5952              		.file 5 "c:\\msys64\\mingw64\\arm-none-eabi\\include\\sys\\reent.h"
 5953              		.file 6 "c:\\msys64\\mingw64\\arm-none-eabi\\include\\sys\\lock.h"
 5954              		.file 7 "c:\\msys64\\mingw64\\arm-none-eabi\\include\\sys\\_stdint.h"
 5955              		.file 8 "Middlewares/Third_Party/FreeRTOS/Source/include/projdefs.h"
 5956              		.file 9 "Middlewares/Third_Party/FreeRTOS/Source/portable/GCC/ARM_CM0/portmacro.h"
 5957              		.file 10 "Middlewares/Third_Party/FreeRTOS/Source/include/list.h"
 5958              		.file 11 "Middlewares/Third_Party/FreeRTOS/Source/include/task.h"
 5959              		.file 12 "Middlewares/Third_Party/FreeRTOS/Source/include/portable.h"
 5960              		.file 13 "c:\\msys64\\mingw64\\arm-none-eabi\\include\\string.h"
 5961              		.file 14 "<built-in>"
ARM GAS  C:\Users\Asus\AppData\Local\Temp\cctip26G.s 			page 224


DEFINED SYMBOLS
                            *ABS*:00000000 tasks.c
C:\Users\Asus\AppData\Local\Temp\cctip26G.s:19     .text.prvTaskIsTaskSuspended:00000000 $t
C:\Users\Asus\AppData\Local\Temp\cctip26G.s:24     .text.prvTaskIsTaskSuspended:00000000 prvTaskIsTaskSuspended
C:\Users\Asus\AppData\Local\Temp\cctip26G.s:101    .text.prvTaskIsTaskSuspended:0000002c $d
C:\Users\Asus\AppData\Local\Temp\cctip26G.s:5890   .bss.xSuspendedTaskList:00000000 xSuspendedTaskList
C:\Users\Asus\AppData\Local\Temp\cctip26G.s:5908   .bss.xPendingReadyList:00000000 xPendingReadyList
C:\Users\Asus\AppData\Local\Temp\cctip26G.s:107    .text.prvResetNextTaskUnblockTime:00000000 $t
C:\Users\Asus\AppData\Local\Temp\cctip26G.s:112    .text.prvResetNextTaskUnblockTime:00000000 prvResetNextTaskUnblockTime
C:\Users\Asus\AppData\Local\Temp\cctip26G.s:160    .text.prvResetNextTaskUnblockTime:00000024 $d
C:\Users\Asus\AppData\Local\Temp\cctip26G.s:5920   .bss.pxDelayedTaskList:00000000 pxDelayedTaskList
C:\Users\Asus\AppData\Local\Temp\cctip26G.s:5836   .bss.xNextTaskUnblockTime:00000000 xNextTaskUnblockTime
C:\Users\Asus\AppData\Local\Temp\cctip26G.s:166    .text.prvInitialiseNewTask:00000000 $t
C:\Users\Asus\AppData\Local\Temp\cctip26G.s:171    .text.prvInitialiseNewTask:00000000 prvInitialiseNewTask
C:\Users\Asus\AppData\Local\Temp\cctip26G.s:402    .text.prvInitialiseNewTask:000000e8 $d
C:\Users\Asus\AppData\Local\Temp\cctip26G.s:413    .text.prvInitialiseTaskLists:00000000 $t
C:\Users\Asus\AppData\Local\Temp\cctip26G.s:418    .text.prvInitialiseTaskLists:00000000 prvInitialiseTaskLists
C:\Users\Asus\AppData\Local\Temp\cctip26G.s:492    .text.prvInitialiseTaskLists:00000048 $d
C:\Users\Asus\AppData\Local\Temp\cctip26G.s:5938   .bss.pxReadyTasksLists:00000000 pxReadyTasksLists
C:\Users\Asus\AppData\Local\Temp\cctip26G.s:5932   .bss.xDelayedTaskList1:00000000 xDelayedTaskList1
C:\Users\Asus\AppData\Local\Temp\cctip26G.s:5926   .bss.xDelayedTaskList2:00000000 xDelayedTaskList2
C:\Users\Asus\AppData\Local\Temp\cctip26G.s:5902   .bss.xTasksWaitingTermination:00000000 xTasksWaitingTermination
C:\Users\Asus\AppData\Local\Temp\cctip26G.s:5914   .bss.pxOverflowDelayedTaskList:00000000 pxOverflowDelayedTaskList
C:\Users\Asus\AppData\Local\Temp\cctip26G.s:504    .text.prvAddNewTaskToReadyList:00000000 $t
C:\Users\Asus\AppData\Local\Temp\cctip26G.s:509    .text.prvAddNewTaskToReadyList:00000000 prvAddNewTaskToReadyList
C:\Users\Asus\AppData\Local\Temp\cctip26G.s:645    .text.prvAddNewTaskToReadyList:00000088 $d
C:\Users\Asus\AppData\Local\Temp\cctip26G.s:5884   .bss.uxCurrentNumberOfTasks:00000000 uxCurrentNumberOfTasks
C:\Users\Asus\AppData\Local\Temp\cctip26G.s:5945   .bss.pxCurrentTCB:00000000 pxCurrentTCB
C:\Users\Asus\AppData\Local\Temp\cctip26G.s:5866   .bss.xSchedulerRunning:00000000 xSchedulerRunning
C:\Users\Asus\AppData\Local\Temp\cctip26G.s:5842   .bss.uxTaskNumber:00000000 uxTaskNumber
C:\Users\Asus\AppData\Local\Temp\cctip26G.s:5872   .bss.uxTopReadyPriority:00000000 uxTopReadyPriority
C:\Users\Asus\AppData\Local\Temp\cctip26G.s:655    .text.prvDeleteTCB:00000000 $t
C:\Users\Asus\AppData\Local\Temp\cctip26G.s:660    .text.prvDeleteTCB:00000000 prvDeleteTCB
C:\Users\Asus\AppData\Local\Temp\cctip26G.s:699    .text.prvCheckTasksWaitingTermination:00000000 $t
C:\Users\Asus\AppData\Local\Temp\cctip26G.s:704    .text.prvCheckTasksWaitingTermination:00000000 prvCheckTasksWaitingTermination
C:\Users\Asus\AppData\Local\Temp\cctip26G.s:765    .text.prvCheckTasksWaitingTermination:00000038 $d
C:\Users\Asus\AppData\Local\Temp\cctip26G.s:5896   .bss.uxDeletedTasksWaitingCleanUp:00000000 uxDeletedTasksWaitingCleanUp
C:\Users\Asus\AppData\Local\Temp\cctip26G.s:772    .text.prvIdleTask:00000000 $t
C:\Users\Asus\AppData\Local\Temp\cctip26G.s:777    .text.prvIdleTask:00000000 prvIdleTask
C:\Users\Asus\AppData\Local\Temp\cctip26G.s:812    .text.prvIdleTask:00000014 $d
C:\Users\Asus\AppData\Local\Temp\cctip26G.s:817    .text.prvAddCurrentTaskToDelayedList:00000000 $t
C:\Users\Asus\AppData\Local\Temp\cctip26G.s:822    .text.prvAddCurrentTaskToDelayedList:00000000 prvAddCurrentTaskToDelayedList
C:\Users\Asus\AppData\Local\Temp\cctip26G.s:932    .text.prvAddCurrentTaskToDelayedList:00000064 $d
C:\Users\Asus\AppData\Local\Temp\cctip26G.s:5878   .bss.xTickCount:00000000 xTickCount
C:\Users\Asus\AppData\Local\Temp\cctip26G.s:942    .text.xTaskCreate:00000000 $t
C:\Users\Asus\AppData\Local\Temp\cctip26G.s:948    .text.xTaskCreate:00000000 xTaskCreate
C:\Users\Asus\AppData\Local\Temp\cctip26G.s:1066   .text.vTaskDelete:00000000 $t
C:\Users\Asus\AppData\Local\Temp\cctip26G.s:1072   .text.vTaskDelete:00000000 vTaskDelete
C:\Users\Asus\AppData\Local\Temp\cctip26G.s:1220   .text.vTaskDelete:00000084 $d
C:\Users\Asus\AppData\Local\Temp\cctip26G.s:5824   .bss.uxSchedulerSuspended:00000000 uxSchedulerSuspended
C:\Users\Asus\AppData\Local\Temp\cctip26G.s:1231   .text.uxTaskPriorityGet:00000000 $t
C:\Users\Asus\AppData\Local\Temp\cctip26G.s:1237   .text.uxTaskPriorityGet:00000000 uxTaskPriorityGet
C:\Users\Asus\AppData\Local\Temp\cctip26G.s:1286   .text.uxTaskPriorityGet:0000001c $d
C:\Users\Asus\AppData\Local\Temp\cctip26G.s:1291   .text.uxTaskPriorityGetFromISR:00000000 $t
C:\Users\Asus\AppData\Local\Temp\cctip26G.s:1297   .text.uxTaskPriorityGetFromISR:00000000 uxTaskPriorityGetFromISR
C:\Users\Asus\AppData\Local\Temp\cctip26G.s:1348   .text.uxTaskPriorityGetFromISR:0000001c $d
C:\Users\Asus\AppData\Local\Temp\cctip26G.s:1353   .text.vTaskPrioritySet:00000000 $t
ARM GAS  C:\Users\Asus\AppData\Local\Temp\cctip26G.s 			page 225


C:\Users\Asus\AppData\Local\Temp\cctip26G.s:1359   .text.vTaskPrioritySet:00000000 vTaskPrioritySet
C:\Users\Asus\AppData\Local\Temp\cctip26G.s:1577   .text.vTaskPrioritySet:000000b0 $d
C:\Users\Asus\AppData\Local\Temp\cctip26G.s:1584   .text.vTaskResume:00000000 $t
C:\Users\Asus\AppData\Local\Temp\cctip26G.s:1590   .text.vTaskResume:00000000 vTaskResume
C:\Users\Asus\AppData\Local\Temp\cctip26G.s:1701   .text.vTaskResume:00000060 $d
C:\Users\Asus\AppData\Local\Temp\cctip26G.s:1708   .text.xTaskResumeFromISR:00000000 $t
C:\Users\Asus\AppData\Local\Temp\cctip26G.s:1714   .text.xTaskResumeFromISR:00000000 xTaskResumeFromISR
C:\Users\Asus\AppData\Local\Temp\cctip26G.s:1853   .text.xTaskResumeFromISR:00000074 $d
C:\Users\Asus\AppData\Local\Temp\cctip26G.s:1862   .rodata.vTaskStartScheduler.str1.4:00000000 $d
C:\Users\Asus\AppData\Local\Temp\cctip26G.s:1866   .text.vTaskStartScheduler:00000000 $t
C:\Users\Asus\AppData\Local\Temp\cctip26G.s:1872   .text.vTaskStartScheduler:00000000 vTaskStartScheduler
C:\Users\Asus\AppData\Local\Temp\cctip26G.s:1965   .text.vTaskStartScheduler:0000004c $d
C:\Users\Asus\AppData\Local\Temp\cctip26G.s:5830   .bss.xIdleTaskHandle:00000000 xIdleTaskHandle
C:\Users\Asus\AppData\Local\Temp\cctip26G.s:1977   .text.vTaskEndScheduler:00000000 $t
C:\Users\Asus\AppData\Local\Temp\cctip26G.s:1983   .text.vTaskEndScheduler:00000000 vTaskEndScheduler
C:\Users\Asus\AppData\Local\Temp\cctip26G.s:2014   .text.vTaskEndScheduler:00000010 $d
C:\Users\Asus\AppData\Local\Temp\cctip26G.s:2019   .text.vTaskSuspendAll:00000000 $t
C:\Users\Asus\AppData\Local\Temp\cctip26G.s:2025   .text.vTaskSuspendAll:00000000 vTaskSuspendAll
C:\Users\Asus\AppData\Local\Temp\cctip26G.s:2045   .text.vTaskSuspendAll:0000000c $d
C:\Users\Asus\AppData\Local\Temp\cctip26G.s:2050   .text.xTaskGetTickCount:00000000 $t
C:\Users\Asus\AppData\Local\Temp\cctip26G.s:2056   .text.xTaskGetTickCount:00000000 xTaskGetTickCount
C:\Users\Asus\AppData\Local\Temp\cctip26G.s:2078   .text.xTaskGetTickCount:00000008 $d
C:\Users\Asus\AppData\Local\Temp\cctip26G.s:2083   .text.xTaskGetTickCountFromISR:00000000 $t
C:\Users\Asus\AppData\Local\Temp\cctip26G.s:2089   .text.xTaskGetTickCountFromISR:00000000 xTaskGetTickCountFromISR
C:\Users\Asus\AppData\Local\Temp\cctip26G.s:2114   .text.xTaskGetTickCountFromISR:00000008 $d
C:\Users\Asus\AppData\Local\Temp\cctip26G.s:2119   .text.uxTaskGetNumberOfTasks:00000000 $t
C:\Users\Asus\AppData\Local\Temp\cctip26G.s:2125   .text.uxTaskGetNumberOfTasks:00000000 uxTaskGetNumberOfTasks
C:\Users\Asus\AppData\Local\Temp\cctip26G.s:2142   .text.uxTaskGetNumberOfTasks:00000008 $d
C:\Users\Asus\AppData\Local\Temp\cctip26G.s:2147   .text.pcTaskGetName:00000000 $t
C:\Users\Asus\AppData\Local\Temp\cctip26G.s:2153   .text.pcTaskGetName:00000000 pcTaskGetName
C:\Users\Asus\AppData\Local\Temp\cctip26G.s:2198   .text.pcTaskGetName:00000014 $d
C:\Users\Asus\AppData\Local\Temp\cctip26G.s:2203   .text.xTaskIncrementTick:00000000 $t
C:\Users\Asus\AppData\Local\Temp\cctip26G.s:2209   .text.xTaskIncrementTick:00000000 xTaskIncrementTick
C:\Users\Asus\AppData\Local\Temp\cctip26G.s:2472   .text.xTaskIncrementTick:000000e8 $d
C:\Users\Asus\AppData\Local\Temp\cctip26G.s:5848   .bss.xNumOfOverflows:00000000 xNumOfOverflows
C:\Users\Asus\AppData\Local\Temp\cctip26G.s:5854   .bss.xYieldPending:00000000 xYieldPending
C:\Users\Asus\AppData\Local\Temp\cctip26G.s:5860   .bss.xPendedTicks:00000000 xPendedTicks
C:\Users\Asus\AppData\Local\Temp\cctip26G.s:2487   .text.xTaskResumeAll:00000000 $t
C:\Users\Asus\AppData\Local\Temp\cctip26G.s:2493   .text.xTaskResumeAll:00000000 xTaskResumeAll
C:\Users\Asus\AppData\Local\Temp\cctip26G.s:2712   .text.xTaskResumeAll:000000c8 $d
C:\Users\Asus\AppData\Local\Temp\cctip26G.s:2724   .text.vTaskDelay:00000000 $t
C:\Users\Asus\AppData\Local\Temp\cctip26G.s:2730   .text.vTaskDelay:00000000 vTaskDelay
C:\Users\Asus\AppData\Local\Temp\cctip26G.s:2799   .text.vTaskDelay:0000002c $d
C:\Users\Asus\AppData\Local\Temp\cctip26G.s:2804   .text.xTaskCatchUpTicks:00000000 $t
C:\Users\Asus\AppData\Local\Temp\cctip26G.s:2810   .text.xTaskCatchUpTicks:00000000 xTaskCatchUpTicks
C:\Users\Asus\AppData\Local\Temp\cctip26G.s:2865   .text.xTaskCatchUpTicks:00000024 $d
C:\Users\Asus\AppData\Local\Temp\cctip26G.s:2871   .text.vTaskSwitchContext:00000000 $t
C:\Users\Asus\AppData\Local\Temp\cctip26G.s:2877   .text.vTaskSwitchContext:00000000 vTaskSwitchContext
C:\Users\Asus\AppData\Local\Temp\cctip26G.s:3013   .text.vTaskSwitchContext:00000084 $d
C:\Users\Asus\AppData\Local\Temp\cctip26G.s:3025   .text.vTaskSuspend:00000000 $t
C:\Users\Asus\AppData\Local\Temp\cctip26G.s:3031   .text.vTaskSuspend:00000000 vTaskSuspend
C:\Users\Asus\AppData\Local\Temp\cctip26G.s:3203   .text.vTaskSuspend:0000009c $d
C:\Users\Asus\AppData\Local\Temp\cctip26G.s:3212   .text.vTaskPlaceOnEventList:00000000 $t
C:\Users\Asus\AppData\Local\Temp\cctip26G.s:3218   .text.vTaskPlaceOnEventList:00000000 vTaskPlaceOnEventList
C:\Users\Asus\AppData\Local\Temp\cctip26G.s:3270   .text.vTaskPlaceOnEventList:00000020 $d
C:\Users\Asus\AppData\Local\Temp\cctip26G.s:3275   .text.vTaskPlaceOnUnorderedEventList:00000000 $t
C:\Users\Asus\AppData\Local\Temp\cctip26G.s:3281   .text.vTaskPlaceOnUnorderedEventList:00000000 vTaskPlaceOnUnorderedEventList
ARM GAS  C:\Users\Asus\AppData\Local\Temp\cctip26G.s 			page 226


C:\Users\Asus\AppData\Local\Temp\cctip26G.s:3360   .text.vTaskPlaceOnUnorderedEventList:00000038 $d
C:\Users\Asus\AppData\Local\Temp\cctip26G.s:3366   .text.xTaskRemoveFromEventList:00000000 $t
C:\Users\Asus\AppData\Local\Temp\cctip26G.s:3372   .text.xTaskRemoveFromEventList:00000000 xTaskRemoveFromEventList
C:\Users\Asus\AppData\Local\Temp\cctip26G.s:3500   .text.xTaskRemoveFromEventList:0000006c $d
C:\Users\Asus\AppData\Local\Temp\cctip26G.s:3510   .text.vTaskRemoveFromUnorderedEventList:00000000 $t
C:\Users\Asus\AppData\Local\Temp\cctip26G.s:3516   .text.vTaskRemoveFromUnorderedEventList:00000000 vTaskRemoveFromUnorderedEventList
C:\Users\Asus\AppData\Local\Temp\cctip26G.s:3632   .text.vTaskRemoveFromUnorderedEventList:00000060 $d
C:\Users\Asus\AppData\Local\Temp\cctip26G.s:3641   .text.vTaskSetTimeOutState:00000000 $t
C:\Users\Asus\AppData\Local\Temp\cctip26G.s:3647   .text.vTaskSetTimeOutState:00000000 vTaskSetTimeOutState
C:\Users\Asus\AppData\Local\Temp\cctip26G.s:3700   .text.vTaskSetTimeOutState:00000020 $d
C:\Users\Asus\AppData\Local\Temp\cctip26G.s:3706   .text.vTaskInternalSetTimeOutState:00000000 $t
C:\Users\Asus\AppData\Local\Temp\cctip26G.s:3712   .text.vTaskInternalSetTimeOutState:00000000 vTaskInternalSetTimeOutState
C:\Users\Asus\AppData\Local\Temp\cctip26G.s:3736   .text.vTaskInternalSetTimeOutState:00000010 $d
C:\Users\Asus\AppData\Local\Temp\cctip26G.s:3742   .text.xTaskCheckForTimeOut:00000000 $t
C:\Users\Asus\AppData\Local\Temp\cctip26G.s:3748   .text.xTaskCheckForTimeOut:00000000 xTaskCheckForTimeOut
C:\Users\Asus\AppData\Local\Temp\cctip26G.s:3901   .text.xTaskCheckForTimeOut:00000060 $d
C:\Users\Asus\AppData\Local\Temp\cctip26G.s:3908   .text.vTaskMissedYield:00000000 $t
C:\Users\Asus\AppData\Local\Temp\cctip26G.s:3914   .text.vTaskMissedYield:00000000 vTaskMissedYield
C:\Users\Asus\AppData\Local\Temp\cctip26G.s:3932   .text.vTaskMissedYield:00000008 $d
C:\Users\Asus\AppData\Local\Temp\cctip26G.s:3937   .text.xTaskGetCurrentTaskHandle:00000000 $t
C:\Users\Asus\AppData\Local\Temp\cctip26G.s:3943   .text.xTaskGetCurrentTaskHandle:00000000 xTaskGetCurrentTaskHandle
C:\Users\Asus\AppData\Local\Temp\cctip26G.s:3963   .text.xTaskGetCurrentTaskHandle:00000008 $d
C:\Users\Asus\AppData\Local\Temp\cctip26G.s:3968   .text.xTaskGetSchedulerState:00000000 $t
C:\Users\Asus\AppData\Local\Temp\cctip26G.s:3974   .text.xTaskGetSchedulerState:00000000 xTaskGetSchedulerState
C:\Users\Asus\AppData\Local\Temp\cctip26G.s:4017   .text.xTaskGetSchedulerState:0000001c $d
C:\Users\Asus\AppData\Local\Temp\cctip26G.s:4023   .text.xTaskPriorityInherit:00000000 $t
C:\Users\Asus\AppData\Local\Temp\cctip26G.s:4029   .text.xTaskPriorityInherit:00000000 xTaskPriorityInherit
C:\Users\Asus\AppData\Local\Temp\cctip26G.s:4180   .text.xTaskPriorityInherit:00000088 $d
C:\Users\Asus\AppData\Local\Temp\cctip26G.s:4187   .text.xTaskPriorityDisinherit:00000000 $t
C:\Users\Asus\AppData\Local\Temp\cctip26G.s:4193   .text.xTaskPriorityDisinherit:00000000 xTaskPriorityDisinherit
C:\Users\Asus\AppData\Local\Temp\cctip26G.s:4339   .text.xTaskPriorityDisinherit:0000006c $d
C:\Users\Asus\AppData\Local\Temp\cctip26G.s:4346   .text.vTaskPriorityDisinheritAfterTimeout:00000000 $t
C:\Users\Asus\AppData\Local\Temp\cctip26G.s:4352   .text.vTaskPriorityDisinheritAfterTimeout:00000000 vTaskPriorityDisinheritAfterTimeout
C:\Users\Asus\AppData\Local\Temp\cctip26G.s:4510   .text.vTaskPriorityDisinheritAfterTimeout:00000078 $d
C:\Users\Asus\AppData\Local\Temp\cctip26G.s:4517   .text.uxTaskResetEventItemValue:00000000 $t
C:\Users\Asus\AppData\Local\Temp\cctip26G.s:4523   .text.uxTaskResetEventItemValue:00000000 uxTaskResetEventItemValue
C:\Users\Asus\AppData\Local\Temp\cctip26G.s:4552   .text.uxTaskResetEventItemValue:00000014 $d
C:\Users\Asus\AppData\Local\Temp\cctip26G.s:4557   .text.pvTaskIncrementMutexHeldCount:00000000 $t
C:\Users\Asus\AppData\Local\Temp\cctip26G.s:4563   .text.pvTaskIncrementMutexHeldCount:00000000 pvTaskIncrementMutexHeldCount
C:\Users\Asus\AppData\Local\Temp\cctip26G.s:4596   .text.pvTaskIncrementMutexHeldCount:00000018 $d
C:\Users\Asus\AppData\Local\Temp\cctip26G.s:4601   .text.ulTaskNotifyTake:00000000 $t
C:\Users\Asus\AppData\Local\Temp\cctip26G.s:4607   .text.ulTaskNotifyTake:00000000 ulTaskNotifyTake
C:\Users\Asus\AppData\Local\Temp\cctip26G.s:4734   .text.ulTaskNotifyTake:0000007c $d
C:\Users\Asus\AppData\Local\Temp\cctip26G.s:4739   .text.xTaskNotifyWait:00000000 $t
C:\Users\Asus\AppData\Local\Temp\cctip26G.s:4745   .text.xTaskNotifyWait:00000000 xTaskNotifyWait
C:\Users\Asus\AppData\Local\Temp\cctip26G.s:4893   .text.xTaskNotifyWait:00000094 $d
C:\Users\Asus\AppData\Local\Temp\cctip26G.s:4898   .text.xTaskGenericNotify:00000000 $t
C:\Users\Asus\AppData\Local\Temp\cctip26G.s:4904   .text.xTaskGenericNotify:00000000 xTaskGenericNotify
C:\Users\Asus\AppData\Local\Temp\cctip26G.s:4968   .rodata.xTaskGenericNotify:00000000 $d
C:\Users\Asus\AppData\Local\Temp\cctip26G.s:5149   .text.xTaskGenericNotify:000000cc $d
C:\Users\Asus\AppData\Local\Temp\cctip26G.s:5157   .text.xTaskGenericNotifyFromISR:00000000 $t
C:\Users\Asus\AppData\Local\Temp\cctip26G.s:5163   .text.xTaskGenericNotifyFromISR:00000000 xTaskGenericNotifyFromISR
C:\Users\Asus\AppData\Local\Temp\cctip26G.s:5234   .rodata.xTaskGenericNotifyFromISR:00000000 $d
C:\Users\Asus\AppData\Local\Temp\cctip26G.s:5456   .text.xTaskGenericNotifyFromISR:000000fc $d
C:\Users\Asus\AppData\Local\Temp\cctip26G.s:5467   .text.vTaskNotifyGiveFromISR:00000000 $t
C:\Users\Asus\AppData\Local\Temp\cctip26G.s:5473   .text.vTaskNotifyGiveFromISR:00000000 vTaskNotifyGiveFromISR
C:\Users\Asus\AppData\Local\Temp\cctip26G.s:5653   .text.vTaskNotifyGiveFromISR:00000094 $d
ARM GAS  C:\Users\Asus\AppData\Local\Temp\cctip26G.s 			page 227


C:\Users\Asus\AppData\Local\Temp\cctip26G.s:5663   .text.xTaskNotifyStateClear:00000000 $t
C:\Users\Asus\AppData\Local\Temp\cctip26G.s:5669   .text.xTaskNotifyStateClear:00000000 xTaskNotifyStateClear
C:\Users\Asus\AppData\Local\Temp\cctip26G.s:5740   .text.xTaskNotifyStateClear:00000030 $d
C:\Users\Asus\AppData\Local\Temp\cctip26G.s:5745   .text.ulTaskNotifyValueClear:00000000 $t
C:\Users\Asus\AppData\Local\Temp\cctip26G.s:5751   .text.ulTaskNotifyValueClear:00000000 ulTaskNotifyValueClear
C:\Users\Asus\AppData\Local\Temp\cctip26G.s:5816   .text.ulTaskNotifyValueClear:0000002c $d
C:\Users\Asus\AppData\Local\Temp\cctip26G.s:5821   .bss.uxSchedulerSuspended:00000000 $d
C:\Users\Asus\AppData\Local\Temp\cctip26G.s:5827   .bss.xIdleTaskHandle:00000000 $d
C:\Users\Asus\AppData\Local\Temp\cctip26G.s:5833   .bss.xNextTaskUnblockTime:00000000 $d
C:\Users\Asus\AppData\Local\Temp\cctip26G.s:5839   .bss.uxTaskNumber:00000000 $d
C:\Users\Asus\AppData\Local\Temp\cctip26G.s:5845   .bss.xNumOfOverflows:00000000 $d
C:\Users\Asus\AppData\Local\Temp\cctip26G.s:5851   .bss.xYieldPending:00000000 $d
C:\Users\Asus\AppData\Local\Temp\cctip26G.s:5857   .bss.xPendedTicks:00000000 $d
C:\Users\Asus\AppData\Local\Temp\cctip26G.s:5863   .bss.xSchedulerRunning:00000000 $d
C:\Users\Asus\AppData\Local\Temp\cctip26G.s:5869   .bss.uxTopReadyPriority:00000000 $d
C:\Users\Asus\AppData\Local\Temp\cctip26G.s:5875   .bss.xTickCount:00000000 $d
C:\Users\Asus\AppData\Local\Temp\cctip26G.s:5881   .bss.uxCurrentNumberOfTasks:00000000 $d
C:\Users\Asus\AppData\Local\Temp\cctip26G.s:5887   .bss.xSuspendedTaskList:00000000 $d
C:\Users\Asus\AppData\Local\Temp\cctip26G.s:5893   .bss.uxDeletedTasksWaitingCleanUp:00000000 $d
C:\Users\Asus\AppData\Local\Temp\cctip26G.s:5899   .bss.xTasksWaitingTermination:00000000 $d
C:\Users\Asus\AppData\Local\Temp\cctip26G.s:5905   .bss.xPendingReadyList:00000000 $d
C:\Users\Asus\AppData\Local\Temp\cctip26G.s:5911   .bss.pxOverflowDelayedTaskList:00000000 $d
C:\Users\Asus\AppData\Local\Temp\cctip26G.s:5917   .bss.pxDelayedTaskList:00000000 $d
C:\Users\Asus\AppData\Local\Temp\cctip26G.s:5923   .bss.xDelayedTaskList2:00000000 $d
C:\Users\Asus\AppData\Local\Temp\cctip26G.s:5929   .bss.xDelayedTaskList1:00000000 $d
C:\Users\Asus\AppData\Local\Temp\cctip26G.s:5935   .bss.pxReadyTasksLists:00000000 $d
C:\Users\Asus\AppData\Local\Temp\cctip26G.s:5942   .bss.pxCurrentTCB:00000000 $d

UNDEFINED SYMBOLS
vListInitialiseItem
memset
pxPortInitialiseStack
__sf
vListInitialise
vPortEnterCritical
vListInsertEnd
vPortExitCritical
vPortYield
_reclaim_reent
vPortFree
uxListRemove
vListInsert
pvPortMalloc
ulSetInterruptMaskFromISR
vClearInterruptMaskFromISR
xPortStartScheduler
_impure_ptr
vPortEndScheduler
